iteration 0
Best Fitness: [5.63106715e+08]
100
iteration 100
Best Fitness: [0.00781169]
100
iteration 200
Best Fitness: [3.0718879e-12]
100
iteration 300
Best Fitness: [1.04962351e-20]
100
iteration 400
Best Fitness: [1.46967188e-29]
100
iteration 500
Best Fitness: [4.56246094e-38]
100
iteration 600
Best Fitness: [1.99885876e-41]
34
iteration 700
Best Fitness: [3.46426488e-44]
34
iteration 800
Best Fitness: [8.91022368e-49]
34
iteration 900
Best Fitness: [8.03665357e-54]
34
iteration 1000
Best Fitness: [6.68390734e-59]
34
iteration 1100
Best Fitness: [4.32394441e-64]
34
iteration 1200
Best Fitness: [1.67455895e-66]
12
iteration 1300
Best Fitness: [8.01536188e-69]
12
iteration 1400
Best Fitness: [4.93245681e-71]
12
iteration 1500
Best Fitness: [3.17078505e-73]
12
iteration 1600
Best Fitness: [2.1744168e-75]
12
iteration 1700
Best Fitness: [1.3399867e-77]
12
iteration 1800
Best Fitness: [2.06144427e-78]
4
iteration 1900
Best Fitness: [1.94866574e-79]
4
iteration 2000
Best Fitness: [2.23469744e-80]
4
iteration 2100
Best Fitness: [2.45605541e-81]
4
iteration 2200
Best Fitness: [2.00020259e-82]
4
iteration 2300
Best Fitness: [2.2799558e-83]
4
iteration 2400
Best Fitness: [1.31862321e-83]
2
iteration 2500
Best Fitness: [4.98755156e-84]
2
iteration 2600
Best Fitness: [2.12215431e-84]
2
iteration 2700
Best Fitness: [8.88465527e-85]
2
iteration 2800
Best Fitness: [4.44614314e-85]
2
iteration 2900
Best Fitness: [2.08946865e-85]
1
iteration 2999
Best Fitness: [8.59082582e-86]
1
iteration 0
Best Fitness: [4.99462298e+08]
100
iteration 100
Best Fitness: [0.00572944]
100
iteration 200
Best Fitness: [4.26388364e-12]
100
iteration 300
Best Fitness: [9.01892138e-21]
100
iteration 400
Best Fitness: [9.70849403e-30]
100
iteration 500
Best Fitness: [4.27472433e-38]
100
iteration 600
Best Fitness: [1.83722499e-41]
34
iteration 700
Best Fitness: [2.42255777e-44]
34
iteration 800
Best Fitness: [6.07335403e-49]
34
iteration 900
Best Fitness: [7.4482754e-54]
34
iteration 1000
Best Fitness: [6.34620984e-59]
34
iteration 1100
Best Fitness: [4.60691841e-64]
34
iteration 1200
Best Fitness: [1.71581255e-66]
12
iteration 1300
Best Fitness: [1.01297635e-68]
12
iteration 1400
Best Fitness: [6.87799024e-71]
12
iteration 1500
Best Fitness: [4.74858698e-73]
12
iteration 1600
Best Fitness: [3.58772844e-75]
12
iteration 1700
Best Fitness: [3.3306258e-77]
12
iteration 1800
Best Fitness: [3.52522863e-78]
4
iteration 1900
Best Fitness: [3.55559978e-79]
4
iteration 2000
Best Fitness: [3.30983753e-80]
4
iteration 2100
Best Fitness: [3.17566024e-81]
4
iteration 2200
Best Fitness: [3.91899487e-82]
4
iteration 2300
Best Fitness: [4.56329008e-83]
4
iteration 2400
Best Fitness: [2.65119625e-83]
2
iteration 2500
Best Fitness: [1.16032472e-83]
2
iteration 2600
Best Fitness: [4.2760928e-84]
2
iteration 2700
Best Fitness: [1.85992688e-84]
2
iteration 2800
Best Fitness: [7.81002281e-85]
2
iteration 2900
Best Fitness: [3.06425716e-85]
1
iteration 2999
Best Fitness: [1.47678294e-85]
1
iteration 0
Best Fitness: [4.74922551e+08]
100
iteration 100
Best Fitness: [0.00452406]
100
iteration 200
Best Fitness: [4.70826996e-12]
100
iteration 300
Best Fitness: [4.83463121e-21]
100
iteration 400
Best Fitness: [9.37962836e-30]
100
iteration 500
Best Fitness: [3.23993241e-38]
100
iteration 600
Best Fitness: [9.12870109e-42]
34
iteration 700
Best Fitness: [1.23983841e-44]
34
iteration 800
Best Fitness: [3.79784229e-49]
34
iteration 900
Best Fitness: [5.50094469e-54]
34
iteration 1000
Best Fitness: [3.55851089e-59]
34
iteration 1100
Best Fitness: [2.1108005e-64]
34
iteration 1200
Best Fitness: [9.29532048e-67]
12
iteration 1300
Best Fitness: [5.93826492e-69]
12
iteration 1400
Best Fitness: [3.63005996e-71]
12
iteration 1500
Best Fitness: [2.33857494e-73]
12
iteration 1600
Best Fitness: [1.59304514e-75]
12
iteration 1700
Best Fitness: [1.05955449e-77]
12
iteration 1800
Best Fitness: [1.36969937e-78]
4
iteration 1900
Best Fitness: [1.38268787e-79]
4
iteration 2000
Best Fitness: [1.23046381e-80]
4
iteration 2100
Best Fitness: [1.52855192e-81]
4
iteration 2200
Best Fitness: [1.28005407e-82]
4
iteration 2300
Best Fitness: [1.60964004e-83]
4
iteration 2400
Best Fitness: [1.01626165e-83]
2
iteration 2500
Best Fitness: [3.5507108e-84]
2
iteration 2600
Best Fitness: [1.52650607e-84]
2
iteration 2700
Best Fitness: [8.59464036e-85]
2
iteration 2800
Best Fitness: [3.12067246e-85]
2
iteration 2900
Best Fitness: [1.72682337e-85]
1
iteration 2999
Best Fitness: [6.86788151e-86]
1
iteration 0
Best Fitness: [4.98441263e+08]
100
iteration 100
Best Fitness: [0.00425955]
100
iteration 200
Best Fitness: [3.98438148e-12]
100
iteration 300
Best Fitness: [4.61683946e-21]
100
iteration 400
Best Fitness: [1.52821107e-29]
100
iteration 500
Best Fitness: [4.96250166e-38]
100
iteration 600
Best Fitness: [1.37105593e-41]
34
iteration 700
Best Fitness: [2.18956884e-44]
34
iteration 800
Best Fitness: [4.73483008e-49]
34
iteration 900
Best Fitness: [5.027992e-54]
34
iteration 1000
Best Fitness: [5.86216487e-59]
34
iteration 1100
Best Fitness: [2.88433844e-64]
34
iteration 1200
Best Fitness: [8.01174346e-67]
12
iteration 1300
Best Fitness: [6.98288727e-69]
12
iteration 1400
Best Fitness: [4.70715821e-71]
12
iteration 1500
Best Fitness: [3.26131267e-73]
12
iteration 1600
Best Fitness: [1.98967191e-75]
12
iteration 1700
Best Fitness: [1.29589317e-77]
12
iteration 1800
Best Fitness: [1.78662305e-78]
4
iteration 1900
Best Fitness: [1.68924968e-79]
4
iteration 2000
Best Fitness: [1.88583781e-80]
4
iteration 2100
Best Fitness: [1.78185044e-81]
4
iteration 2200
Best Fitness: [1.7372784e-82]
4
iteration 2300
Best Fitness: [2.08414732e-83]
4
iteration 2400
Best Fitness: [9.41081403e-84]
2
iteration 2500
Best Fitness: [4.44053774e-84]
2
iteration 2600
Best Fitness: [1.94761601e-84]
2
iteration 2700
Best Fitness: [7.1872224e-85]
2
iteration 2800
Best Fitness: [2.86288792e-85]
2
iteration 2900
Best Fitness: [1.19863872e-85]
1
iteration 2999
Best Fitness: [5.27648718e-86]
1
iteration 0
Best Fitness: [3.20436559e+08]
100
iteration 100
Best Fitness: [0.00360869]
100
iteration 200
Best Fitness: [3.47406099e-12]
100
iteration 300
Best Fitness: [9.46531812e-21]
100
iteration 400
Best Fitness: [1.67482849e-29]
100
iteration 500
Best Fitness: [4.47480953e-38]
100
iteration 600
Best Fitness: [1.01531279e-41]
34
iteration 700
Best Fitness: [1.74379545e-44]
34
iteration 800
Best Fitness: [6.05248553e-49]
34
iteration 900
Best Fitness: [4.0273481e-54]
34
iteration 1000
Best Fitness: [3.57195938e-59]
34
iteration 1100
Best Fitness: [2.9458875e-64]
34
iteration 1200
Best Fitness: [1.75194066e-66]
12
iteration 1300
Best Fitness: [6.03545599e-69]
12
iteration 1400
Best Fitness: [4.85780582e-71]
12
iteration 1500
Best Fitness: [3.39523082e-73]
12
iteration 1600
Best Fitness: [1.72890922e-75]
12
iteration 1700
Best Fitness: [9.56542933e-78]
12
iteration 1800
Best Fitness: [1.58733688e-78]
4
iteration 1900
Best Fitness: [1.67235191e-79]
4
iteration 2000
Best Fitness: [1.60640354e-80]
4
iteration 2100
Best Fitness: [1.83171127e-81]
4
iteration 2200
Best Fitness: [1.82022121e-82]
4
iteration 2300
Best Fitness: [2.49329614e-83]
4
iteration 2400
Best Fitness: [1.2359377e-83]
2
iteration 2500
Best Fitness: [5.9182021e-84]
2
iteration 2600
Best Fitness: [2.19349662e-84]
2
iteration 2700
Best Fitness: [1.22701099e-84]
2
iteration 2800
Best Fitness: [5.0841235e-85]
2
iteration 2900
Best Fitness: [2.1080297e-85]
1
iteration 2999
Best Fitness: [8.86590319e-86]
1
iteration 0
Best Fitness: [4.62055841e+08]
100
iteration 100
Best Fitness: [0.00809455]
100
iteration 200
Best Fitness: [5.03300067e-12]
100
iteration 300
Best Fitness: [8.94026413e-21]
100
iteration 400
Best Fitness: [1.247301e-29]
100
iteration 500
Best Fitness: [2.58238147e-38]
100
iteration 600
Best Fitness: [1.12801507e-41]
34
iteration 700
Best Fitness: [1.6434865e-44]
34
iteration 800
Best Fitness: [5.44042001e-49]
34
iteration 900
Best Fitness: [6.56264657e-54]
34
iteration 1000
Best Fitness: [4.74056059e-59]
34
iteration 1100
Best Fitness: [2.6556043e-64]
34
iteration 1200
Best Fitness: [6.90976714e-67]
12
iteration 1300
Best Fitness: [5.93002476e-69]
12
iteration 1400
Best Fitness: [3.87472299e-71]
12
iteration 1500
Best Fitness: [2.49237527e-73]
12
iteration 1600
Best Fitness: [1.81387728e-75]
12
iteration 1700
Best Fitness: [1.18587924e-77]
12
iteration 1800
Best Fitness: [1.08337665e-78]
4
iteration 1900
Best Fitness: [1.56968927e-79]
4
iteration 2000
Best Fitness: [1.84908107e-80]
4
iteration 2100
Best Fitness: [1.95169158e-81]
4
iteration 2200
Best Fitness: [2.03616196e-82]
4
iteration 2300
Best Fitness: [1.84897484e-83]
4
iteration 2400
Best Fitness: [9.18001022e-84]
2
iteration 2500
Best Fitness: [5.08054927e-84]
2
iteration 2600
Best Fitness: [2.50566935e-84]
2
iteration 2700
Best Fitness: [9.58714333e-85]
2
iteration 2800
Best Fitness: [5.40148191e-85]
2
iteration 2900
Best Fitness: [2.50272149e-85]
1
iteration 2999
Best Fitness: [9.84656732e-86]
1
iteration 0
Best Fitness: [3.72527306e+08]
100
iteration 100
Best Fitness: [0.00435727]
100
iteration 200
Best Fitness: [8.73370553e-12]
100
iteration 300
Best Fitness: [6.31483529e-21]
100
iteration 400
Best Fitness: [1.88274928e-29]
100
iteration 500
Best Fitness: [5.7752626e-38]
100
iteration 600
Best Fitness: [7.65701414e-42]
34
iteration 700
Best Fitness: [1.63337033e-44]
34
iteration 800
Best Fitness: [4.62600948e-49]
34
iteration 900
Best Fitness: [4.19385525e-54]
34
iteration 1000
Best Fitness: [4.05627271e-59]
34
iteration 1100
Best Fitness: [2.02404098e-64]
34
iteration 1200
Best Fitness: [1.01442086e-66]
12
iteration 1300
Best Fitness: [6.77031268e-69]
12
iteration 1400
Best Fitness: [4.49261023e-71]
12
iteration 1500
Best Fitness: [4.2077122e-73]
12
iteration 1600
Best Fitness: [2.44486287e-75]
12
iteration 1700
Best Fitness: [1.86795033e-77]
12
iteration 1800
Best Fitness: [2.15770781e-78]
4
iteration 1900
Best Fitness: [2.09599417e-79]
4
iteration 2000
Best Fitness: [2.16146504e-80]
4
iteration 2100
Best Fitness: [2.31767299e-81]
4
iteration 2200
Best Fitness: [2.59925117e-82]
4
iteration 2300
Best Fitness: [3.18285786e-83]
4
iteration 2400
Best Fitness: [1.93458935e-83]
2
iteration 2500
Best Fitness: [9.45948362e-84]
2
iteration 2600
Best Fitness: [3.34083295e-84]
2
iteration 2700
Best Fitness: [1.50229369e-84]
2
iteration 2800
Best Fitness: [7.97745978e-85]
2
iteration 2900
Best Fitness: [2.69002121e-85]
1
iteration 2999
Best Fitness: [1.10055305e-85]
1
iteration 0
Best Fitness: [4.08326834e+08]
100
iteration 100
Best Fitness: [0.00752757]
100
iteration 200
Best Fitness: [2.39211964e-12]
100
iteration 300
Best Fitness: [2.78307994e-21]
100
iteration 400
Best Fitness: [1.75248381e-29]
100
iteration 500
Best Fitness: [7.8961214e-38]
100
iteration 600
Best Fitness: [1.52578267e-41]
34
iteration 700
Best Fitness: [2.05479207e-44]
34
iteration 800
Best Fitness: [4.98674235e-49]
34
iteration 900
Best Fitness: [5.09204561e-54]
34
iteration 1000
Best Fitness: [4.18034958e-59]
34
iteration 1100
Best Fitness: [3.28765176e-64]
34
iteration 1200
Best Fitness: [1.63087309e-66]
12
iteration 1300
Best Fitness: [8.27214578e-69]
12
iteration 1400
Best Fitness: [5.41673754e-71]
12
iteration 1500
Best Fitness: [3.9947525e-73]
12
iteration 1600
Best Fitness: [2.3147077e-75]
12
iteration 1700
Best Fitness: [1.39525391e-77]
12
iteration 1800
Best Fitness: [1.55722084e-78]
4
iteration 1900
Best Fitness: [1.99652062e-79]
4
iteration 2000
Best Fitness: [1.53733018e-80]
4
iteration 2100
Best Fitness: [1.98727021e-81]
4
iteration 2200
Best Fitness: [1.92834022e-82]
4
iteration 2300
Best Fitness: [2.38866027e-83]
4
iteration 2400
Best Fitness: [1.39210048e-83]
2
iteration 2500
Best Fitness: [7.17131658e-84]
2
iteration 2600
Best Fitness: [2.72729323e-84]
2
iteration 2700
Best Fitness: [1.22616718e-84]
2
iteration 2800
Best Fitness: [4.94767961e-85]
2
iteration 2900
Best Fitness: [1.97628612e-85]
1
iteration 2999
Best Fitness: [9.91456526e-86]
1
iteration 0
Best Fitness: [3.66572585e+08]
100
iteration 100
Best Fitness: [0.007828]
100
iteration 200
Best Fitness: [4.7123905e-12]
100
iteration 300
Best Fitness: [6.25828984e-21]
100
iteration 400
Best Fitness: [1.5004528e-29]
100
iteration 500
Best Fitness: [5.01709989e-38]
100
iteration 600
Best Fitness: [4.3675167e-42]
34
iteration 700
Best Fitness: [1.6754804e-44]
34
iteration 800
Best Fitness: [5.28305924e-49]
34
iteration 900
Best Fitness: [6.5251694e-54]
34
iteration 1000
Best Fitness: [4.83279673e-59]
34
iteration 1100
Best Fitness: [3.62951383e-64]
34
iteration 1200
Best Fitness: [1.15911175e-66]
12
iteration 1300
Best Fitness: [7.68261255e-69]
12
iteration 1400
Best Fitness: [5.13064906e-71]
12
iteration 1500
Best Fitness: [2.91001395e-73]
12
iteration 1600
Best Fitness: [1.92331053e-75]
12
iteration 1700
Best Fitness: [1.46691535e-77]
12
iteration 1800
Best Fitness: [1.81519959e-78]
4
iteration 1900
Best Fitness: [1.58519484e-79]
4
iteration 2000
Best Fitness: [2.1889007e-80]
4
iteration 2100
Best Fitness: [1.67572474e-81]
4
iteration 2200
Best Fitness: [2.42736221e-82]
4
iteration 2300
Best Fitness: [2.79256328e-83]
4
iteration 2400
Best Fitness: [1.70602976e-83]
2
iteration 2500
Best Fitness: [8.53359349e-84]
2
iteration 2600
Best Fitness: [3.40747925e-84]
2
iteration 2700
Best Fitness: [1.80825758e-84]
2
iteration 2800
Best Fitness: [8.81356103e-85]
2
iteration 2900
Best Fitness: [4.1491567e-85]
1
iteration 2999
Best Fitness: [1.42873673e-85]
1
iteration 0
Best Fitness: [3.03088291e+08]
100
iteration 100
Best Fitness: [0.00546495]
100
iteration 200
Best Fitness: [3.7999511e-12]
100
iteration 300
Best Fitness: [7.67911098e-21]
100
iteration 400
Best Fitness: [1.36297448e-29]
100
iteration 500
Best Fitness: [4.49989871e-38]
100
iteration 600
Best Fitness: [5.44958354e-42]
34
iteration 700
Best Fitness: [1.49638337e-44]
34
iteration 800
Best Fitness: [7.23593342e-49]
34
iteration 900
Best Fitness: [5.69622944e-54]
34
iteration 1000
Best Fitness: [5.50489424e-59]
34
iteration 1100
Best Fitness: [4.7662139e-64]
34
iteration 1200
Best Fitness: [2.98559511e-66]
12
iteration 1300
Best Fitness: [9.59727722e-69]
12
iteration 1400
Best Fitness: [5.83404016e-71]
12
iteration 1500
Best Fitness: [3.82853516e-73]
12
iteration 1600
Best Fitness: [2.46658438e-75]
12
iteration 1700
Best Fitness: [1.36971383e-77]
12
iteration 1800
Best Fitness: [2.34803194e-78]
4
iteration 1900
Best Fitness: [2.73675913e-79]
4
iteration 2000
Best Fitness: [2.70431202e-80]
4
iteration 2100
Best Fitness: [3.24875973e-81]
4
iteration 2200
Best Fitness: [2.81455689e-82]
4
iteration 2300
Best Fitness: [3.12263589e-83]
4
iteration 2400
Best Fitness: [1.71596266e-83]
2
iteration 2500
Best Fitness: [7.31349019e-84]
2
iteration 2600
Best Fitness: [2.76073369e-84]
2
iteration 2700
Best Fitness: [1.37370809e-84]
2
iteration 2800
Best Fitness: [4.83663944e-85]
2
iteration 2900
Best Fitness: [2.27086687e-85]
1
iteration 2999
Best Fitness: [1.10229885e-85]
1
[array([8.59082582e-86]), array([1.47678294e-85]), array([6.86788151e-86]), array([5.27648718e-86]), array([8.86590319e-86]), array([9.84656732e-86]), array([1.10055305e-85]), array([9.91456526e-86]), array([1.42873673e-85]), array([1.10229885e-85])]
iteration 0
Best Fitness: [5.90099858e+147]
100
iteration 100
Best Fitness: [3.55746928e-06]
100
iteration 200
Best Fitness: [6.05784339e-12]
100
iteration 300
Best Fitness: [2.16235676e-18]
100
iteration 400
Best Fitness: [6.65519527e-24]
100
iteration 500
Best Fitness: [2.19849964e-29]
100
iteration 600
Best Fitness: [5.70802523e-35]
34
iteration 700
Best Fitness: [2.91376458e-41]
34
iteration 800
Best Fitness: [9.5808905e-44]
34
iteration 900
Best Fitness: [6.56462e-48]
34
iteration 1000
Best Fitness: [1.70810014e-50]
34
iteration 1100
Best Fitness: [3.38516576e-51]
34
iteration 1200
Best Fitness: [1.28328949e-52]
12
iteration 1300
Best Fitness: [2.2015875e-56]
12
iteration 1400
Best Fitness: [1.65277428e-59]
12
iteration 1500
Best Fitness: [1.03864432e-62]
12
iteration 1600
Best Fitness: [4.35931782e-66]
12
iteration 1700
Best Fitness: [1.22299678e-69]
12
iteration 1800
Best Fitness: [2.02205338e-71]
4
iteration 1900
Best Fitness: [2.93422548e-74]
4
iteration 2000
Best Fitness: [8.92504631e-77]
4
iteration 2100
Best Fitness: [9.64287214e-79]
4
iteration 2200
Best Fitness: [5.98966092e-80]
4
iteration 2300
Best Fitness: [6.89483584e-82]
4
iteration 2400
Best Fitness: [1.80774362e-83]
2
iteration 2500
Best Fitness: [2.16249377e-84]
2
iteration 2600
Best Fitness: [1.07233815e-85]
2
iteration 2700
Best Fitness: [4.27662774e-86]
2
iteration 2800
Best Fitness: [4.79855773e-87]
2
iteration 2900
Best Fitness: [8.95314651e-88]
1
iteration 2999
Best Fitness: [6.06423415e-88]
1
iteration 0
Best Fitness: [6.00565766e+140]
100
iteration 100
Best Fitness: [2.04634038e-08]
100
iteration 200
Best Fitness: [1.51450252e-14]
100
iteration 300
Best Fitness: [1.96125075e-20]
100
iteration 400
Best Fitness: [1.22528685e-24]
100
iteration 500
Best Fitness: [4.35104445e-29]
100
iteration 600
Best Fitness: [6.09270787e-35]
34
iteration 700
Best Fitness: [1.33881345e-38]
34
iteration 800
Best Fitness: [1.64210571e-45]
34
iteration 900
Best Fitness: [9.3900097e-48]
34
iteration 1000
Best Fitness: [2.18052048e-50]
34
iteration 1100
Best Fitness: [1.66126681e-50]
34
iteration 1200
Best Fitness: [7.40909616e-53]
12
iteration 1300
Best Fitness: [2.20745025e-57]
12
iteration 1400
Best Fitness: [9.83727324e-60]
12
iteration 1500
Best Fitness: [9.6130036e-63]
12
iteration 1600
Best Fitness: [1.13002537e-65]
12
iteration 1700
Best Fitness: [1.05530545e-68]
12
iteration 1800
Best Fitness: [5.93180049e-72]
4
iteration 1900
Best Fitness: [3.82269774e-75]
4
iteration 2000
Best Fitness: [3.35542092e-77]
4
iteration 2100
Best Fitness: [3.21540111e-80]
4
iteration 2200
Best Fitness: [2.8852794e-82]
4
iteration 2300
Best Fitness: [1.09305398e-83]
4
iteration 2400
Best Fitness: [5.45821017e-86]
2
iteration 2500
Best Fitness: [2.43261648e-86]
2
iteration 2600
Best Fitness: [1.22127682e-86]
2
iteration 2700
Best Fitness: [6.75941489e-87]
2
iteration 2800
Best Fitness: [1.40247157e-87]
2
iteration 2900
Best Fitness: [1.74992377e-88]
1
iteration 2999
Best Fitness: [5.13125884e-89]
1
iteration 0
Best Fitness: [3.67857728e+160]
100
iteration 100
Best Fitness: [1.07873124e-06]
100
iteration 200
Best Fitness: [1.32737001e-12]
100
iteration 300
Best Fitness: [2.46313301e-17]
100
iteration 400
Best Fitness: [3.47955187e-23]
100
iteration 500
Best Fitness: [9.62090687e-29]
100
iteration 600
Best Fitness: [7.6310587e-33]
34
iteration 700
Best Fitness: [4.70907384e-40]
34
iteration 800
Best Fitness: [1.76860408e-44]
34
iteration 900
Best Fitness: [5.64389105e-49]
34
iteration 1000
Best Fitness: [2.40993526e-51]
34
iteration 1100
Best Fitness: [2.91558122e-52]
34
iteration 1200
Best Fitness: [1.84872578e-52]
12
iteration 1300
Best Fitness: [4.30167979e-56]
12
iteration 1400
Best Fitness: [1.14409117e-58]
12
iteration 1500
Best Fitness: [3.44939064e-62]
12
iteration 1600
Best Fitness: [4.82106862e-65]
12
iteration 1700
Best Fitness: [7.01716271e-69]
12
iteration 1800
Best Fitness: [1.53158367e-71]
4
iteration 1900
Best Fitness: [5.60950884e-75]
4
iteration 2000
Best Fitness: [1.89308813e-76]
4
iteration 2100
Best Fitness: [2.62265482e-77]
4
iteration 2200
Best Fitness: [1.10297893e-79]
4
iteration 2300
Best Fitness: [2.55128832e-81]
4
iteration 2400
Best Fitness: [9.82562621e-83]
2
iteration 2500
Best Fitness: [4.17454246e-84]
2
iteration 2600
Best Fitness: [5.69633613e-85]
2
iteration 2700
Best Fitness: [1.46473455e-85]
2
iteration 2800
Best Fitness: [3.55876552e-86]
2
iteration 2900
Best Fitness: [2.19865819e-86]
1
iteration 2999
Best Fitness: [7.09847271e-87]
1
iteration 0
Best Fitness: [1.49423993e+146]
100
iteration 100
Best Fitness: [3.22837445e-07]
100
iteration 200
Best Fitness: [1.46269897e-12]
100
iteration 300
Best Fitness: [6.95529373e-19]
100
iteration 400
Best Fitness: [4.4091624e-23]
100
iteration 500
Best Fitness: [2.7389725e-27]
100
iteration 600
Best Fitness: [7.25949584e-34]
34
iteration 700
Best Fitness: [3.07102264e-38]
34
iteration 800
Best Fitness: [1.62052483e-43]
34
iteration 900
Best Fitness: [6.33804323e-49]
34
iteration 1000
Best Fitness: [2.37748549e-49]
34
iteration 1100
Best Fitness: [9.56756626e-51]
34
iteration 1200
Best Fitness: [4.5966844e-53]
12
iteration 1300
Best Fitness: [3.80128505e-55]
12
iteration 1400
Best Fitness: [6.33058997e-60]
12
iteration 1500
Best Fitness: [2.1415255e-62]
12
iteration 1600
Best Fitness: [1.38588056e-64]
12
iteration 1700
Best Fitness: [5.2465425e-68]
12
iteration 1800
Best Fitness: [6.35160248e-71]
4
iteration 1900
Best Fitness: [7.78241698e-73]
4
iteration 2000
Best Fitness: [2.29456092e-75]
4
iteration 2100
Best Fitness: [8.19854407e-79]
4
iteration 2200
Best Fitness: [2.96564771e-80]
4
iteration 2300
Best Fitness: [3.32971104e-82]
4
iteration 2400
Best Fitness: [3.00072612e-83]
2
iteration 2500
Best Fitness: [6.61993138e-84]
2
iteration 2600
Best Fitness: [1.30340553e-84]
2
iteration 2700
Best Fitness: [6.15706545e-85]
2
iteration 2800
Best Fitness: [6.15706545e-85]
2
iteration 2900
Best Fitness: [4.26237403e-86]
1
iteration 2999
Best Fitness: [1.36715671e-86]
1
iteration 0
Best Fitness: [1.03442099e+146]
100
iteration 100
Best Fitness: [1.40225434e-07]
100
iteration 200
Best Fitness: [3.85754688e-13]
100
iteration 300
Best Fitness: [2.49554807e-16]
100
iteration 400
Best Fitness: [1.08842553e-23]
100
iteration 500
Best Fitness: [4.6252686e-27]
100
iteration 600
Best Fitness: [2.48550092e-32]
34
iteration 700
Best Fitness: [1.53682796e-37]
34
iteration 800
Best Fitness: [1.44844997e-44]
34
iteration 900
Best Fitness: [8.02351939e-47]
34
iteration 1000
Best Fitness: [9.04068714e-48]
34
iteration 1100
Best Fitness: [2.45399413e-49]
34
iteration 1200
Best Fitness: [9.38219557e-52]
12
iteration 1300
Best Fitness: [2.04101065e-55]
12
iteration 1400
Best Fitness: [6.64267981e-59]
12
iteration 1500
Best Fitness: [9.66612896e-63]
12
iteration 1600
Best Fitness: [4.46872133e-65]
12
iteration 1700
Best Fitness: [7.839615e-68]
12
iteration 1800
Best Fitness: [1.13464723e-71]
4
iteration 1900
Best Fitness: [5.43774373e-73]
4
iteration 2000
Best Fitness: [1.76464124e-75]
4
iteration 2100
Best Fitness: [3.59210352e-78]
4
iteration 2200
Best Fitness: [7.80136653e-80]
4
iteration 2300
Best Fitness: [2.48429029e-81]
4
iteration 2400
Best Fitness: [6.0630601e-83]
2
iteration 2500
Best Fitness: [5.92897925e-84]
2
iteration 2600
Best Fitness: [1.99610023e-84]
2
iteration 2700
Best Fitness: [8.07294181e-85]
2
iteration 2800
Best Fitness: [1.21639003e-85]
2
iteration 2900
Best Fitness: [3.96505211e-86]
1
iteration 2999
Best Fitness: [2.0372195e-86]
1
iteration 0
Best Fitness: [3.6243529e+154]
100
iteration 100
Best Fitness: [9.49116333e-09]
100
iteration 200
Best Fitness: [2.36667055e-13]
100
iteration 300
Best Fitness: [4.79420604e-18]
100
iteration 400
Best Fitness: [4.12578035e-24]
100
iteration 500
Best Fitness: [7.72381208e-30]
100
iteration 600
Best Fitness: [2.53054704e-33]
34
iteration 700
Best Fitness: [8.99858787e-38]
34
iteration 800
Best Fitness: [2.23389674e-43]
34
iteration 900
Best Fitness: [5.26326327e-48]
34
iteration 1000
Best Fitness: [5.12066512e-49]
34
iteration 1100
Best Fitness: [3.75000049e-49]
34
iteration 1200
Best Fitness: [1.33480105e-52]
12
iteration 1300
Best Fitness: [8.14719456e-54]
12
iteration 1400
Best Fitness: [6.68882825e-58]
12
iteration 1500
Best Fitness: [8.03094912e-61]
12
iteration 1600
Best Fitness: [1.2495582e-63]
12
iteration 1700
Best Fitness: [1.92935184e-67]
12
iteration 1800
Best Fitness: [5.14887381e-70]
4
iteration 1900
Best Fitness: [2.26054918e-72]
4
iteration 2000
Best Fitness: [2.36731373e-75]
4
iteration 2100
Best Fitness: [2.76122814e-77]
4
iteration 2200
Best Fitness: [1.99116335e-79]
4
iteration 2300
Best Fitness: [4.92679695e-80]
4
iteration 2400
Best Fitness: [1.26284122e-81]
2
iteration 2500
Best Fitness: [9.6085496e-83]
2
iteration 2600
Best Fitness: [1.85209609e-83]
2
iteration 2700
Best Fitness: [1.54100699e-84]
2
iteration 2800
Best Fitness: [3.79622906e-85]
2
iteration 2900
Best Fitness: [1.59842741e-85]
1
iteration 2999
Best Fitness: [1.31821452e-85]
1
iteration 0
Best Fitness: [1.52255786e+154]
100
iteration 100
Best Fitness: [3.68533702e-07]
100
iteration 200
Best Fitness: [7.81889441e-13]
100
iteration 300
Best Fitness: [8.53371109e-19]
100
iteration 400
Best Fitness: [5.95029875e-25]
100
iteration 500
Best Fitness: [1.40735909e-29]
100
iteration 600
Best Fitness: [7.40122659e-35]
34
iteration 700
Best Fitness: [2.35265278e-39]
34
iteration 800
Best Fitness: [1.81860006e-43]
34
iteration 900
Best Fitness: [6.14849299e-47]
34
iteration 1000
Best Fitness: [3.49086378e-49]
34
iteration 1100
Best Fitness: [3.48987202e-49]
34
iteration 1200
Best Fitness: [2.34409685e-51]
12
iteration 1300
Best Fitness: [1.29204761e-55]
12
iteration 1400
Best Fitness: [8.42254189e-59]
12
iteration 1500
Best Fitness: [4.95710721e-62]
12
iteration 1600
Best Fitness: [1.58021587e-65]
12
iteration 1700
Best Fitness: [9.92992939e-68]
12
iteration 1800
Best Fitness: [7.08853228e-71]
4
iteration 1900
Best Fitness: [2.36070192e-73]
4
iteration 2000
Best Fitness: [2.83879146e-75]
4
iteration 2100
Best Fitness: [4.47693091e-77]
4
iteration 2200
Best Fitness: [2.52894317e-79]
4
iteration 2300
Best Fitness: [1.02751727e-80]
4
iteration 2400
Best Fitness: [1.46948616e-82]
2
iteration 2500
Best Fitness: [1.991168e-83]
2
iteration 2600
Best Fitness: [1.22164031e-84]
2
iteration 2700
Best Fitness: [1.06971501e-85]
2
iteration 2800
Best Fitness: [9.19983453e-87]
2
iteration 2900
Best Fitness: [5.97160976e-87]
1
iteration 2999
Best Fitness: [3.83357017e-87]
1
iteration 0
Best Fitness: [2.62700823e+155]
100
iteration 100
Best Fitness: [1.16599253e-10]
100
iteration 200
Best Fitness: [5.9522721e-16]
100
iteration 300
Best Fitness: [3.07386487e-21]
100
iteration 400
Best Fitness: [3.27949029e-26]
100
iteration 500
Best Fitness: [1.60193843e-31]
100
iteration 600
Best Fitness: [3.54762031e-37]
34
iteration 700
Best Fitness: [3.55986985e-38]
34
iteration 800
Best Fitness: [1.55893043e-42]
34
iteration 900
Best Fitness: [1.65462657e-47]
34
iteration 1000
Best Fitness: [9.64304993e-52]
34
iteration 1100
Best Fitness: [4.2955312e-52]
34
iteration 1200
Best Fitness: [1.16200664e-54]
12
iteration 1300
Best Fitness: [3.83203945e-56]
12
iteration 1400
Best Fitness: [5.14462717e-59]
12
iteration 1500
Best Fitness: [2.36910628e-62]
12
iteration 1600
Best Fitness: [1.84595444e-65]
12
iteration 1700
Best Fitness: [7.63651043e-68]
12
iteration 1800
Best Fitness: [1.43413286e-71]
4
iteration 1900
Best Fitness: [8.60030967e-74]
4
iteration 2000
Best Fitness: [2.95944206e-77]
4
iteration 2100
Best Fitness: [1.19837459e-78]
4
iteration 2200
Best Fitness: [9.6152362e-81]
4
iteration 2300
Best Fitness: [6.15495029e-83]
4
iteration 2400
Best Fitness: [1.42605557e-83]
2
iteration 2500
Best Fitness: [1.98275565e-84]
2
iteration 2600
Best Fitness: [6.87351755e-86]
2
iteration 2700
Best Fitness: [6.55862869e-87]
2
iteration 2800
Best Fitness: [1.49340336e-87]
2
iteration 2900
Best Fitness: [3.52427196e-88]
1
iteration 2999
Best Fitness: [1.89169783e-88]
1
iteration 0
Best Fitness: [4.30817409e+144]
100
iteration 100
Best Fitness: [4.58470829e-08]
100
iteration 200
Best Fitness: [1.23752411e-13]
100
iteration 300
Best Fitness: [7.74755809e-20]
100
iteration 400
Best Fitness: [7.06768189e-24]
100
iteration 500
Best Fitness: [5.38945204e-31]
100
iteration 600
Best Fitness: [1.09688949e-35]
34
iteration 700
Best Fitness: [2.10322795e-40]
34
iteration 800
Best Fitness: [9.29580656e-45]
34
iteration 900
Best Fitness: [3.61548519e-47]
34
iteration 1000
Best Fitness: [2.00697831e-49]
34
iteration 1100
Best Fitness: [5.16117499e-50]
34
iteration 1200
Best Fitness: [7.20959484e-53]
12
iteration 1300
Best Fitness: [5.80878784e-56]
12
iteration 1400
Best Fitness: [1.56871792e-58]
12
iteration 1500
Best Fitness: [1.45752504e-61]
12
iteration 1600
Best Fitness: [3.22224349e-64]
12
iteration 1700
Best Fitness: [3.87958868e-67]
12
iteration 1800
Best Fitness: [4.02091351e-70]
4
iteration 1900
Best Fitness: [7.99893167e-73]
4
iteration 2000
Best Fitness: [5.29192157e-75]
4
iteration 2100
Best Fitness: [1.06773008e-77]
4
iteration 2200
Best Fitness: [5.02944842e-80]
4
iteration 2300
Best Fitness: [8.09660511e-82]
4
iteration 2400
Best Fitness: [1.24248963e-82]
2
iteration 2500
Best Fitness: [2.05036588e-83]
2
iteration 2600
Best Fitness: [6.23339668e-84]
2
iteration 2700
Best Fitness: [9.4413216e-85]
2
iteration 2800
Best Fitness: [7.91843514e-85]
2
iteration 2900
Best Fitness: [1.80896202e-85]
1
iteration 2999
Best Fitness: [4.11739354e-86]
1
iteration 0
Best Fitness: [1.08300768e+140]
100
iteration 100
Best Fitness: [1.02709241e-07]
100
iteration 200
Best Fitness: [1.62183492e-13]
100
iteration 300
Best Fitness: [2.90273082e-19]
100
iteration 400
Best Fitness: [7.79526565e-23]
100
iteration 500
Best Fitness: [4.2216964e-30]
100
iteration 600
Best Fitness: [2.60690559e-35]
34
iteration 700
Best Fitness: [6.35634501e-39]
34
iteration 800
Best Fitness: [7.45141524e-45]
34
iteration 900
Best Fitness: [4.31788667e-48]
34
iteration 1000
Best Fitness: [2.31357438e-49]
34
iteration 1100
Best Fitness: [2.78799611e-50]
34
iteration 1200
Best Fitness: [1.24207879e-51]
12
iteration 1300
Best Fitness: [1.45404122e-54]
12
iteration 1400
Best Fitness: [9.67273709e-59]
12
iteration 1500
Best Fitness: [6.25060628e-62]
12
iteration 1600
Best Fitness: [2.2196967e-65]
12
iteration 1700
Best Fitness: [4.93874111e-69]
12
iteration 1800
Best Fitness: [2.22808881e-71]
4
iteration 1900
Best Fitness: [4.57064774e-74]
4
iteration 2000
Best Fitness: [7.34447884e-77]
4
iteration 2100
Best Fitness: [1.63716428e-79]
4
iteration 2200
Best Fitness: [1.27370892e-80]
4
iteration 2300
Best Fitness: [7.15399314e-83]
4
iteration 2400
Best Fitness: [3.78322851e-84]
2
iteration 2500
Best Fitness: [1.13957022e-85]
2
iteration 2600
Best Fitness: [3.07363479e-86]
2
iteration 2700
Best Fitness: [1.45482422e-86]
2
iteration 2800
Best Fitness: [2.25114784e-87]
2
iteration 2900
Best Fitness: [5.02141047e-88]
1
iteration 2999
Best Fitness: [1.53198964e-88]
1
[array([6.06423415e-88]), array([5.13125884e-89]), array([7.09847271e-87]), array([1.36715671e-86]), array([2.0372195e-86]), array([1.31821452e-85]), array([3.83357017e-87]), array([1.89169783e-88]), array([4.11739354e-86]), array([1.53198964e-88])]
iteration 0
Best Fitness: [494280.52595829]
100
iteration 100
Best Fitness: [462022.74602425]
100
iteration 200
Best Fitness: [439311.32282193]
100
iteration 300
Best Fitness: [420082.07298104]
100
iteration 400
Best Fitness: [403820.16371517]
100
iteration 500
Best Fitness: [390124.89244345]
100
iteration 600
Best Fitness: [373148.3749022]
34
iteration 700
Best Fitness: [361616.1303033]
34
iteration 800
Best Fitness: [357454.14319914]
34
iteration 900
Best Fitness: [352815.50086342]
34
iteration 1000
Best Fitness: [347901.76735221]
34
iteration 1100
Best Fitness: [344004.03970041]
34
iteration 1200
Best Fitness: [345609.56947526]
12
iteration 1300
Best Fitness: [337623.88425707]
12
iteration 1400
Best Fitness: [333147.92697206]
12
iteration 1500
Best Fitness: [327950.84850932]
12
iteration 1600
Best Fitness: [324966.25488384]
12
iteration 1700
Best Fitness: [322640.96523781]
12
iteration 1800
Best Fitness: [329450.89131473]
4
iteration 1900
Best Fitness: [325898.82504757]
4
iteration 2000
Best Fitness: [325384.34450253]
4
iteration 2100
Best Fitness: [325153.40688659]
4
iteration 2200
Best Fitness: [322678.55051115]
4
iteration 2300
Best Fitness: [321562.08732838]
4
iteration 2400
Best Fitness: [324680.21693641]
2
iteration 2500
Best Fitness: [322220.09680405]
2
iteration 2600
Best Fitness: [322209.57302711]
2
iteration 2700
Best Fitness: [322061.86179189]
2
iteration 2800
Best Fitness: [321648.42752443]
2
iteration 2900
Best Fitness: [324603.87676123]
1
iteration 2999
Best Fitness: [323952.66334719]
1
iteration 0
Best Fitness: [363683.82281433]
100
iteration 100
Best Fitness: [310938.42985115]
100
iteration 200
Best Fitness: [279301.46325902]
100
iteration 300
Best Fitness: [256175.83387422]
100
iteration 400
Best Fitness: [237854.08445816]
100
iteration 500
Best Fitness: [223149.80924745]
100
iteration 600
Best Fitness: [204775.81848395]
34
iteration 700
Best Fitness: [193457.87427396]
34
iteration 800
Best Fitness: [185172.7563768]
34
iteration 900
Best Fitness: [179415.43456506]
34
iteration 1000
Best Fitness: [172280.21190976]
34
iteration 1100
Best Fitness: [170478.69920771]
34
iteration 1200
Best Fitness: [177237.47087952]
12
iteration 1300
Best Fitness: [175486.67946111]
12
iteration 1400
Best Fitness: [166380.66598182]
12
iteration 1500
Best Fitness: [160405.71981051]
12
iteration 1600
Best Fitness: [158554.19705237]
12
iteration 1700
Best Fitness: [157408.41104963]
12
iteration 1800
Best Fitness: [165381.25529725]
4
iteration 1900
Best Fitness: [164185.41972653]
4
iteration 2000
Best Fitness: [163096.2550543]
4
iteration 2100
Best Fitness: [160381.65534587]
4
iteration 2200
Best Fitness: [158553.45879195]
4
iteration 2300
Best Fitness: [158553.3040161]
4
iteration 2400
Best Fitness: [159504.3487775]
2
iteration 2500
Best Fitness: [157641.25012511]
2
iteration 2600
Best Fitness: [157021.90952165]
2
iteration 2700
Best Fitness: [156369.21688897]
2
iteration 2800
Best Fitness: [156334.74675099]
2
iteration 2900
Best Fitness: [157509.24655913]
1
iteration 2999
Best Fitness: [157362.7933473]
1
iteration 0
Best Fitness: [508528.82280304]
100
iteration 100
Best Fitness: [468819.48320609]
100
iteration 200
Best Fitness: [444057.63162819]
100
iteration 300
Best Fitness: [424704.59744042]
100
iteration 400
Best Fitness: [406608.84072276]
100
iteration 500
Best Fitness: [391869.50632265]
100
iteration 600
Best Fitness: [372410.81770187]
34
iteration 700
Best Fitness: [356870.8787226]
34
iteration 800
Best Fitness: [345640.9961215]
34
iteration 900
Best Fitness: [340008.41097398]
34
iteration 1000
Best Fitness: [332389.69495642]
34
iteration 1100
Best Fitness: [329406.99672095]
34
iteration 1200
Best Fitness: [336914.77647505]
12
iteration 1300
Best Fitness: [331158.99718067]
12
iteration 1400
Best Fitness: [320275.69854696]
12
iteration 1500
Best Fitness: [316233.23899811]
12
iteration 1600
Best Fitness: [313769.02076025]
12
iteration 1700
Best Fitness: [310664.0207827]
12
iteration 1800
Best Fitness: [323315.42887354]
4
iteration 1900
Best Fitness: [321944.33861313]
4
iteration 2000
Best Fitness: [314476.62799487]
4
iteration 2100
Best Fitness: [312695.61174071]
4
iteration 2200
Best Fitness: [311661.52992109]
4
iteration 2300
Best Fitness: [310716.15278883]
4
iteration 2400
Best Fitness: [313309.95925077]
2
iteration 2500
Best Fitness: [312987.59714022]
2
iteration 2600
Best Fitness: [312946.92678048]
2
iteration 2700
Best Fitness: [312240.70211926]
2
iteration 2800
Best Fitness: [311847.01661388]
2
iteration 2900
Best Fitness: [312353.9039489]
1
iteration 2999
Best Fitness: [312099.04394105]
1
iteration 0
Best Fitness: [413345.053041]
100
iteration 100
Best Fitness: [385680.57315987]
100
iteration 200
Best Fitness: [367546.286019]
100
iteration 300
Best Fitness: [352386.14714323]
100
iteration 400
Best Fitness: [339752.14558659]
100
iteration 500
Best Fitness: [327921.49882196]
100
iteration 600
Best Fitness: [311544.19868171]
34
iteration 700
Best Fitness: [302802.00811971]
34
iteration 800
Best Fitness: [295457.09862609]
34
iteration 900
Best Fitness: [287646.50217446]
34
iteration 1000
Best Fitness: [283186.67210369]
34
iteration 1100
Best Fitness: [278601.22500714]
34
iteration 1200
Best Fitness: [283656.92867284]
12
iteration 1300
Best Fitness: [281271.15013127]
12
iteration 1400
Best Fitness: [277539.51237739]
12
iteration 1500
Best Fitness: [274151.06942057]
12
iteration 1600
Best Fitness: [269593.68085224]
12
iteration 1700
Best Fitness: [266255.25414862]
12
iteration 1800
Best Fitness: [271478.35007824]
4
iteration 1900
Best Fitness: [269822.21747529]
4
iteration 2000
Best Fitness: [267616.65383777]
4
iteration 2100
Best Fitness: [265647.43394061]
4
iteration 2200
Best Fitness: [264116.29642622]
4
iteration 2300
Best Fitness: [264018.55012648]
4
iteration 2400
Best Fitness: [266523.21398593]
2
iteration 2500
Best Fitness: [262715.0324909]
2
iteration 2600
Best Fitness: [262634.37305442]
2
iteration 2700
Best Fitness: [262562.01261881]
2
iteration 2800
Best Fitness: [258661.64948975]
2
iteration 2900
Best Fitness: [263173.27475003]
1
iteration 2999
Best Fitness: [263153.00687442]
1
iteration 0
Best Fitness: [271100.31544175]
100
iteration 100
Best Fitness: [214951.55862843]
100
iteration 200
Best Fitness: [190358.43083857]
100
iteration 300
Best Fitness: [172745.57294112]
100
iteration 400
Best Fitness: [158928.24762784]
100
iteration 500
Best Fitness: [147492.38658876]
100
iteration 600
Best Fitness: [132570.73542782]
34
iteration 700
Best Fitness: [122368.58903583]
34
iteration 800
Best Fitness: [114040.86985896]
34
iteration 900
Best Fitness: [107625.33952984]
34
iteration 1000
Best Fitness: [101901.52866146]
34
iteration 1100
Best Fitness: [98332.10060918]
34
iteration 1200
Best Fitness: [100748.50496808]
12
iteration 1300
Best Fitness: [95458.76820095]
12
iteration 1400
Best Fitness: [91362.85020669]
12
iteration 1500
Best Fitness: [89034.9918243]
12
iteration 1600
Best Fitness: [85378.65699958]
12
iteration 1700
Best Fitness: [82919.26948331]
12
iteration 1800
Best Fitness: [93768.62457219]
4
iteration 1900
Best Fitness: [91868.28861721]
4
iteration 2000
Best Fitness: [89404.18724568]
4
iteration 2100
Best Fitness: [89393.75620182]
4
iteration 2200
Best Fitness: [89393.75551805]
4
iteration 2300
Best Fitness: [83299.26475154]
4
iteration 2400
Best Fitness: [85224.33042892]
2
iteration 2500
Best Fitness: [84433.6772463]
2
iteration 2600
Best Fitness: [83855.28122101]
2
iteration 2700
Best Fitness: [83094.86215855]
2
iteration 2800
Best Fitness: [83094.67104891]
2
iteration 2900
Best Fitness: [86654.54363064]
1
iteration 2999
Best Fitness: [86474.22491391]
1
iteration 0
Best Fitness: [556031.35447499]
100
iteration 100
Best Fitness: [520592.41869083]
100
iteration 200
Best Fitness: [498414.40147787]
100
iteration 300
Best Fitness: [480257.79326908]
100
iteration 400
Best Fitness: [465143.75088712]
100
iteration 500
Best Fitness: [452233.39300245]
100
iteration 600
Best Fitness: [433699.09064746]
34
iteration 700
Best Fitness: [417386.27421322]
34
iteration 800
Best Fitness: [411635.78562364]
34
iteration 900
Best Fitness: [404473.83577195]
34
iteration 1000
Best Fitness: [399151.15587612]
34
iteration 1100
Best Fitness: [392326.4614161]
34
iteration 1200
Best Fitness: [399536.67167321]
12
iteration 1300
Best Fitness: [399428.00188025]
12
iteration 1400
Best Fitness: [384382.02723492]
12
iteration 1500
Best Fitness: [381647.85454786]
12
iteration 1600
Best Fitness: [377892.33924221]
12
iteration 1700
Best Fitness: [374897.74249974]
12
iteration 1800
Best Fitness: [383317.62842272]
4
iteration 1900
Best Fitness: [383121.21769661]
4
iteration 2000
Best Fitness: [377335.9908023]
4
iteration 2100
Best Fitness: [371614.56070804]
4
iteration 2200
Best Fitness: [371307.00259998]
4
iteration 2300
Best Fitness: [370026.81575187]
4
iteration 2400
Best Fitness: [371935.46527163]
2
iteration 2500
Best Fitness: [370165.6065567]
2
iteration 2600
Best Fitness: [370053.32885081]
2
iteration 2700
Best Fitness: [370053.32865964]
2
iteration 2800
Best Fitness: [367802.08682628]
2
iteration 2900
Best Fitness: [373128.17284611]
1
iteration 2999
Best Fitness: [372647.83173935]
1
iteration 0
Best Fitness: [398221.23180137]
100
iteration 100
Best Fitness: [361559.71795336]
100
iteration 200
Best Fitness: [337125.00510691]
100
iteration 300
Best Fitness: [319594.46574566]
100
iteration 400
Best Fitness: [303747.32306597]
100
iteration 500
Best Fitness: [291590.32185178]
100
iteration 600
Best Fitness: [270820.32591715]
34
iteration 700
Best Fitness: [255972.16663411]
34
iteration 800
Best Fitness: [247805.94068741]
34
iteration 900
Best Fitness: [243070.811458]
34
iteration 1000
Best Fitness: [241259.3471475]
34
iteration 1100
Best Fitness: [236505.28176898]
34
iteration 1200
Best Fitness: [244247.07199623]
12
iteration 1300
Best Fitness: [241884.12480788]
12
iteration 1400
Best Fitness: [233646.89666727]
12
iteration 1500
Best Fitness: [230666.27057402]
12
iteration 1600
Best Fitness: [228140.44961037]
12
iteration 1700
Best Fitness: [225967.28944039]
12
iteration 1800
Best Fitness: [230344.04912371]
4
iteration 1900
Best Fitness: [222414.45549468]
4
iteration 2000
Best Fitness: [220265.85486949]
4
iteration 2100
Best Fitness: [220197.50682236]
4
iteration 2200
Best Fitness: [219771.51771717]
4
iteration 2300
Best Fitness: [218458.99844594]
4
iteration 2400
Best Fitness: [225596.82986037]
2
iteration 2500
Best Fitness: [225581.53004396]
2
iteration 2600
Best Fitness: [224728.51659933]
2
iteration 2700
Best Fitness: [223428.00478744]
2
iteration 2800
Best Fitness: [221990.96043792]
2
iteration 2900
Best Fitness: [222541.36870128]
1
iteration 2999
Best Fitness: [222352.79051222]
1
iteration 0
Best Fitness: [493032.23899568]
100
iteration 100
Best Fitness: [464149.18036324]
100
iteration 200
Best Fitness: [444941.29472018]
100
iteration 300
Best Fitness: [430194.41973304]
100
iteration 400
Best Fitness: [417902.24733052]
100
iteration 500
Best Fitness: [406288.29999962]
100
iteration 600
Best Fitness: [390577.65750692]
34
iteration 700
Best Fitness: [377177.92398794]
34
iteration 800
Best Fitness: [371579.46465875]
34
iteration 900
Best Fitness: [366802.79417735]
34
iteration 1000
Best Fitness: [362638.514292]
34
iteration 1100
Best Fitness: [359583.57705291]
34
iteration 1200
Best Fitness: [364508.52711974]
12
iteration 1300
Best Fitness: [352301.63177511]
12
iteration 1400
Best Fitness: [348226.71869548]
12
iteration 1500
Best Fitness: [341265.33286953]
12
iteration 1600
Best Fitness: [337435.99863445]
12
iteration 1700
Best Fitness: [327943.48983553]
12
iteration 1800
Best Fitness: [342332.62682857]
4
iteration 1900
Best Fitness: [342273.04309461]
4
iteration 2000
Best Fitness: [341750.01814717]
4
iteration 2100
Best Fitness: [338963.33188511]
4
iteration 2200
Best Fitness: [334863.01490208]
4
iteration 2300
Best Fitness: [331624.11537139]
4
iteration 2400
Best Fitness: [333592.89107238]
2
iteration 2500
Best Fitness: [333589.60759831]
2
iteration 2600
Best Fitness: [333361.80052894]
2
iteration 2700
Best Fitness: [329211.43396806]
2
iteration 2800
Best Fitness: [328666.86675395]
2
iteration 2900
Best Fitness: [332380.75713136]
1
iteration 2999
Best Fitness: [332380.75713135]
1
iteration 0
Best Fitness: [521135.68965555]
100
iteration 100
Best Fitness: [482878.02726725]
100
iteration 200
Best Fitness: [462774.71082585]
100
iteration 300
Best Fitness: [445163.33306256]
100
iteration 400
Best Fitness: [430370.27500677]
100
iteration 500
Best Fitness: [417348.22929986]
100
iteration 600
Best Fitness: [400508.61142904]
34
iteration 700
Best Fitness: [390308.08093379]
34
iteration 800
Best Fitness: [385383.12740353]
34
iteration 900
Best Fitness: [378674.17191705]
34
iteration 1000
Best Fitness: [374045.55542283]
34
iteration 1100
Best Fitness: [369643.70893405]
34
iteration 1200
Best Fitness: [374631.02826788]
12
iteration 1300
Best Fitness: [368505.98572713]
12
iteration 1400
Best Fitness: [364082.9940753]
12
iteration 1500
Best Fitness: [360076.26554127]
12
iteration 1600
Best Fitness: [353452.24454305]
12
iteration 1700
Best Fitness: [346327.48110577]
12
iteration 1800
Best Fitness: [357791.73600696]
4
iteration 1900
Best Fitness: [355271.92679024]
4
iteration 2000
Best Fitness: [355269.38313898]
4
iteration 2100
Best Fitness: [355269.38313898]
4
iteration 2200
Best Fitness: [354514.8201745]
4
iteration 2300
Best Fitness: [343407.26159273]
4
iteration 2400
Best Fitness: [345054.10099695]
2
iteration 2500
Best Fitness: [344738.51705769]
2
iteration 2600
Best Fitness: [343254.15086764]
2
iteration 2700
Best Fitness: [343132.40794557]
2
iteration 2800
Best Fitness: [343132.40793189]
2
iteration 2900
Best Fitness: [346339.56237252]
1
iteration 2999
Best Fitness: [346330.45961543]
1
iteration 0
Best Fitness: [486380.98303045]
100
iteration 100
Best Fitness: [445276.64885163]
100
iteration 200
Best Fitness: [420652.98605547]
100
iteration 300
Best Fitness: [400908.53582288]
100
iteration 400
Best Fitness: [385588.10438351]
100
iteration 500
Best Fitness: [373698.10969444]
100
iteration 600
Best Fitness: [358995.95081628]
34
iteration 700
Best Fitness: [350173.21423202]
34
iteration 800
Best Fitness: [345501.99208084]
34
iteration 900
Best Fitness: [339940.38784725]
34
iteration 1000
Best Fitness: [335737.22369826]
34
iteration 1100
Best Fitness: [331430.07795233]
34
iteration 1200
Best Fitness: [335353.62542028]
12
iteration 1300
Best Fitness: [328475.10780076]
12
iteration 1400
Best Fitness: [324921.24117564]
12
iteration 1500
Best Fitness: [323212.86917497]
12
iteration 1600
Best Fitness: [318821.33683337]
12
iteration 1700
Best Fitness: [316826.79764752]
12
iteration 1800
Best Fitness: [321837.52013665]
4
iteration 1900
Best Fitness: [316864.81274815]
4
iteration 2000
Best Fitness: [315865.39478318]
4
iteration 2100
Best Fitness: [314172.90565533]
4
iteration 2200
Best Fitness: [312677.53707972]
4
iteration 2300
Best Fitness: [309684.24697061]
4
iteration 2400
Best Fitness: [311903.35259286]
2
iteration 2500
Best Fitness: [311253.12975482]
2
iteration 2600
Best Fitness: [311204.33369586]
2
iteration 2700
Best Fitness: [304509.10820437]
2
iteration 2800
Best Fitness: [304483.61286271]
2
iteration 2900
Best Fitness: [312584.64901133]
1
iteration 2999
Best Fitness: [307770.80539656]
1
[array([323952.66334719]), array([157362.7933473]), array([312099.04394105]), array([263153.00687442]), array([86474.22491391]), array([372647.83173935]), array([222352.79051222]), array([332380.75713135]), array([346330.45961543]), array([307770.80539656])]
iteration 0
Best Fitness: [1016.82526631]
100
iteration 100
Best Fitness: [0.00451507]
100
iteration 200
Best Fitness: [0.00285578]
100
iteration 300
Best Fitness: [0.00179138]
100
iteration 400
Best Fitness: [0.00111693]
100
iteration 500
Best Fitness: [0.00069475]
100
iteration 600
Best Fitness: [0.00042385]
34
iteration 700
Best Fitness: [0.00034871]
34
iteration 800
Best Fitness: [0.00029007]
34
iteration 900
Best Fitness: [0.00024683]
34
iteration 1000
Best Fitness: [0.00022812]
34
iteration 1100
Best Fitness: [0.00022348]
34
iteration 1200
Best Fitness: [0.00020662]
12
iteration 1300
Best Fitness: [0.000174]
12
iteration 1400
Best Fitness: [0.0001603]
12
iteration 1500
Best Fitness: [0.00015732]
12
iteration 1600
Best Fitness: [0.00014579]
12
iteration 1700
Best Fitness: [0.00013638]
12
iteration 1800
Best Fitness: [0.00013486]
4
iteration 1900
Best Fitness: [0.00013253]
4
iteration 2000
Best Fitness: [0.00012371]
4
iteration 2100
Best Fitness: [0.00012204]
4
iteration 2200
Best Fitness: [0.0001173]
4
iteration 2300
Best Fitness: [0.00011129]
4
iteration 2400
Best Fitness: [0.00010672]
2
iteration 2500
Best Fitness: [9.08634875e-05]
2
iteration 2600
Best Fitness: [8.78675527e-05]
2
iteration 2700
Best Fitness: [8.60174416e-05]
2
iteration 2800
Best Fitness: [8.54469684e-05]
2
iteration 2900
Best Fitness: [8.36281841e-05]
1
iteration 2999
Best Fitness: [7.96147889e-05]
1
iteration 0
Best Fitness: [1279.54265866]
100
iteration 100
Best Fitness: [0.00560809]
100
iteration 200
Best Fitness: [0.00323534]
100
iteration 300
Best Fitness: [0.00188644]
100
iteration 400
Best Fitness: [0.00111292]
100
iteration 500
Best Fitness: [0.00066017]
100
iteration 600
Best Fitness: [0.00038886]
34
iteration 700
Best Fitness: [0.00031409]
34
iteration 800
Best Fitness: [0.00029907]
34
iteration 900
Best Fitness: [0.00028606]
34
iteration 1000
Best Fitness: [0.00027422]
34
iteration 1100
Best Fitness: [0.00025549]
34
iteration 1200
Best Fitness: [0.00021603]
12
iteration 1300
Best Fitness: [0.00018919]
12
iteration 1400
Best Fitness: [0.00016681]
12
iteration 1500
Best Fitness: [0.00014592]
12
iteration 1600
Best Fitness: [0.00013585]
12
iteration 1700
Best Fitness: [0.00013177]
12
iteration 1800
Best Fitness: [0.00012908]
4
iteration 1900
Best Fitness: [0.00012198]
4
iteration 2000
Best Fitness: [0.00011643]
4
iteration 2100
Best Fitness: [0.0001089]
4
iteration 2200
Best Fitness: [0.00010529]
4
iteration 2300
Best Fitness: [0.00010133]
4
iteration 2400
Best Fitness: [9.65947322e-05]
2
iteration 2500
Best Fitness: [9.50589024e-05]
2
iteration 2600
Best Fitness: [9.47721958e-05]
2
iteration 2700
Best Fitness: [8.82658499e-05]
2
iteration 2800
Best Fitness: [8.64711665e-05]
2
iteration 2900
Best Fitness: [8.41127014e-05]
1
iteration 2999
Best Fitness: [7.9609482e-05]
1
iteration 0
Best Fitness: [1136.09156153]
100
iteration 100
Best Fitness: [0.22008296]
100
iteration 200
Best Fitness: [0.09008038]
100
iteration 300
Best Fitness: [0.04335281]
100
iteration 400
Best Fitness: [0.02244305]
100
iteration 500
Best Fitness: [0.01220425]
100
iteration 600
Best Fitness: [0.00693345]
34
iteration 700
Best Fitness: [0.00559497]
34
iteration 800
Best Fitness: [0.00484129]
34
iteration 900
Best Fitness: [0.00466903]
34
iteration 1000
Best Fitness: [0.00448503]
34
iteration 1100
Best Fitness: [0.00418836]
34
iteration 1200
Best Fitness: [0.00381233]
12
iteration 1300
Best Fitness: [0.00341318]
12
iteration 1400
Best Fitness: [0.00311601]
12
iteration 1500
Best Fitness: [0.00286303]
12
iteration 1600
Best Fitness: [0.00274943]
12
iteration 1700
Best Fitness: [0.00249085]
12
iteration 1800
Best Fitness: [0.00239678]
4
iteration 1900
Best Fitness: [0.00224517]
4
iteration 2000
Best Fitness: [0.00212741]
4
iteration 2100
Best Fitness: [0.00199557]
4
iteration 2200
Best Fitness: [0.00190647]
4
iteration 2300
Best Fitness: [0.00181814]
4
iteration 2400
Best Fitness: [0.00172451]
2
iteration 2500
Best Fitness: [0.00167051]
2
iteration 2600
Best Fitness: [0.00164802]
2
iteration 2700
Best Fitness: [0.00160508]
2
iteration 2800
Best Fitness: [0.00160507]
2
iteration 2900
Best Fitness: [0.00160418]
1
iteration 2999
Best Fitness: [0.00155401]
1
iteration 0
Best Fitness: [1133.34765221]
100
iteration 100
Best Fitness: [0.05360506]
100
iteration 200
Best Fitness: [0.02733775]
100
iteration 300
Best Fitness: [0.01470012]
100
iteration 400
Best Fitness: [0.00817712]
100
iteration 500
Best Fitness: [0.00466111]
100
iteration 600
Best Fitness: [0.0027024]
34
iteration 700
Best Fitness: [0.00208768]
34
iteration 800
Best Fitness: [0.00201905]
34
iteration 900
Best Fitness: [0.00187383]
34
iteration 1000
Best Fitness: [0.0016621]
34
iteration 1100
Best Fitness: [0.00146686]
34
iteration 1200
Best Fitness: [0.00135428]
12
iteration 1300
Best Fitness: [0.00116578]
12
iteration 1400
Best Fitness: [0.00104466]
12
iteration 1500
Best Fitness: [0.00095393]
12
iteration 1600
Best Fitness: [0.00087333]
12
iteration 1700
Best Fitness: [0.00085622]
12
iteration 1800
Best Fitness: [0.00085209]
4
iteration 1900
Best Fitness: [0.00082655]
4
iteration 2000
Best Fitness: [0.00076837]
4
iteration 2100
Best Fitness: [0.00073536]
4
iteration 2200
Best Fitness: [0.00069456]
4
iteration 2300
Best Fitness: [0.00060935]
4
iteration 2400
Best Fitness: [0.00058352]
2
iteration 2500
Best Fitness: [0.00053211]
2
iteration 2600
Best Fitness: [0.00052141]
2
iteration 2700
Best Fitness: [0.00052136]
2
iteration 2800
Best Fitness: [0.00052133]
2
iteration 2900
Best Fitness: [0.00051562]
1
iteration 2999
Best Fitness: [0.00050549]
1
iteration 0
Best Fitness: [1297.67939019]
100
iteration 100
Best Fitness: [0.13993418]
100
iteration 200
Best Fitness: [0.10263416]
100
iteration 300
Best Fitness: [0.07390732]
100
iteration 400
Best Fitness: [0.05201165]
100
iteration 500
Best Fitness: [0.03596755]
100
iteration 600
Best Fitness: [0.02457855]
34
iteration 700
Best Fitness: [0.01854843]
34
iteration 800
Best Fitness: [0.01638446]
34
iteration 900
Best Fitness: [0.01572413]
34
iteration 1000
Best Fitness: [0.01451683]
34
iteration 1100
Best Fitness: [0.01341175]
34
iteration 1200
Best Fitness: [0.01237503]
12
iteration 1300
Best Fitness: [0.01065164]
12
iteration 1400
Best Fitness: [0.00940291]
12
iteration 1500
Best Fitness: [0.00847224]
12
iteration 1600
Best Fitness: [0.00750136]
12
iteration 1700
Best Fitness: [0.00730332]
12
iteration 1800
Best Fitness: [0.00708046]
4
iteration 1900
Best Fitness: [0.00675214]
4
iteration 2000
Best Fitness: [0.0065302]
4
iteration 2100
Best Fitness: [0.00613776]
4
iteration 2200
Best Fitness: [0.00584353]
4
iteration 2300
Best Fitness: [0.00559043]
4
iteration 2400
Best Fitness: [0.00534726]
2
iteration 2500
Best Fitness: [0.00498115]
2
iteration 2600
Best Fitness: [0.00477472]
2
iteration 2700
Best Fitness: [0.00472137]
2
iteration 2800
Best Fitness: [0.00445579]
2
iteration 2900
Best Fitness: [0.00421925]
1
iteration 2999
Best Fitness: [0.00415525]
1
iteration 0
Best Fitness: [1221.38891004]
100
iteration 100
Best Fitness: [0.09157165]
100
iteration 200
Best Fitness: [0.06541771]
100
iteration 300
Best Fitness: [0.04571823]
100
iteration 400
Best Fitness: [0.03134169]
100
iteration 500
Best Fitness: [0.02113972]
100
iteration 600
Best Fitness: [0.01411676]
34
iteration 700
Best Fitness: [0.01203117]
34
iteration 800
Best Fitness: [0.00978607]
34
iteration 900
Best Fitness: [0.00912669]
34
iteration 1000
Best Fitness: [0.00852469]
34
iteration 1100
Best Fitness: [0.0080284]
34
iteration 1200
Best Fitness: [0.00745614]
12
iteration 1300
Best Fitness: [0.00635802]
12
iteration 1400
Best Fitness: [0.00576217]
12
iteration 1500
Best Fitness: [0.00548763]
12
iteration 1600
Best Fitness: [0.00539447]
12
iteration 1700
Best Fitness: [0.00533146]
12
iteration 1800
Best Fitness: [0.00512762]
4
iteration 1900
Best Fitness: [0.00476224]
4
iteration 2000
Best Fitness: [0.00474591]
4
iteration 2100
Best Fitness: [0.00454378]
4
iteration 2200
Best Fitness: [0.00424232]
4
iteration 2300
Best Fitness: [0.00399072]
4
iteration 2400
Best Fitness: [0.00396135]
2
iteration 2500
Best Fitness: [0.00388473]
2
iteration 2600
Best Fitness: [0.00379708]
2
iteration 2700
Best Fitness: [0.00375029]
2
iteration 2800
Best Fitness: [0.00372243]
2
iteration 2900
Best Fitness: [0.00368687]
1
iteration 2999
Best Fitness: [0.00327232]
1
iteration 0
Best Fitness: [1204.54445964]
100
iteration 100
Best Fitness: [0.1353711]
100
iteration 200
Best Fitness: [0.06118863]
100
iteration 300
Best Fitness: [0.0307235]
100
iteration 400
Best Fitness: [0.01628849]
100
iteration 500
Best Fitness: [0.00904084]
100
iteration 600
Best Fitness: [0.00525502]
34
iteration 700
Best Fitness: [0.00373397]
34
iteration 800
Best Fitness: [0.00346362]
34
iteration 900
Best Fitness: [0.00307663]
34
iteration 1000
Best Fitness: [0.00299923]
34
iteration 1100
Best Fitness: [0.00280558]
34
iteration 1200
Best Fitness: [0.00254088]
12
iteration 1300
Best Fitness: [0.00219842]
12
iteration 1400
Best Fitness: [0.00195838]
12
iteration 1500
Best Fitness: [0.00178943]
12
iteration 1600
Best Fitness: [0.00159684]
12
iteration 1700
Best Fitness: [0.00147344]
12
iteration 1800
Best Fitness: [0.00141446]
4
iteration 1900
Best Fitness: [0.00135338]
4
iteration 2000
Best Fitness: [0.00132324]
4
iteration 2100
Best Fitness: [0.00131376]
4
iteration 2200
Best Fitness: [0.00131302]
4
iteration 2300
Best Fitness: [0.00131302]
4
iteration 2400
Best Fitness: [0.00131004]
2
iteration 2500
Best Fitness: [0.00131004]
2
iteration 2600
Best Fitness: [0.00130467]
2
iteration 2700
Best Fitness: [0.00128453]
2
iteration 2800
Best Fitness: [0.00128301]
2
iteration 2900
Best Fitness: [0.00123816]
1
iteration 2999
Best Fitness: [0.00119253]
1
iteration 0
Best Fitness: [954.80533113]
100
iteration 100
Best Fitness: [0.23605269]
100
iteration 200
Best Fitness: [0.18039971]
100
iteration 300
Best Fitness: [0.13502923]
100
iteration 400
Best Fitness: [0.09881411]
100
iteration 500
Best Fitness: [0.07104857]
100
iteration 600
Best Fitness: [0.05072596]
34
iteration 700
Best Fitness: [0.03860369]
34
iteration 800
Best Fitness: [0.03325218]
34
iteration 900
Best Fitness: [0.03080917]
34
iteration 1000
Best Fitness: [0.03005813]
34
iteration 1100
Best Fitness: [0.02799977]
34
iteration 1200
Best Fitness: [0.0257102]
12
iteration 1300
Best Fitness: [0.02227882]
12
iteration 1400
Best Fitness: [0.02030097]
12
iteration 1500
Best Fitness: [0.01854277]
12
iteration 1600
Best Fitness: [0.01728403]
12
iteration 1700
Best Fitness: [0.01651495]
12
iteration 1800
Best Fitness: [0.01614495]
4
iteration 1900
Best Fitness: [0.01497532]
4
iteration 2000
Best Fitness: [0.01470308]
4
iteration 2100
Best Fitness: [0.01344356]
4
iteration 2200
Best Fitness: [0.01306503]
4
iteration 2300
Best Fitness: [0.01272963]
4
iteration 2400
Best Fitness: [0.01141119]
2
iteration 2500
Best Fitness: [0.01107546]
2
iteration 2600
Best Fitness: [0.01107446]
2
iteration 2700
Best Fitness: [0.01101853]
2
iteration 2800
Best Fitness: [0.01080055]
2
iteration 2900
Best Fitness: [0.01057755]
1
iteration 2999
Best Fitness: [0.01026305]
1
iteration 0
Best Fitness: [1254.11862685]
100
iteration 100
Best Fitness: [0.14993185]
100
iteration 200
Best Fitness: [0.06639867]
100
iteration 300
Best Fitness: [0.03312871]
100
iteration 400
Best Fitness: [0.01768764]
100
iteration 500
Best Fitness: [0.00974168]
100
iteration 600
Best Fitness: [0.00545441]
34
iteration 700
Best Fitness: [0.00432566]
34
iteration 800
Best Fitness: [0.00378209]
34
iteration 900
Best Fitness: [0.00369801]
34
iteration 1000
Best Fitness: [0.00333644]
34
iteration 1100
Best Fitness: [0.00325115]
34
iteration 1200
Best Fitness: [0.00308757]
12
iteration 1300
Best Fitness: [0.00261979]
12
iteration 1400
Best Fitness: [0.00240965]
12
iteration 1500
Best Fitness: [0.00232464]
12
iteration 1600
Best Fitness: [0.00218299]
12
iteration 1700
Best Fitness: [0.0020801]
12
iteration 1800
Best Fitness: [0.00206595]
4
iteration 1900
Best Fitness: [0.00193616]
4
iteration 2000
Best Fitness: [0.00185508]
4
iteration 2100
Best Fitness: [0.00174712]
4
iteration 2200
Best Fitness: [0.0016046]
4
iteration 2300
Best Fitness: [0.00150584]
4
iteration 2400
Best Fitness: [0.00150081]
2
iteration 2500
Best Fitness: [0.00144647]
2
iteration 2600
Best Fitness: [0.00143315]
2
iteration 2700
Best Fitness: [0.00141267]
2
iteration 2800
Best Fitness: [0.00141253]
2
iteration 2900
Best Fitness: [0.00133563]
1
iteration 2999
Best Fitness: [0.00125697]
1
iteration 0
Best Fitness: [1225.69840478]
100
iteration 100
Best Fitness: [0.45500115]
100
iteration 200
Best Fitness: [0.36729375]
100
iteration 300
Best Fitness: [0.29035344]
100
iteration 400
Best Fitness: [0.22552186]
100
iteration 500
Best Fitness: [0.17206225]
100
iteration 600
Best Fitness: [0.12857522]
34
iteration 700
Best Fitness: [0.10564882]
34
iteration 800
Best Fitness: [0.08946605]
34
iteration 900
Best Fitness: [0.08376465]
34
iteration 1000
Best Fitness: [0.08316819]
34
iteration 1100
Best Fitness: [0.08240882]
34
iteration 1200
Best Fitness: [0.07958487]
12
iteration 1300
Best Fitness: [0.06947961]
12
iteration 1400
Best Fitness: [0.06191043]
12
iteration 1500
Best Fitness: [0.05659399]
12
iteration 1600
Best Fitness: [0.05349757]
12
iteration 1700
Best Fitness: [0.05319091]
12
iteration 1800
Best Fitness: [0.05108323]
4
iteration 1900
Best Fitness: [0.04885016]
4
iteration 2000
Best Fitness: [0.04761607]
4
iteration 2100
Best Fitness: [0.04401509]
4
iteration 2200
Best Fitness: [0.04213487]
4
iteration 2300
Best Fitness: [0.04074119]
4
iteration 2400
Best Fitness: [0.03900155]
2
iteration 2500
Best Fitness: [0.03846163]
2
iteration 2600
Best Fitness: [0.03785434]
2
iteration 2700
Best Fitness: [0.03568849]
2
iteration 2800
Best Fitness: [0.03552387]
2
iteration 2900
Best Fitness: [0.03364418]
1
iteration 2999
Best Fitness: [0.03277603]
1
[array([7.96147889e-05]), array([7.9609482e-05]), array([0.00155401]), array([0.00050549]), array([0.00415525]), array([0.00327232]), array([0.00119253]), array([0.01026305]), array([0.00125697]), array([0.03277603])]
iteration 0
Best Fitness: [21.18790512]
100
iteration 100
Best Fitness: [3.73772124e-09]
100
iteration 200
Best Fitness: [0.]
100
iteration 300
Best Fitness: [0.]
100
iteration 400
Best Fitness: [0.]
100
iteration 500
Best Fitness: [0.]
100
iteration 600
Best Fitness: [0.]
34
iteration 700
Best Fitness: [0.]
34
iteration 800
Best Fitness: [0.]
34
iteration 900
Best Fitness: [0.]
34
iteration 1000
Best Fitness: [0.]
34
iteration 1100
Best Fitness: [0.]
34
iteration 1200
Best Fitness: [0.]
12
iteration 1300
Best Fitness: [0.]
12
iteration 1400
Best Fitness: [0.]
12
iteration 1500
Best Fitness: [0.]
12
iteration 1600
Best Fitness: [0.]
12
iteration 1700
Best Fitness: [0.]
12
iteration 1800
Best Fitness: [0.]
4
iteration 1900
Best Fitness: [0.]
4
iteration 2000
Best Fitness: [0.]
4
iteration 2100
Best Fitness: [0.]
4
iteration 2200
Best Fitness: [0.]
4
iteration 2300
Best Fitness: [0.]
4
iteration 2400
Best Fitness: [0.]
2
iteration 2500
Best Fitness: [0.]
2
iteration 2600
Best Fitness: [0.]
2
iteration 2700
Best Fitness: [0.]
2
iteration 2800
Best Fitness: [0.]
2
iteration 2900
Best Fitness: [0.]
1
iteration 2999
Best Fitness: [0.]
1
iteration 0
Best Fitness: [22.63724772]
100
iteration 100
Best Fitness: [3.13960413e-09]
100
iteration 200
Best Fitness: [0.]
100
iteration 300
Best Fitness: [0.]
100
iteration 400
Best Fitness: [0.]
100
iteration 500
Best Fitness: [0.]
100
iteration 600
Best Fitness: [0.]
34
iteration 700
Best Fitness: [0.]
34
iteration 800
Best Fitness: [0.]
34
iteration 900
Best Fitness: [0.]
34
iteration 1000
Best Fitness: [0.]
34
iteration 1100
Best Fitness: [0.]
34
iteration 1200
Best Fitness: [0.]
12
iteration 1300
Best Fitness: [0.]
12
iteration 1400
Best Fitness: [0.]
12
iteration 1500
Best Fitness: [0.]
12
iteration 1600
Best Fitness: [0.]
12
iteration 1700
Best Fitness: [0.]
12
iteration 1800
Best Fitness: [0.]
4
iteration 1900
Best Fitness: [0.]
4
iteration 2000
Best Fitness: [0.]
4
iteration 2100
Best Fitness: [0.]
4
iteration 2200
Best Fitness: [0.]
4
iteration 2300
Best Fitness: [0.]
4
iteration 2400
Best Fitness: [0.]
2
iteration 2500
Best Fitness: [0.]
2
iteration 2600
Best Fitness: [0.]
2
iteration 2700
Best Fitness: [0.]
2
iteration 2800
Best Fitness: [0.]
2
iteration 2900
Best Fitness: [0.]
1
iteration 2999
Best Fitness: [0.]
1
iteration 0
Best Fitness: [21.77524783]
100
iteration 100
Best Fitness: [2.70839529e-09]
100
iteration 200
Best Fitness: [0.]
100
iteration 300
Best Fitness: [0.]
100
iteration 400
Best Fitness: [0.]
100
iteration 500
Best Fitness: [0.]
100
iteration 600
Best Fitness: [0.]
34
iteration 700
Best Fitness: [0.]
34
iteration 800
Best Fitness: [0.]
34
iteration 900
Best Fitness: [0.]
34
iteration 1000
Best Fitness: [0.]
34
iteration 1100
Best Fitness: [0.]
34
iteration 1200
Best Fitness: [0.]
12
iteration 1300
Best Fitness: [0.]
12
iteration 1400
Best Fitness: [0.]
12
iteration 1500
Best Fitness: [0.]
12
iteration 1600
Best Fitness: [0.]
12
iteration 1700
Best Fitness: [0.]
12
iteration 1800
Best Fitness: [0.]
4
iteration 1900
Best Fitness: [0.]
4
iteration 2000
Best Fitness: [0.]
4
iteration 2100
Best Fitness: [0.]
4
iteration 2200
Best Fitness: [0.]
4
iteration 2300
Best Fitness: [0.]
4
iteration 2400
Best Fitness: [0.]
2
iteration 2500
Best Fitness: [0.]
2
iteration 2600
Best Fitness: [0.]
2
iteration 2700
Best Fitness: [0.]
2
iteration 2800
Best Fitness: [0.]
2
iteration 2900
Best Fitness: [0.]
1
iteration 2999
Best Fitness: [0.]
1
iteration 0
Best Fitness: [17.42305605]
100
iteration 100
Best Fitness: [3.19907123e-09]
100
iteration 200
Best Fitness: [0.]
100
iteration 300
Best Fitness: [0.]
100
iteration 400
Best Fitness: [0.]
100
iteration 500
Best Fitness: [0.]
100
iteration 600
Best Fitness: [0.]
34
iteration 700
Best Fitness: [0.]
34
iteration 800
Best Fitness: [0.]
34
iteration 900
Best Fitness: [0.]
34
iteration 1000
Best Fitness: [0.]
34
iteration 1100
Best Fitness: [0.]
34
iteration 1200
Best Fitness: [0.]
12
iteration 1300
Best Fitness: [0.]
12
iteration 1400
Best Fitness: [0.]
12
iteration 1500
Best Fitness: [0.]
12
iteration 1600
Best Fitness: [0.]
12
iteration 1700
Best Fitness: [0.]
12
iteration 1800
Best Fitness: [0.]
4
iteration 1900
Best Fitness: [0.]
4
iteration 2000
Best Fitness: [0.]
4
iteration 2100
Best Fitness: [0.]
4
iteration 2200
Best Fitness: [0.]
4
iteration 2300
Best Fitness: [0.]
4
iteration 2400
Best Fitness: [0.]
2
iteration 2500
Best Fitness: [0.]
2
iteration 2600
Best Fitness: [0.]
2
iteration 2700
Best Fitness: [0.]
2
iteration 2800
Best Fitness: [0.]
2
iteration 2900
Best Fitness: [0.]
1
iteration 2999
Best Fitness: [0.]
1
iteration 0
Best Fitness: [21.57479109]
100
iteration 100
Best Fitness: [3.70669184e-09]
100
iteration 200
Best Fitness: [0.]
100
iteration 300
Best Fitness: [0.]
100
iteration 400
Best Fitness: [0.]
100
iteration 500
Best Fitness: [0.]
100
iteration 600
Best Fitness: [0.]
34
iteration 700
Best Fitness: [0.]
34
iteration 800
Best Fitness: [0.]
34
iteration 900
Best Fitness: [0.]
34
iteration 1000
Best Fitness: [0.]
34
iteration 1100
Best Fitness: [0.]
34
iteration 1200
Best Fitness: [0.]
12
iteration 1300
Best Fitness: [0.]
12
iteration 1400
Best Fitness: [0.]
12
iteration 1500
Best Fitness: [0.]
12
iteration 1600
Best Fitness: [0.]
12
iteration 1700
Best Fitness: [0.]
12
iteration 1800
Best Fitness: [0.]
4
iteration 1900
Best Fitness: [0.]
4
iteration 2000
Best Fitness: [0.]
4
iteration 2100
Best Fitness: [0.]
4
iteration 2200
Best Fitness: [0.]
4
iteration 2300
Best Fitness: [0.]
4
iteration 2400
Best Fitness: [0.]
2
iteration 2500
Best Fitness: [0.]
2
iteration 2600
Best Fitness: [0.]
2
iteration 2700
Best Fitness: [0.]
2
iteration 2800
Best Fitness: [0.]
2
iteration 2900
Best Fitness: [0.]
1
iteration 2999
Best Fitness: [0.]
1
iteration 0
Best Fitness: [21.93130645]
100
iteration 100
Best Fitness: [2.14527596e-09]
100
iteration 200
Best Fitness: [0.]
100
iteration 300
Best Fitness: [0.]
100
iteration 400
Best Fitness: [0.]
100
iteration 500
Best Fitness: [0.]
100
iteration 600
Best Fitness: [0.]
34
iteration 700
Best Fitness: [0.]
34
iteration 800
Best Fitness: [0.]
34
iteration 900
Best Fitness: [0.]
34
iteration 1000
Best Fitness: [0.]
34
iteration 1100
Best Fitness: [0.]
34
iteration 1200
Best Fitness: [0.]
12
iteration 1300
Best Fitness: [0.]
12
iteration 1400
Best Fitness: [0.]
12
iteration 1500
Best Fitness: [0.]
12
iteration 1600
Best Fitness: [0.]
12
iteration 1700
Best Fitness: [0.]
12
iteration 1800
Best Fitness: [0.]
4
iteration 1900
Best Fitness: [0.]
4
iteration 2000
Best Fitness: [0.]
4
iteration 2100
Best Fitness: [0.]
4
iteration 2200
Best Fitness: [0.]
4
iteration 2300
Best Fitness: [0.]
4
iteration 2400
Best Fitness: [0.]
2
iteration 2500
Best Fitness: [0.]
2
iteration 2600
Best Fitness: [0.]
2
iteration 2700
Best Fitness: [0.]
2
iteration 2800
Best Fitness: [0.]
2
iteration 2900
Best Fitness: [0.]
1
iteration 2999
Best Fitness: [0.]
1
iteration 0
Best Fitness: [21.57908241]
100
iteration 100
Best Fitness: [2.35453612e-09]
100
iteration 200
Best Fitness: [0.]
100
iteration 300
Best Fitness: [0.]
100
iteration 400
Best Fitness: [0.]
100
iteration 500
Best Fitness: [0.]
100
iteration 600
Best Fitness: [0.]
34
iteration 700
Best Fitness: [0.]
34
iteration 800
Best Fitness: [0.]
34
iteration 900
Best Fitness: [0.]
34
iteration 1000
Best Fitness: [0.]
34
iteration 1100
Best Fitness: [0.]
34
iteration 1200
Best Fitness: [0.]
12
iteration 1300
Best Fitness: [0.]
12
iteration 1400
Best Fitness: [0.]
12
iteration 1500
Best Fitness: [0.]
12
iteration 1600
Best Fitness: [0.]
12
iteration 1700
Best Fitness: [0.]
12
iteration 1800
Best Fitness: [0.]
4
iteration 1900
Best Fitness: [0.]
4
iteration 2000
Best Fitness: [0.]
4
iteration 2100
Best Fitness: [0.]
4
iteration 2200
Best Fitness: [0.]
4
iteration 2300
Best Fitness: [0.]
4
iteration 2400
Best Fitness: [0.]
2
iteration 2500
Best Fitness: [0.]
2
iteration 2600
Best Fitness: [0.]
2
iteration 2700
Best Fitness: [0.]
2
iteration 2800
Best Fitness: [0.]
2
iteration 2900
Best Fitness: [0.]
1
iteration 2999
Best Fitness: [0.]
1
iteration 0
Best Fitness: [14.18905569]
100
iteration 100
Best Fitness: [3.77872134e-09]
100
iteration 200
Best Fitness: [0.]
100
iteration 300
Best Fitness: [0.]
100
iteration 400
Best Fitness: [0.]
100
iteration 500
Best Fitness: [0.]
100
iteration 600
Best Fitness: [0.]
34
iteration 700
Best Fitness: [0.]
34
iteration 800
Best Fitness: [0.]
34
iteration 900
Best Fitness: [0.]
34
iteration 1000
Best Fitness: [0.]
34
iteration 1100
Best Fitness: [0.]
34
iteration 1200
Best Fitness: [0.]
12
iteration 1300
Best Fitness: [0.]
12
iteration 1400
Best Fitness: [0.]
12
iteration 1500
Best Fitness: [0.]
12
iteration 1600
Best Fitness: [0.]
12
iteration 1700
Best Fitness: [0.]
12
iteration 1800
Best Fitness: [0.]
4
iteration 1900
Best Fitness: [0.]
4
iteration 2000
Best Fitness: [0.]
4
iteration 2100
Best Fitness: [0.]
4
iteration 2200
Best Fitness: [0.]
4
iteration 2300
Best Fitness: [0.]
4
iteration 2400
Best Fitness: [0.]
2
iteration 2500
Best Fitness: [0.]
2
iteration 2600
Best Fitness: [0.]
2
iteration 2700
Best Fitness: [0.]
2
iteration 2800
Best Fitness: [0.]
2
iteration 2900
Best Fitness: [0.]
1
iteration 2999
Best Fitness: [0.]
1
iteration 0
Best Fitness: [18.94911303]
100
iteration 100
Best Fitness: [3.89877108e-09]
100
iteration 200
Best Fitness: [0.]
100
iteration 300
Best Fitness: [0.]
100
iteration 400
Best Fitness: [0.]
100
iteration 500
Best Fitness: [0.]
100
iteration 600
Best Fitness: [0.]
34
iteration 700
Best Fitness: [0.]
34
iteration 800
Best Fitness: [0.]
34
iteration 900
Best Fitness: [0.]
34
iteration 1000
Best Fitness: [0.]
34
iteration 1100
Best Fitness: [0.]
34
iteration 1200
Best Fitness: [0.]
12
iteration 1300
Best Fitness: [0.]
12
iteration 1400
Best Fitness: [0.]
12
iteration 1500
Best Fitness: [0.]
12
iteration 1600
Best Fitness: [0.]
12
iteration 1700
Best Fitness: [0.]
12
iteration 1800
Best Fitness: [0.]
4
iteration 1900
Best Fitness: [0.]
4
iteration 2000
Best Fitness: [0.]
4
iteration 2100
Best Fitness: [0.]
4
iteration 2200
Best Fitness: [0.]
4
iteration 2300
Best Fitness: [0.]
4
iteration 2400
Best Fitness: [0.]
2
iteration 2500
Best Fitness: [0.]
2
iteration 2600
Best Fitness: [0.]
2
iteration 2700
Best Fitness: [0.]
2
iteration 2800
Best Fitness: [0.]
2
iteration 2900
Best Fitness: [0.]
1
iteration 2999
Best Fitness: [0.]
1
iteration 0
Best Fitness: [17.8558035]
100
iteration 100
Best Fitness: [5.95586869e-09]
100
iteration 200
Best Fitness: [0.]
100
iteration 300
Best Fitness: [0.]
100
iteration 400
Best Fitness: [0.]
100
iteration 500
Best Fitness: [0.]
100
iteration 600
Best Fitness: [0.]
34
iteration 700
Best Fitness: [0.]
34
iteration 800
Best Fitness: [0.]
34
iteration 900
Best Fitness: [0.]
34
iteration 1000
Best Fitness: [0.]
34
iteration 1100
Best Fitness: [0.]
34
iteration 1200
Best Fitness: [0.]
12
iteration 1300
Best Fitness: [0.]
12
iteration 1400
Best Fitness: [0.]
12
iteration 1500
Best Fitness: [0.]
12
iteration 1600
Best Fitness: [0.]
12
iteration 1700
Best Fitness: [0.]
12
iteration 1800
Best Fitness: [0.]
4
iteration 1900
Best Fitness: [0.]
4
iteration 2000
Best Fitness: [0.]
4
iteration 2100
Best Fitness: [0.]
4
iteration 2200
Best Fitness: [0.]
4
iteration 2300
Best Fitness: [0.]
4
iteration 2400
Best Fitness: [0.]
2
iteration 2500
Best Fitness: [0.]
2
iteration 2600
Best Fitness: [0.]
2
iteration 2700
Best Fitness: [0.]
2
iteration 2800
Best Fitness: [0.]
2
iteration 2900
Best Fitness: [0.]
1
iteration 2999
Best Fitness: [0.]
1
[array([0.]), array([0.]), array([0.]), array([0.]), array([0.]), array([0.]), array([0.]), array([0.]), array([0.]), array([0.])]
iteration 0
Best Fitness: [7.04036659]
100
iteration 100
Best Fitness: [0.9658383]
100
iteration 200
Best Fitness: [0.9277318]
100
iteration 300
Best Fitness: [0.92267264]
100
iteration 400
Best Fitness: [0.92135028]
100
iteration 500
Best Fitness: [0.92074041]
100
iteration 600
Best Fitness: [0.92052873]
34
iteration 700
Best Fitness: [0.92043382]
34
iteration 800
Best Fitness: [0.92041046]
34
iteration 900
Best Fitness: [0.92039779]
34
iteration 1000
Best Fitness: [0.92038629]
34
iteration 1100
Best Fitness: [0.92038206]
34
iteration 1200
Best Fitness: [0.92044612]
12
iteration 1300
Best Fitness: [0.92043968]
12
iteration 1400
Best Fitness: [0.92043968]
12
iteration 1500
Best Fitness: [0.92043968]
12
iteration 1600
Best Fitness: [0.92043968]
12
iteration 1700
Best Fitness: [0.92043968]
12
iteration 1800
Best Fitness: [0.92049799]
4
iteration 1900
Best Fitness: [0.92049786]
4
iteration 2000
Best Fitness: [0.92049754]
4
iteration 2100
Best Fitness: [0.92049754]
4
iteration 2200
Best Fitness: [0.92049754]
4
iteration 2300
Best Fitness: [0.92049754]
4
iteration 2400
Best Fitness: [0.92054719]
2
iteration 2500
Best Fitness: [0.92054327]
2
iteration 2600
Best Fitness: [0.92054113]
2
iteration 2700
Best Fitness: [0.92054113]
2
iteration 2800
Best Fitness: [0.92052995]
2
iteration 2900
Best Fitness: [0.92053078]
1
iteration 2999
Best Fitness: [0.92052808]
1
iteration 0
Best Fitness: [9.45480748]
100
iteration 100
Best Fitness: [1.64364055]
100
iteration 200
Best Fitness: [1.52738087]
100
iteration 300
Best Fitness: [1.5241364]
100
iteration 400
Best Fitness: [1.52244743]
100
iteration 500
Best Fitness: [1.52144291]
100
iteration 600
Best Fitness: [1.52094787]
34
iteration 700
Best Fitness: [1.27331673]
34
iteration 800
Best Fitness: [1.16450534]
34
iteration 900
Best Fitness: [0.98671917]
34
iteration 1000
Best Fitness: [0.93259921]
34
iteration 1100
Best Fitness: [0.92512698]
34
iteration 1200
Best Fitness: [0.94287686]
12
iteration 1300
Best Fitness: [0.94287685]
12
iteration 1400
Best Fitness: [0.94287093]
12
iteration 1500
Best Fitness: [0.9089567]
12
iteration 1600
Best Fitness: [0.90788634]
12
iteration 1700
Best Fitness: [0.90787901]
12
iteration 1800
Best Fitness: [0.94266342]
4
iteration 1900
Best Fitness: [0.94265861]
4
iteration 2000
Best Fitness: [0.94265842]
4
iteration 2100
Best Fitness: [0.94265842]
4
iteration 2200
Best Fitness: [0.94265842]
4
iteration 2300
Best Fitness: [0.94265842]
4
iteration 2400
Best Fitness: [0.94297808]
2
iteration 2500
Best Fitness: [0.94297808]
2
iteration 2600
Best Fitness: [0.94297789]
2
iteration 2700
Best Fitness: [0.94297789]
2
iteration 2800
Best Fitness: [0.94297789]
2
iteration 2900
Best Fitness: [0.94299065]
1
iteration 2999
Best Fitness: [0.94299065]
1
iteration 0
Best Fitness: [5.89406908]
100
iteration 100
Best Fitness: [1.88603827]
100
iteration 200
Best Fitness: [1.43211906]
100
iteration 300
Best Fitness: [0.8990842]
100
iteration 400
Best Fitness: [0.89416634]
100
iteration 500
Best Fitness: [0.89310966]
100
iteration 600
Best Fitness: [0.80444109]
34
iteration 700
Best Fitness: [0.79038497]
34
iteration 800
Best Fitness: [0.78145092]
34
iteration 900
Best Fitness: [0.75700296]
34
iteration 1000
Best Fitness: [0.74864813]
34
iteration 1100
Best Fitness: [0.74863222]
34
iteration 1200
Best Fitness: [0.74873696]
12
iteration 1300
Best Fitness: [0.74873366]
12
iteration 1400
Best Fitness: [0.7487315]
12
iteration 1500
Best Fitness: [0.74864214]
12
iteration 1600
Best Fitness: [0.74864197]
12
iteration 1700
Best Fitness: [0.74824569]
12
iteration 1800
Best Fitness: [0.74860974]
4
iteration 1900
Best Fitness: [0.74860053]
4
iteration 2000
Best Fitness: [0.74858918]
4
iteration 2100
Best Fitness: [0.74858918]
4
iteration 2200
Best Fitness: [0.74858918]
4
iteration 2300
Best Fitness: [0.74858918]
4
iteration 2400
Best Fitness: [0.74888095]
2
iteration 2500
Best Fitness: [0.74887257]
2
iteration 2600
Best Fitness: [0.74886047]
2
iteration 2700
Best Fitness: [0.74886047]
2
iteration 2800
Best Fitness: [0.74886047]
2
iteration 2900
Best Fitness: [0.74886047]
1
iteration 2999
Best Fitness: [0.74886047]
1
iteration 0
Best Fitness: [7.8767523]
100
iteration 100
Best Fitness: [1.05724389]
100
iteration 200
Best Fitness: [1.02987208]
100
iteration 300
Best Fitness: [1.02334847]
100
iteration 400
Best Fitness: [1.02170921]
100
iteration 500
Best Fitness: [1.02126931]
100
iteration 600
Best Fitness: [1.0211724]
34
iteration 700
Best Fitness: [1.02116182]
34
iteration 800
Best Fitness: [1.02115845]
34
iteration 900
Best Fitness: [1.02115813]
34
iteration 1000
Best Fitness: [1.02115697]
34
iteration 1100
Best Fitness: [1.02115658]
34
iteration 1200
Best Fitness: [1.02116856]
12
iteration 1300
Best Fitness: [1.02116856]
12
iteration 1400
Best Fitness: [1.02116852]
12
iteration 1500
Best Fitness: [1.0211685]
12
iteration 1600
Best Fitness: [1.0211685]
12
iteration 1700
Best Fitness: [1.0211685]
12
iteration 1800
Best Fitness: [1.02116928]
4
iteration 1900
Best Fitness: [1.02116844]
4
iteration 2000
Best Fitness: [1.0211681]
4
iteration 2100
Best Fitness: [1.0211681]
4
iteration 2200
Best Fitness: [1.0211681]
4
iteration 2300
Best Fitness: [1.0211681]
4
iteration 2400
Best Fitness: [1.02117753]
2
iteration 2500
Best Fitness: [1.02117641]
2
iteration 2600
Best Fitness: [1.02117594]
2
iteration 2700
Best Fitness: [1.02117583]
2
iteration 2800
Best Fitness: [1.02117583]
2
iteration 2900
Best Fitness: [1.02118004]
1
iteration 2999
Best Fitness: [1.02117864]
1
iteration 0
Best Fitness: [6.96768409]
100
iteration 100
Best Fitness: [0.92146095]
100
iteration 200
Best Fitness: [0.91002703]
100
iteration 300
Best Fitness: [0.90808038]
100
iteration 400
Best Fitness: [0.9076636]
100
iteration 500
Best Fitness: [0.84935045]
100
iteration 600
Best Fitness: [0.80673363]
34
iteration 700
Best Fitness: [0.80660557]
34
iteration 800
Best Fitness: [0.75851586]
34
iteration 900
Best Fitness: [0.73425024]
34
iteration 1000
Best Fitness: [0.72378754]
34
iteration 1100
Best Fitness: [0.71395766]
34
iteration 1200
Best Fitness: [0.71408752]
12
iteration 1300
Best Fitness: [0.71405534]
12
iteration 1400
Best Fitness: [0.71405534]
12
iteration 1500
Best Fitness: [0.71405534]
12
iteration 1600
Best Fitness: [0.71405534]
12
iteration 1700
Best Fitness: [0.71387019]
12
iteration 1800
Best Fitness: [0.71386924]
4
iteration 1900
Best Fitness: [0.71385689]
4
iteration 2000
Best Fitness: [0.71385686]
4
iteration 2100
Best Fitness: [0.71385686]
4
iteration 2200
Best Fitness: [0.71385686]
4
iteration 2300
Best Fitness: [0.71385686]
4
iteration 2400
Best Fitness: [0.7139101]
2
iteration 2500
Best Fitness: [0.71390227]
2
iteration 2600
Best Fitness: [0.71390227]
2
iteration 2700
Best Fitness: [0.71390227]
2
iteration 2800
Best Fitness: [0.71390227]
2
iteration 2900
Best Fitness: [0.723611]
1
iteration 2999
Best Fitness: [0.72359945]
1
iteration 0
Best Fitness: [6.13080687]
100
iteration 100
Best Fitness: [1.03117124]
100
iteration 200
Best Fitness: [0.99119903]
100
iteration 300
Best Fitness: [0.97491666]
100
iteration 400
Best Fitness: [0.96524404]
100
iteration 500
Best Fitness: [0.95929778]
100
iteration 600
Best Fitness: [0.95628152]
34
iteration 700
Best Fitness: [0.95572288]
34
iteration 800
Best Fitness: [0.95552861]
34
iteration 900
Best Fitness: [0.9554535]
34
iteration 1000
Best Fitness: [0.95537628]
34
iteration 1100
Best Fitness: [0.95525012]
34
iteration 1200
Best Fitness: [0.95549034]
12
iteration 1300
Best Fitness: [0.95547142]
12
iteration 1400
Best Fitness: [0.95546313]
12
iteration 1500
Best Fitness: [0.93746092]
12
iteration 1600
Best Fitness: [0.93738533]
12
iteration 1700
Best Fitness: [0.93738455]
12
iteration 1800
Best Fitness: [0.95578386]
4
iteration 1900
Best Fitness: [0.95578261]
4
iteration 2000
Best Fitness: [0.95578261]
4
iteration 2100
Best Fitness: [0.95578261]
4
iteration 2200
Best Fitness: [0.95578261]
4
iteration 2300
Best Fitness: [0.95578261]
4
iteration 2400
Best Fitness: [0.95586932]
2
iteration 2500
Best Fitness: [0.95586932]
2
iteration 2600
Best Fitness: [0.95586444]
2
iteration 2700
Best Fitness: [0.95586443]
2
iteration 2800
Best Fitness: [0.95586443]
2
iteration 2900
Best Fitness: [0.9560163]
1
iteration 2999
Best Fitness: [0.95600356]
1
iteration 0
Best Fitness: [7.83688464]
100
iteration 100
Best Fitness: [1.7147437]
100
iteration 200
Best Fitness: [1.60949551]
100
iteration 300
Best Fitness: [1.45467591]
100
iteration 400
Best Fitness: [1.28026201]
100
iteration 500
Best Fitness: [1.25630639]
100
iteration 600
Best Fitness: [1.24692004]
34
iteration 700
Best Fitness: [1.24523063]
34
iteration 800
Best Fitness: [1.21324668]
34
iteration 900
Best Fitness: [1.21091585]
34
iteration 1000
Best Fitness: [1.21060315]
34
iteration 1100
Best Fitness: [1.20947616]
34
iteration 1200
Best Fitness: [1.20873031]
12
iteration 1300
Best Fitness: [1.20755092]
12
iteration 1400
Best Fitness: [1.20742199]
12
iteration 1500
Best Fitness: [1.19267872]
12
iteration 1600
Best Fitness: [1.19088241]
12
iteration 1700
Best Fitness: [1.19088237]
12
iteration 1800
Best Fitness: [1.19468452]
4
iteration 1900
Best Fitness: [1.19465355]
4
iteration 2000
Best Fitness: [1.19464228]
4
iteration 2100
Best Fitness: [1.19464228]
4
iteration 2200
Best Fitness: [1.19464228]
4
iteration 2300
Best Fitness: [1.19464228]
4
iteration 2400
Best Fitness: [1.21177007]
2
iteration 2500
Best Fitness: [1.21173093]
2
iteration 2600
Best Fitness: [1.21172905]
2
iteration 2700
Best Fitness: [1.21172905]
2
iteration 2800
Best Fitness: [1.21172905]
2
iteration 2900
Best Fitness: [1.21181338]
1
iteration 2999
Best Fitness: [1.2118129]
1
iteration 0
Best Fitness: [7.43912304]
100
iteration 100
Best Fitness: [1.81620947]
100
iteration 200
Best Fitness: [1.66519959]
100
iteration 300
Best Fitness: [1.61152363]
100
iteration 400
Best Fitness: [1.60920298]
100
iteration 500
Best Fitness: [1.6083298]
100
iteration 600
Best Fitness: [1.30486565]
34
iteration 700
Best Fitness: [1.15673995]
34
iteration 800
Best Fitness: [0.85635235]
34
iteration 900
Best Fitness: [0.79069861]
34
iteration 1000
Best Fitness: [0.71605645]
34
iteration 1100
Best Fitness: [0.69772325]
34
iteration 1200
Best Fitness: [0.71850643]
12
iteration 1300
Best Fitness: [0.70858565]
12
iteration 1400
Best Fitness: [0.70833866]
12
iteration 1500
Best Fitness: [0.70731094]
12
iteration 1600
Best Fitness: [0.70690676]
12
iteration 1700
Best Fitness: [0.70673567]
12
iteration 1800
Best Fitness: [0.70779466]
4
iteration 1900
Best Fitness: [0.70757385]
4
iteration 2000
Best Fitness: [0.70757306]
4
iteration 2100
Best Fitness: [0.70757306]
4
iteration 2200
Best Fitness: [0.70756256]
4
iteration 2300
Best Fitness: [0.70756085]
4
iteration 2400
Best Fitness: [0.7137357]
2
iteration 2500
Best Fitness: [0.71368376]
2
iteration 2600
Best Fitness: [0.71368289]
2
iteration 2700
Best Fitness: [0.71368289]
2
iteration 2800
Best Fitness: [0.71368289]
2
iteration 2900
Best Fitness: [0.72826313]
1
iteration 2999
Best Fitness: [0.72816853]
1
iteration 0
Best Fitness: [8.19405742]
100
iteration 100
Best Fitness: [2.07041803]
100
iteration 200
Best Fitness: [1.93972625]
100
iteration 300
Best Fitness: [1.86219828]
100
iteration 400
Best Fitness: [1.8434689]
100
iteration 500
Best Fitness: [1.83414581]
100
iteration 600
Best Fitness: [1.61712942]
34
iteration 700
Best Fitness: [1.19432513]
34
iteration 800
Best Fitness: [1.08548687]
34
iteration 900
Best Fitness: [0.98391773]
34
iteration 1000
Best Fitness: [0.96907979]
34
iteration 1100
Best Fitness: [0.94050727]
34
iteration 1200
Best Fitness: [0.99931553]
12
iteration 1300
Best Fitness: [0.971365]
12
iteration 1400
Best Fitness: [0.9481544]
12
iteration 1500
Best Fitness: [0.94315755]
12
iteration 1600
Best Fitness: [0.94216181]
12
iteration 1700
Best Fitness: [0.94216181]
12
iteration 1800
Best Fitness: [0.93569792]
4
iteration 1900
Best Fitness: [0.93086446]
4
iteration 2000
Best Fitness: [0.93042276]
4
iteration 2100
Best Fitness: [0.92988278]
4
iteration 2200
Best Fitness: [0.92971949]
4
iteration 2300
Best Fitness: [0.92971949]
4
iteration 2400
Best Fitness: [0.96185345]
2
iteration 2500
Best Fitness: [0.96184815]
2
iteration 2600
Best Fitness: [0.96184815]
2
iteration 2700
Best Fitness: [0.96184815]
2
iteration 2800
Best Fitness: [0.96184815]
2
iteration 2900
Best Fitness: [0.96184815]
1
iteration 2999
Best Fitness: [0.96111067]
1
iteration 0
Best Fitness: [6.34824257]
100
iteration 100
Best Fitness: [1.76532415]
100
iteration 200
Best Fitness: [1.7003584]
100
iteration 300
Best Fitness: [1.65505038]
100
iteration 400
Best Fitness: [1.63875438]
100
iteration 500
Best Fitness: [1.63276202]
100
iteration 600
Best Fitness: [1.63048829]
34
iteration 700
Best Fitness: [1.63012463]
34
iteration 800
Best Fitness: [1.61235494]
34
iteration 900
Best Fitness: [1.61066345]
34
iteration 1000
Best Fitness: [1.61057256]
34
iteration 1100
Best Fitness: [1.61054119]
34
iteration 1200
Best Fitness: [1.61065241]
12
iteration 1300
Best Fitness: [1.61064897]
12
iteration 1400
Best Fitness: [1.61064799]
12
iteration 1500
Best Fitness: [1.61064657]
12
iteration 1600
Best Fitness: [1.61064001]
12
iteration 1700
Best Fitness: [1.61063999]
12
iteration 1800
Best Fitness: [1.61090854]
4
iteration 1900
Best Fitness: [1.61090812]
4
iteration 2000
Best Fitness: [1.61090812]
4
iteration 2100
Best Fitness: [1.61090812]
4
iteration 2200
Best Fitness: [1.61090812]
4
iteration 2300
Best Fitness: [1.61090812]
4
iteration 2400
Best Fitness: [1.61100956]
2
iteration 2500
Best Fitness: [1.61100802]
2
iteration 2600
Best Fitness: [1.61100767]
2
iteration 2700
Best Fitness: [1.61100458]
2
iteration 2800
Best Fitness: [1.61100313]
2
iteration 2900
Best Fitness: [1.61118834]
1
iteration 2999
Best Fitness: [1.61118834]
1
[array([0.92052808]), array([0.94299065]), array([0.74886047]), array([1.02117864]), array([0.72359945]), array([0.95600356]), array([1.2118129]), array([0.72816853]), array([0.96111067]), array([1.61118834])]
iteration 0
Best Fitness: [83.98649494]
100
iteration 100
Best Fitness: [5.65289409e-08]
100
iteration 200
Best Fitness: [2.30581232e-19]
100
iteration 300
Best Fitness: [3.79442095e-28]
100
iteration 400
Best Fitness: [0.]
100
iteration 500
Best Fitness: [0.]
100
iteration 600
Best Fitness: [0.]
34
iteration 700
Best Fitness: [0.]
34
iteration 800
Best Fitness: [0.]
34
iteration 900
Best Fitness: [0.]
34
iteration 1000
Best Fitness: [0.]
34
iteration 1100
Best Fitness: [0.]
34
iteration 1200
Best Fitness: [0.]
12
iteration 1300
Best Fitness: [0.]
12
iteration 1400
Best Fitness: [0.]
12
iteration 1500
Best Fitness: [0.]
12
iteration 1600
Best Fitness: [0.]
12
iteration 1700
Best Fitness: [0.]
12
iteration 1800
Best Fitness: [0.]
4
iteration 1900
Best Fitness: [0.]
4
iteration 2000
Best Fitness: [0.]
4
iteration 2100
Best Fitness: [0.]
4
iteration 2200
Best Fitness: [0.]
4
iteration 2300
Best Fitness: [0.]
4
iteration 2400
Best Fitness: [0.]
2
iteration 2500
Best Fitness: [0.]
2
iteration 2600
Best Fitness: [0.]
2
iteration 2700
Best Fitness: [0.]
2
iteration 2800
Best Fitness: [0.]
2
iteration 2900
Best Fitness: [0.]
1
iteration 2999
Best Fitness: [0.]
1
iteration 0
Best Fitness: [78.35217105]
100
iteration 100
Best Fitness: [7.92693771e-08]
100
iteration 200
Best Fitness: [2.12345101e-19]
100
iteration 300
Best Fitness: [2.72748658e-28]
100
iteration 400
Best Fitness: [0.]
100
iteration 500
Best Fitness: [0.]
100
iteration 600
Best Fitness: [0.]
34
iteration 700
Best Fitness: [0.]
34
iteration 800
Best Fitness: [0.]
34
iteration 900
Best Fitness: [0.]
34
iteration 1000
Best Fitness: [0.]
34
iteration 1100
Best Fitness: [0.]
34
iteration 1200
Best Fitness: [0.]
12
iteration 1300
Best Fitness: [0.]
12
iteration 1400
Best Fitness: [0.]
12
iteration 1500
Best Fitness: [0.]
12
iteration 1600
Best Fitness: [0.]
12
iteration 1700
Best Fitness: [0.]
12
iteration 1800
Best Fitness: [0.]
4
iteration 1900
Best Fitness: [0.]
4
iteration 2000
Best Fitness: [0.]
4
iteration 2100
Best Fitness: [0.]
4
iteration 2200
Best Fitness: [0.]
4
iteration 2300
Best Fitness: [0.]
4
iteration 2400
Best Fitness: [0.]
2
iteration 2500
Best Fitness: [0.]
2
iteration 2600
Best Fitness: [0.]
2
iteration 2700
Best Fitness: [0.]
2
iteration 2800
Best Fitness: [0.]
2
iteration 2900
Best Fitness: [0.]
1
iteration 2999
Best Fitness: [0.]
1
iteration 0
Best Fitness: [85.16299563]
100
iteration 100
Best Fitness: [6.37162128e-08]
100
iteration 200
Best Fitness: [2.75232425e-19]
100
iteration 300
Best Fitness: [3.65242599e-28]
100
iteration 400
Best Fitness: [0.]
100
iteration 500
Best Fitness: [0.]
100
iteration 600
Best Fitness: [0.]
34
iteration 700
Best Fitness: [0.]
34
iteration 800
Best Fitness: [0.]
34
iteration 900
Best Fitness: [0.]
34
iteration 1000
Best Fitness: [0.]
34
iteration 1100
Best Fitness: [0.]
34
iteration 1200
Best Fitness: [0.]
12
iteration 1300
Best Fitness: [0.]
12
iteration 1400
Best Fitness: [0.]
12
iteration 1500
Best Fitness: [0.]
12
iteration 1600
Best Fitness: [0.]
12
iteration 1700
Best Fitness: [0.]
12
iteration 1800
Best Fitness: [0.]
4
iteration 1900
Best Fitness: [0.]
4
iteration 2000
Best Fitness: [0.]
4
iteration 2100
Best Fitness: [0.]
4
iteration 2200
Best Fitness: [0.]
4
iteration 2300
Best Fitness: [0.]
4
iteration 2400
Best Fitness: [0.]
2
iteration 2500
Best Fitness: [0.]
2
iteration 2600
Best Fitness: [0.]
2
iteration 2700
Best Fitness: [0.]
2
iteration 2800
Best Fitness: [0.]
2
iteration 2900
Best Fitness: [0.]
1
iteration 2999
Best Fitness: [0.]
1
iteration 0
Best Fitness: [72.89714455]
100
iteration 100
Best Fitness: [3.2298374e-08]
100
iteration 200
Best Fitness: [2.98519803e-19]
100
iteration 300
Best Fitness: [4.12574253e-28]
100
iteration 400
Best Fitness: [0.]
100
iteration 500
Best Fitness: [0.]
100
iteration 600
Best Fitness: [0.]
34
iteration 700
Best Fitness: [0.]
34
iteration 800
Best Fitness: [0.]
34
iteration 900
Best Fitness: [0.]
34
iteration 1000
Best Fitness: [0.]
34
iteration 1100
Best Fitness: [0.]
34
iteration 1200
Best Fitness: [0.]
12
iteration 1300
Best Fitness: [0.]
12
iteration 1400
Best Fitness: [0.]
12
iteration 1500
Best Fitness: [0.]
12
iteration 1600
Best Fitness: [0.]
12
iteration 1700
Best Fitness: [0.]
12
iteration 1800
Best Fitness: [0.]
4
iteration 1900
Best Fitness: [0.]
4
iteration 2000
Best Fitness: [0.]
4
iteration 2100
Best Fitness: [0.]
4
iteration 2200
Best Fitness: [0.]
4
iteration 2300
Best Fitness: [0.]
4
iteration 2400
Best Fitness: [0.]
2
iteration 2500
Best Fitness: [0.]
2
iteration 2600
Best Fitness: [0.]
2
iteration 2700
Best Fitness: [0.]
2
iteration 2800
Best Fitness: [0.]
2
iteration 2900
Best Fitness: [0.]
1
iteration 2999
Best Fitness: [0.]
1
iteration 0
Best Fitness: [84.67137217]
100
iteration 100
Best Fitness: [5.73913386e-08]
100
iteration 200
Best Fitness: [3.06129936e-19]
100
iteration 300
Best Fitness: [5.68374282e-28]
100
iteration 400
Best Fitness: [0.]
100
iteration 500
Best Fitness: [0.]
100
iteration 600
Best Fitness: [0.]
34
iteration 700
Best Fitness: [0.]
34
iteration 800
Best Fitness: [0.]
34
iteration 900
Best Fitness: [0.]
34
iteration 1000
Best Fitness: [0.]
34
iteration 1100
Best Fitness: [0.]
34
iteration 1200
Best Fitness: [0.]
12
iteration 1300
Best Fitness: [0.]
12
iteration 1400
Best Fitness: [0.]
12
iteration 1500
Best Fitness: [0.]
12
iteration 1600
Best Fitness: [0.]
12
iteration 1700
Best Fitness: [0.]
12
iteration 1800
Best Fitness: [0.]
4
iteration 1900
Best Fitness: [0.]
4
iteration 2000
Best Fitness: [0.]
4
iteration 2100
Best Fitness: [0.]
4
iteration 2200
Best Fitness: [0.]
4
iteration 2300
Best Fitness: [0.]
4
iteration 2400
Best Fitness: [0.]
2
iteration 2500
Best Fitness: [0.]
2
iteration 2600
Best Fitness: [0.]
2
iteration 2700
Best Fitness: [0.]
2
iteration 2800
Best Fitness: [0.]
2
iteration 2900
Best Fitness: [0.]
1
iteration 2999
Best Fitness: [0.]
1
iteration 0
Best Fitness: [83.51342201]
100
iteration 100
Best Fitness: [5.21939534e-08]
100
iteration 200
Best Fitness: [2.86906913e-19]
100
iteration 300
Best Fitness: [4.19279571e-28]
100
iteration 400
Best Fitness: [0.]
100
iteration 500
Best Fitness: [0.]
100
iteration 600
Best Fitness: [0.]
34
iteration 700
Best Fitness: [0.]
34
iteration 800
Best Fitness: [0.]
34
iteration 900
Best Fitness: [0.]
34
iteration 1000
Best Fitness: [0.]
34
iteration 1100
Best Fitness: [0.]
34
iteration 1200
Best Fitness: [0.]
12
iteration 1300
Best Fitness: [0.]
12
iteration 1400
Best Fitness: [0.]
12
iteration 1500
Best Fitness: [0.]
12
iteration 1600
Best Fitness: [0.]
12
iteration 1700
Best Fitness: [0.]
12
iteration 1800
Best Fitness: [0.]
4
iteration 1900
Best Fitness: [0.]
4
iteration 2000
Best Fitness: [0.]
4
iteration 2100
Best Fitness: [0.]
4
iteration 2200
Best Fitness: [0.]
4
iteration 2300
Best Fitness: [0.]
4
iteration 2400
Best Fitness: [0.]
2
iteration 2500
Best Fitness: [0.]
2
iteration 2600
Best Fitness: [0.]
2
iteration 2700
Best Fitness: [0.]
2
iteration 2800
Best Fitness: [0.]
2
iteration 2900
Best Fitness: [0.]
1
iteration 2999
Best Fitness: [0.]
1
iteration 0
Best Fitness: [83.70648264]
100
iteration 100
Best Fitness: [6.44095018e-08]
100
iteration 200
Best Fitness: [3.06380947e-19]
100
iteration 300
Best Fitness: [5.30114528e-28]
100
iteration 400
Best Fitness: [0.]
100
iteration 500
Best Fitness: [0.]
100
iteration 600
Best Fitness: [0.]
34
iteration 700
Best Fitness: [0.]
34
iteration 800
Best Fitness: [0.]
34
iteration 900
Best Fitness: [0.]
34
iteration 1000
Best Fitness: [0.]
34
iteration 1100
Best Fitness: [0.]
34
iteration 1200
Best Fitness: [0.]
12
iteration 1300
Best Fitness: [0.]
12
iteration 1400
Best Fitness: [0.]
12
iteration 1500
Best Fitness: [0.]
12
iteration 1600
Best Fitness: [0.]
12
iteration 1700
Best Fitness: [0.]
12
iteration 1800
Best Fitness: [0.]
4
iteration 1900
Best Fitness: [0.]
4
iteration 2000
Best Fitness: [0.]
4
iteration 2100
Best Fitness: [0.]
4
iteration 2200
Best Fitness: [0.]
4
iteration 2300
Best Fitness: [0.]
4
iteration 2400
Best Fitness: [0.]
2
iteration 2500
Best Fitness: [0.]
2
iteration 2600
Best Fitness: [0.]
2
iteration 2700
Best Fitness: [0.]
2
iteration 2800
Best Fitness: [0.]
2
iteration 2900
Best Fitness: [0.]
1
iteration 2999
Best Fitness: [0.]
1
iteration 0
Best Fitness: [91.14414997]
100
iteration 100
Best Fitness: [8.2512297e-08]
100
iteration 200
Best Fitness: [1.95798275e-19]
100
iteration 300
Best Fitness: [3.42365633e-28]
100
iteration 400
Best Fitness: [0.]
100
iteration 500
Best Fitness: [0.]
100
iteration 600
Best Fitness: [0.]
34
iteration 700
Best Fitness: [0.]
34
iteration 800
Best Fitness: [0.]
34
iteration 900
Best Fitness: [0.]
34
iteration 1000
Best Fitness: [0.]
34
iteration 1100
Best Fitness: [0.]
34
iteration 1200
Best Fitness: [0.]
12
iteration 1300
Best Fitness: [0.]
12
iteration 1400
Best Fitness: [0.]
12
iteration 1500
Best Fitness: [0.]
12
iteration 1600
Best Fitness: [0.]
12
iteration 1700
Best Fitness: [0.]
12
iteration 1800
Best Fitness: [0.]
4
iteration 1900
Best Fitness: [0.]
4
iteration 2000
Best Fitness: [0.]
4
iteration 2100
Best Fitness: [0.]
4
iteration 2200
Best Fitness: [0.]
4
iteration 2300
Best Fitness: [0.]
4
iteration 2400
Best Fitness: [0.]
2
iteration 2500
Best Fitness: [0.]
2
iteration 2600
Best Fitness: [0.]
2
iteration 2700
Best Fitness: [0.]
2
iteration 2800
Best Fitness: [0.]
2
iteration 2900
Best Fitness: [0.]
1
iteration 2999
Best Fitness: [0.]
1
iteration 0
Best Fitness: [93.20281365]
100
iteration 100
Best Fitness: [8.19108462e-08]
100
iteration 200
Best Fitness: [1.52704058e-19]
100
iteration 300
Best Fitness: [4.67794517e-28]
100
iteration 400
Best Fitness: [0.]
100
iteration 500
Best Fitness: [0.]
100
iteration 600
Best Fitness: [0.]
34
iteration 700
Best Fitness: [0.]
34
iteration 800
Best Fitness: [0.]
34
iteration 900
Best Fitness: [0.]
34
iteration 1000
Best Fitness: [0.]
34
iteration 1100
Best Fitness: [0.]
34
iteration 1200
Best Fitness: [0.]
12
iteration 1300
Best Fitness: [0.]
12
iteration 1400
Best Fitness: [0.]
12
iteration 1500
Best Fitness: [0.]
12
iteration 1600
Best Fitness: [0.]
12
iteration 1700
Best Fitness: [0.]
12
iteration 1800
Best Fitness: [0.]
4
iteration 1900
Best Fitness: [0.]
4
iteration 2000
Best Fitness: [0.]
4
iteration 2100
Best Fitness: [0.]
4
iteration 2200
Best Fitness: [0.]
4
iteration 2300
Best Fitness: [0.]
4
iteration 2400
Best Fitness: [0.]
2
iteration 2500
Best Fitness: [0.]
2
iteration 2600
Best Fitness: [0.]
2
iteration 2700
Best Fitness: [0.]
2
iteration 2800
Best Fitness: [0.]
2
iteration 2900
Best Fitness: [0.]
1
iteration 2999
Best Fitness: [0.]
1
iteration 0
Best Fitness: [91.58605171]
100
iteration 100
Best Fitness: [5.56086961e-08]
100
iteration 200
Best Fitness: [1.66006083e-19]
100
iteration 300
Best Fitness: [4.41762107e-28]
100
iteration 400
Best Fitness: [0.]
100
iteration 500
Best Fitness: [0.]
100
iteration 600
Best Fitness: [0.]
34
iteration 700
Best Fitness: [0.]
34
iteration 800
Best Fitness: [0.]
34
iteration 900
Best Fitness: [0.]
34
iteration 1000
Best Fitness: [0.]
34
iteration 1100
Best Fitness: [0.]
34
iteration 1200
Best Fitness: [0.]
12
iteration 1300
Best Fitness: [0.]
12
iteration 1400
Best Fitness: [0.]
12
iteration 1500
Best Fitness: [0.]
12
iteration 1600
Best Fitness: [0.]
12
iteration 1700
Best Fitness: [0.]
12
iteration 1800
Best Fitness: [0.]
4
iteration 1900
Best Fitness: [0.]
4
iteration 2000
Best Fitness: [0.]
4
iteration 2100
Best Fitness: [0.]
4
iteration 2200
Best Fitness: [0.]
4
iteration 2300
Best Fitness: [0.]
4
iteration 2400
Best Fitness: [0.]
2
iteration 2500
Best Fitness: [0.]
2
iteration 2600
Best Fitness: [0.]
2
iteration 2700
Best Fitness: [0.]
2
iteration 2800
Best Fitness: [0.]
2
iteration 2900
Best Fitness: [0.]
1
iteration 2999
Best Fitness: [0.]
1
[array([0.]), array([0.]), array([0.]), array([0.]), array([0.]), array([0.]), array([0.]), array([0.]), array([0.]), array([0.])]
iteration 0
Best Fitness: [21.94522775]
100
iteration 100
Best Fitness: [5.77933434e-09]
100
iteration 200
Best Fitness: [0.]
100
iteration 300
Best Fitness: [0.]
100
iteration 400
Best Fitness: [0.]
100
iteration 500
Best Fitness: [0.]
100
iteration 600
Best Fitness: [0.]
34
iteration 700
Best Fitness: [0.]
34
iteration 800
Best Fitness: [0.]
34
iteration 900
Best Fitness: [0.]
34
iteration 1000
Best Fitness: [0.]
34
iteration 1100
Best Fitness: [0.]
34
iteration 1200
Best Fitness: [0.]
12
iteration 1300
Best Fitness: [0.]
12
iteration 1400
Best Fitness: [0.]
12
iteration 1500
Best Fitness: [0.]
12
iteration 1600
Best Fitness: [0.]
12
iteration 1700
Best Fitness: [0.]
12
iteration 1800
Best Fitness: [0.]
4
iteration 1900
Best Fitness: [0.]
4
iteration 2000
Best Fitness: [0.]
4
iteration 2100
Best Fitness: [0.]
4
iteration 2200
Best Fitness: [0.]
4
iteration 2300
Best Fitness: [0.]
4
iteration 2400
Best Fitness: [0.]
2
iteration 2500
Best Fitness: [0.]
2
iteration 2600
Best Fitness: [0.]
2
iteration 2700
Best Fitness: [0.]
2
iteration 2800
Best Fitness: [0.]
2
iteration 2900
Best Fitness: [0.]
1
iteration 2999
Best Fitness: [0.]
1
iteration 0
Best Fitness: [18.35457686]
100
iteration 100
Best Fitness: [7.10280013e-09]
100
iteration 200
Best Fitness: [0.]
100
iteration 300
Best Fitness: [0.]
100
iteration 400
Best Fitness: [0.]
100
iteration 500
Best Fitness: [0.]
100
iteration 600
Best Fitness: [0.]
34
iteration 700
Best Fitness: [0.]
34
iteration 800
Best Fitness: [0.]
34
iteration 900
Best Fitness: [0.]
34
iteration 1000
Best Fitness: [0.]
34
iteration 1100
Best Fitness: [0.]
34
iteration 1200
Best Fitness: [0.]
12
iteration 1300
Best Fitness: [0.]
12
iteration 1400
Best Fitness: [0.]
12
iteration 1500
Best Fitness: [0.]
12
iteration 1600
Best Fitness: [0.]
12
iteration 1700
Best Fitness: [0.]
12
iteration 1800
Best Fitness: [0.]
4
iteration 1900
Best Fitness: [0.]
4
iteration 2000
Best Fitness: [0.]
4
iteration 2100
Best Fitness: [0.]
4
iteration 2200
Best Fitness: [0.]
4
iteration 2300
Best Fitness: [0.]
4
iteration 2400
Best Fitness: [0.]
2
iteration 2500
Best Fitness: [0.]
2
iteration 2600
Best Fitness: [0.]
2
iteration 2700
Best Fitness: [0.]
2
iteration 2800
Best Fitness: [0.]
2
iteration 2900
Best Fitness: [0.]
1
iteration 2999
Best Fitness: [0.]
1
iteration 0
Best Fitness: [23.13698631]
100
iteration 100
Best Fitness: [2.31526442e-09]
100
iteration 200
Best Fitness: [0.]
100
iteration 300
Best Fitness: [0.]
100
iteration 400
Best Fitness: [0.]
100
iteration 500
Best Fitness: [0.]
100
iteration 600
Best Fitness: [0.]
34
iteration 700
Best Fitness: [0.]
34
iteration 800
Best Fitness: [0.]
34
iteration 900
Best Fitness: [0.]
34
iteration 1000
Best Fitness: [0.]
34
iteration 1100
Best Fitness: [0.]
34
iteration 1200
Best Fitness: [0.]
12
iteration 1300
Best Fitness: [0.]
12
iteration 1400
Best Fitness: [0.]
12
iteration 1500
Best Fitness: [0.]
12
iteration 1600
Best Fitness: [0.]
12
iteration 1700
Best Fitness: [0.]
12
iteration 1800
Best Fitness: [0.]
4
iteration 1900
Best Fitness: [0.]
4
iteration 2000
Best Fitness: [0.]
4
iteration 2100
Best Fitness: [0.]
4
iteration 2200
Best Fitness: [0.]
4
iteration 2300
Best Fitness: [0.]
4
iteration 2400
Best Fitness: [0.]
2
iteration 2500
Best Fitness: [0.]
2
iteration 2600
Best Fitness: [0.]
2
iteration 2700
Best Fitness: [0.]
2
iteration 2800
Best Fitness: [0.]
2
iteration 2900
Best Fitness: [0.]
1
iteration 2999
Best Fitness: [0.]
1
iteration 0
Best Fitness: [21.94906866]
100
iteration 100
Best Fitness: [3.86143917e-09]
100
iteration 200
Best Fitness: [0.]
100
iteration 300
Best Fitness: [0.]
100
iteration 400
Best Fitness: [0.]
100
iteration 500
Best Fitness: [0.]
100
iteration 600
Best Fitness: [0.]
34
iteration 700
Best Fitness: [0.]
34
iteration 800
Best Fitness: [0.]
34
iteration 900
Best Fitness: [0.]
34
iteration 1000
Best Fitness: [0.]
34
iteration 1100
Best Fitness: [0.]
34
iteration 1200
Best Fitness: [0.]
12
iteration 1300
Best Fitness: [0.]
12
iteration 1400
Best Fitness: [0.]
12
iteration 1500
Best Fitness: [0.]
12
iteration 1600
Best Fitness: [0.]
12
iteration 1700
Best Fitness: [0.]
12
iteration 1800
Best Fitness: [0.]
4
iteration 1900
Best Fitness: [0.]
4
iteration 2000
Best Fitness: [0.]
4
iteration 2100
Best Fitness: [0.]
4
iteration 2200
Best Fitness: [0.]
4
iteration 2300
Best Fitness: [0.]
4
iteration 2400
Best Fitness: [0.]
2
iteration 2500
Best Fitness: [0.]
2
iteration 2600
Best Fitness: [0.]
2
iteration 2700
Best Fitness: [0.]
2
iteration 2800
Best Fitness: [0.]
2
iteration 2900
Best Fitness: [0.]
1
iteration 2999
Best Fitness: [0.]
1
iteration 0
Best Fitness: [19.4608064]
100
iteration 100
Best Fitness: [4.41582415e-09]
100
iteration 200
Best Fitness: [0.]
100
iteration 300
Best Fitness: [0.]
100
iteration 400
Best Fitness: [0.]
100
iteration 500
Best Fitness: [0.]
100
iteration 600
Best Fitness: [0.]
34
iteration 700
Best Fitness: [0.]
34
iteration 800
Best Fitness: [0.]
34
iteration 900
Best Fitness: [0.]
34
iteration 1000
Best Fitness: [0.]
34
iteration 1100
Best Fitness: [0.]
34
iteration 1200
Best Fitness: [0.]
12
iteration 1300
Best Fitness: [0.]
12
iteration 1400
Best Fitness: [0.]
12
iteration 1500
Best Fitness: [0.]
12
iteration 1600
Best Fitness: [0.]
12
iteration 1700
Best Fitness: [0.]
12
iteration 1800
Best Fitness: [0.]
4
iteration 1900
Best Fitness: [0.]
4
iteration 2000
Best Fitness: [0.]
4
iteration 2100
Best Fitness: [0.]
4
iteration 2200
Best Fitness: [0.]
4
iteration 2300
Best Fitness: [0.]
4
iteration 2400
Best Fitness: [0.]
2
iteration 2500
Best Fitness: [0.]
2
iteration 2600
Best Fitness: [0.]
2
iteration 2700
Best Fitness: [0.]
2
iteration 2800
Best Fitness: [0.]
2
iteration 2900
Best Fitness: [0.]
1
iteration 2999
Best Fitness: [0.]
1
iteration 0
Best Fitness: [16.78234936]
100
iteration 100
Best Fitness: [3.76399178e-09]
100
iteration 200
Best Fitness: [0.]
100
iteration 300
Best Fitness: [0.]
100
iteration 400
Best Fitness: [0.]
100
iteration 500
Best Fitness: [0.]
100
iteration 600
Best Fitness: [0.]
34
iteration 700
Best Fitness: [0.]
34
iteration 800
Best Fitness: [0.]
34
iteration 900
Best Fitness: [0.]
34
iteration 1000
Best Fitness: [0.]
34
iteration 1100
Best Fitness: [0.]
34
iteration 1200
Best Fitness: [0.]
12
iteration 1300
Best Fitness: [0.]
12
iteration 1400
Best Fitness: [0.]
12
iteration 1500
Best Fitness: [0.]
12
iteration 1600
Best Fitness: [0.]
12
iteration 1700
Best Fitness: [0.]
12
iteration 1800
Best Fitness: [0.]
4
iteration 1900
Best Fitness: [0.]
4
iteration 2000
Best Fitness: [0.]
4
iteration 2100
Best Fitness: [0.]
4
iteration 2200
Best Fitness: [0.]
4
iteration 2300
Best Fitness: [0.]
4
iteration 2400
Best Fitness: [0.]
2
iteration 2500
Best Fitness: [0.]
2
iteration 2600
Best Fitness: [0.]
2
iteration 2700
Best Fitness: [0.]
2
iteration 2800
Best Fitness: [0.]
2
iteration 2900
Best Fitness: [0.]
1
iteration 2999
Best Fitness: [0.]
1
iteration 0
Best Fitness: [23.91998832]
100
iteration 100
Best Fitness: [4.20159907e-09]
100
iteration 200
Best Fitness: [0.]
100
iteration 300
Best Fitness: [0.]
100
iteration 400
Best Fitness: [0.]
100
iteration 500
Best Fitness: [0.]
100
iteration 600
Best Fitness: [0.]
34
iteration 700
Best Fitness: [0.]
34
iteration 800
Best Fitness: [0.]
34
iteration 900
Best Fitness: [0.]
34
iteration 1000
Best Fitness: [0.]
34
iteration 1100
Best Fitness: [0.]
34
iteration 1200
Best Fitness: [0.]
12
iteration 1300
Best Fitness: [0.]
12
iteration 1400
Best Fitness: [0.]
12
iteration 1500
Best Fitness: [0.]
12
iteration 1600
Best Fitness: [0.]
12
iteration 1700
Best Fitness: [0.]
12
iteration 1800
Best Fitness: [0.]
4
iteration 1900
Best Fitness: [0.]
4
iteration 2000
Best Fitness: [0.]
4
iteration 2100
Best Fitness: [0.]
4
iteration 2200
Best Fitness: [0.]
4
iteration 2300
Best Fitness: [0.]
4
iteration 2400
Best Fitness: [0.]
2
iteration 2500
Best Fitness: [0.]
2
iteration 2600
Best Fitness: [0.]
2
iteration 2700
Best Fitness: [0.]
2
iteration 2800
Best Fitness: [0.]
2
iteration 2900
Best Fitness: [0.]
1
iteration 2999
Best Fitness: [0.]
1
iteration 0
Best Fitness: [23.88133547]
100
iteration 100
Best Fitness: [4.77450079e-09]
100
iteration 200
Best Fitness: [0.]
100
iteration 300
Best Fitness: [0.]
100
iteration 400
Best Fitness: [0.]
100
iteration 500
Best Fitness: [0.]
100
iteration 600
Best Fitness: [0.]
34
iteration 700
Best Fitness: [0.]
34
iteration 800
Best Fitness: [0.]
34
iteration 900
Best Fitness: [0.]
34
iteration 1000
Best Fitness: [0.]
34
iteration 1100
Best Fitness: [0.]
34
iteration 1200
Best Fitness: [0.]
12
iteration 1300
Best Fitness: [0.]
12
iteration 1400
Best Fitness: [0.]
12
iteration 1500
Best Fitness: [0.]
12
iteration 1600
Best Fitness: [0.]
12
iteration 1700
Best Fitness: [0.]
12
iteration 1800
Best Fitness: [0.]
4
iteration 1900
Best Fitness: [0.]
4
iteration 2000
Best Fitness: [0.]
4
iteration 2100
Best Fitness: [0.]
4
iteration 2200
Best Fitness: [0.]
4
iteration 2300
Best Fitness: [0.]
4
iteration 2400
Best Fitness: [0.]
2
iteration 2500
Best Fitness: [0.]
2
iteration 2600
Best Fitness: [0.]
2
iteration 2700
Best Fitness: [0.]
2
iteration 2800
Best Fitness: [0.]
2
iteration 2900
Best Fitness: [0.]
1
iteration 2999
Best Fitness: [0.]
1
iteration 0
Best Fitness: [14.9326863]
100
iteration 100
Best Fitness: [4.92686603e-09]
100
iteration 200
Best Fitness: [0.]
100
iteration 300
Best Fitness: [0.]
100
iteration 400
Best Fitness: [0.]
100
iteration 500
Best Fitness: [0.]
100
iteration 600
Best Fitness: [0.]
34
iteration 700
Best Fitness: [0.]
34
iteration 800
Best Fitness: [0.]
34
iteration 900
Best Fitness: [0.]
34
iteration 1000
Best Fitness: [0.]
34
iteration 1100
Best Fitness: [0.]
34
iteration 1200
Best Fitness: [0.]
12
iteration 1300
Best Fitness: [0.]
12
iteration 1400
Best Fitness: [0.]
12
iteration 1500
Best Fitness: [0.]
12
iteration 1600
Best Fitness: [0.]
12
iteration 1700
Best Fitness: [0.]
12
iteration 1800
Best Fitness: [0.]
4
iteration 1900
Best Fitness: [0.]
4
iteration 2000
Best Fitness: [0.]
4
iteration 2100
Best Fitness: [0.]
4
iteration 2200
Best Fitness: [0.]
4
iteration 2300
Best Fitness: [0.]
4
iteration 2400
Best Fitness: [0.]
2
iteration 2500
Best Fitness: [0.]
2
iteration 2600
Best Fitness: [0.]
2
iteration 2700
Best Fitness: [0.]
2
iteration 2800
Best Fitness: [0.]
2
iteration 2900
Best Fitness: [0.]
1
iteration 2999
Best Fitness: [0.]
1
iteration 0
Best Fitness: [26.86207538]
100
iteration 100
Best Fitness: [3.9132626e-09]
100
iteration 200
Best Fitness: [0.]
100
iteration 300
Best Fitness: [0.]
100
iteration 400
Best Fitness: [0.]
100
iteration 500
Best Fitness: [0.]
100
iteration 600
Best Fitness: [0.]
34
iteration 700
Best Fitness: [0.]
34
iteration 800
Best Fitness: [0.]
34
iteration 900
Best Fitness: [0.]
34
iteration 1000
Best Fitness: [0.]
34
iteration 1100
Best Fitness: [0.]
34
iteration 1200
Best Fitness: [0.]
12
iteration 1300
Best Fitness: [0.]
12
iteration 1400
Best Fitness: [0.]
12
iteration 1500
Best Fitness: [0.]
12
iteration 1600
Best Fitness: [0.]
12
iteration 1700
Best Fitness: [0.]
12
iteration 1800
Best Fitness: [0.]
4
iteration 1900
Best Fitness: [0.]
4
iteration 2000
Best Fitness: [0.]
4
iteration 2100
Best Fitness: [0.]
4
iteration 2200
Best Fitness: [0.]
4
iteration 2300
Best Fitness: [0.]
4
iteration 2400
Best Fitness: [0.]
2
iteration 2500
Best Fitness: [0.]
2
iteration 2600
Best Fitness: [0.]
2
iteration 2700
Best Fitness: [0.]
2
iteration 2800
Best Fitness: [0.]
2
iteration 2900
Best Fitness: [0.]
1
iteration 2999
Best Fitness: [0.]
1
[array([0.]), array([0.]), array([0.]), array([0.]), array([0.]), array([0.]), array([0.]), array([0.]), array([0.]), array([0.])]
iteration 0
Best Fitness: [12.75068767]
100
iteration 100
Best Fitness: [2.78385004e-10]
100
iteration 200
Best Fitness: [2.82975001e-19]
100
iteration 300
Best Fitness: [3.49114636e-28]
100
iteration 400
Best Fitness: [1.49975978e-32]
100
iteration 500
Best Fitness: [1.49975978e-32]
100
iteration 600
Best Fitness: [1.49975978e-32]
34
iteration 700
Best Fitness: [1.49975978e-32]
34
iteration 800
Best Fitness: [1.49975978e-32]
34
iteration 900
Best Fitness: [1.49975978e-32]
34
iteration 1000
Best Fitness: [1.49975978e-32]
34
iteration 1100
Best Fitness: [1.49975978e-32]
34
iteration 1200
Best Fitness: [1.49975978e-32]
12
iteration 1300
Best Fitness: [1.49975978e-32]
12
iteration 1400
Best Fitness: [1.49975978e-32]
12
iteration 1500
Best Fitness: [1.49975978e-32]
12
iteration 1600
Best Fitness: [1.49975978e-32]
12
iteration 1700
Best Fitness: [1.49975978e-32]
12
iteration 1800
Best Fitness: [1.49975978e-32]
4
iteration 1900
Best Fitness: [1.49975978e-32]
4
iteration 2000
Best Fitness: [1.49975978e-32]
4
iteration 2100
Best Fitness: [1.49975978e-32]
4
iteration 2200
Best Fitness: [1.49975978e-32]
4
iteration 2300
Best Fitness: [1.49975978e-32]
4
iteration 2400
Best Fitness: [1.49975978e-32]
2
iteration 2500
Best Fitness: [1.49975978e-32]
2
iteration 2600
Best Fitness: [1.49975978e-32]
2
iteration 2700
Best Fitness: [1.49975978e-32]
2
iteration 2800
Best Fitness: [1.49975978e-32]
2
iteration 2900
Best Fitness: [1.49975978e-32]
1
iteration 2999
Best Fitness: [1.49975978e-32]
1
iteration 0
Best Fitness: [10.53380614]
100
iteration 100
Best Fitness: [4.46250614e-10]
100
iteration 200
Best Fitness: [2.53827762e-19]
100
iteration 300
Best Fitness: [5.34286169e-28]
100
iteration 400
Best Fitness: [1.49975978e-32]
100
iteration 500
Best Fitness: [1.49975978e-32]
100
iteration 600
Best Fitness: [1.49975978e-32]
34
iteration 700
Best Fitness: [1.49975978e-32]
34
iteration 800
Best Fitness: [1.49975978e-32]
34
iteration 900
Best Fitness: [1.49975978e-32]
34
iteration 1000
Best Fitness: [1.49975978e-32]
34
iteration 1100
Best Fitness: [1.49975978e-32]
34
iteration 1200
Best Fitness: [1.49975978e-32]
12
iteration 1300
Best Fitness: [1.49975978e-32]
12
iteration 1400
Best Fitness: [1.49975978e-32]
12
iteration 1500
Best Fitness: [1.49975978e-32]
12
iteration 1600
Best Fitness: [1.49975978e-32]
12
iteration 1700
Best Fitness: [1.49975978e-32]
12
iteration 1800
Best Fitness: [1.49975978e-32]
4
iteration 1900
Best Fitness: [1.49975978e-32]
4
iteration 2000
Best Fitness: [1.49975978e-32]
4
iteration 2100
Best Fitness: [1.49975978e-32]
4
iteration 2200
Best Fitness: [1.49975978e-32]
4
iteration 2300
Best Fitness: [1.49975978e-32]
4
iteration 2400
Best Fitness: [1.49975978e-32]
2
iteration 2500
Best Fitness: [1.49975978e-32]
2
iteration 2600
Best Fitness: [1.49975978e-32]
2
iteration 2700
Best Fitness: [1.49975978e-32]
2
iteration 2800
Best Fitness: [1.49975978e-32]
2
iteration 2900
Best Fitness: [1.49975978e-32]
1
iteration 2999
Best Fitness: [1.49975978e-32]
1
iteration 0
Best Fitness: [8.42726246]
100
iteration 100
Best Fitness: [3.38302196e-10]
100
iteration 200
Best Fitness: [3.56904807e-19]
100
iteration 300
Best Fitness: [6.16168871e-28]
100
iteration 400
Best Fitness: [1.49975978e-32]
100
iteration 500
Best Fitness: [1.49975978e-32]
100
iteration 600
Best Fitness: [1.49975978e-32]
34
iteration 700
Best Fitness: [1.49975978e-32]
34
iteration 800
Best Fitness: [1.49975978e-32]
34
iteration 900
Best Fitness: [1.49975978e-32]
34
iteration 1000
Best Fitness: [1.49975978e-32]
34
iteration 1100
Best Fitness: [1.49975978e-32]
34
iteration 1200
Best Fitness: [1.49975978e-32]
12
iteration 1300
Best Fitness: [1.49975978e-32]
12
iteration 1400
Best Fitness: [1.49975978e-32]
12
iteration 1500
Best Fitness: [1.49975978e-32]
12
iteration 1600
Best Fitness: [1.49975978e-32]
12
iteration 1700
Best Fitness: [1.49975978e-32]
12
iteration 1800
Best Fitness: [1.49975978e-32]
4
iteration 1900
Best Fitness: [1.49975978e-32]
4
iteration 2000
Best Fitness: [1.49975978e-32]
4
iteration 2100
Best Fitness: [1.49975978e-32]
4
iteration 2200
Best Fitness: [1.49975978e-32]
4
iteration 2300
Best Fitness: [1.49975978e-32]
4
iteration 2400
Best Fitness: [1.49975978e-32]
2
iteration 2500
Best Fitness: [1.49975978e-32]
2
iteration 2600
Best Fitness: [1.49975978e-32]
2
iteration 2700
Best Fitness: [1.49975978e-32]
2
iteration 2800
Best Fitness: [1.49975978e-32]
2
iteration 2900
Best Fitness: [1.49975978e-32]
1
iteration 2999
Best Fitness: [1.49975978e-32]
1
iteration 0
Best Fitness: [8.84090949]
100
iteration 100
Best Fitness: [2.66594613e-10]
100
iteration 200
Best Fitness: [2.80131896e-19]
100
iteration 300
Best Fitness: [4.34999185e-28]
100
iteration 400
Best Fitness: [1.49975978e-32]
100
iteration 500
Best Fitness: [1.49975978e-32]
100
iteration 600
Best Fitness: [1.49975978e-32]
34
iteration 700
Best Fitness: [1.49975978e-32]
34
iteration 800
Best Fitness: [1.49975978e-32]
34
iteration 900
Best Fitness: [1.49975978e-32]
34
iteration 1000
Best Fitness: [1.49975978e-32]
34
iteration 1100
Best Fitness: [1.49975978e-32]
34
iteration 1200
Best Fitness: [1.49975978e-32]
12
iteration 1300
Best Fitness: [1.49975978e-32]
12
iteration 1400
Best Fitness: [1.49975978e-32]
12
iteration 1500
Best Fitness: [1.49975978e-32]
12
iteration 1600
Best Fitness: [1.49975978e-32]
12
iteration 1700
Best Fitness: [1.49975978e-32]
12
iteration 1800
Best Fitness: [1.49975978e-32]
4
iteration 1900
Best Fitness: [1.49975978e-32]
4
iteration 2000
Best Fitness: [1.49975978e-32]
4
iteration 2100
Best Fitness: [1.49975978e-32]
4
iteration 2200
Best Fitness: [1.49975978e-32]
4
iteration 2300
Best Fitness: [1.49975978e-32]
4
iteration 2400
Best Fitness: [1.49975978e-32]
2
iteration 2500
Best Fitness: [1.49975978e-32]
2
iteration 2600
Best Fitness: [1.49975978e-32]
2
iteration 2700
Best Fitness: [1.49975978e-32]
2
iteration 2800
Best Fitness: [1.49975978e-32]
2
iteration 2900
Best Fitness: [1.49975978e-32]
1
iteration 2999
Best Fitness: [1.49975978e-32]
1
iteration 0
Best Fitness: [14.7779795]
100
iteration 100
Best Fitness: [3.42221093e-10]
100
iteration 200
Best Fitness: [2.15959957e-19]
100
iteration 300
Best Fitness: [3.35277816e-28]
100
iteration 400
Best Fitness: [1.49975978e-32]
100
iteration 500
Best Fitness: [1.49975978e-32]
100
iteration 600
Best Fitness: [1.49975978e-32]
34
iteration 700
Best Fitness: [1.49975978e-32]
34
iteration 800
Best Fitness: [1.49975978e-32]
34
iteration 900
Best Fitness: [1.49975978e-32]
34
iteration 1000
Best Fitness: [1.49975978e-32]
34
iteration 1100
Best Fitness: [1.49975978e-32]
34
iteration 1200
Best Fitness: [1.49975978e-32]
12
iteration 1300
Best Fitness: [1.49975978e-32]
12
iteration 1400
Best Fitness: [1.49975978e-32]
12
iteration 1500
Best Fitness: [1.49975978e-32]
12
iteration 1600
Best Fitness: [1.49975978e-32]
12
iteration 1700
Best Fitness: [1.49975978e-32]
12
iteration 1800
Best Fitness: [1.49975978e-32]
4
iteration 1900
Best Fitness: [1.49975978e-32]
4
iteration 2000
Best Fitness: [1.49975978e-32]
4
iteration 2100
Best Fitness: [1.49975978e-32]
4
iteration 2200
Best Fitness: [1.49975978e-32]
4
iteration 2300
Best Fitness: [1.49975978e-32]
4
iteration 2400
Best Fitness: [1.49975978e-32]
2
iteration 2500
Best Fitness: [1.49975978e-32]
2
iteration 2600
Best Fitness: [1.49975978e-32]
2
iteration 2700
Best Fitness: [1.49975978e-32]
2
iteration 2800
Best Fitness: [1.49975978e-32]
2
iteration 2900
Best Fitness: [1.49975978e-32]
1
iteration 2999
Best Fitness: [1.49975978e-32]
1
iteration 0
Best Fitness: [10.14732041]
100
iteration 100
Best Fitness: [2.57915698e-10]
100
iteration 200
Best Fitness: [4.48231307e-19]
100
iteration 300
Best Fitness: [3.35578642e-28]
100
iteration 400
Best Fitness: [1.49975978e-32]
100
iteration 500
Best Fitness: [1.49975978e-32]
100
iteration 600
Best Fitness: [1.49975978e-32]
34
iteration 700
Best Fitness: [1.49975978e-32]
34
iteration 800
Best Fitness: [1.49975978e-32]
34
iteration 900
Best Fitness: [1.49975978e-32]
34
iteration 1000
Best Fitness: [1.49975978e-32]
34
iteration 1100
Best Fitness: [1.49975978e-32]
34
iteration 1200
Best Fitness: [1.49975978e-32]
12
iteration 1300
Best Fitness: [1.49975978e-32]
12
iteration 1400
Best Fitness: [1.49975978e-32]
12
iteration 1500
Best Fitness: [1.49975978e-32]
12
iteration 1600
Best Fitness: [1.49975978e-32]
12
iteration 1700
Best Fitness: [1.49975978e-32]
12
iteration 1800
Best Fitness: [1.49975978e-32]
4
iteration 1900
Best Fitness: [1.49975978e-32]
4
iteration 2000
Best Fitness: [1.49975978e-32]
4
iteration 2100
Best Fitness: [1.49975978e-32]
4
iteration 2200
Best Fitness: [1.49975978e-32]
4
iteration 2300
Best Fitness: [1.49975978e-32]
4
iteration 2400
Best Fitness: [1.49975978e-32]
2
iteration 2500
Best Fitness: [1.49975978e-32]
2
iteration 2600
Best Fitness: [1.49975978e-32]
2
iteration 2700
Best Fitness: [1.49975978e-32]
2
iteration 2800
Best Fitness: [1.49975978e-32]
2
iteration 2900
Best Fitness: [1.49975978e-32]
1
iteration 2999
Best Fitness: [1.49975978e-32]
1
iteration 0
Best Fitness: [8.75717766]
100
iteration 100
Best Fitness: [4.04203835e-10]
100
iteration 200
Best Fitness: [1.77516193e-19]
100
iteration 300
Best Fitness: [4.056699e-28]
100
iteration 400
Best Fitness: [1.49975978e-32]
100
iteration 500
Best Fitness: [1.49975978e-32]
100
iteration 600
Best Fitness: [1.49975978e-32]
34
iteration 700
Best Fitness: [1.49975978e-32]
34
iteration 800
Best Fitness: [1.49975978e-32]
34
iteration 900
Best Fitness: [1.49975978e-32]
34
iteration 1000
Best Fitness: [1.49975978e-32]
34
iteration 1100
Best Fitness: [1.49975978e-32]
34
iteration 1200
Best Fitness: [1.49975978e-32]
12
iteration 1300
Best Fitness: [1.49975978e-32]
12
iteration 1400
Best Fitness: [1.49975978e-32]
12
iteration 1500
Best Fitness: [1.49975978e-32]
12
iteration 1600
Best Fitness: [1.49975978e-32]
12
iteration 1700
Best Fitness: [1.49975978e-32]
12
iteration 1800
Best Fitness: [1.49975978e-32]
4
iteration 1900
Best Fitness: [1.49975978e-32]
4
iteration 2000
Best Fitness: [1.49975978e-32]
4
iteration 2100
Best Fitness: [1.49975978e-32]
4
iteration 2200
Best Fitness: [1.49975978e-32]
4
iteration 2300
Best Fitness: [1.49975978e-32]
4
iteration 2400
Best Fitness: [1.49975978e-32]
2
iteration 2500
Best Fitness: [1.49975978e-32]
2
iteration 2600
Best Fitness: [1.49975978e-32]
2
iteration 2700
Best Fitness: [1.49975978e-32]
2
iteration 2800
Best Fitness: [1.49975978e-32]
2
iteration 2900
Best Fitness: [1.49975978e-32]
1
iteration 2999
Best Fitness: [1.49975978e-32]
1
iteration 0
Best Fitness: [6.80287765]
100
iteration 100
Best Fitness: [2.25495655e-10]
100
iteration 200
Best Fitness: [2.51865542e-19]
100
iteration 300
Best Fitness: [4.79108602e-28]
100
iteration 400
Best Fitness: [1.49975978e-32]
100
iteration 500
Best Fitness: [1.49975978e-32]
100
iteration 600
Best Fitness: [1.49975978e-32]
34
iteration 700
Best Fitness: [1.49975978e-32]
34
iteration 800
Best Fitness: [1.49975978e-32]
34
iteration 900
Best Fitness: [1.49975978e-32]
34
iteration 1000
Best Fitness: [1.49975978e-32]
34
iteration 1100
Best Fitness: [1.49975978e-32]
34
iteration 1200
Best Fitness: [1.49975978e-32]
12
iteration 1300
Best Fitness: [1.49975978e-32]
12
iteration 1400
Best Fitness: [1.49975978e-32]
12
iteration 1500
Best Fitness: [1.49975978e-32]
12
iteration 1600
Best Fitness: [1.49975978e-32]
12
iteration 1700
Best Fitness: [1.49975978e-32]
12
iteration 1800
Best Fitness: [1.49975978e-32]
4
iteration 1900
Best Fitness: [1.49975978e-32]
4
iteration 2000
Best Fitness: [1.49975978e-32]
4
iteration 2100
Best Fitness: [1.49975978e-32]
4
iteration 2200
Best Fitness: [1.49975978e-32]
4
iteration 2300
Best Fitness: [1.49975978e-32]
4
iteration 2400
Best Fitness: [1.49975978e-32]
2
iteration 2500
Best Fitness: [1.49975978e-32]
2
iteration 2600
Best Fitness: [1.49975978e-32]
2
iteration 2700
Best Fitness: [1.49975978e-32]
2
iteration 2800
Best Fitness: [1.49975978e-32]
2
iteration 2900
Best Fitness: [1.49975978e-32]
1
iteration 2999
Best Fitness: [1.49975978e-32]
1
iteration 0
Best Fitness: [14.15622608]
100
iteration 100
Best Fitness: [4.74321517e-10]
100
iteration 200
Best Fitness: [1.76439073e-19]
100
iteration 300
Best Fitness: [5.34848348e-28]
100
iteration 400
Best Fitness: [1.49975978e-32]
100
iteration 500
Best Fitness: [1.49975978e-32]
100
iteration 600
Best Fitness: [1.49975978e-32]
34
iteration 700
Best Fitness: [1.49975978e-32]
34
iteration 800
Best Fitness: [1.49975978e-32]
34
iteration 900
Best Fitness: [1.49975978e-32]
34
iteration 1000
Best Fitness: [1.49975978e-32]
34
iteration 1100
Best Fitness: [1.49975978e-32]
34
iteration 1200
Best Fitness: [1.49975978e-32]
12
iteration 1300
Best Fitness: [1.49975978e-32]
12
iteration 1400
Best Fitness: [1.49975978e-32]
12
iteration 1500
Best Fitness: [1.49975978e-32]
12
iteration 1600
Best Fitness: [1.49975978e-32]
12
iteration 1700
Best Fitness: [1.49975978e-32]
12
iteration 1800
Best Fitness: [1.49975978e-32]
4
iteration 1900
Best Fitness: [1.49975978e-32]
4
iteration 2000
Best Fitness: [1.49975978e-32]
4
iteration 2100
Best Fitness: [1.49975978e-32]
4
iteration 2200
Best Fitness: [1.49975978e-32]
4
iteration 2300
Best Fitness: [1.49975978e-32]
4
iteration 2400
Best Fitness: [1.49975978e-32]
2
iteration 2500
Best Fitness: [1.49975978e-32]
2
iteration 2600
Best Fitness: [1.49975978e-32]
2
iteration 2700
Best Fitness: [1.49975978e-32]
2
iteration 2800
Best Fitness: [1.49975978e-32]
2
iteration 2900
Best Fitness: [1.49975978e-32]
1
iteration 2999
Best Fitness: [1.49975978e-32]
1
iteration 0
Best Fitness: [8.37767372]
100
iteration 100
Best Fitness: [4.18770779e-10]
100
iteration 200
Best Fitness: [2.52681401e-19]
100
iteration 300
Best Fitness: [3.96414905e-28]
100
iteration 400
Best Fitness: [1.49975978e-32]
100
iteration 500
Best Fitness: [1.49975978e-32]
100
iteration 600
Best Fitness: [1.49975978e-32]
34
iteration 700
Best Fitness: [1.49975978e-32]
34
iteration 800
Best Fitness: [1.49975978e-32]
34
iteration 900
Best Fitness: [1.49975978e-32]
34
iteration 1000
Best Fitness: [1.49975978e-32]
34
iteration 1100
Best Fitness: [1.49975978e-32]
34
iteration 1200
Best Fitness: [1.49975978e-32]
12
iteration 1300
Best Fitness: [1.49975978e-32]
12
iteration 1400
Best Fitness: [1.49975978e-32]
12
iteration 1500
Best Fitness: [1.49975978e-32]
12
iteration 1600
Best Fitness: [1.49975978e-32]
12
iteration 1700
Best Fitness: [1.49975978e-32]
12
iteration 1800
Best Fitness: [1.49975978e-32]
4
iteration 1900
Best Fitness: [1.49975978e-32]
4
iteration 2000
Best Fitness: [1.49975978e-32]
4
iteration 2100
Best Fitness: [1.49975978e-32]
4
iteration 2200
Best Fitness: [1.49975978e-32]
4
iteration 2300
Best Fitness: [1.49975978e-32]
4
iteration 2400
Best Fitness: [1.49975978e-32]
2
iteration 2500
Best Fitness: [1.49975978e-32]
2
iteration 2600
Best Fitness: [1.49975978e-32]
2
iteration 2700
Best Fitness: [1.49975978e-32]
2
iteration 2800
Best Fitness: [1.49975978e-32]
2
iteration 2900
Best Fitness: [1.49975978e-32]
1
iteration 2999
Best Fitness: [1.49975978e-32]
1
[array([1.49975978e-32]), array([1.49975978e-32]), array([1.49975978e-32]), array([1.49975978e-32]), array([1.49975978e-32]), array([1.49975978e-32]), array([1.49975978e-32]), array([1.49975978e-32]), array([1.49975978e-32]), array([1.49975978e-32])]
iteration 0
Best Fitness: [90.775199]
100
iteration 100
Best Fitness: [0.0015343]
100
iteration 200
Best Fitness: [0.00127276]
100
iteration 300
Best Fitness: [0.00127276]
100
iteration 400
Best Fitness: [0.00127276]
100
iteration 500
Best Fitness: [0.00127276]
100
iteration 600
Best Fitness: [0.00127276]
34
iteration 700
Best Fitness: [0.00127276]
34
iteration 800
Best Fitness: [0.00127276]
34
iteration 900
Best Fitness: [0.00127276]
34
iteration 1000
Best Fitness: [0.00127276]
34
iteration 1100
Best Fitness: [0.00127276]
34
iteration 1200
Best Fitness: [0.0075312]
12
iteration 1300
Best Fitness: [0.00751865]
12
iteration 1400
Best Fitness: [0.00751865]
12
iteration 1500
Best Fitness: [0.00751865]
12
iteration 1600
Best Fitness: [0.00751865]
12
iteration 1700
Best Fitness: [0.00751865]
12
iteration 1800
Best Fitness: [0.05136069]
4
iteration 1900
Best Fitness: [0.05136045]
4
iteration 2000
Best Fitness: [0.05136045]
4
iteration 2100
Best Fitness: [0.05136045]
4
iteration 2200
Best Fitness: [0.05136044]
4
iteration 2300
Best Fitness: [0.05136044]
4
iteration 2400
Best Fitness: [0.07008543]
2
iteration 2500
Best Fitness: [0.07008543]
2
iteration 2600
Best Fitness: [0.07008543]
2
iteration 2700
Best Fitness: [0.07008543]
2
iteration 2800
Best Fitness: [0.07008543]
2
iteration 2900
Best Fitness: [0.10132759]
1
iteration 2999
Best Fitness: [0.10132759]
1
iteration 0
Best Fitness: [90.07180324]
100
iteration 100
Best Fitness: [0.00144791]
100
iteration 200
Best Fitness: [0.00127276]
100
iteration 300
Best Fitness: [0.00127276]
100
iteration 400
Best Fitness: [0.00127276]
100
iteration 500
Best Fitness: [0.00127276]
100
iteration 600
Best Fitness: [0.00127276]
34
iteration 700
Best Fitness: [0.00127276]
34
iteration 800
Best Fitness: [0.00127276]
34
iteration 900
Best Fitness: [0.00127276]
34
iteration 1000
Best Fitness: [0.00127276]
34
iteration 1100
Best Fitness: [0.00127276]
34
iteration 1200
Best Fitness: [0.02665287]
12
iteration 1300
Best Fitness: [0.02655762]
12
iteration 1400
Best Fitness: [0.02655575]
12
iteration 1500
Best Fitness: [0.02655575]
12
iteration 1600
Best Fitness: [0.02639828]
12
iteration 1700
Best Fitness: [0.02639828]
12
iteration 1800
Best Fitness: [0.05109269]
4
iteration 1900
Best Fitness: [0.05109269]
4
iteration 2000
Best Fitness: [0.05109266]
4
iteration 2100
Best Fitness: [0.05109266]
4
iteration 2200
Best Fitness: [0.05109266]
4
iteration 2300
Best Fitness: [0.05109266]
4
iteration 2400
Best Fitness: [0.07656068]
2
iteration 2500
Best Fitness: [0.07656068]
2
iteration 2600
Best Fitness: [0.07656068]
2
iteration 2700
Best Fitness: [0.07656068]
2
iteration 2800
Best Fitness: [0.07656068]
2
iteration 2900
Best Fitness: [0.08905246]
1
iteration 2999
Best Fitness: [0.08905246]
1
iteration 0
Best Fitness: [72.31638853]
100
iteration 100
Best Fitness: [0.00144491]
100
iteration 200
Best Fitness: [0.00127276]
100
iteration 300
Best Fitness: [0.00127276]
100
iteration 400
Best Fitness: [0.00127276]
100
iteration 500
Best Fitness: [0.00127276]
100
iteration 600
Best Fitness: [0.00360069]
34
iteration 700
Best Fitness: [0.00127409]
34
iteration 800
Best Fitness: [0.00127409]
34
iteration 900
Best Fitness: [0.00127409]
34
iteration 1000
Best Fitness: [0.00127409]
34
iteration 1100
Best Fitness: [0.00127409]
34
iteration 1200
Best Fitness: [0.04269446]
12
iteration 1300
Best Fitness: [0.04230088]
12
iteration 1400
Best Fitness: [0.04227857]
12
iteration 1500
Best Fitness: [0.04227857]
12
iteration 1600
Best Fitness: [0.04227857]
12
iteration 1700
Best Fitness: [0.04227857]
12
iteration 1800
Best Fitness: [0.07654283]
4
iteration 1900
Best Fitness: [0.07648639]
4
iteration 2000
Best Fitness: [0.07648636]
4
iteration 2100
Best Fitness: [0.07648636]
4
iteration 2200
Best Fitness: [0.07624203]
4
iteration 2300
Best Fitness: [0.07624203]
4
iteration 2400
Best Fitness: [0.10121011]
2
iteration 2500
Best Fitness: [0.10120987]
2
iteration 2600
Best Fitness: [0.10120961]
2
iteration 2700
Best Fitness: [0.10120956]
2
iteration 2800
Best Fitness: [0.10120956]
2
iteration 2900
Best Fitness: [0.11369881]
1
iteration 2999
Best Fitness: [0.11369881]
1
iteration 0
Best Fitness: [107.75677867]
100
iteration 100
Best Fitness: [0.00146014]
100
iteration 200
Best Fitness: [0.00127276]
100
iteration 300
Best Fitness: [0.00127276]
100
iteration 400
Best Fitness: [0.00127276]
100
iteration 500
Best Fitness: [0.00127276]
100
iteration 600
Best Fitness: [0.00751865]
34
iteration 700
Best Fitness: [0.00751865]
34
iteration 800
Best Fitness: [0.00751865]
34
iteration 900
Best Fitness: [0.00751865]
34
iteration 1000
Best Fitness: [0.00751865]
34
iteration 1100
Best Fitness: [0.00751865]
34
iteration 1200
Best Fitness: [0.02631678]
12
iteration 1300
Best Fitness: [0.02631678]
12
iteration 1400
Best Fitness: [0.02631678]
12
iteration 1500
Best Fitness: [0.02631678]
12
iteration 1600
Best Fitness: [0.02631678]
12
iteration 1700
Best Fitness: [0.02631678]
12
iteration 1800
Best Fitness: [0.06373975]
4
iteration 1900
Best Fitness: [0.06373934]
4
iteration 2000
Best Fitness: [0.06373934]
4
iteration 2100
Best Fitness: [0.06373934]
4
iteration 2200
Best Fitness: [0.06373934]
4
iteration 2300
Best Fitness: [0.06373934]
4
iteration 2400
Best Fitness: [0.09505754]
2
iteration 2500
Best Fitness: [0.09505754]
2
iteration 2600
Best Fitness: [0.09505753]
2
iteration 2700
Best Fitness: [0.09505753]
2
iteration 2800
Best Fitness: [0.09505753]
2
iteration 2900
Best Fitness: [0.10097013]
1
iteration 2999
Best Fitness: [0.10097013]
1
iteration 0
Best Fitness: [97.12778895]
100
iteration 100
Best Fitness: [0.00160519]
100
iteration 200
Best Fitness: [0.00127276]
100
iteration 300
Best Fitness: [0.00127276]
100
iteration 400
Best Fitness: [0.00127276]
100
iteration 500
Best Fitness: [0.00127276]
100
iteration 600
Best Fitness: [0.00127296]
34
iteration 700
Best Fitness: [0.00127276]
34
iteration 800
Best Fitness: [0.00127276]
34
iteration 900
Best Fitness: [0.00127276]
34
iteration 1000
Best Fitness: [0.00127276]
34
iteration 1100
Best Fitness: [0.00127276]
34
iteration 1200
Best Fitness: [0.01376454]
12
iteration 1300
Best Fitness: [0.01376454]
12
iteration 1400
Best Fitness: [0.01376454]
12
iteration 1500
Best Fitness: [0.01376454]
12
iteration 1600
Best Fitness: [0.01376454]
12
iteration 1700
Best Fitness: [0.01376454]
12
iteration 1800
Best Fitness: [0.05124003]
4
iteration 1900
Best Fitness: [0.05124003]
4
iteration 2000
Best Fitness: [0.05124003]
4
iteration 2100
Best Fitness: [0.05124003]
4
iteration 2200
Best Fitness: [0.05124003]
4
iteration 2300
Best Fitness: [0.05124002]
4
iteration 2400
Best Fitness: [0.0824767]
2
iteration 2500
Best Fitness: [0.0824767]
2
iteration 2600
Best Fitness: [0.0824767]
2
iteration 2700
Best Fitness: [0.0824767]
2
iteration 2800
Best Fitness: [0.0824767]
2
iteration 2900
Best Fitness: [0.08900179]
1
iteration 2999
Best Fitness: [0.08900179]
1
iteration 0
Best Fitness: [77.28457019]
100
iteration 100
Best Fitness: [0.00139965]
100
iteration 200
Best Fitness: [0.00127276]
100
iteration 300
Best Fitness: [0.00127276]
100
iteration 400
Best Fitness: [0.00127276]
100
iteration 500
Best Fitness: [0.00127276]
100
iteration 600
Best Fitness: [0.00127322]
34
iteration 700
Best Fitness: [0.00127318]
34
iteration 800
Best Fitness: [0.00127318]
34
iteration 900
Best Fitness: [0.00127318]
34
iteration 1000
Best Fitness: [0.00127318]
34
iteration 1100
Best Fitness: [0.00127318]
34
iteration 1200
Best Fitness: [0.02018514]
12
iteration 1300
Best Fitness: [0.02018514]
12
iteration 1400
Best Fitness: [0.02018514]
12
iteration 1500
Best Fitness: [0.02018514]
12
iteration 1600
Best Fitness: [0.02018514]
12
iteration 1700
Best Fitness: [0.02018514]
12
iteration 1800
Best Fitness: [0.06997838]
4
iteration 1900
Best Fitness: [0.06997838]
4
iteration 2000
Best Fitness: [0.06997838]
4
iteration 2100
Best Fitness: [0.06997838]
4
iteration 2200
Best Fitness: [0.06997838]
4
iteration 2300
Best Fitness: [0.06997838]
4
iteration 2400
Best Fitness: [0.08246951]
2
iteration 2500
Best Fitness: [0.08246951]
2
iteration 2600
Best Fitness: [0.08246951]
2
iteration 2700
Best Fitness: [0.08246951]
2
iteration 2800
Best Fitness: [0.08246951]
2
iteration 2900
Best Fitness: [0.09496131]
1
iteration 2999
Best Fitness: [0.09496131]
1
iteration 0
Best Fitness: [98.9655698]
100
iteration 100
Best Fitness: [0.00132595]
100
iteration 200
Best Fitness: [0.00127276]
100
iteration 300
Best Fitness: [0.00127276]
100
iteration 400
Best Fitness: [0.00127276]
100
iteration 500
Best Fitness: [0.00127276]
100
iteration 600
Best Fitness: [0.00127276]
34
iteration 700
Best Fitness: [0.00127276]
34
iteration 800
Best Fitness: [0.00127276]
34
iteration 900
Best Fitness: [0.00127276]
34
iteration 1000
Best Fitness: [0.00127276]
34
iteration 1100
Best Fitness: [0.00127276]
34
iteration 1200
Best Fitness: [0.01503423]
12
iteration 1300
Best Fitness: [0.01503423]
12
iteration 1400
Best Fitness: [0.01503423]
12
iteration 1500
Best Fitness: [0.01503423]
12
iteration 1600
Best Fitness: [0.01503423]
12
iteration 1700
Best Fitness: [0.01503423]
12
iteration 1800
Best Fitness: [0.03438481]
4
iteration 1900
Best Fitness: [0.03438322]
4
iteration 2000
Best Fitness: [0.03438277]
4
iteration 2100
Best Fitness: [0.03438252]
4
iteration 2200
Best Fitness: [0.03438252]
4
iteration 2300
Best Fitness: [0.03438252]
4
iteration 2400
Best Fitness: [0.05780053]
2
iteration 2500
Best Fitness: [0.05780051]
2
iteration 2600
Best Fitness: [0.0578003]
2
iteration 2700
Best Fitness: [0.0578003]
2
iteration 2800
Best Fitness: [0.0578003]
2
iteration 2900
Best Fitness: [0.08283608]
1
iteration 2999
Best Fitness: [0.08283606]
1
iteration 0
Best Fitness: [77.86878845]
100
iteration 100
Best Fitness: [0.00135856]
100
iteration 200
Best Fitness: [0.00127276]
100
iteration 300
Best Fitness: [0.00127276]
100
iteration 400
Best Fitness: [0.00127276]
100
iteration 500
Best Fitness: [0.00127276]
100
iteration 600
Best Fitness: [0.00127276]
34
iteration 700
Best Fitness: [0.00127276]
34
iteration 800
Best Fitness: [0.00127276]
34
iteration 900
Best Fitness: [0.00127276]
34
iteration 1000
Best Fitness: [0.00127276]
34
iteration 1100
Best Fitness: [0.00127276]
34
iteration 1200
Best Fitness: [0.02068758]
12
iteration 1300
Best Fitness: [0.02068703]
12
iteration 1400
Best Fitness: [0.02068703]
12
iteration 1500
Best Fitness: [0.02068703]
12
iteration 1600
Best Fitness: [0.02068703]
12
iteration 1700
Best Fitness: [0.02068703]
12
iteration 1800
Best Fitness: [0.04693744]
4
iteration 1900
Best Fitness: [0.04692977]
4
iteration 2000
Best Fitness: [0.04692967]
4
iteration 2100
Best Fitness: [0.04692961]
4
iteration 2200
Best Fitness: [0.0469296]
4
iteration 2300
Best Fitness: [0.0469296]
4
iteration 2400
Best Fitness: [0.06592142]
2
iteration 2500
Best Fitness: [0.06591851]
2
iteration 2600
Best Fitness: [0.0659185]
2
iteration 2700
Best Fitness: [0.0659185]
2
iteration 2800
Best Fitness: [0.0659185]
2
iteration 2900
Best Fitness: [0.06592413]
1
iteration 2999
Best Fitness: [0.06592413]
1
iteration 0
Best Fitness: [101.25659364]
100
iteration 100
Best Fitness: [0.00136719]
100
iteration 200
Best Fitness: [0.00127276]
100
iteration 300
Best Fitness: [0.00127276]
100
iteration 400
Best Fitness: [0.00127276]
100
iteration 500
Best Fitness: [0.00127276]
100
iteration 600
Best Fitness: [0.00127276]
34
iteration 700
Best Fitness: [0.00127276]
34
iteration 800
Best Fitness: [0.00127276]
34
iteration 900
Best Fitness: [0.00127276]
34
iteration 1000
Best Fitness: [0.00127276]
34
iteration 1100
Best Fitness: [0.00127276]
34
iteration 1200
Best Fitness: [0.01376454]
12
iteration 1300
Best Fitness: [0.01376454]
12
iteration 1400
Best Fitness: [0.01376454]
12
iteration 1500
Best Fitness: [0.01376454]
12
iteration 1600
Best Fitness: [0.01376454]
12
iteration 1700
Best Fitness: [0.01376454]
12
iteration 1800
Best Fitness: [0.06082039]
4
iteration 1900
Best Fitness: [0.06082039]
4
iteration 2000
Best Fitness: [0.06082039]
4
iteration 2100
Best Fitness: [0.06082039]
4
iteration 2200
Best Fitness: [0.06082039]
4
iteration 2300
Best Fitness: [0.06082039]
4
iteration 2400
Best Fitness: [0.09496453]
2
iteration 2500
Best Fitness: [0.09496452]
2
iteration 2600
Best Fitness: [0.09496452]
2
iteration 2700
Best Fitness: [0.09496452]
2
iteration 2800
Best Fitness: [0.09496452]
2
iteration 2900
Best Fitness: [0.10745598]
1
iteration 2999
Best Fitness: [0.10745598]
1
iteration 0
Best Fitness: [87.84522734]
100
iteration 100
Best Fitness: [0.00144783]
100
iteration 200
Best Fitness: [0.00127276]
100
iteration 300
Best Fitness: [0.00127276]
100
iteration 400
Best Fitness: [0.00127276]
100
iteration 500
Best Fitness: [0.00127276]
100
iteration 600
Best Fitness: [0.00127276]
34
iteration 700
Best Fitness: [0.00127276]
34
iteration 800
Best Fitness: [0.00127276]
34
iteration 900
Best Fitness: [0.00127276]
34
iteration 1000
Best Fitness: [0.00127276]
34
iteration 1100
Best Fitness: [0.00127276]
34
iteration 1200
Best Fitness: [0.02001049]
12
iteration 1300
Best Fitness: [0.02001049]
12
iteration 1400
Best Fitness: [0.02001049]
12
iteration 1500
Best Fitness: [0.02001049]
12
iteration 1600
Best Fitness: [0.02001049]
12
iteration 1700
Best Fitness: [0.02001049]
12
iteration 1800
Best Fitness: [0.07027787]
4
iteration 1900
Best Fitness: [0.07027787]
4
iteration 2000
Best Fitness: [0.07027787]
4
iteration 2100
Best Fitness: [0.07027787]
4
iteration 2200
Best Fitness: [0.07027787]
4
iteration 2300
Best Fitness: [0.07027787]
4
iteration 2400
Best Fitness: [0.12619064]
2
iteration 2500
Best Fitness: [0.12619064]
2
iteration 2600
Best Fitness: [0.12619064]
2
iteration 2700
Best Fitness: [0.12619064]
2
iteration 2800
Best Fitness: [0.12619064]
2
iteration 2900
Best Fitness: [0.14041254]
1
iteration 2999
Best Fitness: [0.14041254]
1
[array([0.10132759]), array([0.08905246]), array([0.11369881]), array([0.10097013]), array([0.08900179]), array([0.09496131]), array([0.08283606]), array([0.06592413]), array([0.10745598]), array([0.14041254])]
iteration 0
Best Fitness: [3236291.33660439]
100
iteration 100
Best Fitness: [1.99135969e-05]
100
iteration 200
Best Fitness: [6.45238038e-15]
100
iteration 300
Best Fitness: [1.56286065e-23]
100
iteration 400
Best Fitness: [2.48556333e-32]
100
iteration 500
Best Fitness: [5.22128602e-41]
100
iteration 600
Best Fitness: [1.01769437e-44]
34
iteration 700
Best Fitness: [4.79473109e-47]
34
iteration 800
Best Fitness: [4.90635546e-52]
34
iteration 900
Best Fitness: [5.35241307e-57]
34
iteration 1000
Best Fitness: [5.98480245e-62]
34
iteration 1100
Best Fitness: [4.35604501e-67]
34
iteration 1200
Best Fitness: [2.69187663e-69]
12
iteration 1300
Best Fitness: [1.52593898e-71]
12
iteration 1400
Best Fitness: [8.01887662e-74]
12
iteration 1500
Best Fitness: [5.42904747e-76]
12
iteration 1600
Best Fitness: [3.96290594e-78]
12
iteration 1700
Best Fitness: [2.91722622e-80]
12
iteration 1800
Best Fitness: [4.23618075e-81]
4
iteration 1900
Best Fitness: [4.19621095e-82]
4
iteration 2000
Best Fitness: [3.90009576e-83]
4
iteration 2100
Best Fitness: [4.66854025e-84]
4
iteration 2200
Best Fitness: [5.04341044e-85]
4
iteration 2300
Best Fitness: [5.13029015e-86]
4
iteration 2400
Best Fitness: [2.8138839e-86]
2
iteration 2500
Best Fitness: [1.13158811e-86]
2
iteration 2600
Best Fitness: [3.94103339e-87]
2
iteration 2700
Best Fitness: [1.86716675e-87]
2
iteration 2800
Best Fitness: [9.15390259e-88]
2
iteration 2900
Best Fitness: [4.11466951e-88]
1
iteration 2999
Best Fitness: [2.05444521e-88]
1
iteration 0
Best Fitness: [2130574.53501395]
100
iteration 100
Best Fitness: [1.05662228e-05]
100
iteration 200
Best Fitness: [7.25397752e-15]
100
iteration 300
Best Fitness: [4.9562394e-24]
100
iteration 400
Best Fitness: [1.10424866e-32]
100
iteration 500
Best Fitness: [4.32062421e-41]
100
iteration 600
Best Fitness: [5.16945829e-45]
34
iteration 700
Best Fitness: [1.92393794e-46]
34
iteration 800
Best Fitness: [8.44745369e-52]
34
iteration 900
Best Fitness: [7.23978498e-57]
34
iteration 1000
Best Fitness: [5.13866078e-62]
34
iteration 1100
Best Fitness: [3.09423707e-67]
34
iteration 1200
Best Fitness: [1.4947612e-69]
12
iteration 1300
Best Fitness: [6.07799811e-72]
12
iteration 1400
Best Fitness: [3.31954301e-74]
12
iteration 1500
Best Fitness: [2.40059545e-76]
12
iteration 1600
Best Fitness: [1.35614209e-78]
12
iteration 1700
Best Fitness: [1.00930021e-80]
12
iteration 1800
Best Fitness: [1.26178621e-81]
4
iteration 1900
Best Fitness: [1.23451446e-82]
4
iteration 2000
Best Fitness: [1.35013673e-83]
4
iteration 2100
Best Fitness: [1.35276137e-84]
4
iteration 2200
Best Fitness: [1.71028255e-85]
4
iteration 2300
Best Fitness: [2.05681561e-86]
4
iteration 2400
Best Fitness: [1.48407479e-86]
2
iteration 2500
Best Fitness: [5.50201632e-87]
2
iteration 2600
Best Fitness: [2.18442084e-87]
2
iteration 2700
Best Fitness: [1.06414096e-87]
2
iteration 2800
Best Fitness: [4.8984116e-88]
2
iteration 2900
Best Fitness: [2.08620061e-88]
1
iteration 2999
Best Fitness: [9.59383774e-89]
1
iteration 0
Best Fitness: [2420454.4882503]
100
iteration 100
Best Fitness: [1.5544635e-05]
100
iteration 200
Best Fitness: [6.50099186e-15]
100
iteration 300
Best Fitness: [1.13291243e-23]
100
iteration 400
Best Fitness: [1.82978087e-32]
100
iteration 500
Best Fitness: [3.47547445e-41]
100
iteration 600
Best Fitness: [5.38483266e-45]
34
iteration 700
Best Fitness: [2.3169083e-47]
34
iteration 800
Best Fitness: [6.00815207e-52]
34
iteration 900
Best Fitness: [6.42981449e-57]
34
iteration 1000
Best Fitness: [4.21434753e-62]
34
iteration 1100
Best Fitness: [3.15018549e-67]
34
iteration 1200
Best Fitness: [1.49355393e-69]
12
iteration 1300
Best Fitness: [6.2442335e-72]
12
iteration 1400
Best Fitness: [4.24478734e-74]
12
iteration 1500
Best Fitness: [2.40342378e-76]
12
iteration 1600
Best Fitness: [1.74073624e-78]
12
iteration 1700
Best Fitness: [1.29947507e-80]
12
iteration 1800
Best Fitness: [1.59275035e-81]
4
iteration 1900
Best Fitness: [1.67941395e-82]
4
iteration 2000
Best Fitness: [1.57642709e-83]
4
iteration 2100
Best Fitness: [2.07798252e-84]
4
iteration 2200
Best Fitness: [2.27069154e-85]
4
iteration 2300
Best Fitness: [2.7958163e-86]
4
iteration 2400
Best Fitness: [1.48661392e-86]
2
iteration 2500
Best Fitness: [6.46615944e-87]
2
iteration 2600
Best Fitness: [2.71564261e-87]
2
iteration 2700
Best Fitness: [1.05011604e-87]
2
iteration 2800
Best Fitness: [4.4865014e-88]
2
iteration 2900
Best Fitness: [2.53916821e-88]
1
iteration 2999
Best Fitness: [1.22061528e-88]
1
iteration 0
Best Fitness: [2969257.37649569]
100
iteration 100
Best Fitness: [1.91003756e-05]
100
iteration 200
Best Fitness: [9.68352747e-15]
100
iteration 300
Best Fitness: [1.30748306e-23]
100
iteration 400
Best Fitness: [1.39160095e-32]
100
iteration 500
Best Fitness: [6.14061438e-41]
100
iteration 600
Best Fitness: [1.3960987e-44]
34
iteration 700
Best Fitness: [1.06994886e-46]
34
iteration 800
Best Fitness: [1.16497073e-51]
34
iteration 900
Best Fitness: [1.10609634e-56]
34
iteration 1000
Best Fitness: [8.69861148e-62]
34
iteration 1100
Best Fitness: [7.36794279e-67]
34
iteration 1200
Best Fitness: [3.15710026e-69]
12
iteration 1300
Best Fitness: [1.24335429e-71]
12
iteration 1400
Best Fitness: [9.91385011e-74]
12
iteration 1500
Best Fitness: [7.03365869e-76]
12
iteration 1600
Best Fitness: [4.76243166e-78]
12
iteration 1700
Best Fitness: [2.57355571e-80]
12
iteration 1800
Best Fitness: [3.78008027e-81]
4
iteration 1900
Best Fitness: [4.25897711e-82]
4
iteration 2000
Best Fitness: [4.28273799e-83]
4
iteration 2100
Best Fitness: [5.04265798e-84]
4
iteration 2200
Best Fitness: [4.1339932e-85]
4
iteration 2300
Best Fitness: [6.31295657e-86]
4
iteration 2400
Best Fitness: [3.30598038e-86]
2
iteration 2500
Best Fitness: [1.48541361e-86]
2
iteration 2600
Best Fitness: [7.17596767e-87]
2
iteration 2700
Best Fitness: [2.92712917e-87]
2
iteration 2800
Best Fitness: [1.23990612e-87]
2
iteration 2900
Best Fitness: [5.34865569e-88]
1
iteration 2999
Best Fitness: [2.39750869e-88]
1
iteration 0
Best Fitness: [4801803.42899998]
100
iteration 100
Best Fitness: [2.53416399e-05]
100
iteration 200
Best Fitness: [4.77634129e-15]
100
iteration 300
Best Fitness: [9.02884962e-24]
100
iteration 400
Best Fitness: [1.05587918e-32]
100
iteration 500
Best Fitness: [4.18144656e-41]
100
iteration 600
Best Fitness: [4.90917952e-45]
34
iteration 700
Best Fitness: [8.94832746e-47]
34
iteration 800
Best Fitness: [7.61940507e-52]
34
iteration 900
Best Fitness: [7.73913925e-57]
34
iteration 1000
Best Fitness: [6.19105269e-62]
34
iteration 1100
Best Fitness: [3.02153341e-67]
34
iteration 1200
Best Fitness: [1.51082536e-69]
12
iteration 1300
Best Fitness: [8.41527048e-72]
12
iteration 1400
Best Fitness: [5.23827536e-74]
12
iteration 1500
Best Fitness: [2.79036053e-76]
12
iteration 1600
Best Fitness: [2.04213628e-78]
12
iteration 1700
Best Fitness: [1.20807039e-80]
12
iteration 1800
Best Fitness: [1.71125562e-81]
4
iteration 1900
Best Fitness: [1.9056866e-82]
4
iteration 2000
Best Fitness: [1.95004998e-83]
4
iteration 2100
Best Fitness: [2.38721761e-84]
4
iteration 2200
Best Fitness: [2.04686795e-85]
4
iteration 2300
Best Fitness: [2.53692705e-86]
4
iteration 2400
Best Fitness: [1.23757626e-86]
2
iteration 2500
Best Fitness: [6.35241744e-87]
2
iteration 2600
Best Fitness: [2.72877607e-87]
2
iteration 2700
Best Fitness: [1.18418287e-87]
2
iteration 2800
Best Fitness: [7.10121898e-88]
2
iteration 2900
Best Fitness: [3.1345857e-88]
1
iteration 2999
Best Fitness: [1.22538772e-88]
1
iteration 0
Best Fitness: [3590146.97123386]
100
iteration 100
Best Fitness: [1.76761375e-05]
100
iteration 200
Best Fitness: [5.41140262e-15]
100
iteration 300
Best Fitness: [8.84893495e-24]
100
iteration 400
Best Fitness: [2.27993753e-32]
100
iteration 500
Best Fitness: [1.32964792e-40]
100
iteration 600
Best Fitness: [2.26789422e-44]
34
iteration 700
Best Fitness: [7.72426876e-46]
34
iteration 800
Best Fitness: [1.81047695e-51]
34
iteration 900
Best Fitness: [1.30423412e-56]
34
iteration 1000
Best Fitness: [1.288549e-61]
34
iteration 1100
Best Fitness: [1.12054886e-66]
34
iteration 1200
Best Fitness: [5.18309583e-69]
12
iteration 1300
Best Fitness: [2.0243929e-71]
12
iteration 1400
Best Fitness: [1.11535141e-73]
12
iteration 1500
Best Fitness: [7.70172151e-76]
12
iteration 1600
Best Fitness: [4.10144895e-78]
12
iteration 1700
Best Fitness: [3.16916718e-80]
12
iteration 1800
Best Fitness: [4.06683945e-81]
4
iteration 1900
Best Fitness: [4.22148236e-82]
4
iteration 2000
Best Fitness: [4.07980474e-83]
4
iteration 2100
Best Fitness: [3.99206883e-84]
4
iteration 2200
Best Fitness: [3.40340173e-85]
4
iteration 2300
Best Fitness: [4.73420882e-86]
4
iteration 2400
Best Fitness: [2.39656906e-86]
2
iteration 2500
Best Fitness: [1.19513041e-86]
2
iteration 2600
Best Fitness: [4.69762533e-87]
2
iteration 2700
Best Fitness: [1.88174695e-87]
2
iteration 2800
Best Fitness: [1.09957937e-87]
2
iteration 2900
Best Fitness: [4.93891263e-88]
1
iteration 2999
Best Fitness: [2.27204227e-88]
1
iteration 0
Best Fitness: [6785432.4027296]
100
iteration 100
Best Fitness: [1.29780172e-05]
100
iteration 200
Best Fitness: [6.15781709e-15]
100
iteration 300
Best Fitness: [9.94342374e-24]
100
iteration 400
Best Fitness: [1.28117586e-32]
100
iteration 500
Best Fitness: [5.49156034e-41]
100
iteration 600
Best Fitness: [4.94149552e-45]
34
iteration 700
Best Fitness: [2.07086646e-47]
34
iteration 800
Best Fitness: [4.12401584e-52]
34
iteration 900
Best Fitness: [5.56560133e-57]
34
iteration 1000
Best Fitness: [3.82561334e-62]
34
iteration 1100
Best Fitness: [2.35602466e-67]
34
iteration 1200
Best Fitness: [1.44974893e-69]
12
iteration 1300
Best Fitness: [5.86707763e-72]
12
iteration 1400
Best Fitness: [3.33961795e-74]
12
iteration 1500
Best Fitness: [2.62016036e-76]
12
iteration 1600
Best Fitness: [2.19110919e-78]
12
iteration 1700
Best Fitness: [1.44401231e-80]
12
iteration 1800
Best Fitness: [1.90937908e-81]
4
iteration 1900
Best Fitness: [2.08111602e-82]
4
iteration 2000
Best Fitness: [1.91364062e-83]
4
iteration 2100
Best Fitness: [1.87871939e-84]
4
iteration 2200
Best Fitness: [1.97110696e-85]
4
iteration 2300
Best Fitness: [2.26267576e-86]
4
iteration 2400
Best Fitness: [1.19453928e-86]
2
iteration 2500
Best Fitness: [6.18289981e-87]
2
iteration 2600
Best Fitness: [2.67240186e-87]
2
iteration 2700
Best Fitness: [1.22043633e-87]
2
iteration 2800
Best Fitness: [5.17018978e-88]
2
iteration 2900
Best Fitness: [2.56668956e-88]
1
iteration 2999
Best Fitness: [1.06199775e-88]
1
iteration 0
Best Fitness: [5524260.54737432]
100
iteration 100
Best Fitness: [6.44222336e-06]
100
iteration 200
Best Fitness: [6.10546599e-15]
100
iteration 300
Best Fitness: [8.90325658e-24]
100
iteration 400
Best Fitness: [9.84036004e-33]
100
iteration 500
Best Fitness: [2.95030587e-41]
100
iteration 600
Best Fitness: [3.68877775e-45]
34
iteration 700
Best Fitness: [2.42419538e-47]
34
iteration 800
Best Fitness: [7.1610459e-52]
34
iteration 900
Best Fitness: [5.36926653e-57]
34
iteration 1000
Best Fitness: [4.95144243e-62]
34
iteration 1100
Best Fitness: [3.21012526e-67]
34
iteration 1200
Best Fitness: [1.3649774e-69]
12
iteration 1300
Best Fitness: [8.48766927e-72]
12
iteration 1400
Best Fitness: [5.49667118e-74]
12
iteration 1500
Best Fitness: [3.70707783e-76]
12
iteration 1600
Best Fitness: [2.54700017e-78]
12
iteration 1700
Best Fitness: [1.4673587e-80]
12
iteration 1800
Best Fitness: [2.17227065e-81]
4
iteration 1900
Best Fitness: [2.18908534e-82]
4
iteration 2000
Best Fitness: [2.42093292e-83]
4
iteration 2100
Best Fitness: [2.69572171e-84]
4
iteration 2200
Best Fitness: [3.02888768e-85]
4
iteration 2300
Best Fitness: [2.86417282e-86]
4
iteration 2400
Best Fitness: [1.47373725e-86]
2
iteration 2500
Best Fitness: [6.42887927e-87]
2
iteration 2600
Best Fitness: [3.40365197e-87]
2
iteration 2700
Best Fitness: [1.33903721e-87]
2
iteration 2800
Best Fitness: [5.28442007e-88]
2
iteration 2900
Best Fitness: [2.5967518e-88]
1
iteration 2999
Best Fitness: [8.92943423e-89]
1
iteration 0
Best Fitness: [2669863.48440781]
100
iteration 100
Best Fitness: [1.05623457e-05]
100
iteration 200
Best Fitness: [6.17992945e-15]
100
iteration 300
Best Fitness: [8.60370534e-24]
100
iteration 400
Best Fitness: [1.447373e-32]
100
iteration 500
Best Fitness: [1.87543332e-41]
100
iteration 600
Best Fitness: [3.77920163e-45]
34
iteration 700
Best Fitness: [1.34676795e-47]
34
iteration 800
Best Fitness: [3.78727237e-52]
34
iteration 900
Best Fitness: [3.05554396e-57]
34
iteration 1000
Best Fitness: [3.55636798e-62]
34
iteration 1100
Best Fitness: [2.14337857e-67]
34
iteration 1200
Best Fitness: [8.17047469e-70]
12
iteration 1300
Best Fitness: [4.96644346e-72]
12
iteration 1400
Best Fitness: [2.85052287e-74]
12
iteration 1500
Best Fitness: [2.23986515e-76]
12
iteration 1600
Best Fitness: [1.27713646e-78]
12
iteration 1700
Best Fitness: [7.9601055e-81]
12
iteration 1800
Best Fitness: [1.13926523e-81]
4
iteration 1900
Best Fitness: [1.1853344e-82]
4
iteration 2000
Best Fitness: [1.08190679e-83]
4
iteration 2100
Best Fitness: [1.20699979e-84]
4
iteration 2200
Best Fitness: [1.09944091e-85]
4
iteration 2300
Best Fitness: [1.29385742e-86]
4
iteration 2400
Best Fitness: [8.49833753e-87]
2
iteration 2500
Best Fitness: [3.42222538e-87]
2
iteration 2600
Best Fitness: [1.73218138e-87]
2
iteration 2700
Best Fitness: [7.21846286e-88]
2
iteration 2800
Best Fitness: [3.17227991e-88]
2
iteration 2900
Best Fitness: [1.32247317e-88]
1
iteration 2999
Best Fitness: [5.56414733e-89]
1
iteration 0
Best Fitness: [1602177.45942483]
100
iteration 100
Best Fitness: [1.0646723e-05]
100
iteration 200
Best Fitness: [7.49392815e-15]
100
iteration 300
Best Fitness: [3.9755546e-24]
100
iteration 400
Best Fitness: [1.0908755e-32]
100
iteration 500
Best Fitness: [5.39472939e-41]
100
iteration 600
Best Fitness: [9.2719259e-45]
34
iteration 700
Best Fitness: [5.27400326e-47]
34
iteration 800
Best Fitness: [7.19860356e-52]
34
iteration 900
Best Fitness: [6.32184121e-57]
34
iteration 1000
Best Fitness: [3.51739977e-62]
34
iteration 1100
Best Fitness: [2.62308244e-67]
34
iteration 1200
Best Fitness: [1.25173048e-69]
12
iteration 1300
Best Fitness: [8.18480927e-72]
12
iteration 1400
Best Fitness: [5.01648415e-74]
12
iteration 1500
Best Fitness: [3.53937558e-76]
12
iteration 1600
Best Fitness: [2.38965946e-78]
12
iteration 1700
Best Fitness: [1.51569715e-80]
12
iteration 1800
Best Fitness: [1.99768294e-81]
4
iteration 1900
Best Fitness: [1.82187765e-82]
4
iteration 2000
Best Fitness: [2.16025594e-83]
4
iteration 2100
Best Fitness: [2.62520403e-84]
4
iteration 2200
Best Fitness: [2.69665171e-85]
4
iteration 2300
Best Fitness: [2.92369138e-86]
4
iteration 2400
Best Fitness: [1.15650825e-86]
2
iteration 2500
Best Fitness: [6.90245051e-87]
2
iteration 2600
Best Fitness: [3.16312675e-87]
2
iteration 2700
Best Fitness: [1.65123126e-87]
2
iteration 2800
Best Fitness: [7.68554442e-88]
2
iteration 2900
Best Fitness: [3.05484713e-88]
1
iteration 2999
Best Fitness: [1.36384302e-88]
1
[array([2.05444521e-88]), array([9.59383774e-89]), array([1.22061528e-88]), array([2.39750869e-88]), array([1.22538772e-88]), array([2.27204227e-88]), array([1.06199775e-88]), array([8.92943423e-89]), array([5.56414733e-89]), array([1.36384302e-88])]
iteration 0
Best Fitness: [412863.17389511]
100
iteration 100
Best Fitness: [3.21194697e-09]
100
iteration 200
Best Fitness: [1.27662163e-18]
100
iteration 300
Best Fitness: [2.38052377e-27]
100
iteration 400
Best Fitness: [4.80737199e-36]
100
iteration 500
Best Fitness: [9.96351195e-45]
100
iteration 600
Best Fitness: [1.41583661e-48]
34
iteration 700
Best Fitness: [3.4002725e-51]
34
iteration 800
Best Fitness: [1.05564855e-55]
34
iteration 900
Best Fitness: [8.33185725e-61]
34
iteration 1000
Best Fitness: [7.44851281e-66]
34
iteration 1100
Best Fitness: [8.58181032e-71]
34
iteration 1200
Best Fitness: [1.44536404e-73]
12
iteration 1300
Best Fitness: [1.02334461e-75]
12
iteration 1400
Best Fitness: [8.80208705e-78]
12
iteration 1500
Best Fitness: [4.15657007e-80]
12
iteration 1600
Best Fitness: [2.77683367e-82]
12
iteration 1700
Best Fitness: [1.81901226e-84]
12
iteration 1800
Best Fitness: [2.38720355e-85]
4
iteration 1900
Best Fitness: [2.88862439e-86]
4
iteration 2000
Best Fitness: [3.53534748e-87]
4
iteration 2100
Best Fitness: [3.10226958e-88]
4
iteration 2200
Best Fitness: [3.95853489e-89]
4
iteration 2300
Best Fitness: [4.87215263e-90]
4
iteration 2400
Best Fitness: [2.55226208e-90]
2
iteration 2500
Best Fitness: [9.91254241e-91]
2
iteration 2600
Best Fitness: [3.40860527e-91]
2
iteration 2700
Best Fitness: [1.72027119e-91]
2
iteration 2800
Best Fitness: [7.88648287e-92]
2
iteration 2900
Best Fitness: [3.53482394e-92]
1
iteration 2999
Best Fitness: [1.69822931e-92]
1
iteration 0
Best Fitness: [40358.85037564]
100
iteration 100
Best Fitness: [3.75651852e-09]
100
iteration 200
Best Fitness: [1.11559184e-18]
100
iteration 300
Best Fitness: [9.09792033e-28]
100
iteration 400
Best Fitness: [3.35229092e-36]
100
iteration 500
Best Fitness: [1.08323524e-44]
100
iteration 600
Best Fitness: [5.61708783e-49]
34
iteration 700
Best Fitness: [3.21048769e-51]
34
iteration 800
Best Fitness: [1.05072036e-55]
34
iteration 900
Best Fitness: [9.48215179e-61]
34
iteration 1000
Best Fitness: [8.24956524e-66]
34
iteration 1100
Best Fitness: [5.35860227e-71]
34
iteration 1200
Best Fitness: [1.57418376e-73]
12
iteration 1300
Best Fitness: [1.03335699e-75]
12
iteration 1400
Best Fitness: [6.7848134e-78]
12
iteration 1500
Best Fitness: [4.46785637e-80]
12
iteration 1600
Best Fitness: [3.03572759e-82]
12
iteration 1700
Best Fitness: [1.54636025e-84]
12
iteration 1800
Best Fitness: [2.38835554e-85]
4
iteration 1900
Best Fitness: [3.00632719e-86]
4
iteration 2000
Best Fitness: [2.74300305e-87]
4
iteration 2100
Best Fitness: [3.21555699e-88]
4
iteration 2200
Best Fitness: [3.89984067e-89]
4
iteration 2300
Best Fitness: [3.45674562e-90]
4
iteration 2400
Best Fitness: [1.95033392e-90]
2
iteration 2500
Best Fitness: [7.07043944e-91]
2
iteration 2600
Best Fitness: [3.51568935e-91]
2
iteration 2700
Best Fitness: [1.60689686e-91]
2
iteration 2800
Best Fitness: [6.88897143e-92]
2
iteration 2900
Best Fitness: [3.16510207e-92]
1
iteration 2999
Best Fitness: [1.63161179e-92]
1
iteration 0
Best Fitness: [552828.00462667]
100
iteration 100
Best Fitness: [1.70967625e-09]
100
iteration 200
Best Fitness: [6.16284946e-18]
100
iteration 300
Best Fitness: [6.09516791e-27]
100
iteration 400
Best Fitness: [8.46762914e-36]
100
iteration 500
Best Fitness: [3.40629231e-44]
100
iteration 600
Best Fitness: [2.28208105e-48]
34
iteration 700
Best Fitness: [6.09934913e-51]
34
iteration 800
Best Fitness: [1.25827379e-55]
34
iteration 900
Best Fitness: [2.0730345e-60]
34
iteration 1000
Best Fitness: [1.4874057e-65]
34
iteration 1100
Best Fitness: [1.05915977e-70]
34
iteration 1200
Best Fitness: [4.50356239e-73]
12
iteration 1300
Best Fitness: [2.11197628e-75]
12
iteration 1400
Best Fitness: [1.64933918e-77]
12
iteration 1500
Best Fitness: [1.0459924e-79]
12
iteration 1600
Best Fitness: [6.65546956e-82]
12
iteration 1700
Best Fitness: [4.42784108e-84]
12
iteration 1800
Best Fitness: [5.4515374e-85]
4
iteration 1900
Best Fitness: [5.76467039e-86]
4
iteration 2000
Best Fitness: [4.29643084e-87]
4
iteration 2100
Best Fitness: [6.67725868e-88]
4
iteration 2200
Best Fitness: [6.73119762e-89]
4
iteration 2300
Best Fitness: [7.83198956e-90]
4
iteration 2400
Best Fitness: [3.84890724e-90]
2
iteration 2500
Best Fitness: [1.52273463e-90]
2
iteration 2600
Best Fitness: [6.71903388e-91]
2
iteration 2700
Best Fitness: [2.81444631e-91]
2
iteration 2800
Best Fitness: [1.22321564e-91]
2
iteration 2900
Best Fitness: [6.07249241e-92]
1
iteration 2999
Best Fitness: [2.81448435e-92]
1
iteration 0
Best Fitness: [5141.59700002]
100
iteration 100
Best Fitness: [9.47905837e-10]
100
iteration 200
Best Fitness: [5.03419047e-18]
100
iteration 300
Best Fitness: [1.34495357e-27]
100
iteration 400
Best Fitness: [3.0386367e-36]
100
iteration 500
Best Fitness: [6.09981043e-45]
100
iteration 600
Best Fitness: [1.99888289e-48]
34
iteration 700
Best Fitness: [3.31271773e-51]
34
iteration 800
Best Fitness: [7.18089499e-56]
34
iteration 900
Best Fitness: [6.87158582e-61]
34
iteration 1000
Best Fitness: [5.11113135e-66]
34
iteration 1100
Best Fitness: [5.05683128e-71]
34
iteration 1200
Best Fitness: [1.58105857e-73]
12
iteration 1300
Best Fitness: [8.5942184e-76]
12
iteration 1400
Best Fitness: [5.68722966e-78]
12
iteration 1500
Best Fitness: [4.22137049e-80]
12
iteration 1600
Best Fitness: [2.62105194e-82]
12
iteration 1700
Best Fitness: [1.12568131e-84]
12
iteration 1800
Best Fitness: [1.50839742e-85]
4
iteration 1900
Best Fitness: [1.81801446e-86]
4
iteration 2000
Best Fitness: [1.61670326e-87]
4
iteration 2100
Best Fitness: [1.84038015e-88]
4
iteration 2200
Best Fitness: [1.9581661e-89]
4
iteration 2300
Best Fitness: [2.0585672e-90]
4
iteration 2400
Best Fitness: [1.34576934e-90]
2
iteration 2500
Best Fitness: [5.75517842e-91]
2
iteration 2600
Best Fitness: [2.52414422e-91]
2
iteration 2700
Best Fitness: [1.00684209e-91]
2
iteration 2800
Best Fitness: [5.11351496e-92]
2
iteration 2900
Best Fitness: [1.95191505e-92]
1
iteration 2999
Best Fitness: [9.53843663e-93]
1
iteration 0
Best Fitness: [3901.09606288]
100
iteration 100
Best Fitness: [6.23498708e-08]
100
iteration 200
Best Fitness: [1.25140243e-18]
100
iteration 300
Best Fitness: [1.45244387e-27]
100
iteration 400
Best Fitness: [5.61752484e-36]
100
iteration 500
Best Fitness: [1.02033919e-44]
100
iteration 600
Best Fitness: [1.85218117e-48]
34
iteration 700
Best Fitness: [2.59214166e-51]
34
iteration 800
Best Fitness: [7.04877231e-56]
34
iteration 900
Best Fitness: [9.31080527e-61]
34
iteration 1000
Best Fitness: [5.31741647e-66]
34
iteration 1100
Best Fitness: [3.59035411e-71]
34
iteration 1200
Best Fitness: [1.31733847e-73]
12
iteration 1300
Best Fitness: [1.04188698e-75]
12
iteration 1400
Best Fitness: [7.28452645e-78]
12
iteration 1500
Best Fitness: [4.7022962e-80]
12
iteration 1600
Best Fitness: [2.38411873e-82]
12
iteration 1700
Best Fitness: [1.5584369e-84]
12
iteration 1800
Best Fitness: [1.98113574e-85]
4
iteration 1900
Best Fitness: [1.7372657e-86]
4
iteration 2000
Best Fitness: [2.19281602e-87]
4
iteration 2100
Best Fitness: [2.29351088e-88]
4
iteration 2200
Best Fitness: [2.60041082e-89]
4
iteration 2300
Best Fitness: [2.66497203e-90]
4
iteration 2400
Best Fitness: [1.24099219e-90]
2
iteration 2500
Best Fitness: [5.76490151e-91]
2
iteration 2600
Best Fitness: [2.82017201e-91]
2
iteration 2700
Best Fitness: [1.18856926e-91]
2
iteration 2800
Best Fitness: [5.02133807e-92]
2
iteration 2900
Best Fitness: [2.36317671e-92]
1
iteration 2999
Best Fitness: [9.6543185e-93]
1
iteration 0
Best Fitness: [117478.21625615]
100
iteration 100
Best Fitness: [5.26881603e-09]
100
iteration 200
Best Fitness: [3.91526775e-18]
100
iteration 300
Best Fitness: [7.12941592e-28]
100
iteration 400
Best Fitness: [3.28064313e-36]
100
iteration 500
Best Fitness: [5.38609713e-45]
100
iteration 600
Best Fitness: [2.53244143e-48]
34
iteration 700
Best Fitness: [3.70210733e-51]
34
iteration 800
Best Fitness: [1.0673895e-55]
34
iteration 900
Best Fitness: [9.62854107e-61]
34
iteration 1000
Best Fitness: [8.20866533e-66]
34
iteration 1100
Best Fitness: [6.0718984e-71]
34
iteration 1200
Best Fitness: [2.23891857e-73]
12
iteration 1300
Best Fitness: [1.2465851e-75]
12
iteration 1400
Best Fitness: [8.85914388e-78]
12
iteration 1500
Best Fitness: [5.45093401e-80]
12
iteration 1600
Best Fitness: [3.64259368e-82]
12
iteration 1700
Best Fitness: [1.78589413e-84]
12
iteration 1800
Best Fitness: [2.40619283e-85]
4
iteration 1900
Best Fitness: [2.70442961e-86]
4
iteration 2000
Best Fitness: [2.85264289e-87]
4
iteration 2100
Best Fitness: [2.9547437e-88]
4
iteration 2200
Best Fitness: [3.02042186e-89]
4
iteration 2300
Best Fitness: [3.29000834e-90]
4
iteration 2400
Best Fitness: [1.77351448e-90]
2
iteration 2500
Best Fitness: [8.63894432e-91]
2
iteration 2600
Best Fitness: [3.74440861e-91]
2
iteration 2700
Best Fitness: [1.54660865e-91]
2
iteration 2800
Best Fitness: [6.1916219e-92]
2
iteration 2900
Best Fitness: [2.68758194e-92]
1
iteration 2999
Best Fitness: [1.28580433e-92]
1
iteration 0
Best Fitness: [1512107.28835804]
100
iteration 100
Best Fitness: [7.25553203e-08]
100
iteration 200
Best Fitness: [1.64756638e-18]
100
iteration 300
Best Fitness: [1.16044843e-27]
100
iteration 400
Best Fitness: [2.7939055e-36]
100
iteration 500
Best Fitness: [6.25994727e-45]
100
iteration 600
Best Fitness: [1.03649848e-48]
34
iteration 700
Best Fitness: [2.53497916e-51]
34
iteration 800
Best Fitness: [9.86972224e-56]
34
iteration 900
Best Fitness: [8.3475997e-61]
34
iteration 1000
Best Fitness: [7.61860442e-66]
34
iteration 1100
Best Fitness: [4.83548814e-71]
34
iteration 1200
Best Fitness: [2.96082531e-73]
12
iteration 1300
Best Fitness: [1.10442359e-75]
12
iteration 1400
Best Fitness: [6.85566397e-78]
12
iteration 1500
Best Fitness: [5.17723231e-80]
12
iteration 1600
Best Fitness: [2.76025851e-82]
12
iteration 1700
Best Fitness: [1.71188322e-84]
12
iteration 1800
Best Fitness: [2.15568735e-85]
4
iteration 1900
Best Fitness: [1.915563e-86]
4
iteration 2000
Best Fitness: [2.28876032e-87]
4
iteration 2100
Best Fitness: [2.26970126e-88]
4
iteration 2200
Best Fitness: [2.94641297e-89]
4
iteration 2300
Best Fitness: [3.89986521e-90]
4
iteration 2400
Best Fitness: [1.89077664e-90]
2
iteration 2500
Best Fitness: [8.6770618e-91]
2
iteration 2600
Best Fitness: [3.55301574e-91]
2
iteration 2700
Best Fitness: [1.8201885e-91]
2
iteration 2800
Best Fitness: [7.50573407e-92]
2
iteration 2900
Best Fitness: [4.32710272e-92]
1
iteration 2999
Best Fitness: [1.59416413e-92]
1
iteration 0
Best Fitness: [258093.58619717]
100
iteration 100
Best Fitness: [5.29345676e-09]
100
iteration 200
Best Fitness: [8.01728039e-18]
100
iteration 300
Best Fitness: [2.33784028e-27]
100
iteration 400
Best Fitness: [3.88006404e-36]
100
iteration 500
Best Fitness: [2.02771286e-44]
100
iteration 600
Best Fitness: [1.09483048e-48]
34
iteration 700
Best Fitness: [4.5913267e-51]
34
iteration 800
Best Fitness: [1.18631851e-55]
34
iteration 900
Best Fitness: [1.610634e-60]
34
iteration 1000
Best Fitness: [1.25184777e-65]
34
iteration 1100
Best Fitness: [9.79949349e-71]
34
iteration 1200
Best Fitness: [2.68800597e-73]
12
iteration 1300
Best Fitness: [1.25807948e-75]
12
iteration 1400
Best Fitness: [7.96670438e-78]
12
iteration 1500
Best Fitness: [5.70026959e-80]
12
iteration 1600
Best Fitness: [3.82190963e-82]
12
iteration 1700
Best Fitness: [2.6139439e-84]
12
iteration 1800
Best Fitness: [3.16144687e-85]
4
iteration 1900
Best Fitness: [2.9321753e-86]
4
iteration 2000
Best Fitness: [2.97523441e-87]
4
iteration 2100
Best Fitness: [2.94629489e-88]
4
iteration 2200
Best Fitness: [3.52811161e-89]
4
iteration 2300
Best Fitness: [3.31317627e-90]
4
iteration 2400
Best Fitness: [1.92032533e-90]
2
iteration 2500
Best Fitness: [1.14574643e-90]
2
iteration 2600
Best Fitness: [4.12554432e-91]
2
iteration 2700
Best Fitness: [1.82295405e-91]
2
iteration 2800
Best Fitness: [8.2700295e-92]
2
iteration 2900
Best Fitness: [3.65105933e-92]
1
iteration 2999
Best Fitness: [1.55261231e-92]
1
iteration 0
Best Fitness: [52171.55714457]
100
iteration 100
Best Fitness: [8.04580768e-08]
100
iteration 200
Best Fitness: [7.66726174e-19]
100
iteration 300
Best Fitness: [9.73822925e-28]
100
iteration 400
Best Fitness: [1.57800354e-36]
100
iteration 500
Best Fitness: [9.03383984e-45]
100
iteration 600
Best Fitness: [1.14123179e-48]
34
iteration 700
Best Fitness: [1.89600479e-51]
34
iteration 800
Best Fitness: [1.18770986e-55]
34
iteration 900
Best Fitness: [1.17496369e-60]
34
iteration 1000
Best Fitness: [8.80223298e-66]
34
iteration 1100
Best Fitness: [5.91309274e-71]
34
iteration 1200
Best Fitness: [1.69916693e-73]
12
iteration 1300
Best Fitness: [1.64436755e-75]
12
iteration 1400
Best Fitness: [7.2890458e-78]
12
iteration 1500
Best Fitness: [6.12660786e-80]
12
iteration 1600
Best Fitness: [3.58218258e-82]
12
iteration 1700
Best Fitness: [2.24335695e-84]
12
iteration 1800
Best Fitness: [2.63795394e-85]
4
iteration 1900
Best Fitness: [2.70715228e-86]
4
iteration 2000
Best Fitness: [2.77184857e-87]
4
iteration 2100
Best Fitness: [3.12257642e-88]
4
iteration 2200
Best Fitness: [3.33745733e-89]
4
iteration 2300
Best Fitness: [3.71854294e-90]
4
iteration 2400
Best Fitness: [2.11398745e-90]
2
iteration 2500
Best Fitness: [1.10674826e-90]
2
iteration 2600
Best Fitness: [4.34179577e-91]
2
iteration 2700
Best Fitness: [1.87742521e-91]
2
iteration 2800
Best Fitness: [8.55036477e-92]
2
iteration 2900
Best Fitness: [3.91751711e-92]
1
iteration 2999
Best Fitness: [1.34873581e-92]
1
iteration 0
Best Fitness: [54634.04297707]
100
iteration 100
Best Fitness: [4.26708875e-08]
100
iteration 200
Best Fitness: [1.86499278e-18]
100
iteration 300
Best Fitness: [4.69324275e-27]
100
iteration 400
Best Fitness: [9.29222653e-36]
100
iteration 500
Best Fitness: [1.03818879e-44]
100
iteration 600
Best Fitness: [4.0404289e-48]
34
iteration 700
Best Fitness: [3.57133368e-51]
34
iteration 800
Best Fitness: [9.18172348e-56]
34
iteration 900
Best Fitness: [8.75332079e-61]
34
iteration 1000
Best Fitness: [8.41879026e-66]
34
iteration 1100
Best Fitness: [6.76057225e-71]
34
iteration 1200
Best Fitness: [1.65876745e-73]
12
iteration 1300
Best Fitness: [1.16558841e-75]
12
iteration 1400
Best Fitness: [8.44788086e-78]
12
iteration 1500
Best Fitness: [6.45040609e-80]
12
iteration 1600
Best Fitness: [4.18021787e-82]
12
iteration 1700
Best Fitness: [3.35833114e-84]
12
iteration 1800
Best Fitness: [3.3385901e-85]
4
iteration 1900
Best Fitness: [2.90393692e-86]
4
iteration 2000
Best Fitness: [2.84139943e-87]
4
iteration 2100
Best Fitness: [2.80053471e-88]
4
iteration 2200
Best Fitness: [2.78903122e-89]
4
iteration 2300
Best Fitness: [3.22935185e-90]
4
iteration 2400
Best Fitness: [1.69433905e-90]
2
iteration 2500
Best Fitness: [7.46614768e-91]
2
iteration 2600
Best Fitness: [3.54154172e-91]
2
iteration 2700
Best Fitness: [1.5868838e-91]
2
iteration 2800
Best Fitness: [7.71835437e-92]
2
iteration 2900
Best Fitness: [3.72820231e-92]
1
iteration 2999
Best Fitness: [1.80063405e-92]
1
[array([1.69822931e-92]), array([1.63161179e-92]), array([2.81448435e-92]), array([9.53843663e-93]), array([9.6543185e-93]), array([1.28580433e-92]), array([1.59416413e-92]), array([1.55261231e-92]), array([1.34873581e-92]), array([1.80063405e-92])]
iteration 0
Best Fitness: [10.32932665]
100
iteration 100
Best Fitness: [1.36026195e-05]
100
iteration 200
Best Fitness: [3.22252891e-10]
100
iteration 300
Best Fitness: [9.99200722e-14]
100
iteration 400
Best Fitness: [9.99200722e-14]
100
iteration 500
Best Fitness: [9.99200722e-14]
100
iteration 600
Best Fitness: [6.79456491e-14]
34
iteration 700
Best Fitness: [6.79456491e-14]
34
iteration 800
Best Fitness: [6.79456491e-14]
34
iteration 900
Best Fitness: [6.79456491e-14]
34
iteration 1000
Best Fitness: [6.79456491e-14]
34
iteration 1100
Best Fitness: [6.79456491e-14]
34
iteration 1200
Best Fitness: [5.01820807e-14]
12
iteration 1300
Best Fitness: [5.01820807e-14]
12
iteration 1400
Best Fitness: [5.01820807e-14]
12
iteration 1500
Best Fitness: [5.01820807e-14]
12
iteration 1600
Best Fitness: [5.01820807e-14]
12
iteration 1700
Best Fitness: [5.01820807e-14]
12
iteration 1800
Best Fitness: [3.24185123e-14]
4
iteration 1900
Best Fitness: [3.24185123e-14]
4
iteration 2000
Best Fitness: [3.24185123e-14]
4
iteration 2100
Best Fitness: [3.24185123e-14]
4
iteration 2200
Best Fitness: [3.24185123e-14]
4
iteration 2300
Best Fitness: [3.24185123e-14]
4
iteration 2400
Best Fitness: [3.24185123e-14]
2
iteration 2500
Best Fitness: [3.24185123e-14]
2
iteration 2600
Best Fitness: [3.24185123e-14]
2
iteration 2700
Best Fitness: [3.24185123e-14]
2
iteration 2800
Best Fitness: [3.24185123e-14]
2
iteration 2900
Best Fitness: [2.88657986e-14]
1
iteration 2999
Best Fitness: [2.88657986e-14]
1
iteration 0
Best Fitness: [18.78277305]
100
iteration 100
Best Fitness: [1.48266741e-05]
100
iteration 200
Best Fitness: [3.63816088e-10]
100
iteration 300
Best Fitness: [1.14130927e-13]
100
iteration 400
Best Fitness: [1.14130927e-13]
100
iteration 500
Best Fitness: [1.14130927e-13]
100
iteration 600
Best Fitness: [6.43929354e-14]
34
iteration 700
Best Fitness: [6.43929354e-14]
34
iteration 800
Best Fitness: [6.43929354e-14]
34
iteration 900
Best Fitness: [6.43929354e-14]
34
iteration 1000
Best Fitness: [6.43929354e-14]
34
iteration 1100
Best Fitness: [6.43929354e-14]
34
iteration 1200
Best Fitness: [5.72875081e-14]
12
iteration 1300
Best Fitness: [5.72875081e-14]
12
iteration 1400
Best Fitness: [5.72875081e-14]
12
iteration 1500
Best Fitness: [5.72875081e-14]
12
iteration 1600
Best Fitness: [5.72875081e-14]
12
iteration 1700
Best Fitness: [5.72875081e-14]
12
iteration 1800
Best Fitness: [3.24185123e-14]
4
iteration 1900
Best Fitness: [3.24185123e-14]
4
iteration 2000
Best Fitness: [3.24185123e-14]
4
iteration 2100
Best Fitness: [3.24185123e-14]
4
iteration 2200
Best Fitness: [3.24185123e-14]
4
iteration 2300
Best Fitness: [3.24185123e-14]
4
iteration 2400
Best Fitness: [2.17603713e-14]
2
iteration 2500
Best Fitness: [2.17603713e-14]
2
iteration 2600
Best Fitness: [2.17603713e-14]
2
iteration 2700
Best Fitness: [2.17603713e-14]
2
iteration 2800
Best Fitness: [2.17603713e-14]
2
iteration 2900
Best Fitness: [2.17603713e-14]
1
iteration 2999
Best Fitness: [2.17603713e-14]
1
iteration 0
Best Fitness: [18.71916252]
100
iteration 100
Best Fitness: [1.50080798e-05]
100
iteration 200
Best Fitness: [4.08956868e-10]
100
iteration 300
Best Fitness: [1.35447209e-13]
100
iteration 400
Best Fitness: [1.35447209e-13]
100
iteration 500
Best Fitness: [1.35447209e-13]
100
iteration 600
Best Fitness: [7.50510765e-14]
34
iteration 700
Best Fitness: [7.50510765e-14]
34
iteration 800
Best Fitness: [7.50510765e-14]
34
iteration 900
Best Fitness: [7.50510765e-14]
34
iteration 1000
Best Fitness: [7.50510765e-14]
34
iteration 1100
Best Fitness: [7.50510765e-14]
34
iteration 1200
Best Fitness: [5.72875081e-14]
12
iteration 1300
Best Fitness: [5.72875081e-14]
12
iteration 1400
Best Fitness: [5.72875081e-14]
12
iteration 1500
Best Fitness: [5.72875081e-14]
12
iteration 1600
Best Fitness: [5.72875081e-14]
12
iteration 1700
Best Fitness: [5.72875081e-14]
12
iteration 1800
Best Fitness: [3.95239397e-14]
4
iteration 1900
Best Fitness: [3.24185123e-14]
4
iteration 2000
Best Fitness: [3.24185123e-14]
4
iteration 2100
Best Fitness: [3.24185123e-14]
4
iteration 2200
Best Fitness: [3.24185123e-14]
4
iteration 2300
Best Fitness: [3.24185123e-14]
4
iteration 2400
Best Fitness: [2.88657986e-14]
2
iteration 2500
Best Fitness: [2.88657986e-14]
2
iteration 2600
Best Fitness: [2.88657986e-14]
2
iteration 2700
Best Fitness: [2.88657986e-14]
2
iteration 2800
Best Fitness: [2.88657986e-14]
2
iteration 2900
Best Fitness: [2.88657986e-14]
1
iteration 2999
Best Fitness: [2.88657986e-14]
1
iteration 0
Best Fitness: [14.69861182]
100
iteration 100
Best Fitness: [1.35597583e-05]
100
iteration 200
Best Fitness: [3.96149336e-10]
100
iteration 300
Best Fitness: [1.10578213e-13]
100
iteration 400
Best Fitness: [1.10578213e-13]
100
iteration 500
Best Fitness: [1.10578213e-13]
100
iteration 600
Best Fitness: [7.86037901e-14]
34
iteration 700
Best Fitness: [7.86037901e-14]
34
iteration 800
Best Fitness: [7.86037901e-14]
34
iteration 900
Best Fitness: [7.86037901e-14]
34
iteration 1000
Best Fitness: [7.86037901e-14]
34
iteration 1100
Best Fitness: [7.86037901e-14]
34
iteration 1200
Best Fitness: [4.30766534e-14]
12
iteration 1300
Best Fitness: [4.30766534e-14]
12
iteration 1400
Best Fitness: [4.30766534e-14]
12
iteration 1500
Best Fitness: [4.30766534e-14]
12
iteration 1600
Best Fitness: [4.30766534e-14]
12
iteration 1700
Best Fitness: [4.30766534e-14]
12
iteration 1800
Best Fitness: [3.24185123e-14]
4
iteration 1900
Best Fitness: [3.24185123e-14]
4
iteration 2000
Best Fitness: [3.24185123e-14]
4
iteration 2100
Best Fitness: [3.24185123e-14]
4
iteration 2200
Best Fitness: [3.24185123e-14]
4
iteration 2300
Best Fitness: [3.24185123e-14]
4
iteration 2400
Best Fitness: [3.24185123e-14]
2
iteration 2500
Best Fitness: [3.24185123e-14]
2
iteration 2600
Best Fitness: [3.24185123e-14]
2
iteration 2700
Best Fitness: [3.24185123e-14]
2
iteration 2800
Best Fitness: [3.24185123e-14]
2
iteration 2900
Best Fitness: [2.17603713e-14]
1
iteration 2999
Best Fitness: [2.17603713e-14]
1
iteration 0
Best Fitness: [18.25892906]
100
iteration 100
Best Fitness: [1.92662227e-05]
100
iteration 200
Best Fitness: [3.87253341e-10]
100
iteration 300
Best Fitness: [1.14130927e-13]
100
iteration 400
Best Fitness: [1.14130927e-13]
100
iteration 500
Best Fitness: [1.14130927e-13]
100
iteration 600
Best Fitness: [7.50510765e-14]
34
iteration 700
Best Fitness: [7.50510765e-14]
34
iteration 800
Best Fitness: [7.50510765e-14]
34
iteration 900
Best Fitness: [7.50510765e-14]
34
iteration 1000
Best Fitness: [7.50510765e-14]
34
iteration 1100
Best Fitness: [7.50510765e-14]
34
iteration 1200
Best Fitness: [6.43929354e-14]
12
iteration 1300
Best Fitness: [6.43929354e-14]
12
iteration 1400
Best Fitness: [6.43929354e-14]
12
iteration 1500
Best Fitness: [6.43929354e-14]
12
iteration 1600
Best Fitness: [6.43929354e-14]
12
iteration 1700
Best Fitness: [6.43929354e-14]
12
iteration 1800
Best Fitness: [3.95239397e-14]
4
iteration 1900
Best Fitness: [3.95239397e-14]
4
iteration 2000
Best Fitness: [3.95239397e-14]
4
iteration 2100
Best Fitness: [3.95239397e-14]
4
iteration 2200
Best Fitness: [3.95239397e-14]
4
iteration 2300
Best Fitness: [3.95239397e-14]
4
iteration 2400
Best Fitness: [3.24185123e-14]
2
iteration 2500
Best Fitness: [3.24185123e-14]
2
iteration 2600
Best Fitness: [3.24185123e-14]
2
iteration 2700
Best Fitness: [3.24185123e-14]
2
iteration 2800
Best Fitness: [3.24185123e-14]
2
iteration 2900
Best Fitness: [2.5313085e-14]
1
iteration 2999
Best Fitness: [2.17603713e-14]
1
iteration 0
Best Fitness: [14.47602947]
100
iteration 100
Best Fitness: [1.43593251e-05]
100
iteration 200
Best Fitness: [3.52504248e-10]
100
iteration 300
Best Fitness: [1.14130927e-13]
100
iteration 400
Best Fitness: [1.14130927e-13]
100
iteration 500
Best Fitness: [1.14130927e-13]
100
iteration 600
Best Fitness: [6.79456491e-14]
34
iteration 700
Best Fitness: [6.79456491e-14]
34
iteration 800
Best Fitness: [6.79456491e-14]
34
iteration 900
Best Fitness: [6.79456491e-14]
34
iteration 1000
Best Fitness: [6.79456491e-14]
34
iteration 1100
Best Fitness: [6.79456491e-14]
34
iteration 1200
Best Fitness: [3.95239397e-14]
12
iteration 1300
Best Fitness: [3.95239397e-14]
12
iteration 1400
Best Fitness: [3.95239397e-14]
12
iteration 1500
Best Fitness: [3.95239397e-14]
12
iteration 1600
Best Fitness: [3.95239397e-14]
12
iteration 1700
Best Fitness: [3.95239397e-14]
12
iteration 1800
Best Fitness: [3.24185123e-14]
4
iteration 1900
Best Fitness: [3.24185123e-14]
4
iteration 2000
Best Fitness: [3.24185123e-14]
4
iteration 2100
Best Fitness: [3.24185123e-14]
4
iteration 2200
Best Fitness: [3.24185123e-14]
4
iteration 2300
Best Fitness: [3.24185123e-14]
4
iteration 2400
Best Fitness: [2.17603713e-14]
2
iteration 2500
Best Fitness: [2.17603713e-14]
2
iteration 2600
Best Fitness: [2.17603713e-14]
2
iteration 2700
Best Fitness: [2.17603713e-14]
2
iteration 2800
Best Fitness: [2.17603713e-14]
2
iteration 2900
Best Fitness: [2.17603713e-14]
1
iteration 2999
Best Fitness: [2.17603713e-14]
1
iteration 0
Best Fitness: [14.77489815]
100
iteration 100
Best Fitness: [1.5092597e-05]
100
iteration 200
Best Fitness: [3.87775589e-10]
100
iteration 300
Best Fitness: [1.21236354e-13]
100
iteration 400
Best Fitness: [1.21236354e-13]
100
iteration 500
Best Fitness: [1.21236354e-13]
100
iteration 600
Best Fitness: [5.72875081e-14]
34
iteration 700
Best Fitness: [5.72875081e-14]
34
iteration 800
Best Fitness: [5.72875081e-14]
34
iteration 900
Best Fitness: [5.72875081e-14]
34
iteration 1000
Best Fitness: [5.72875081e-14]
34
iteration 1100
Best Fitness: [5.72875081e-14]
34
iteration 1200
Best Fitness: [4.30766534e-14]
12
iteration 1300
Best Fitness: [4.30766534e-14]
12
iteration 1400
Best Fitness: [4.30766534e-14]
12
iteration 1500
Best Fitness: [4.30766534e-14]
12
iteration 1600
Best Fitness: [4.30766534e-14]
12
iteration 1700
Best Fitness: [4.30766534e-14]
12
iteration 1800
Best Fitness: [3.95239397e-14]
4
iteration 1900
Best Fitness: [3.95239397e-14]
4
iteration 2000
Best Fitness: [3.95239397e-14]
4
iteration 2100
Best Fitness: [3.95239397e-14]
4
iteration 2200
Best Fitness: [3.95239397e-14]
4
iteration 2300
Best Fitness: [3.95239397e-14]
4
iteration 2400
Best Fitness: [2.88657986e-14]
2
iteration 2500
Best Fitness: [2.88657986e-14]
2
iteration 2600
Best Fitness: [2.88657986e-14]
2
iteration 2700
Best Fitness: [2.88657986e-14]
2
iteration 2800
Best Fitness: [2.88657986e-14]
2
iteration 2900
Best Fitness: [2.5313085e-14]
1
iteration 2999
Best Fitness: [2.17603713e-14]
1
iteration 0
Best Fitness: [14.36235798]
100
iteration 100
Best Fitness: [1.24550956e-05]
100
iteration 200
Best Fitness: [2.49823717e-10]
100
iteration 300
Best Fitness: [1.14130927e-13]
100
iteration 400
Best Fitness: [1.14130927e-13]
100
iteration 500
Best Fitness: [1.14130927e-13]
100
iteration 600
Best Fitness: [6.79456491e-14]
34
iteration 700
Best Fitness: [6.79456491e-14]
34
iteration 800
Best Fitness: [6.79456491e-14]
34
iteration 900
Best Fitness: [6.79456491e-14]
34
iteration 1000
Best Fitness: [6.79456491e-14]
34
iteration 1100
Best Fitness: [6.79456491e-14]
34
iteration 1200
Best Fitness: [5.01820807e-14]
12
iteration 1300
Best Fitness: [5.01820807e-14]
12
iteration 1400
Best Fitness: [5.01820807e-14]
12
iteration 1500
Best Fitness: [5.01820807e-14]
12
iteration 1600
Best Fitness: [5.01820807e-14]
12
iteration 1700
Best Fitness: [5.01820807e-14]
12
iteration 1800
Best Fitness: [2.88657986e-14]
4
iteration 1900
Best Fitness: [2.88657986e-14]
4
iteration 2000
Best Fitness: [2.88657986e-14]
4
iteration 2100
Best Fitness: [2.88657986e-14]
4
iteration 2200
Best Fitness: [2.88657986e-14]
4
iteration 2300
Best Fitness: [2.88657986e-14]
4
iteration 2400
Best Fitness: [2.88657986e-14]
2
iteration 2500
Best Fitness: [2.88657986e-14]
2
iteration 2600
Best Fitness: [2.88657986e-14]
2
iteration 2700
Best Fitness: [2.88657986e-14]
2
iteration 2800
Best Fitness: [2.88657986e-14]
2
iteration 2900
Best Fitness: [2.88657986e-14]
1
iteration 2999
Best Fitness: [2.88657986e-14]
1
iteration 0
Best Fitness: [18.61733719]
100
iteration 100
Best Fitness: [1.47718206e-05]
100
iteration 200
Best Fitness: [3.24668736e-10]
100
iteration 300
Best Fitness: [8.57092175e-14]
100
iteration 400
Best Fitness: [8.57092175e-14]
100
iteration 500
Best Fitness: [8.57092175e-14]
100
iteration 600
Best Fitness: [4.30766534e-14]
34
iteration 700
Best Fitness: [4.30766534e-14]
34
iteration 800
Best Fitness: [4.30766534e-14]
34
iteration 900
Best Fitness: [4.30766534e-14]
34
iteration 1000
Best Fitness: [4.30766534e-14]
34
iteration 1100
Best Fitness: [4.30766534e-14]
34
iteration 1200
Best Fitness: [3.95239397e-14]
12
iteration 1300
Best Fitness: [3.95239397e-14]
12
iteration 1400
Best Fitness: [3.95239397e-14]
12
iteration 1500
Best Fitness: [3.95239397e-14]
12
iteration 1600
Best Fitness: [3.95239397e-14]
12
iteration 1700
Best Fitness: [3.95239397e-14]
12
iteration 1800
Best Fitness: [2.88657986e-14]
4
iteration 1900
Best Fitness: [2.88657986e-14]
4
iteration 2000
Best Fitness: [2.88657986e-14]
4
iteration 2100
Best Fitness: [2.88657986e-14]
4
iteration 2200
Best Fitness: [2.88657986e-14]
4
iteration 2300
Best Fitness: [2.88657986e-14]
4
iteration 2400
Best Fitness: [2.17603713e-14]
2
iteration 2500
Best Fitness: [2.17603713e-14]
2
iteration 2600
Best Fitness: [2.17603713e-14]
2
iteration 2700
Best Fitness: [2.17603713e-14]
2
iteration 2800
Best Fitness: [2.17603713e-14]
2
iteration 2900
Best Fitness: [2.17603713e-14]
1
iteration 2999
Best Fitness: [2.17603713e-14]
1
iteration 0
Best Fitness: [15.53898882]
100
iteration 100
Best Fitness: [1.26828367e-05]
100
iteration 200
Best Fitness: [3.9331427e-10]
100
iteration 300
Best Fitness: [1.10578213e-13]
100
iteration 400
Best Fitness: [1.10578213e-13]
100
iteration 500
Best Fitness: [1.10578213e-13]
100
iteration 600
Best Fitness: [6.43929354e-14]
34
iteration 700
Best Fitness: [6.43929354e-14]
34
iteration 800
Best Fitness: [6.43929354e-14]
34
iteration 900
Best Fitness: [6.43929354e-14]
34
iteration 1000
Best Fitness: [6.43929354e-14]
34
iteration 1100
Best Fitness: [6.43929354e-14]
34
iteration 1200
Best Fitness: [4.30766534e-14]
12
iteration 1300
Best Fitness: [4.30766534e-14]
12
iteration 1400
Best Fitness: [4.30766534e-14]
12
iteration 1500
Best Fitness: [4.30766534e-14]
12
iteration 1600
Best Fitness: [4.30766534e-14]
12
iteration 1700
Best Fitness: [4.30766534e-14]
12
iteration 1800
Best Fitness: [3.95239397e-14]
4
iteration 1900
Best Fitness: [3.95239397e-14]
4
iteration 2000
Best Fitness: [3.95239397e-14]
4
iteration 2100
Best Fitness: [3.95239397e-14]
4
iteration 2200
Best Fitness: [3.95239397e-14]
4
iteration 2300
Best Fitness: [3.95239397e-14]
4
iteration 2400
Best Fitness: [2.88657986e-14]
2
iteration 2500
Best Fitness: [2.88657986e-14]
2
iteration 2600
Best Fitness: [2.88657986e-14]
2
iteration 2700
Best Fitness: [2.88657986e-14]
2
iteration 2800
Best Fitness: [2.88657986e-14]
2
iteration 2900
Best Fitness: [2.17603713e-14]
1
iteration 2999
Best Fitness: [2.17603713e-14]
1
[array([2.88657986e-14]), array([2.17603713e-14]), array([2.88657986e-14]), array([2.17603713e-14]), array([2.17603713e-14]), array([2.17603713e-14]), array([2.17603713e-14]), array([2.88657986e-14]), array([2.17603713e-14]), array([2.17603713e-14])]
iteration 0
Best Fitness: [11.70076143]
100
iteration 100
Best Fitness: [0.01086671]
100
iteration 200
Best Fitness: [5.86117892e-08]
100
iteration 300
Best Fitness: [2.84217094e-13]
100
iteration 400
Best Fitness: [2.84217094e-13]
100
iteration 500
Best Fitness: [2.84217094e-13]
100
iteration 600
Best Fitness: [1.70530257e-13]
34
iteration 700
Best Fitness: [1.70530257e-13]
34
iteration 800
Best Fitness: [1.70530257e-13]
34
iteration 900
Best Fitness: [1.70530257e-13]
34
iteration 1000
Best Fitness: [1.70530257e-13]
34
iteration 1100
Best Fitness: [1.70530257e-13]
34
iteration 1200
Best Fitness: [1.13686838e-13]
12
iteration 1300
Best Fitness: [1.13686838e-13]
12
iteration 1400
Best Fitness: [1.13686838e-13]
12
iteration 1500
Best Fitness: [1.13686838e-13]
12
iteration 1600
Best Fitness: [1.13686838e-13]
12
iteration 1700
Best Fitness: [1.13686838e-13]
12
iteration 1800
Best Fitness: [1.13686838e-13]
4
iteration 1900
Best Fitness: [1.13686838e-13]
4
iteration 2000
Best Fitness: [1.13686838e-13]
4
iteration 2100
Best Fitness: [1.13686838e-13]
4
iteration 2200
Best Fitness: [1.13686838e-13]
4
iteration 2300
Best Fitness: [1.13686838e-13]
4
iteration 2400
Best Fitness: [5.68434189e-14]
2
iteration 2500
Best Fitness: [5.68434189e-14]
2
iteration 2600
Best Fitness: [5.68434189e-14]
2
iteration 2700
Best Fitness: [5.68434189e-14]
2
iteration 2800
Best Fitness: [5.68434189e-14]
2
iteration 2900
Best Fitness: [2.84217094e-14]
1
iteration 2999
Best Fitness: [2.84217094e-14]
1
iteration 0
Best Fitness: [12.64785063]
100
iteration 100
Best Fitness: [0.01174737]
100
iteration 200
Best Fitness: [7.69491635e-08]
100
iteration 300
Best Fitness: [5.68434189e-13]
100
iteration 400
Best Fitness: [5.68434189e-13]
100
iteration 500
Best Fitness: [5.68434189e-13]
100
iteration 600
Best Fitness: [2.27373675e-13]
34
iteration 700
Best Fitness: [2.27373675e-13]
34
iteration 800
Best Fitness: [2.27373675e-13]
34
iteration 900
Best Fitness: [2.27373675e-13]
34
iteration 1000
Best Fitness: [2.27373675e-13]
34
iteration 1100
Best Fitness: [2.27373675e-13]
34
iteration 1200
Best Fitness: [1.70530257e-13]
12
iteration 1300
Best Fitness: [1.70530257e-13]
12
iteration 1400
Best Fitness: [1.70530257e-13]
12
iteration 1500
Best Fitness: [1.70530257e-13]
12
iteration 1600
Best Fitness: [1.70530257e-13]
12
iteration 1700
Best Fitness: [1.70530257e-13]
12
iteration 1800
Best Fitness: [5.68434189e-14]
4
iteration 1900
Best Fitness: [5.68434189e-14]
4
iteration 2000
Best Fitness: [5.68434189e-14]
4
iteration 2100
Best Fitness: [5.68434189e-14]
4
iteration 2200
Best Fitness: [5.68434189e-14]
4
iteration 2300
Best Fitness: [5.68434189e-14]
4
iteration 2400
Best Fitness: [5.68434189e-14]
2
iteration 2500
Best Fitness: [5.68434189e-14]
2
iteration 2600
Best Fitness: [5.68434189e-14]
2
iteration 2700
Best Fitness: [5.68434189e-14]
2
iteration 2800
Best Fitness: [5.68434189e-14]
2
iteration 2900
Best Fitness: [2.84217094e-14]
1
iteration 2999
Best Fitness: [2.84217094e-14]
1
iteration 0
Best Fitness: [11.60788536]
100
iteration 100
Best Fitness: [0.01130749]
100
iteration 200
Best Fitness: [4.09996233e-08]
100
iteration 300
Best Fitness: [3.41060513e-13]
100
iteration 400
Best Fitness: [3.41060513e-13]
100
iteration 500
Best Fitness: [3.41060513e-13]
100
iteration 600
Best Fitness: [2.27373675e-13]
34
iteration 700
Best Fitness: [2.27373675e-13]
34
iteration 800
Best Fitness: [2.27373675e-13]
34
iteration 900
Best Fitness: [2.27373675e-13]
34
iteration 1000
Best Fitness: [2.27373675e-13]
34
iteration 1100
Best Fitness: [2.27373675e-13]
34
iteration 1200
Best Fitness: [2.27373675e-13]
12
iteration 1300
Best Fitness: [2.27373675e-13]
12
iteration 1400
Best Fitness: [2.27373675e-13]
12
iteration 1500
Best Fitness: [2.27373675e-13]
12
iteration 1600
Best Fitness: [2.27373675e-13]
12
iteration 1700
Best Fitness: [2.27373675e-13]
12
iteration 1800
Best Fitness: [1.13686838e-13]
4
iteration 1900
Best Fitness: [1.13686838e-13]
4
iteration 2000
Best Fitness: [1.13686838e-13]
4
iteration 2100
Best Fitness: [1.13686838e-13]
4
iteration 2200
Best Fitness: [1.13686838e-13]
4
iteration 2300
Best Fitness: [1.13686838e-13]
4
iteration 2400
Best Fitness: [1.13686838e-13]
2
iteration 2500
Best Fitness: [1.13686838e-13]
2
iteration 2600
Best Fitness: [1.13686838e-13]
2
iteration 2700
Best Fitness: [1.13686838e-13]
2
iteration 2800
Best Fitness: [1.13686838e-13]
2
iteration 2900
Best Fitness: [2.84217094e-14]
1
iteration 2999
Best Fitness: [2.84217094e-14]
1
iteration 0
Best Fitness: [11.96847093]
100
iteration 100
Best Fitness: [0.01069977]
100
iteration 200
Best Fitness: [6.41667839e-08]
100
iteration 300
Best Fitness: [3.12638804e-13]
100
iteration 400
Best Fitness: [3.12638804e-13]
100
iteration 500
Best Fitness: [3.12638804e-13]
100
iteration 600
Best Fitness: [1.13686838e-13]
34
iteration 700
Best Fitness: [1.13686838e-13]
34
iteration 800
Best Fitness: [1.13686838e-13]
34
iteration 900
Best Fitness: [1.13686838e-13]
34
iteration 1000
Best Fitness: [1.13686838e-13]
34
iteration 1100
Best Fitness: [1.13686838e-13]
34
iteration 1200
Best Fitness: [1.13686838e-13]
12
iteration 1300
Best Fitness: [1.13686838e-13]
12
iteration 1400
Best Fitness: [1.13686838e-13]
12
iteration 1500
Best Fitness: [1.13686838e-13]
12
iteration 1600
Best Fitness: [1.13686838e-13]
12
iteration 1700
Best Fitness: [1.13686838e-13]
12
iteration 1800
Best Fitness: [1.13686838e-13]
4
iteration 1900
Best Fitness: [1.13686838e-13]
4
iteration 2000
Best Fitness: [1.13686838e-13]
4
iteration 2100
Best Fitness: [1.13686838e-13]
4
iteration 2200
Best Fitness: [1.13686838e-13]
4
iteration 2300
Best Fitness: [1.13686838e-13]
4
iteration 2400
Best Fitness: [5.68434189e-14]
2
iteration 2500
Best Fitness: [5.68434189e-14]
2
iteration 2600
Best Fitness: [5.68434189e-14]
2
iteration 2700
Best Fitness: [5.68434189e-14]
2
iteration 2800
Best Fitness: [5.68434189e-14]
2
iteration 2900
Best Fitness: [5.68434189e-14]
1
iteration 2999
Best Fitness: [2.84217094e-14]
1
iteration 0
Best Fitness: [11.47228721]
100
iteration 100
Best Fitness: [0.01145035]
100
iteration 200
Best Fitness: [6.2996719e-08]
100
iteration 300
Best Fitness: [3.41060513e-13]
100
iteration 400
Best Fitness: [3.41060513e-13]
100
iteration 500
Best Fitness: [3.41060513e-13]
100
iteration 600
Best Fitness: [1.13686838e-13]
34
iteration 700
Best Fitness: [1.13686838e-13]
34
iteration 800
Best Fitness: [1.13686838e-13]
34
iteration 900
Best Fitness: [1.13686838e-13]
34
iteration 1000
Best Fitness: [1.13686838e-13]
34
iteration 1100
Best Fitness: [1.13686838e-13]
34
iteration 1200
Best Fitness: [1.13686838e-13]
12
iteration 1300
Best Fitness: [1.13686838e-13]
12
iteration 1400
Best Fitness: [1.13686838e-13]
12
iteration 1500
Best Fitness: [1.13686838e-13]
12
iteration 1600
Best Fitness: [1.13686838e-13]
12
iteration 1700
Best Fitness: [1.13686838e-13]
12
iteration 1800
Best Fitness: [1.13686838e-13]
4
iteration 1900
Best Fitness: [1.13686838e-13]
4
iteration 2000
Best Fitness: [1.13686838e-13]
4
iteration 2100
Best Fitness: [1.13686838e-13]
4
iteration 2200
Best Fitness: [1.13686838e-13]
4
iteration 2300
Best Fitness: [1.13686838e-13]
4
iteration 2400
Best Fitness: [2.84217094e-14]
2
iteration 2500
Best Fitness: [2.84217094e-14]
2
iteration 2600
Best Fitness: [2.84217094e-14]
2
iteration 2700
Best Fitness: [2.84217094e-14]
2
iteration 2800
Best Fitness: [2.84217094e-14]
2
iteration 2900
Best Fitness: [0.]
1
iteration 2999
Best Fitness: [0.]
1
iteration 0
Best Fitness: [13.00832384]
100
iteration 100
Best Fitness: [0.01211713]
100
iteration 200
Best Fitness: [6.24562233e-08]
100
iteration 300
Best Fitness: [5.68434189e-13]
100
iteration 400
Best Fitness: [5.68434189e-13]
100
iteration 500
Best Fitness: [5.68434189e-13]
100
iteration 600
Best Fitness: [1.42108547e-13]
34
iteration 700
Best Fitness: [1.42108547e-13]
34
iteration 800
Best Fitness: [1.42108547e-13]
34
iteration 900
Best Fitness: [1.42108547e-13]
34
iteration 1000
Best Fitness: [1.42108547e-13]
34
iteration 1100
Best Fitness: [1.42108547e-13]
34
iteration 1200
Best Fitness: [1.13686838e-13]
12
iteration 1300
Best Fitness: [1.13686838e-13]
12
iteration 1400
Best Fitness: [1.13686838e-13]
12
iteration 1500
Best Fitness: [1.13686838e-13]
12
iteration 1600
Best Fitness: [1.13686838e-13]
12
iteration 1700
Best Fitness: [1.13686838e-13]
12
iteration 1800
Best Fitness: [5.68434189e-14]
4
iteration 1900
Best Fitness: [5.68434189e-14]
4
iteration 2000
Best Fitness: [5.68434189e-14]
4
iteration 2100
Best Fitness: [5.68434189e-14]
4
iteration 2200
Best Fitness: [5.68434189e-14]
4
iteration 2300
Best Fitness: [5.68434189e-14]
4
iteration 2400
Best Fitness: [5.68434189e-14]
2
iteration 2500
Best Fitness: [5.68434189e-14]
2
iteration 2600
Best Fitness: [5.68434189e-14]
2
iteration 2700
Best Fitness: [5.68434189e-14]
2
iteration 2800
Best Fitness: [5.68434189e-14]
2
iteration 2900
Best Fitness: [2.84217094e-14]
1
iteration 2999
Best Fitness: [2.84217094e-14]
1
iteration 0
Best Fitness: [11.09459956]
100
iteration 100
Best Fitness: [0.01039268]
100
iteration 200
Best Fitness: [8.20623711e-08]
100
iteration 300
Best Fitness: [4.54747351e-13]
100
iteration 400
Best Fitness: [4.54747351e-13]
100
iteration 500
Best Fitness: [4.54747351e-13]
100
iteration 600
Best Fitness: [1.70530257e-13]
34
iteration 700
Best Fitness: [1.70530257e-13]
34
iteration 800
Best Fitness: [1.70530257e-13]
34
iteration 900
Best Fitness: [1.70530257e-13]
34
iteration 1000
Best Fitness: [1.70530257e-13]
34
iteration 1100
Best Fitness: [1.70530257e-13]
34
iteration 1200
Best Fitness: [1.70530257e-13]
12
iteration 1300
Best Fitness: [1.70530257e-13]
12
iteration 1400
Best Fitness: [1.70530257e-13]
12
iteration 1500
Best Fitness: [1.70530257e-13]
12
iteration 1600
Best Fitness: [1.70530257e-13]
12
iteration 1700
Best Fitness: [1.70530257e-13]
12
iteration 1800
Best Fitness: [1.13686838e-13]
4
iteration 1900
Best Fitness: [1.13686838e-13]
4
iteration 2000
Best Fitness: [1.13686838e-13]
4
iteration 2100
Best Fitness: [1.13686838e-13]
4
iteration 2200
Best Fitness: [1.13686838e-13]
4
iteration 2300
Best Fitness: [1.13686838e-13]
4
iteration 2400
Best Fitness: [5.68434189e-14]
2
iteration 2500
Best Fitness: [5.68434189e-14]
2
iteration 2600
Best Fitness: [5.68434189e-14]
2
iteration 2700
Best Fitness: [5.68434189e-14]
2
iteration 2800
Best Fitness: [5.68434189e-14]
2
iteration 2900
Best Fitness: [5.68434189e-14]
1
iteration 2999
Best Fitness: [5.68434189e-14]
1
iteration 0
Best Fitness: [12.90317335]
100
iteration 100
Best Fitness: [0.0106688]
100
iteration 200
Best Fitness: [8.75682247e-08]
100
iteration 300
Best Fitness: [3.41060513e-13]
100
iteration 400
Best Fitness: [3.41060513e-13]
100
iteration 500
Best Fitness: [3.41060513e-13]
100
iteration 600
Best Fitness: [2.27373675e-13]
34
iteration 700
Best Fitness: [2.27373675e-13]
34
iteration 800
Best Fitness: [2.27373675e-13]
34
iteration 900
Best Fitness: [2.27373675e-13]
34
iteration 1000
Best Fitness: [2.27373675e-13]
34
iteration 1100
Best Fitness: [2.27373675e-13]
34
iteration 1200
Best Fitness: [2.27373675e-13]
12
iteration 1300
Best Fitness: [2.27373675e-13]
12
iteration 1400
Best Fitness: [2.27373675e-13]
12
iteration 1500
Best Fitness: [2.27373675e-13]
12
iteration 1600
Best Fitness: [2.27373675e-13]
12
iteration 1700
Best Fitness: [2.27373675e-13]
12
iteration 1800
Best Fitness: [1.70530257e-13]
4
iteration 1900
Best Fitness: [1.70530257e-13]
4
iteration 2000
Best Fitness: [1.70530257e-13]
4
iteration 2100
Best Fitness: [1.70530257e-13]
4
iteration 2200
Best Fitness: [1.70530257e-13]
4
iteration 2300
Best Fitness: [1.70530257e-13]
4
iteration 2400
Best Fitness: [5.68434189e-14]
2
iteration 2500
Best Fitness: [5.68434189e-14]
2
iteration 2600
Best Fitness: [5.68434189e-14]
2
iteration 2700
Best Fitness: [5.68434189e-14]
2
iteration 2800
Best Fitness: [5.68434189e-14]
2
iteration 2900
Best Fitness: [5.68434189e-14]
1
iteration 2999
Best Fitness: [5.68434189e-14]
1
iteration 0
Best Fitness: [11.71666989]
100
iteration 100
Best Fitness: [0.01229066]
100
iteration 200
Best Fitness: [8.51389927e-08]
100
iteration 300
Best Fitness: [4.54747351e-13]
100
iteration 400
Best Fitness: [4.54747351e-13]
100
iteration 500
Best Fitness: [4.54747351e-13]
100
iteration 600
Best Fitness: [2.84217094e-13]
34
iteration 700
Best Fitness: [2.84217094e-13]
34
iteration 800
Best Fitness: [2.84217094e-13]
34
iteration 900
Best Fitness: [2.84217094e-13]
34
iteration 1000
Best Fitness: [2.84217094e-13]
34
iteration 1100
Best Fitness: [2.84217094e-13]
34
iteration 1200
Best Fitness: [1.13686838e-13]
12
iteration 1300
Best Fitness: [1.13686838e-13]
12
iteration 1400
Best Fitness: [1.13686838e-13]
12
iteration 1500
Best Fitness: [1.13686838e-13]
12
iteration 1600
Best Fitness: [1.13686838e-13]
12
iteration 1700
Best Fitness: [1.13686838e-13]
12
iteration 1800
Best Fitness: [5.68434189e-14]
4
iteration 1900
Best Fitness: [5.68434189e-14]
4
iteration 2000
Best Fitness: [5.68434189e-14]
4
iteration 2100
Best Fitness: [5.68434189e-14]
4
iteration 2200
Best Fitness: [5.68434189e-14]
4
iteration 2300
Best Fitness: [5.68434189e-14]
4
iteration 2400
Best Fitness: [5.68434189e-14]
2
iteration 2500
Best Fitness: [5.68434189e-14]
2
iteration 2600
Best Fitness: [5.68434189e-14]
2
iteration 2700
Best Fitness: [5.68434189e-14]
2
iteration 2800
Best Fitness: [5.68434189e-14]
2
iteration 2900
Best Fitness: [0.]
1
iteration 2999
Best Fitness: [0.]
1
iteration 0
Best Fitness: [11.22629965]
100
iteration 100
Best Fitness: [0.01165418]
100
iteration 200
Best Fitness: [8.37167136e-08]
100
iteration 300
Best Fitness: [1.02318154e-12]
100
iteration 400
Best Fitness: [1.02318154e-12]
100
iteration 500
Best Fitness: [1.02318154e-12]
100
iteration 600
Best Fitness: [2.27373675e-13]
34
iteration 700
Best Fitness: [2.27373675e-13]
34
iteration 800
Best Fitness: [2.27373675e-13]
34
iteration 900
Best Fitness: [2.27373675e-13]
34
iteration 1000
Best Fitness: [2.27373675e-13]
34
iteration 1100
Best Fitness: [2.27373675e-13]
34
iteration 1200
Best Fitness: [1.13686838e-13]
12
iteration 1300
Best Fitness: [1.13686838e-13]
12
iteration 1400
Best Fitness: [1.13686838e-13]
12
iteration 1500
Best Fitness: [1.13686838e-13]
12
iteration 1600
Best Fitness: [1.13686838e-13]
12
iteration 1700
Best Fitness: [1.13686838e-13]
12
iteration 1800
Best Fitness: [1.13686838e-13]
4
iteration 1900
Best Fitness: [1.13686838e-13]
4
iteration 2000
Best Fitness: [1.13686838e-13]
4
iteration 2100
Best Fitness: [1.13686838e-13]
4
iteration 2200
Best Fitness: [1.13686838e-13]
4
iteration 2300
Best Fitness: [1.13686838e-13]
4
iteration 2400
Best Fitness: [5.68434189e-14]
2
iteration 2500
Best Fitness: [5.68434189e-14]
2
iteration 2600
Best Fitness: [5.68434189e-14]
2
iteration 2700
Best Fitness: [5.68434189e-14]
2
iteration 2800
Best Fitness: [5.68434189e-14]
2
iteration 2900
Best Fitness: [5.68434189e-14]
1
iteration 2999
Best Fitness: [5.68434189e-14]
1
[array([2.84217094e-14]), array([2.84217094e-14]), array([2.84217094e-14]), array([2.84217094e-14]), array([0.]), array([2.84217094e-14]), array([5.68434189e-14]), array([5.68434189e-14]), array([0.]), array([5.68434189e-14])]
iteration 0
Best Fitness: [1.42355371]
100
iteration 100
Best Fitness: [0.01231607]
100
iteration 200
Best Fitness: [0.01231607]
100
iteration 300
Best Fitness: [0.01231607]
100
iteration 400
Best Fitness: [0.01231607]
100
iteration 500
Best Fitness: [0.01231607]
100
iteration 600
Best Fitness: [0.01231607]
34
iteration 700
Best Fitness: [0.01231607]
34
iteration 800
Best Fitness: [0.01231607]
34
iteration 900
Best Fitness: [0.01231607]
34
iteration 1000
Best Fitness: [0.00723759]
34
iteration 1100
Best Fitness: [3.61554977e-05]
34
iteration 1200
Best Fitness: [3.1624032e-05]
12
iteration 1300
Best Fitness: [6.44166019e-06]
12
iteration 1400
Best Fitness: [1.1884389e-09]
12
iteration 1500
Best Fitness: [1.1640221e-09]
12
iteration 1600
Best Fitness: [1.1640221e-09]
12
iteration 1700
Best Fitness: [3.95150579e-12]
12
iteration 1800
Best Fitness: [3.03979064e-12]
4
iteration 1900
Best Fitness: [2.13495888e-13]
4
iteration 2000
Best Fitness: [3.15303339e-14]
4
iteration 2100
Best Fitness: [3.15303339e-14]
4
iteration 2200
Best Fitness: [3.15303339e-14]
4
iteration 2300
Best Fitness: [2.22044605e-16]
4
iteration 2400
Best Fitness: [2.22044605e-16]
2
iteration 2500
Best Fitness: [1.11022302e-16]
2
iteration 2600
Best Fitness: [1.11022302e-16]
2
iteration 2700
Best Fitness: [1.11022302e-16]
2
iteration 2800
Best Fitness: [1.11022302e-16]
2
iteration 2900
Best Fitness: [1.11022302e-16]
1
iteration 2999
Best Fitness: [1.11022302e-16]
1
iteration 0
Best Fitness: [1.01196382]
100
iteration 100
Best Fitness: [6.50816068e-11]
100
iteration 200
Best Fitness: [7.77156117e-16]
100
iteration 300
Best Fitness: [7.77156117e-16]
100
iteration 400
Best Fitness: [7.77156117e-16]
100
iteration 500
Best Fitness: [7.77156117e-16]
100
iteration 600
Best Fitness: [5.55111512e-16]
34
iteration 700
Best Fitness: [5.55111512e-16]
34
iteration 800
Best Fitness: [5.55111512e-16]
34
iteration 900
Best Fitness: [5.55111512e-16]
34
iteration 1000
Best Fitness: [5.55111512e-16]
34
iteration 1100
Best Fitness: [5.55111512e-16]
34
iteration 1200
Best Fitness: [5.55111512e-16]
12
iteration 1300
Best Fitness: [5.55111512e-16]
12
iteration 1400
Best Fitness: [5.55111512e-16]
12
iteration 1500
Best Fitness: [5.55111512e-16]
12
iteration 1600
Best Fitness: [5.55111512e-16]
12
iteration 1700
Best Fitness: [5.55111512e-16]
12
iteration 1800
Best Fitness: [3.33066907e-16]
4
iteration 1900
Best Fitness: [3.33066907e-16]
4
iteration 2000
Best Fitness: [3.33066907e-16]
4
iteration 2100
Best Fitness: [3.33066907e-16]
4
iteration 2200
Best Fitness: [3.33066907e-16]
4
iteration 2300
Best Fitness: [3.33066907e-16]
4
iteration 2400
Best Fitness: [2.22044605e-16]
2
iteration 2500
Best Fitness: [2.22044605e-16]
2
iteration 2600
Best Fitness: [2.22044605e-16]
2
iteration 2700
Best Fitness: [2.22044605e-16]
2
iteration 2800
Best Fitness: [2.22044605e-16]
2
iteration 2900
Best Fitness: [2.22044605e-16]
1
iteration 2999
Best Fitness: [2.22044605e-16]
1
iteration 0
Best Fitness: [1.24178314]
100
iteration 100
Best Fitness: [0.02457329]
100
iteration 200
Best Fitness: [0.02457329]
100
iteration 300
Best Fitness: [0.02457329]
100
iteration 400
Best Fitness: [0.02457329]
100
iteration 500
Best Fitness: [0.02457329]
100
iteration 600
Best Fitness: [0.02457329]
34
iteration 700
Best Fitness: [0.02457329]
34
iteration 800
Best Fitness: [0.02457329]
34
iteration 900
Best Fitness: [0.02457329]
34
iteration 1000
Best Fitness: [0.00044413]
34
iteration 1100
Best Fitness: [1.14441567e-10]
34
iteration 1200
Best Fitness: [1.14327658e-10]
12
iteration 1300
Best Fitness: [3.88578059e-14]
12
iteration 1400
Best Fitness: [4.4408921e-16]
12
iteration 1500
Best Fitness: [4.4408921e-16]
12
iteration 1600
Best Fitness: [3.33066907e-16]
12
iteration 1700
Best Fitness: [3.33066907e-16]
12
iteration 1800
Best Fitness: [3.33066907e-16]
4
iteration 1900
Best Fitness: [3.33066907e-16]
4
iteration 2000
Best Fitness: [2.22044605e-16]
4
iteration 2100
Best Fitness: [2.22044605e-16]
4
iteration 2200
Best Fitness: [2.22044605e-16]
4
iteration 2300
Best Fitness: [2.22044605e-16]
4
iteration 2400
Best Fitness: [1.11022302e-16]
2
iteration 2500
Best Fitness: [1.11022302e-16]
2
iteration 2600
Best Fitness: [1.11022302e-16]
2
iteration 2700
Best Fitness: [1.11022302e-16]
2
iteration 2800
Best Fitness: [1.11022302e-16]
2
iteration 2900
Best Fitness: [1.11022302e-16]
1
iteration 2999
Best Fitness: [1.11022302e-16]
1
iteration 0
Best Fitness: [1.47082573]
100
iteration 100
Best Fitness: [5.56823476e-11]
100
iteration 200
Best Fitness: [7.77156117e-16]
100
iteration 300
Best Fitness: [7.77156117e-16]
100
iteration 400
Best Fitness: [7.77156117e-16]
100
iteration 500
Best Fitness: [7.77156117e-16]
100
iteration 600
Best Fitness: [6.66133815e-16]
34
iteration 700
Best Fitness: [6.66133815e-16]
34
iteration 800
Best Fitness: [6.66133815e-16]
34
iteration 900
Best Fitness: [6.66133815e-16]
34
iteration 1000
Best Fitness: [6.66133815e-16]
34
iteration 1100
Best Fitness: [6.66133815e-16]
34
iteration 1200
Best Fitness: [5.55111512e-16]
12
iteration 1300
Best Fitness: [5.55111512e-16]
12
iteration 1400
Best Fitness: [5.55111512e-16]
12
iteration 1500
Best Fitness: [5.55111512e-16]
12
iteration 1600
Best Fitness: [5.55111512e-16]
12
iteration 1700
Best Fitness: [5.55111512e-16]
12
iteration 1800
Best Fitness: [3.33066907e-16]
4
iteration 1900
Best Fitness: [3.33066907e-16]
4
iteration 2000
Best Fitness: [3.33066907e-16]
4
iteration 2100
Best Fitness: [3.33066907e-16]
4
iteration 2200
Best Fitness: [3.33066907e-16]
4
iteration 2300
Best Fitness: [3.33066907e-16]
4
iteration 2400
Best Fitness: [2.22044605e-16]
2
iteration 2500
Best Fitness: [2.22044605e-16]
2
iteration 2600
Best Fitness: [2.22044605e-16]
2
iteration 2700
Best Fitness: [2.22044605e-16]
2
iteration 2800
Best Fitness: [2.22044605e-16]
2
iteration 2900
Best Fitness: [2.22044605e-16]
1
iteration 2999
Best Fitness: [2.22044605e-16]
1
iteration 0
Best Fitness: [1.37339547]
100
iteration 100
Best Fitness: [0.01231607]
100
iteration 200
Best Fitness: [0.01231607]
100
iteration 300
Best Fitness: [0.01231607]
100
iteration 400
Best Fitness: [0.01231607]
100
iteration 500
Best Fitness: [0.01231607]
100
iteration 600
Best Fitness: [0.01231607]
34
iteration 700
Best Fitness: [0.0012888]
34
iteration 800
Best Fitness: [0.00027856]
34
iteration 900
Best Fitness: [0.00027855]
34
iteration 1000
Best Fitness: [0.0001292]
34
iteration 1100
Best Fitness: [0.0001292]
34
iteration 1200
Best Fitness: [1.13114089e-06]
12
iteration 1300
Best Fitness: [2.45486171e-07]
12
iteration 1400
Best Fitness: [2.45486045e-07]
12
iteration 1500
Best Fitness: [2.45486045e-07]
12
iteration 1600
Best Fitness: [2.39920236e-08]
12
iteration 1700
Best Fitness: [2.6791307e-09]
12
iteration 1800
Best Fitness: [2.6791307e-09]
4
iteration 1900
Best Fitness: [1.044409e-11]
4
iteration 2000
Best Fitness: [1.71873626e-12]
4
iteration 2100
Best Fitness: [1.71873626e-12]
4
iteration 2200
Best Fitness: [1.1165513e-12]
4
iteration 2300
Best Fitness: [2.66453526e-15]
4
iteration 2400
Best Fitness: [3.33066907e-16]
2
iteration 2500
Best Fitness: [1.11022302e-16]
2
iteration 2600
Best Fitness: [1.11022302e-16]
2
iteration 2700
Best Fitness: [1.11022302e-16]
2
iteration 2800
Best Fitness: [1.11022302e-16]
2
iteration 2900
Best Fitness: [1.11022302e-16]
1
iteration 2999
Best Fitness: [1.11022302e-16]
1
iteration 0
Best Fitness: [1.46188556]
100
iteration 100
Best Fitness: [0.14011689]
100
iteration 200
Best Fitness: [0.14011689]
100
iteration 300
Best Fitness: [0.14011689]
100
iteration 400
Best Fitness: [0.14011689]
100
iteration 500
Best Fitness: [0.14011689]
100
iteration 600
Best Fitness: [0.14011689]
34
iteration 700
Best Fitness: [0.14011689]
34
iteration 800
Best Fitness: [0.14011689]
34
iteration 900
Best Fitness: [0.14011689]
34
iteration 1000
Best Fitness: [0.14011689]
34
iteration 1100
Best Fitness: [0.14011689]
34
iteration 1200
Best Fitness: [0.00735607]
12
iteration 1300
Best Fitness: [1.21091573e-08]
12
iteration 1400
Best Fitness: [8.85336249e-12]
12
iteration 1500
Best Fitness: [7.77156117e-16]
12
iteration 1600
Best Fitness: [2.22044605e-16]
12
iteration 1700
Best Fitness: [2.22044605e-16]
12
iteration 1800
Best Fitness: [2.22044605e-16]
4
iteration 1900
Best Fitness: [2.22044605e-16]
4
iteration 2000
Best Fitness: [2.22044605e-16]
4
iteration 2100
Best Fitness: [2.22044605e-16]
4
iteration 2200
Best Fitness: [2.22044605e-16]
4
iteration 2300
Best Fitness: [2.22044605e-16]
4
iteration 2400
Best Fitness: [2.22044605e-16]
2
iteration 2500
Best Fitness: [2.22044605e-16]
2
iteration 2600
Best Fitness: [2.22044605e-16]
2
iteration 2700
Best Fitness: [2.22044605e-16]
2
iteration 2800
Best Fitness: [2.22044605e-16]
2
iteration 2900
Best Fitness: [1.11022302e-16]
1
iteration 2999
Best Fitness: [1.11022302e-16]
1
iteration 0
Best Fitness: [1.35789719]
100
iteration 100
Best Fitness: [0.02457329]
100
iteration 200
Best Fitness: [0.02457329]
100
iteration 300
Best Fitness: [0.02457329]
100
iteration 400
Best Fitness: [0.02457329]
100
iteration 500
Best Fitness: [0.02457329]
100
iteration 600
Best Fitness: [0.01688593]
34
iteration 700
Best Fitness: [0.00039285]
34
iteration 800
Best Fitness: [0.00036793]
34
iteration 900
Best Fitness: [5.5544968e-06]
34
iteration 1000
Best Fitness: [3.06556841e-08]
34
iteration 1100
Best Fitness: [9.2165312e-09]
34
iteration 1200
Best Fitness: [1.07327858e-09]
12
iteration 1300
Best Fitness: [1.57833746e-11]
12
iteration 1400
Best Fitness: [2.22044605e-16]
12
iteration 1500
Best Fitness: [2.22044605e-16]
12
iteration 1600
Best Fitness: [2.22044605e-16]
12
iteration 1700
Best Fitness: [2.22044605e-16]
12
iteration 1800
Best Fitness: [2.22044605e-16]
4
iteration 1900
Best Fitness: [2.22044605e-16]
4
iteration 2000
Best Fitness: [2.22044605e-16]
4
iteration 2100
Best Fitness: [2.22044605e-16]
4
iteration 2200
Best Fitness: [2.22044605e-16]
4
iteration 2300
Best Fitness: [2.22044605e-16]
4
iteration 2400
Best Fitness: [1.11022302e-16]
2
iteration 2500
Best Fitness: [1.11022302e-16]
2
iteration 2600
Best Fitness: [1.11022302e-16]
2
iteration 2700
Best Fitness: [1.11022302e-16]
2
iteration 2800
Best Fitness: [1.11022302e-16]
2
iteration 2900
Best Fitness: [1.11022302e-16]
1
iteration 2999
Best Fitness: [1.11022302e-16]
1
iteration 0
Best Fitness: [1.20526996]
100
iteration 100
Best Fitness: [0.03195703]
100
iteration 200
Best Fitness: [0.03195703]
100
iteration 300
Best Fitness: [0.03195703]
100
iteration 400
Best Fitness: [0.03195703]
100
iteration 500
Best Fitness: [0.03195703]
100
iteration 600
Best Fitness: [0.01490233]
34
iteration 700
Best Fitness: [2.74036185e-06]
34
iteration 800
Best Fitness: [4.94979358e-07]
34
iteration 900
Best Fitness: [2.16361151e-10]
34
iteration 1000
Best Fitness: [2.15284235e-10]
34
iteration 1100
Best Fitness: [6.64180932e-11]
34
iteration 1200
Best Fitness: [5.55111512e-16]
12
iteration 1300
Best Fitness: [2.22044605e-16]
12
iteration 1400
Best Fitness: [2.22044605e-16]
12
iteration 1500
Best Fitness: [2.22044605e-16]
12
iteration 1600
Best Fitness: [1.11022302e-16]
12
iteration 1700
Best Fitness: [1.11022302e-16]
12
iteration 1800
Best Fitness: [1.11022302e-16]
4
iteration 1900
Best Fitness: [1.11022302e-16]
4
iteration 2000
Best Fitness: [1.11022302e-16]
4
iteration 2100
Best Fitness: [1.11022302e-16]
4
iteration 2200
Best Fitness: [1.11022302e-16]
4
iteration 2300
Best Fitness: [1.11022302e-16]
4
iteration 2400
Best Fitness: [1.11022302e-16]
2
iteration 2500
Best Fitness: [1.11022302e-16]
2
iteration 2600
Best Fitness: [1.11022302e-16]
2
iteration 2700
Best Fitness: [1.11022302e-16]
2
iteration 2800
Best Fitness: [1.11022302e-16]
2
iteration 2900
Best Fitness: [1.11022302e-16]
1
iteration 2999
Best Fitness: [1.11022302e-16]
1
iteration 0
Best Fitness: [1.42050539]
100
iteration 100
Best Fitness: [4.94708718e-11]
100
iteration 200
Best Fitness: [7.77156117e-16]
100
iteration 300
Best Fitness: [7.77156117e-16]
100
iteration 400
Best Fitness: [7.77156117e-16]
100
iteration 500
Best Fitness: [7.77156117e-16]
100
iteration 600
Best Fitness: [4.4408921e-16]
34
iteration 700
Best Fitness: [4.4408921e-16]
34
iteration 800
Best Fitness: [4.4408921e-16]
34
iteration 900
Best Fitness: [4.4408921e-16]
34
iteration 1000
Best Fitness: [4.4408921e-16]
34
iteration 1100
Best Fitness: [4.4408921e-16]
34
iteration 1200
Best Fitness: [3.33066907e-16]
12
iteration 1300
Best Fitness: [3.33066907e-16]
12
iteration 1400
Best Fitness: [3.33066907e-16]
12
iteration 1500
Best Fitness: [3.33066907e-16]
12
iteration 1600
Best Fitness: [3.33066907e-16]
12
iteration 1700
Best Fitness: [3.33066907e-16]
12
iteration 1800
Best Fitness: [3.33066907e-16]
4
iteration 1900
Best Fitness: [3.33066907e-16]
4
iteration 2000
Best Fitness: [3.33066907e-16]
4
iteration 2100
Best Fitness: [3.33066907e-16]
4
iteration 2200
Best Fitness: [3.33066907e-16]
4
iteration 2300
Best Fitness: [3.33066907e-16]
4
iteration 2400
Best Fitness: [2.22044605e-16]
2
iteration 2500
Best Fitness: [2.22044605e-16]
2
iteration 2600
Best Fitness: [2.22044605e-16]
2
iteration 2700
Best Fitness: [2.22044605e-16]
2
iteration 2800
Best Fitness: [2.22044605e-16]
2
iteration 2900
Best Fitness: [2.22044605e-16]
1
iteration 2999
Best Fitness: [2.22044605e-16]
1
iteration 0
Best Fitness: [1.17458371]
100
iteration 100
Best Fitness: [0.01231607]
100
iteration 200
Best Fitness: [0.01231607]
100
iteration 300
Best Fitness: [0.01231607]
100
iteration 400
Best Fitness: [0.01231607]
100
iteration 500
Best Fitness: [0.01231607]
100
iteration 600
Best Fitness: [0.01231607]
34
iteration 700
Best Fitness: [0.01231607]
34
iteration 800
Best Fitness: [0.01231607]
34
iteration 900
Best Fitness: [0.01231607]
34
iteration 1000
Best Fitness: [0.01231607]
34
iteration 1100
Best Fitness: [0.00050057]
34
iteration 1200
Best Fitness: [0.0003027]
12
iteration 1300
Best Fitness: [9.39598145e-08]
12
iteration 1400
Best Fitness: [3.35380612e-11]
12
iteration 1500
Best Fitness: [3.35372841e-11]
12
iteration 1600
Best Fitness: [3.35372841e-11]
12
iteration 1700
Best Fitness: [3.35372841e-11]
12
iteration 1800
Best Fitness: [3.3537173e-11]
4
iteration 1900
Best Fitness: [2.52164956e-11]
4
iteration 2000
Best Fitness: [1.07136522e-13]
4
iteration 2100
Best Fitness: [1.33226763e-15]
4
iteration 2200
Best Fitness: [1.33226763e-15]
4
iteration 2300
Best Fitness: [1.33226763e-15]
4
iteration 2400
Best Fitness: [1.33226763e-15]
2
iteration 2500
Best Fitness: [1.33226763e-15]
2
iteration 2600
Best Fitness: [1.33226763e-15]
2
iteration 2700
Best Fitness: [1.33226763e-15]
2
iteration 2800
Best Fitness: [1.33226763e-15]
2
iteration 2900
Best Fitness: [1.33226763e-15]
1
iteration 2999
Best Fitness: [1.33226763e-15]
1
[array([1.11022302e-16]), array([2.22044605e-16]), array([1.11022302e-16]), array([2.22044605e-16]), array([1.11022302e-16]), array([1.11022302e-16]), array([1.11022302e-16]), array([1.11022302e-16]), array([2.22044605e-16]), array([1.33226763e-15])]
iteration 0
Best Fitness: [7.10446445e-06]
100
iteration 100
Best Fitness: [0.]
100
iteration 200
Best Fitness: [0.]
100
iteration 300
Best Fitness: [0.]
100
iteration 400
Best Fitness: [0.]
100
iteration 500
Best Fitness: [0.]
100
iteration 600
Best Fitness: [0.]
34
iteration 700
Best Fitness: [0.]
34
iteration 800
Best Fitness: [0.]
34
iteration 900
Best Fitness: [0.]
34
iteration 1000
Best Fitness: [0.]
34
iteration 1100
Best Fitness: [0.]
34
iteration 1200
Best Fitness: [0.]
12
iteration 1300
Best Fitness: [0.]
12
iteration 1400
Best Fitness: [0.]
12
iteration 1500
Best Fitness: [0.]
12
iteration 1600
Best Fitness: [0.]
12
iteration 1700
Best Fitness: [0.]
12
iteration 1800
Best Fitness: [0.]
4
iteration 1900
Best Fitness: [0.]
4
iteration 2000
Best Fitness: [0.]
4
iteration 2100
Best Fitness: [0.]
4
iteration 2200
Best Fitness: [0.]
4
iteration 2300
Best Fitness: [0.]
4
iteration 2400
Best Fitness: [0.]
2
iteration 2500
Best Fitness: [0.]
2
iteration 2600
Best Fitness: [0.]
2
iteration 2700
Best Fitness: [0.]
2
iteration 2800
Best Fitness: [0.]
2
iteration 2900
Best Fitness: [0.]
1
iteration 2999
Best Fitness: [0.]
1
iteration 0
Best Fitness: [4.09223099e-05]
100
iteration 100
Best Fitness: [0.]
100
iteration 200
Best Fitness: [0.]
100
iteration 300
Best Fitness: [0.]
100
iteration 400
Best Fitness: [0.]
100
iteration 500
Best Fitness: [0.]
100
iteration 600
Best Fitness: [0.]
34
iteration 700
Best Fitness: [0.]
34
iteration 800
Best Fitness: [0.]
34
iteration 900
Best Fitness: [0.]
34
iteration 1000
Best Fitness: [0.]
34
iteration 1100
Best Fitness: [0.]
34
iteration 1200
Best Fitness: [0.]
12
iteration 1300
Best Fitness: [0.]
12
iteration 1400
Best Fitness: [0.]
12
iteration 1500
Best Fitness: [0.]
12
iteration 1600
Best Fitness: [0.]
12
iteration 1700
Best Fitness: [0.]
12
iteration 1800
Best Fitness: [0.]
4
iteration 1900
Best Fitness: [0.]
4
iteration 2000
Best Fitness: [0.]
4
iteration 2100
Best Fitness: [0.]
4
iteration 2200
Best Fitness: [0.]
4
iteration 2300
Best Fitness: [0.]
4
iteration 2400
Best Fitness: [0.]
2
iteration 2500
Best Fitness: [0.]
2
iteration 2600
Best Fitness: [0.]
2
iteration 2700
Best Fitness: [0.]
2
iteration 2800
Best Fitness: [0.]
2
iteration 2900
Best Fitness: [0.]
1
iteration 2999
Best Fitness: [0.]
1
iteration 0
Best Fitness: [6.33061483e-05]
100
iteration 100
Best Fitness: [0.]
100
iteration 200
Best Fitness: [0.]
100
iteration 300
Best Fitness: [0.]
100
iteration 400
Best Fitness: [0.]
100
iteration 500
Best Fitness: [0.]
100
iteration 600
Best Fitness: [0.]
34
iteration 700
Best Fitness: [0.]
34
iteration 800
Best Fitness: [0.]
34
iteration 900
Best Fitness: [0.]
34
iteration 1000
Best Fitness: [0.]
34
iteration 1100
Best Fitness: [0.]
34
iteration 1200
Best Fitness: [0.]
12
iteration 1300
Best Fitness: [0.]
12
iteration 1400
Best Fitness: [0.]
12
iteration 1500
Best Fitness: [0.]
12
iteration 1600
Best Fitness: [0.]
12
iteration 1700
Best Fitness: [0.]
12
iteration 1800
Best Fitness: [0.]
4
iteration 1900
Best Fitness: [0.]
4
iteration 2000
Best Fitness: [0.]
4
iteration 2100
Best Fitness: [0.]
4
iteration 2200
Best Fitness: [0.]
4
iteration 2300
Best Fitness: [0.]
4
iteration 2400
Best Fitness: [0.]
2
iteration 2500
Best Fitness: [0.]
2
iteration 2600
Best Fitness: [0.]
2
iteration 2700
Best Fitness: [0.]
2
iteration 2800
Best Fitness: [0.]
2
iteration 2900
Best Fitness: [0.]
1
iteration 2999
Best Fitness: [0.]
1
iteration 0
Best Fitness: [7.7695631e-06]
100
iteration 100
Best Fitness: [0.]
100
iteration 200
Best Fitness: [0.]
100
iteration 300
Best Fitness: [0.]
100
iteration 400
Best Fitness: [0.]
100
iteration 500
Best Fitness: [0.]
100
iteration 600
Best Fitness: [0.]
34
iteration 700
Best Fitness: [0.]
34
iteration 800
Best Fitness: [0.]
34
iteration 900
Best Fitness: [0.]
34
iteration 1000
Best Fitness: [0.]
34
iteration 1100
Best Fitness: [0.]
34
iteration 1200
Best Fitness: [0.]
12
iteration 1300
Best Fitness: [0.]
12
iteration 1400
Best Fitness: [0.]
12
iteration 1500
Best Fitness: [0.]
12
iteration 1600
Best Fitness: [0.]
12
iteration 1700
Best Fitness: [0.]
12
iteration 1800
Best Fitness: [0.]
4
iteration 1900
Best Fitness: [0.]
4
iteration 2000
Best Fitness: [0.]
4
iteration 2100
Best Fitness: [0.]
4
iteration 2200
Best Fitness: [0.]
4
iteration 2300
Best Fitness: [0.]
4
iteration 2400
Best Fitness: [0.]
2
iteration 2500
Best Fitness: [0.]
2
iteration 2600
Best Fitness: [0.]
2
iteration 2700
Best Fitness: [0.]
2
iteration 2800
Best Fitness: [0.]
2
iteration 2900
Best Fitness: [0.]
1
iteration 2999
Best Fitness: [0.]
1
iteration 0
Best Fitness: [4.70880442e-06]
100
iteration 100
Best Fitness: [0.]
100
iteration 200
Best Fitness: [0.]
100
iteration 300
Best Fitness: [0.]
100
iteration 400
Best Fitness: [0.]
100
iteration 500
Best Fitness: [0.]
100
iteration 600
Best Fitness: [0.]
34
iteration 700
Best Fitness: [0.]
34
iteration 800
Best Fitness: [0.]
34
iteration 900
Best Fitness: [0.]
34
iteration 1000
Best Fitness: [0.]
34
iteration 1100
Best Fitness: [0.]
34
iteration 1200
Best Fitness: [0.]
12
iteration 1300
Best Fitness: [0.]
12
iteration 1400
Best Fitness: [0.]
12
iteration 1500
Best Fitness: [0.]
12
iteration 1600
Best Fitness: [0.]
12
iteration 1700
Best Fitness: [0.]
12
iteration 1800
Best Fitness: [0.]
4
iteration 1900
Best Fitness: [0.]
4
iteration 2000
Best Fitness: [0.]
4
iteration 2100
Best Fitness: [0.]
4
iteration 2200
Best Fitness: [0.]
4
iteration 2300
Best Fitness: [0.]
4
iteration 2400
Best Fitness: [0.]
2
iteration 2500
Best Fitness: [0.]
2
iteration 2600
Best Fitness: [0.]
2
iteration 2700
Best Fitness: [0.]
2
iteration 2800
Best Fitness: [0.]
2
iteration 2900
Best Fitness: [0.]
1
iteration 2999
Best Fitness: [0.]
1
iteration 0
Best Fitness: [5.22545974e-05]
100
iteration 100
Best Fitness: [0.]
100
iteration 200
Best Fitness: [0.]
100
iteration 300
Best Fitness: [0.]
100
iteration 400
Best Fitness: [0.]
100
iteration 500
Best Fitness: [0.]
100
iteration 600
Best Fitness: [0.]
34
iteration 700
Best Fitness: [0.]
34
iteration 800
Best Fitness: [0.]
34
iteration 900
Best Fitness: [0.]
34
iteration 1000
Best Fitness: [0.]
34
iteration 1100
Best Fitness: [0.]
34
iteration 1200
Best Fitness: [0.]
12
iteration 1300
Best Fitness: [0.]
12
iteration 1400
Best Fitness: [0.]
12
iteration 1500
Best Fitness: [0.]
12
iteration 1600
Best Fitness: [0.]
12
iteration 1700
Best Fitness: [0.]
12
iteration 1800
Best Fitness: [0.]
4
iteration 1900
Best Fitness: [0.]
4
iteration 2000
Best Fitness: [0.]
4
iteration 2100
Best Fitness: [0.]
4
iteration 2200
Best Fitness: [0.]
4
iteration 2300
Best Fitness: [0.]
4
iteration 2400
Best Fitness: [0.]
2
iteration 2500
Best Fitness: [0.]
2
iteration 2600
Best Fitness: [0.]
2
iteration 2700
Best Fitness: [0.]
2
iteration 2800
Best Fitness: [0.]
2
iteration 2900
Best Fitness: [0.]
1
iteration 2999
Best Fitness: [0.]
1
iteration 0
Best Fitness: [5.55751791e-05]
100
iteration 100
Best Fitness: [0.]
100
iteration 200
Best Fitness: [0.]
100
iteration 300
Best Fitness: [0.]
100
iteration 400
Best Fitness: [0.]
100
iteration 500
Best Fitness: [0.]
100
iteration 600
Best Fitness: [0.]
34
iteration 700
Best Fitness: [0.]
34
iteration 800
Best Fitness: [0.]
34
iteration 900
Best Fitness: [0.]
34
iteration 1000
Best Fitness: [0.]
34
iteration 1100
Best Fitness: [0.]
34
iteration 1200
Best Fitness: [0.]
12
iteration 1300
Best Fitness: [0.]
12
iteration 1400
Best Fitness: [0.]
12
iteration 1500
Best Fitness: [0.]
12
iteration 1600
Best Fitness: [0.]
12
iteration 1700
Best Fitness: [0.]
12
iteration 1800
Best Fitness: [0.]
4
iteration 1900
Best Fitness: [0.]
4
iteration 2000
Best Fitness: [0.]
4
iteration 2100
Best Fitness: [0.]
4
iteration 2200
Best Fitness: [0.]
4
iteration 2300
Best Fitness: [0.]
4
iteration 2400
Best Fitness: [0.]
2
iteration 2500
Best Fitness: [0.]
2
iteration 2600
Best Fitness: [0.]
2
iteration 2700
Best Fitness: [0.]
2
iteration 2800
Best Fitness: [0.]
2
iteration 2900
Best Fitness: [0.]
1
iteration 2999
Best Fitness: [0.]
1
iteration 0
Best Fitness: [5.8442132e-05]
100
iteration 100
Best Fitness: [0.]
100
iteration 200
Best Fitness: [0.]
100
iteration 300
Best Fitness: [0.]
100
iteration 400
Best Fitness: [0.]
100
iteration 500
Best Fitness: [0.]
100
iteration 600
Best Fitness: [0.]
34
iteration 700
Best Fitness: [0.]
34
iteration 800
Best Fitness: [0.]
34
iteration 900
Best Fitness: [0.]
34
iteration 1000
Best Fitness: [0.]
34
iteration 1100
Best Fitness: [0.]
34
iteration 1200
Best Fitness: [0.]
12
iteration 1300
Best Fitness: [0.]
12
iteration 1400
Best Fitness: [0.]
12
iteration 1500
Best Fitness: [0.]
12
iteration 1600
Best Fitness: [0.]
12
iteration 1700
Best Fitness: [0.]
12
iteration 1800
Best Fitness: [0.]
4
iteration 1900
Best Fitness: [0.]
4
iteration 2000
Best Fitness: [0.]
4
iteration 2100
Best Fitness: [0.]
4
iteration 2200
Best Fitness: [0.]
4
iteration 2300
Best Fitness: [0.]
4
iteration 2400
Best Fitness: [0.]
2
iteration 2500
Best Fitness: [0.]
2
iteration 2600
Best Fitness: [0.]
2
iteration 2700
Best Fitness: [0.]
2
iteration 2800
Best Fitness: [0.]
2
iteration 2900
Best Fitness: [0.]
1
iteration 2999
Best Fitness: [0.]
1
iteration 0
Best Fitness: [3.61809336e-06]
100
iteration 100
Best Fitness: [0.]
100
iteration 200
Best Fitness: [0.]
100
iteration 300
Best Fitness: [0.]
100
iteration 400
Best Fitness: [0.]
100
iteration 500
Best Fitness: [0.]
100
iteration 600
Best Fitness: [0.]
34
iteration 700
Best Fitness: [0.]
34
iteration 800
Best Fitness: [0.]
34
iteration 900
Best Fitness: [0.]
34
iteration 1000
Best Fitness: [0.]
34
iteration 1100
Best Fitness: [0.]
34
iteration 1200
Best Fitness: [0.]
12
iteration 1300
Best Fitness: [0.]
12
iteration 1400
Best Fitness: [0.]
12
iteration 1500
Best Fitness: [0.]
12
iteration 1600
Best Fitness: [0.]
12
iteration 1700
Best Fitness: [0.]
12
iteration 1800
Best Fitness: [0.]
4
iteration 1900
Best Fitness: [0.]
4
iteration 2000
Best Fitness: [0.]
4
iteration 2100
Best Fitness: [0.]
4
iteration 2200
Best Fitness: [0.]
4
iteration 2300
Best Fitness: [0.]
4
iteration 2400
Best Fitness: [0.]
2
iteration 2500
Best Fitness: [0.]
2
iteration 2600
Best Fitness: [0.]
2
iteration 2700
Best Fitness: [0.]
2
iteration 2800
Best Fitness: [0.]
2
iteration 2900
Best Fitness: [0.]
1
iteration 2999
Best Fitness: [0.]
1
iteration 0
Best Fitness: [3.95071008e-05]
100
iteration 100
Best Fitness: [0.]
100
iteration 200
Best Fitness: [0.]
100
iteration 300
Best Fitness: [0.]
100
iteration 400
Best Fitness: [0.]
100
iteration 500
Best Fitness: [0.]
100
iteration 600
Best Fitness: [0.]
34
iteration 700
Best Fitness: [0.]
34
iteration 800
Best Fitness: [0.]
34
iteration 900
Best Fitness: [0.]
34
iteration 1000
Best Fitness: [0.]
34
iteration 1100
Best Fitness: [0.]
34
iteration 1200
Best Fitness: [0.]
12
iteration 1300
Best Fitness: [0.]
12
iteration 1400
Best Fitness: [0.]
12
iteration 1500
Best Fitness: [0.]
12
iteration 1600
Best Fitness: [0.]
12
iteration 1700
Best Fitness: [0.]
12
iteration 1800
Best Fitness: [0.]
4
iteration 1900
Best Fitness: [0.]
4
iteration 2000
Best Fitness: [0.]
4
iteration 2100
Best Fitness: [0.]
4
iteration 2200
Best Fitness: [0.]
4
iteration 2300
Best Fitness: [0.]
4
iteration 2400
Best Fitness: [0.]
2
iteration 2500
Best Fitness: [0.]
2
iteration 2600
Best Fitness: [0.]
2
iteration 2700
Best Fitness: [0.]
2
iteration 2800
Best Fitness: [0.]
2
iteration 2900
Best Fitness: [0.]
1
iteration 2999
Best Fitness: [0.]
1
[array([0.]), array([0.]), array([0.]), array([0.]), array([0.]), array([0.]), array([0.]), array([0.]), array([0.]), array([0.])]
iteration 0
Best Fitness: [0.61655741]
100
iteration 100
Best Fitness: [0.2731467]
100
iteration 200
Best Fitness: [0.25268863]
100
iteration 300
Best Fitness: [0.2516747]
100
iteration 400
Best Fitness: [0.2516747]
100
iteration 500
Best Fitness: [0.2516747]
100
iteration 600
Best Fitness: [0.2516747]
34
iteration 700
Best Fitness: [0.2516747]
34
iteration 800
Best Fitness: [0.2516747]
34
iteration 900
Best Fitness: [0.2516747]
34
iteration 1000
Best Fitness: [0.2516747]
34
iteration 1100
Best Fitness: [0.25159873]
34
iteration 1200
Best Fitness: [0.29293338]
12
iteration 1300
Best Fitness: [0.29293338]
12
iteration 1400
Best Fitness: [0.29283198]
12
iteration 1500
Best Fitness: [0.29161767]
12
iteration 1600
Best Fitness: [0.29161767]
12
iteration 1700
Best Fitness: [0.29161767]
12
iteration 1800
Best Fitness: [0.35888028]
4
iteration 1900
Best Fitness: [0.33528456]
4
iteration 2000
Best Fitness: [0.33317524]
4
iteration 2100
Best Fitness: [0.33317524]
4
iteration 2200
Best Fitness: [0.33317524]
4
iteration 2300
Best Fitness: [0.33317524]
4
iteration 2400
Best Fitness: [0.4302194]
2
iteration 2500
Best Fitness: [0.40634271]
2
iteration 2600
Best Fitness: [0.40053979]
2
iteration 2700
Best Fitness: [0.40053979]
2
iteration 2800
Best Fitness: [0.40053979]
2
iteration 2900
Best Fitness: [0.46935777]
1
iteration 2999
Best Fitness: [0.45059113]
1
iteration 0
Best Fitness: [0.41838469]
100
iteration 100
Best Fitness: [0.2541159]
100
iteration 200
Best Fitness: [0.25000667]
100
iteration 300
Best Fitness: [0.24936406]
100
iteration 400
Best Fitness: [0.24936406]
100
iteration 500
Best Fitness: [0.24936406]
100
iteration 600
Best Fitness: [0.24936406]
34
iteration 700
Best Fitness: [0.24936406]
34
iteration 800
Best Fitness: [0.24936406]
34
iteration 900
Best Fitness: [0.24936406]
34
iteration 1000
Best Fitness: [0.24895689]
34
iteration 1100
Best Fitness: [0.24895689]
34
iteration 1200
Best Fitness: [0.2975135]
12
iteration 1300
Best Fitness: [0.2975135]
12
iteration 1400
Best Fitness: [0.2975135]
12
iteration 1500
Best Fitness: [0.2975135]
12
iteration 1600
Best Fitness: [0.2975135]
12
iteration 1700
Best Fitness: [0.2975135]
12
iteration 1800
Best Fitness: [0.38080603]
4
iteration 1900
Best Fitness: [0.38038553]
4
iteration 2000
Best Fitness: [0.37982393]
4
iteration 2100
Best Fitness: [0.37982393]
4
iteration 2200
Best Fitness: [0.37982393]
4
iteration 2300
Best Fitness: [0.37982393]
4
iteration 2400
Best Fitness: [0.43370367]
2
iteration 2500
Best Fitness: [0.43218228]
2
iteration 2600
Best Fitness: [0.43218228]
2
iteration 2700
Best Fitness: [0.42978188]
2
iteration 2800
Best Fitness: [0.42853516]
2
iteration 2900
Best Fitness: [0.48444965]
1
iteration 2999
Best Fitness: [0.48444965]
1
iteration 0
Best Fitness: [0.67746942]
100
iteration 100
Best Fitness: [0.24856187]
100
iteration 200
Best Fitness: [0.2391336]
100
iteration 300
Best Fitness: [0.2391336]
100
iteration 400
Best Fitness: [0.2391336]
100
iteration 500
Best Fitness: [0.2391336]
100
iteration 600
Best Fitness: [0.2391336]
34
iteration 700
Best Fitness: [0.2391336]
34
iteration 800
Best Fitness: [0.2391336]
34
iteration 900
Best Fitness: [0.23898641]
34
iteration 1000
Best Fitness: [0.23898641]
34
iteration 1100
Best Fitness: [0.23898641]
34
iteration 1200
Best Fitness: [0.33871132]
12
iteration 1300
Best Fitness: [0.33871132]
12
iteration 1400
Best Fitness: [0.33267905]
12
iteration 1500
Best Fitness: [0.33219077]
12
iteration 1600
Best Fitness: [0.33219077]
12
iteration 1700
Best Fitness: [0.33219077]
12
iteration 1800
Best Fitness: [0.4745607]
4
iteration 1900
Best Fitness: [0.4525738]
4
iteration 2000
Best Fitness: [0.44997957]
4
iteration 2100
Best Fitness: [0.44836686]
4
iteration 2200
Best Fitness: [0.44836686]
4
iteration 2300
Best Fitness: [0.44836686]
4
iteration 2400
Best Fitness: [0.48537529]
2
iteration 2500
Best Fitness: [0.47505188]
2
iteration 2600
Best Fitness: [0.47287511]
2
iteration 2700
Best Fitness: [0.47148206]
2
iteration 2800
Best Fitness: [0.4714809]
2
iteration 2900
Best Fitness: [0.5233889]
1
iteration 2999
Best Fitness: [0.51905961]
1
iteration 0
Best Fitness: [0.52038852]
100
iteration 100
Best Fitness: [0.24192484]
100
iteration 200
Best Fitness: [0.22519505]
100
iteration 300
Best Fitness: [0.22473186]
100
iteration 400
Best Fitness: [0.22473186]
100
iteration 500
Best Fitness: [0.22473186]
100
iteration 600
Best Fitness: [0.23403693]
34
iteration 700
Best Fitness: [0.23403693]
34
iteration 800
Best Fitness: [0.23403693]
34
iteration 900
Best Fitness: [0.23403693]
34
iteration 1000
Best Fitness: [0.23401227]
34
iteration 1100
Best Fitness: [0.23401227]
34
iteration 1200
Best Fitness: [0.30072029]
12
iteration 1300
Best Fitness: [0.30072029]
12
iteration 1400
Best Fitness: [0.30072029]
12
iteration 1500
Best Fitness: [0.30072029]
12
iteration 1600
Best Fitness: [0.30072029]
12
iteration 1700
Best Fitness: [0.30072029]
12
iteration 1800
Best Fitness: [0.38817572]
4
iteration 1900
Best Fitness: [0.38221485]
4
iteration 2000
Best Fitness: [0.38073007]
4
iteration 2100
Best Fitness: [0.37965974]
4
iteration 2200
Best Fitness: [0.3788025]
4
iteration 2300
Best Fitness: [0.3788025]
4
iteration 2400
Best Fitness: [0.458013]
2
iteration 2500
Best Fitness: [0.44886167]
2
iteration 2600
Best Fitness: [0.44664393]
2
iteration 2700
Best Fitness: [0.44576497]
2
iteration 2800
Best Fitness: [0.44576497]
2
iteration 2900
Best Fitness: [0.47980028]
1
iteration 2999
Best Fitness: [0.47976767]
1
iteration 0
Best Fitness: [0.64057694]
100
iteration 100
Best Fitness: [0.23287964]
100
iteration 200
Best Fitness: [0.2181485]
100
iteration 300
Best Fitness: [0.21780323]
100
iteration 400
Best Fitness: [0.21780323]
100
iteration 500
Best Fitness: [0.21780323]
100
iteration 600
Best Fitness: [0.21780323]
34
iteration 700
Best Fitness: [0.21780323]
34
iteration 800
Best Fitness: [0.21780323]
34
iteration 900
Best Fitness: [0.21780323]
34
iteration 1000
Best Fitness: [0.21780323]
34
iteration 1100
Best Fitness: [0.21702332]
34
iteration 1200
Best Fitness: [0.29204787]
12
iteration 1300
Best Fitness: [0.29204787]
12
iteration 1400
Best Fitness: [0.28966623]
12
iteration 1500
Best Fitness: [0.28932097]
12
iteration 1600
Best Fitness: [0.28932097]
12
iteration 1700
Best Fitness: [0.28932097]
12
iteration 1800
Best Fitness: [0.388558]
4
iteration 1900
Best Fitness: [0.3809326]
4
iteration 2000
Best Fitness: [0.36646681]
4
iteration 2100
Best Fitness: [0.36558267]
4
iteration 2200
Best Fitness: [0.36558267]
4
iteration 2300
Best Fitness: [0.36558267]
4
iteration 2400
Best Fitness: [0.45956374]
2
iteration 2500
Best Fitness: [0.4359845]
2
iteration 2600
Best Fitness: [0.43458616]
2
iteration 2700
Best Fitness: [0.43110356]
2
iteration 2800
Best Fitness: [0.43110356]
2
iteration 2900
Best Fitness: [0.43110356]
1
iteration 2999
Best Fitness: [0.43110356]
1
iteration 0
Best Fitness: [0.4957103]
100
iteration 100
Best Fitness: [0.30091086]
100
iteration 200
Best Fitness: [0.28358711]
100
iteration 300
Best Fitness: [0.28357485]
100
iteration 400
Best Fitness: [0.28357485]
100
iteration 500
Best Fitness: [0.28357485]
100
iteration 600
Best Fitness: [0.28358711]
34
iteration 700
Best Fitness: [0.28358711]
34
iteration 800
Best Fitness: [0.28358711]
34
iteration 900
Best Fitness: [0.28357485]
34
iteration 1000
Best Fitness: [0.28357485]
34
iteration 1100
Best Fitness: [0.2835499]
34
iteration 1200
Best Fitness: [0.34010089]
12
iteration 1300
Best Fitness: [0.33189564]
12
iteration 1400
Best Fitness: [0.32984679]
12
iteration 1500
Best Fitness: [0.32984679]
12
iteration 1600
Best Fitness: [0.32984679]
12
iteration 1700
Best Fitness: [0.32984679]
12
iteration 1800
Best Fitness: [0.41060294]
4
iteration 1900
Best Fitness: [0.40889529]
4
iteration 2000
Best Fitness: [0.40481358]
4
iteration 2100
Best Fitness: [0.40481358]
4
iteration 2200
Best Fitness: [0.40481358]
4
iteration 2300
Best Fitness: [0.40481358]
4
iteration 2400
Best Fitness: [0.46478308]
2
iteration 2500
Best Fitness: [0.45887161]
2
iteration 2600
Best Fitness: [0.4574769]
2
iteration 2700
Best Fitness: [0.4574769]
2
iteration 2800
Best Fitness: [0.4574769]
2
iteration 2900
Best Fitness: [0.48684987]
1
iteration 2999
Best Fitness: [0.48080735]
1
iteration 0
Best Fitness: [0.51590367]
100
iteration 100
Best Fitness: [0.26590383]
100
iteration 200
Best Fitness: [0.2589279]
100
iteration 300
Best Fitness: [0.25792744]
100
iteration 400
Best Fitness: [0.25792744]
100
iteration 500
Best Fitness: [0.25792744]
100
iteration 600
Best Fitness: [0.25792744]
34
iteration 700
Best Fitness: [0.25792744]
34
iteration 800
Best Fitness: [0.25792744]
34
iteration 900
Best Fitness: [0.25782977]
34
iteration 1000
Best Fitness: [0.25782977]
34
iteration 1100
Best Fitness: [0.25782977]
34
iteration 1200
Best Fitness: [0.28751932]
12
iteration 1300
Best Fitness: [0.28751932]
12
iteration 1400
Best Fitness: [0.2776035]
12
iteration 1500
Best Fitness: [0.27785872]
12
iteration 1600
Best Fitness: [0.27642661]
12
iteration 1700
Best Fitness: [0.27642661]
12
iteration 1800
Best Fitness: [0.39716358]
4
iteration 1900
Best Fitness: [0.38636104]
4
iteration 2000
Best Fitness: [0.38592306]
4
iteration 2100
Best Fitness: [0.38592306]
4
iteration 2200
Best Fitness: [0.38581561]
4
iteration 2300
Best Fitness: [0.38581561]
4
iteration 2400
Best Fitness: [0.41434436]
2
iteration 2500
Best Fitness: [0.41251622]
2
iteration 2600
Best Fitness: [0.41251622]
2
iteration 2700
Best Fitness: [0.41251622]
2
iteration 2800
Best Fitness: [0.41251622]
2
iteration 2900
Best Fitness: [0.47732333]
1
iteration 2999
Best Fitness: [0.44803541]
1
iteration 0
Best Fitness: [0.4649143]
100
iteration 100
Best Fitness: [0.28036263]
100
iteration 200
Best Fitness: [0.26504754]
100
iteration 300
Best Fitness: [0.26392685]
100
iteration 400
Best Fitness: [0.26392685]
100
iteration 500
Best Fitness: [0.26392685]
100
iteration 600
Best Fitness: [0.26392685]
34
iteration 700
Best Fitness: [0.26392685]
34
iteration 800
Best Fitness: [0.26392685]
34
iteration 900
Best Fitness: [0.26392685]
34
iteration 1000
Best Fitness: [0.26392685]
34
iteration 1100
Best Fitness: [0.26391264]
34
iteration 1200
Best Fitness: [0.3172025]
12
iteration 1300
Best Fitness: [0.3172025]
12
iteration 1400
Best Fitness: [0.30920818]
12
iteration 1500
Best Fitness: [0.3066011]
12
iteration 1600
Best Fitness: [0.3066011]
12
iteration 1700
Best Fitness: [0.3066011]
12
iteration 1800
Best Fitness: [0.38981236]
4
iteration 1900
Best Fitness: [0.38932408]
4
iteration 2000
Best Fitness: [0.38932408]
4
iteration 2100
Best Fitness: [0.38932408]
4
iteration 2200
Best Fitness: [0.38932408]
4
iteration 2300
Best Fitness: [0.38932408]
4
iteration 2400
Best Fitness: [0.46573917]
2
iteration 2500
Best Fitness: [0.44734748]
2
iteration 2600
Best Fitness: [0.44136082]
2
iteration 2700
Best Fitness: [0.43874956]
2
iteration 2800
Best Fitness: [0.4380817]
2
iteration 2900
Best Fitness: [0.49576085]
1
iteration 2999
Best Fitness: [0.46500382]
1
iteration 0
Best Fitness: [0.4947794]
100
iteration 100
Best Fitness: [0.27440551]
100
iteration 200
Best Fitness: [0.26105141]
100
iteration 300
Best Fitness: [0.26070614]
100
iteration 400
Best Fitness: [0.26070614]
100
iteration 500
Best Fitness: [0.26070614]
100
iteration 600
Best Fitness: [0.26070614]
34
iteration 700
Best Fitness: [0.26070614]
34
iteration 800
Best Fitness: [0.26070614]
34
iteration 900
Best Fitness: [0.26034891]
34
iteration 1000
Best Fitness: [0.26034678]
34
iteration 1100
Best Fitness: [0.26034651]
34
iteration 1200
Best Fitness: [0.31009944]
12
iteration 1300
Best Fitness: [0.31009944]
12
iteration 1400
Best Fitness: [0.30945683]
12
iteration 1500
Best Fitness: [0.30945683]
12
iteration 1600
Best Fitness: [0.30945683]
12
iteration 1700
Best Fitness: [0.30945683]
12
iteration 1800
Best Fitness: [0.43130153]
4
iteration 1900
Best Fitness: [0.43078496]
4
iteration 2000
Best Fitness: [0.43078496]
4
iteration 2100
Best Fitness: [0.43078496]
4
iteration 2200
Best Fitness: [0.43078496]
4
iteration 2300
Best Fitness: [0.43078496]
4
iteration 2400
Best Fitness: [0.48538431]
2
iteration 2500
Best Fitness: [0.48286474]
2
iteration 2600
Best Fitness: [0.47920359]
2
iteration 2700
Best Fitness: [0.478793]
2
iteration 2800
Best Fitness: [0.478793]
2
iteration 2900
Best Fitness: [0.50509559]
1
iteration 2999
Best Fitness: [0.50509559]
1
iteration 0
Best Fitness: [0.4835233]
100
iteration 100
Best Fitness: [0.31662198]
100
iteration 200
Best Fitness: [0.29805739]
100
iteration 300
Best Fitness: [0.29749579]
100
iteration 400
Best Fitness: [0.29749579]
100
iteration 500
Best Fitness: [0.29749579]
100
iteration 600
Best Fitness: [0.29749579]
34
iteration 700
Best Fitness: [0.29749579]
34
iteration 800
Best Fitness: [0.29749579]
34
iteration 900
Best Fitness: [0.29749579]
34
iteration 1000
Best Fitness: [0.29725772]
34
iteration 1100
Best Fitness: [0.29725772]
34
iteration 1200
Best Fitness: [0.37589141]
12
iteration 1300
Best Fitness: [0.37589141]
12
iteration 1400
Best Fitness: [0.37589141]
12
iteration 1500
Best Fitness: [0.37589141]
12
iteration 1600
Best Fitness: [0.37589141]
12
iteration 1700
Best Fitness: [0.37589141]
12
iteration 1800
Best Fitness: [0.45442094]
4
iteration 1900
Best Fitness: [0.45442094]
4
iteration 2000
Best Fitness: [0.45083605]
4
iteration 2100
Best Fitness: [0.45083605]
4
iteration 2200
Best Fitness: [0.45083605]
4
iteration 2300
Best Fitness: [0.45083605]
4
iteration 2400
Best Fitness: [0.49621808]
2
iteration 2500
Best Fitness: [0.48823135]
2
iteration 2600
Best Fitness: [0.48721785]
2
iteration 2700
Best Fitness: [0.48235089]
2
iteration 2800
Best Fitness: [0.48178929]
2
iteration 2900
Best Fitness: [0.50995252]
1
iteration 2999
Best Fitness: [0.50381475]
1
[array([0.45059113]), array([0.48444965]), array([0.51905961]), array([0.47976767]), array([0.43110356]), array([0.48080735]), array([0.44803541]), array([0.46500382]), array([0.50509559]), array([0.50381475])]
iteration 0
Best Fitness: [0.47178987]
100
iteration 100
Best Fitness: [0.07949232]
100
iteration 200
Best Fitness: [0.01794588]
100
iteration 300
Best Fitness: [0.01792033]
100
iteration 400
Best Fitness: [0.01792033]
100
iteration 500
Best Fitness: [0.01792033]
100
iteration 600
Best Fitness: [0.02478904]
34
iteration 700
Best Fitness: [0.02478904]
34
iteration 800
Best Fitness: [0.02209198]
34
iteration 900
Best Fitness: [0.01905393]
34
iteration 1000
Best Fitness: [0.01905393]
34
iteration 1100
Best Fitness: [0.01905393]
34
iteration 1200
Best Fitness: [0.10148938]
12
iteration 1300
Best Fitness: [0.10145837]
12
iteration 1400
Best Fitness: [0.09800622]
12
iteration 1500
Best Fitness: [0.09777983]
12
iteration 1600
Best Fitness: [0.09777983]
12
iteration 1700
Best Fitness: [0.09777983]
12
iteration 1800
Best Fitness: [0.17144424]
4
iteration 1900
Best Fitness: [0.16996344]
4
iteration 2000
Best Fitness: [0.16994842]
4
iteration 2100
Best Fitness: [0.16994842]
4
iteration 2200
Best Fitness: [0.16994842]
4
iteration 2300
Best Fitness: [0.16994842]
4
iteration 2400
Best Fitness: [0.19097597]
2
iteration 2500
Best Fitness: [0.18051659]
2
iteration 2600
Best Fitness: [0.18029842]
2
iteration 2700
Best Fitness: [0.18029556]
2
iteration 2800
Best Fitness: [0.18029556]
2
iteration 2900
Best Fitness: [0.18906917]
1
iteration 2999
Best Fitness: [0.18809769]
1
iteration 0
Best Fitness: [0.47791046]
100
iteration 100
Best Fitness: [0.11682464]
100
iteration 200
Best Fitness: [0.02772518]
100
iteration 300
Best Fitness: [0.02772285]
100
iteration 400
Best Fitness: [0.02772285]
100
iteration 500
Best Fitness: [0.02772285]
100
iteration 600
Best Fitness: [0.04085622]
34
iteration 700
Best Fitness: [0.04077263]
34
iteration 800
Best Fitness: [0.03782626]
34
iteration 900
Best Fitness: [0.03780942]
34
iteration 1000
Best Fitness: [0.03780905]
34
iteration 1100
Best Fitness: [0.03780905]
34
iteration 1200
Best Fitness: [0.09637732]
12
iteration 1300
Best Fitness: [0.09637732]
12
iteration 1400
Best Fitness: [0.0959334]
12
iteration 1500
Best Fitness: [0.0959334]
12
iteration 1600
Best Fitness: [0.0959334]
12
iteration 1700
Best Fitness: [0.0959334]
12
iteration 1800
Best Fitness: [0.15723201]
4
iteration 1900
Best Fitness: [0.15530061]
4
iteration 2000
Best Fitness: [0.15550242]
4
iteration 2100
Best Fitness: [0.15529103]
4
iteration 2200
Best Fitness: [0.15529103]
4
iteration 2300
Best Fitness: [0.15529103]
4
iteration 2400
Best Fitness: [0.16800872]
2
iteration 2500
Best Fitness: [0.1678376]
2
iteration 2600
Best Fitness: [0.16783569]
2
iteration 2700
Best Fitness: [0.16783523]
2
iteration 2800
Best Fitness: [0.16783523]
2
iteration 2900
Best Fitness: [0.19118791]
1
iteration 2999
Best Fitness: [0.18047345]
1
iteration 0
Best Fitness: [0.51075855]
100
iteration 100
Best Fitness: [0.10171578]
100
iteration 200
Best Fitness: [0.02063743]
100
iteration 300
Best Fitness: [0.02063238]
100
iteration 400
Best Fitness: [0.02063238]
100
iteration 500
Best Fitness: [0.02063238]
100
iteration 600
Best Fitness: [0.03984082]
34
iteration 700
Best Fitness: [0.03975985]
34
iteration 800
Best Fitness: [0.03468624]
34
iteration 900
Best Fitness: [0.03465738]
34
iteration 1000
Best Fitness: [0.03464048]
34
iteration 1100
Best Fitness: [0.03464048]
34
iteration 1200
Best Fitness: [0.1033713]
12
iteration 1300
Best Fitness: [0.10193263]
12
iteration 1400
Best Fitness: [0.10146637]
12
iteration 1500
Best Fitness: [0.10146502]
12
iteration 1600
Best Fitness: [0.10146502]
12
iteration 1700
Best Fitness: [0.10146502]
12
iteration 1800
Best Fitness: [0.16415636]
4
iteration 1900
Best Fitness: [0.16413658]
4
iteration 2000
Best Fitness: [0.16413658]
4
iteration 2100
Best Fitness: [0.16413658]
4
iteration 2200
Best Fitness: [0.16413658]
4
iteration 2300
Best Fitness: [0.16413658]
4
iteration 2400
Best Fitness: [0.17597827]
2
iteration 2500
Best Fitness: [0.16983482]
2
iteration 2600
Best Fitness: [0.16973413]
2
iteration 2700
Best Fitness: [0.16973413]
2
iteration 2800
Best Fitness: [0.16973308]
2
iteration 2900
Best Fitness: [0.20649535]
1
iteration 2999
Best Fitness: [0.20350271]
1
iteration 0
Best Fitness: [0.48785346]
100
iteration 100
Best Fitness: [0.10622251]
100
iteration 200
Best Fitness: [0.02688112]
100
iteration 300
Best Fitness: [0.02687424]
100
iteration 400
Best Fitness: [0.02687424]
100
iteration 500
Best Fitness: [0.02687424]
100
iteration 600
Best Fitness: [0.03767685]
34
iteration 700
Best Fitness: [0.03767685]
34
iteration 800
Best Fitness: [0.03767685]
34
iteration 900
Best Fitness: [0.03767685]
34
iteration 1000
Best Fitness: [0.03765063]
34
iteration 1100
Best Fitness: [0.03764829]
34
iteration 1200
Best Fitness: [0.11386718]
12
iteration 1300
Best Fitness: [0.11256644]
12
iteration 1400
Best Fitness: [0.11082875]
12
iteration 1500
Best Fitness: [0.1107973]
12
iteration 1600
Best Fitness: [0.11079517]
12
iteration 1700
Best Fitness: [0.11079517]
12
iteration 1800
Best Fitness: [0.16975627]
4
iteration 1900
Best Fitness: [0.16802187]
4
iteration 2000
Best Fitness: [0.16573107]
4
iteration 2100
Best Fitness: [0.16567623]
4
iteration 2200
Best Fitness: [0.16567623]
4
iteration 2300
Best Fitness: [0.16567623]
4
iteration 2400
Best Fitness: [0.18626901]
2
iteration 2500
Best Fitness: [0.18393787]
2
iteration 2600
Best Fitness: [0.18391452]
2
iteration 2700
Best Fitness: [0.18391452]
2
iteration 2800
Best Fitness: [0.18391452]
2
iteration 2900
Best Fitness: [0.20476459]
1
iteration 2999
Best Fitness: [0.18758433]
1
iteration 0
Best Fitness: [0.46537619]
100
iteration 100
Best Fitness: [0.11057816]
100
iteration 200
Best Fitness: [0.02747665]
100
iteration 300
Best Fitness: [0.02746711]
100
iteration 400
Best Fitness: [0.02746711]
100
iteration 500
Best Fitness: [0.02746711]
100
iteration 600
Best Fitness: [0.03374256]
34
iteration 700
Best Fitness: [0.03372683]
34
iteration 800
Best Fitness: [0.03372683]
34
iteration 900
Best Fitness: [0.03372683]
34
iteration 1000
Best Fitness: [0.03372683]
34
iteration 1100
Best Fitness: [0.03372683]
34
iteration 1200
Best Fitness: [0.10422857]
12
iteration 1300
Best Fitness: [0.10417942]
12
iteration 1400
Best Fitness: [0.10417942]
12
iteration 1500
Best Fitness: [0.10417729]
12
iteration 1600
Best Fitness: [0.10417729]
12
iteration 1700
Best Fitness: [0.10417729]
12
iteration 1800
Best Fitness: [0.16088419]
4
iteration 1900
Best Fitness: [0.16087962]
4
iteration 2000
Best Fitness: [0.16087962]
4
iteration 2100
Best Fitness: [0.16087962]
4
iteration 2200
Best Fitness: [0.16087962]
4
iteration 2300
Best Fitness: [0.16087962]
4
iteration 2400
Best Fitness: [0.17546582]
2
iteration 2500
Best Fitness: [0.17538909]
2
iteration 2600
Best Fitness: [0.17538909]
2
iteration 2700
Best Fitness: [0.17526763]
2
iteration 2800
Best Fitness: [0.17514993]
2
iteration 2900
Best Fitness: [0.17955869]
1
iteration 2999
Best Fitness: [0.17955869]
1
iteration 0
Best Fitness: [0.48824905]
100
iteration 100
Best Fitness: [0.11926604]
100
iteration 200
Best Fitness: [0.02229795]
100
iteration 300
Best Fitness: [0.02226813]
100
iteration 400
Best Fitness: [0.02226813]
100
iteration 500
Best Fitness: [0.02226813]
100
iteration 600
Best Fitness: [0.02704429]
34
iteration 700
Best Fitness: [0.02607124]
34
iteration 800
Best Fitness: [0.02333879]
34
iteration 900
Best Fitness: [0.02333219]
34
iteration 1000
Best Fitness: [0.02174752]
34
iteration 1100
Best Fitness: [0.02126143]
34
iteration 1200
Best Fitness: [0.10194621]
12
iteration 1300
Best Fitness: [0.10093134]
12
iteration 1400
Best Fitness: [0.10033149]
12
iteration 1500
Best Fitness: [0.1003143]
12
iteration 1600
Best Fitness: [0.1003143]
12
iteration 1700
Best Fitness: [0.1003143]
12
iteration 1800
Best Fitness: [0.1439649]
4
iteration 1900
Best Fitness: [0.14298945]
4
iteration 2000
Best Fitness: [0.14297959]
4
iteration 2100
Best Fitness: [0.14297959]
4
iteration 2200
Best Fitness: [0.14297959]
4
iteration 2300
Best Fitness: [0.14297959]
4
iteration 2400
Best Fitness: [0.16631399]
2
iteration 2500
Best Fitness: [0.16630324]
2
iteration 2600
Best Fitness: [0.16630324]
2
iteration 2700
Best Fitness: [0.16630324]
2
iteration 2800
Best Fitness: [0.16630321]
2
iteration 2900
Best Fitness: [0.18546189]
1
iteration 2999
Best Fitness: [0.179555]
1
iteration 0
Best Fitness: [0.50958189]
100
iteration 100
Best Fitness: [0.10183445]
100
iteration 200
Best Fitness: [0.02338851]
100
iteration 300
Best Fitness: [0.02338661]
100
iteration 400
Best Fitness: [0.02338661]
100
iteration 500
Best Fitness: [0.02338661]
100
iteration 600
Best Fitness: [0.03570959]
34
iteration 700
Best Fitness: [0.03204522]
34
iteration 800
Best Fitness: [0.03145741]
34
iteration 900
Best Fitness: [0.03145605]
34
iteration 1000
Best Fitness: [0.03142088]
34
iteration 1100
Best Fitness: [0.03140498]
34
iteration 1200
Best Fitness: [0.09851801]
12
iteration 1300
Best Fitness: [0.09851801]
12
iteration 1400
Best Fitness: [0.09754153]
12
iteration 1500
Best Fitness: [0.09753513]
12
iteration 1600
Best Fitness: [0.09753513]
12
iteration 1700
Best Fitness: [0.09753513]
12
iteration 1800
Best Fitness: [0.1936884]
4
iteration 1900
Best Fitness: [0.1936884]
4
iteration 2000
Best Fitness: [0.1936884]
4
iteration 2100
Best Fitness: [0.1936884]
4
iteration 2200
Best Fitness: [0.1936884]
4
iteration 2300
Best Fitness: [0.1936884]
4
iteration 2400
Best Fitness: [0.17285854]
2
iteration 2500
Best Fitness: [0.17265987]
2
iteration 2600
Best Fitness: [0.17265852]
2
iteration 2700
Best Fitness: [0.17265852]
2
iteration 2800
Best Fitness: [0.17265852]
2
iteration 2900
Best Fitness: [0.20629522]
1
iteration 2999
Best Fitness: [0.20067547]
1
iteration 0
Best Fitness: [0.51723477]
100
iteration 100
Best Fitness: [0.08746724]
100
iteration 200
Best Fitness: [0.01562846]
100
iteration 300
Best Fitness: [0.01562228]
100
iteration 400
Best Fitness: [0.01562228]
100
iteration 500
Best Fitness: [0.01562228]
100
iteration 600
Best Fitness: [0.02825896]
34
iteration 700
Best Fitness: [0.0282454]
34
iteration 800
Best Fitness: [0.0282454]
34
iteration 900
Best Fitness: [0.02821639]
34
iteration 1000
Best Fitness: [0.02821639]
34
iteration 1100
Best Fitness: [0.02821639]
34
iteration 1200
Best Fitness: [0.11001088]
12
iteration 1300
Best Fitness: [0.11001088]
12
iteration 1400
Best Fitness: [0.11001088]
12
iteration 1500
Best Fitness: [0.11001088]
12
iteration 1600
Best Fitness: [0.11001088]
12
iteration 1700
Best Fitness: [0.11001088]
12
iteration 1800
Best Fitness: [0.17959477]
4
iteration 1900
Best Fitness: [0.17959477]
4
iteration 2000
Best Fitness: [0.17959477]
4
iteration 2100
Best Fitness: [0.17959477]
4
iteration 2200
Best Fitness: [0.17959477]
4
iteration 2300
Best Fitness: [0.17959477]
4
iteration 2400
Best Fitness: [0.18910218]
2
iteration 2500
Best Fitness: [0.18749509]
2
iteration 2600
Best Fitness: [0.18651043]
2
iteration 2700
Best Fitness: [0.18649726]
2
iteration 2800
Best Fitness: [0.18595034]
2
iteration 2900
Best Fitness: [0.20639486]
1
iteration 2999
Best Fitness: [0.19567829]
1
iteration 0
Best Fitness: [0.53548221]
100
iteration 100
Best Fitness: [0.11994713]
100
iteration 200
Best Fitness: [0.02328134]
100
iteration 300
Best Fitness: [0.02327134]
100
iteration 400
Best Fitness: [0.02327134]
100
iteration 500
Best Fitness: [0.02327134]
100
iteration 600
Best Fitness: [0.03949074]
34
iteration 700
Best Fitness: [0.0392832]
34
iteration 800
Best Fitness: [0.03501058]
34
iteration 900
Best Fitness: [0.0349455]
34
iteration 1000
Best Fitness: [0.03494415]
34
iteration 1100
Best Fitness: [0.03494398]
34
iteration 1200
Best Fitness: [0.10085574]
12
iteration 1300
Best Fitness: [0.10085574]
12
iteration 1400
Best Fitness: [0.1002481]
12
iteration 1500
Best Fitness: [0.1002481]
12
iteration 1600
Best Fitness: [0.1002481]
12
iteration 1700
Best Fitness: [0.1002481]
12
iteration 1800
Best Fitness: [0.1863612]
4
iteration 1900
Best Fitness: [0.18036984]
4
iteration 2000
Best Fitness: [0.17361268]
4
iteration 2100
Best Fitness: [0.17256927]
4
iteration 2200
Best Fitness: [0.17256693]
4
iteration 2300
Best Fitness: [0.17256693]
4
iteration 2400
Best Fitness: [0.19254317]
2
iteration 2500
Best Fitness: [0.19179212]
2
iteration 2600
Best Fitness: [0.19070554]
2
iteration 2700
Best Fitness: [0.19070107]
2
iteration 2800
Best Fitness: [0.19070107]
2
iteration 2900
Best Fitness: [0.21396645]
1
iteration 2999
Best Fitness: [0.20282261]
1
iteration 0
Best Fitness: [0.49877284]
100
iteration 100
Best Fitness: [0.09262931]
100
iteration 200
Best Fitness: [0.00835749]
100
iteration 300
Best Fitness: [0.00835419]
100
iteration 400
Best Fitness: [0.00835419]
100
iteration 500
Best Fitness: [0.00835419]
100
iteration 600
Best Fitness: [0.02130378]
34
iteration 700
Best Fitness: [0.02107534]
34
iteration 800
Best Fitness: [0.02107534]
34
iteration 900
Best Fitness: [0.02107534]
34
iteration 1000
Best Fitness: [0.02107534]
34
iteration 1100
Best Fitness: [0.02107534]
34
iteration 1200
Best Fitness: [0.12503348]
12
iteration 1300
Best Fitness: [0.12501825]
12
iteration 1400
Best Fitness: [0.12501825]
12
iteration 1500
Best Fitness: [0.12501825]
12
iteration 1600
Best Fitness: [0.12430407]
12
iteration 1700
Best Fitness: [0.12430272]
12
iteration 1800
Best Fitness: [0.20233593]
4
iteration 1900
Best Fitness: [0.16846778]
4
iteration 2000
Best Fitness: [0.15092399]
4
iteration 2100
Best Fitness: [0.15049069]
4
iteration 2200
Best Fitness: [0.15048602]
4
iteration 2300
Best Fitness: [0.15048602]
4
iteration 2400
Best Fitness: [0.18804313]
2
iteration 2500
Best Fitness: [0.18804313]
2
iteration 2600
Best Fitness: [0.18804313]
2
iteration 2700
Best Fitness: [0.18804313]
2
iteration 2800
Best Fitness: [0.18804313]
2
iteration 2900
Best Fitness: [0.20674772]
1
iteration 2999
Best Fitness: [0.20674772]
1
[array([0.18809769]), array([0.18047345]), array([0.20350271]), array([0.18758433]), array([0.17955869]), array([0.179555]), array([0.20067547]), array([0.19567829]), array([0.20282261]), array([0.20674772])]
iteration 0
Best Fitness: [13854.881805]
100
iteration 100
Best Fitness: [1.51250409]
100
iteration 200
Best Fitness: [1.49348529]
100
iteration 300
Best Fitness: [1.48844758]
100
iteration 400
Best Fitness: [1.48633428]
100
iteration 500
Best Fitness: [1.48523949]
100
iteration 600
Best Fitness: [1.48453492]
34
iteration 700
Best Fitness: [1.48409545]
34
iteration 800
Best Fitness: [1.48387146]
34
iteration 900
Best Fitness: [1.48372138]
34
iteration 1000
Best Fitness: [1.48356847]
34
iteration 1100
Best Fitness: [1.48348255]
34
iteration 1200
Best Fitness: [1.48341834]
12
iteration 1300
Best Fitness: [1.4833854]
12
iteration 1400
Best Fitness: [1.48337625]
12
iteration 1500
Best Fitness: [1.48336342]
12
iteration 1600
Best Fitness: [1.48335671]
12
iteration 1700
Best Fitness: [1.48334568]
12
iteration 1800
Best Fitness: [1.48333191]
4
iteration 1900
Best Fitness: [1.4833119]
4
iteration 2000
Best Fitness: [1.48330406]
4
iteration 2100
Best Fitness: [1.48330208]
4
iteration 2200
Best Fitness: [1.48330056]
4
iteration 2300
Best Fitness: [1.48329993]
4
iteration 2400
Best Fitness: [1.48330808]
2
iteration 2500
Best Fitness: [1.48330649]
2
iteration 2600
Best Fitness: [1.48330636]
2
iteration 2700
Best Fitness: [1.48330635]
2
iteration 2800
Best Fitness: [1.48330635]
2
iteration 2900
Best Fitness: [1.48330924]
1
iteration 2999
Best Fitness: [1.48330901]
1
iteration 0
Best Fitness: [15317.52728038]
100
iteration 100
Best Fitness: [0.56223584]
100
iteration 200
Best Fitness: [0.54205447]
100
iteration 300
Best Fitness: [0.52340744]
100
iteration 400
Best Fitness: [0.52272603]
100
iteration 500
Best Fitness: [0.52241233]
100
iteration 600
Best Fitness: [0.52215009]
34
iteration 700
Best Fitness: [0.521922]
34
iteration 800
Best Fitness: [0.52187872]
34
iteration 900
Best Fitness: [0.52184329]
34
iteration 1000
Best Fitness: [0.52182151]
34
iteration 1100
Best Fitness: [0.52180717]
34
iteration 1200
Best Fitness: [0.52179913]
12
iteration 1300
Best Fitness: [0.52178737]
12
iteration 1400
Best Fitness: [0.52178389]
12
iteration 1500
Best Fitness: [0.52178265]
12
iteration 1600
Best Fitness: [0.52177828]
12
iteration 1700
Best Fitness: [0.52177619]
12
iteration 1800
Best Fitness: [0.52177671]
4
iteration 1900
Best Fitness: [0.52177644]
4
iteration 2000
Best Fitness: [0.52177516]
4
iteration 2100
Best Fitness: [0.52177465]
4
iteration 2200
Best Fitness: [0.52177448]
4
iteration 2300
Best Fitness: [0.52177346]
4
iteration 2400
Best Fitness: [0.52177402]
2
iteration 2500
Best Fitness: [0.52177392]
2
iteration 2600
Best Fitness: [0.52177392]
2
iteration 2700
Best Fitness: [0.52177339]
2
iteration 2800
Best Fitness: [0.52177339]
2
iteration 2900
Best Fitness: [0.52177398]
1
iteration 2999
Best Fitness: [0.52177392]
1
iteration 0
Best Fitness: [5198.68099002]
100
iteration 100
Best Fitness: [1.04928627]
100
iteration 200
Best Fitness: [1.03288235]
100
iteration 300
Best Fitness: [1.02973423]
100
iteration 400
Best Fitness: [1.02322755]
100
iteration 500
Best Fitness: [1.01948613]
100
iteration 600
Best Fitness: [1.01855383]
34
iteration 700
Best Fitness: [1.01827622]
34
iteration 800
Best Fitness: [1.01817269]
34
iteration 900
Best Fitness: [1.01807365]
34
iteration 1000
Best Fitness: [1.01795698]
34
iteration 1100
Best Fitness: [1.0177022]
34
iteration 1200
Best Fitness: [0.92712076]
12
iteration 1300
Best Fitness: [0.91740186]
12
iteration 1400
Best Fitness: [0.90660365]
12
iteration 1500
Best Fitness: [0.90584857]
12
iteration 1600
Best Fitness: [0.90294856]
12
iteration 1700
Best Fitness: [0.90274739]
12
iteration 1800
Best Fitness: [0.90191012]
4
iteration 1900
Best Fitness: [0.90175376]
4
iteration 2000
Best Fitness: [0.90167332]
4
iteration 2100
Best Fitness: [0.90158825]
4
iteration 2200
Best Fitness: [0.90156473]
4
iteration 2300
Best Fitness: [0.90122777]
4
iteration 2400
Best Fitness: [0.90106234]
2
iteration 2500
Best Fitness: [0.90100443]
2
iteration 2600
Best Fitness: [0.9010028]
2
iteration 2700
Best Fitness: [0.90100085]
2
iteration 2800
Best Fitness: [0.90096672]
2
iteration 2900
Best Fitness: [0.90101541]
1
iteration 2999
Best Fitness: [0.901009]
1
iteration 0
Best Fitness: [2135.88670238]
100
iteration 100
Best Fitness: [1.4994694]
100
iteration 200
Best Fitness: [1.47244241]
100
iteration 300
Best Fitness: [1.45371734]
100
iteration 400
Best Fitness: [1.44457421]
100
iteration 500
Best Fitness: [1.44194981]
100
iteration 600
Best Fitness: [1.43930399]
34
iteration 700
Best Fitness: [1.43290219]
34
iteration 800
Best Fitness: [1.42692507]
34
iteration 900
Best Fitness: [1.4230022]
34
iteration 1000
Best Fitness: [1.42115248]
34
iteration 1100
Best Fitness: [1.42002278]
34
iteration 1200
Best Fitness: [1.41909386]
12
iteration 1300
Best Fitness: [1.41777705]
12
iteration 1400
Best Fitness: [1.41638768]
12
iteration 1500
Best Fitness: [1.41458553]
12
iteration 1600
Best Fitness: [1.41434042]
12
iteration 1700
Best Fitness: [1.4135939]
12
iteration 1800
Best Fitness: [1.41313692]
4
iteration 1900
Best Fitness: [1.41303414]
4
iteration 2000
Best Fitness: [1.41300508]
4
iteration 2100
Best Fitness: [1.41284842]
4
iteration 2200
Best Fitness: [1.41284405]
4
iteration 2300
Best Fitness: [1.41283708]
4
iteration 2400
Best Fitness: [1.41281052]
2
iteration 2500
Best Fitness: [1.41281051]
2
iteration 2600
Best Fitness: [1.41281051]
2
iteration 2700
Best Fitness: [1.41281048]
2
iteration 2800
Best Fitness: [1.4128104]
2
iteration 2900
Best Fitness: [1.41281054]
1
iteration 2999
Best Fitness: [1.4127959]
1
iteration 0
Best Fitness: [173.23713892]
100
iteration 100
Best Fitness: [1.70554788]
100
iteration 200
Best Fitness: [1.67829846]
100
iteration 300
Best Fitness: [1.66907848]
100
iteration 400
Best Fitness: [1.66671931]
100
iteration 500
Best Fitness: [1.6657391]
100
iteration 600
Best Fitness: [1.66495364]
34
iteration 700
Best Fitness: [1.66452232]
34
iteration 800
Best Fitness: [1.66413418]
34
iteration 900
Best Fitness: [1.66379476]
34
iteration 1000
Best Fitness: [1.66356193]
34
iteration 1100
Best Fitness: [1.66339538]
34
iteration 1200
Best Fitness: [1.66329147]
12
iteration 1300
Best Fitness: [1.66327336]
12
iteration 1400
Best Fitness: [1.66326777]
12
iteration 1500
Best Fitness: [1.66326369]
12
iteration 1600
Best Fitness: [1.66325671]
12
iteration 1700
Best Fitness: [1.66325324]
12
iteration 1800
Best Fitness: [1.66325863]
4
iteration 1900
Best Fitness: [1.66325847]
4
iteration 2000
Best Fitness: [1.66325657]
4
iteration 2100
Best Fitness: [1.66325629]
4
iteration 2200
Best Fitness: [1.66325625]
4
iteration 2300
Best Fitness: [1.66325625]
4
iteration 2400
Best Fitness: [1.66326064]
2
iteration 2500
Best Fitness: [1.66326058]
2
iteration 2600
Best Fitness: [1.66326058]
2
iteration 2700
Best Fitness: [1.66326058]
2
iteration 2800
Best Fitness: [1.66326046]
2
iteration 2900
Best Fitness: [1.66326139]
1
iteration 2999
Best Fitness: [1.66326088]
1
iteration 0
Best Fitness: [305.96818434]
100
iteration 100
Best Fitness: [0.93217236]
100
iteration 200
Best Fitness: [0.92166034]
100
iteration 300
Best Fitness: [0.91640863]
100
iteration 400
Best Fitness: [0.91335932]
100
iteration 500
Best Fitness: [0.91196677]
100
iteration 600
Best Fitness: [0.91136961]
34
iteration 700
Best Fitness: [0.91119359]
34
iteration 800
Best Fitness: [0.91114659]
34
iteration 900
Best Fitness: [0.91112736]
34
iteration 1000
Best Fitness: [0.91111848]
34
iteration 1100
Best Fitness: [0.911112]
34
iteration 1200
Best Fitness: [0.91111167]
12
iteration 1300
Best Fitness: [0.91110932]
12
iteration 1400
Best Fitness: [0.91110662]
12
iteration 1500
Best Fitness: [0.91110523]
12
iteration 1600
Best Fitness: [0.91110306]
12
iteration 1700
Best Fitness: [0.91110266]
12
iteration 1800
Best Fitness: [0.91110441]
4
iteration 1900
Best Fitness: [0.91110436]
4
iteration 2000
Best Fitness: [0.91110435]
4
iteration 2100
Best Fitness: [0.91110435]
4
iteration 2200
Best Fitness: [0.91110389]
4
iteration 2300
Best Fitness: [0.91110386]
4
iteration 2400
Best Fitness: [0.91110667]
2
iteration 2500
Best Fitness: [0.91110663]
2
iteration 2600
Best Fitness: [0.91110663]
2
iteration 2700
Best Fitness: [0.91110663]
2
iteration 2800
Best Fitness: [0.91110662]
2
iteration 2900
Best Fitness: [0.91110667]
1
iteration 2999
Best Fitness: [0.91110667]
1
iteration 0
Best Fitness: [3598.16800902]
100
iteration 100
Best Fitness: [1.48302555]
100
iteration 200
Best Fitness: [1.47602771]
100
iteration 300
Best Fitness: [1.47326526]
100
iteration 400
Best Fitness: [1.47154116]
100
iteration 500
Best Fitness: [1.47024444]
100
iteration 600
Best Fitness: [1.46870908]
34
iteration 700
Best Fitness: [1.4672902]
34
iteration 800
Best Fitness: [1.46658715]
34
iteration 900
Best Fitness: [1.46627185]
34
iteration 1000
Best Fitness: [1.46605581]
34
iteration 1100
Best Fitness: [1.46562595]
34
iteration 1200
Best Fitness: [1.46554437]
12
iteration 1300
Best Fitness: [1.46543104]
12
iteration 1400
Best Fitness: [1.46533286]
12
iteration 1500
Best Fitness: [1.46527595]
12
iteration 1600
Best Fitness: [1.46524689]
12
iteration 1700
Best Fitness: [1.46521158]
12
iteration 1800
Best Fitness: [1.46521888]
4
iteration 1900
Best Fitness: [1.46520205]
4
iteration 2000
Best Fitness: [1.46520173]
4
iteration 2100
Best Fitness: [1.46520172]
4
iteration 2200
Best Fitness: [1.46519767]
4
iteration 2300
Best Fitness: [1.46518784]
4
iteration 2400
Best Fitness: [1.46519771]
2
iteration 2500
Best Fitness: [1.46519767]
2
iteration 2600
Best Fitness: [1.46519767]
2
iteration 2700
Best Fitness: [1.46519764]
2
iteration 2800
Best Fitness: [1.46519764]
2
iteration 2900
Best Fitness: [1.46519826]
1
iteration 2999
Best Fitness: [1.46519431]
1
iteration 0
Best Fitness: [335.6691465]
100
iteration 100
Best Fitness: [1.08532471]
100
iteration 200
Best Fitness: [1.00763599]
100
iteration 300
Best Fitness: [1.00485504]
100
iteration 400
Best Fitness: [1.00372042]
100
iteration 500
Best Fitness: [1.00302075]
100
iteration 600
Best Fitness: [1.00223003]
34
iteration 700
Best Fitness: [1.00171257]
34
iteration 800
Best Fitness: [1.00113558]
34
iteration 900
Best Fitness: [1.00075495]
34
iteration 1000
Best Fitness: [0.99994725]
34
iteration 1100
Best Fitness: [0.99971803]
34
iteration 1200
Best Fitness: [0.99956796]
12
iteration 1300
Best Fitness: [0.99943676]
12
iteration 1400
Best Fitness: [0.99935777]
12
iteration 1500
Best Fitness: [0.99934081]
12
iteration 1600
Best Fitness: [0.99932234]
12
iteration 1700
Best Fitness: [0.99932014]
12
iteration 1800
Best Fitness: [0.99936624]
4
iteration 1900
Best Fitness: [0.9993651]
4
iteration 2000
Best Fitness: [0.99936371]
4
iteration 2100
Best Fitness: [0.99936327]
4
iteration 2200
Best Fitness: [0.99936306]
4
iteration 2300
Best Fitness: [0.99936272]
4
iteration 2400
Best Fitness: [0.99963849]
2
iteration 2500
Best Fitness: [0.99963831]
2
iteration 2600
Best Fitness: [0.99963831]
2
iteration 2700
Best Fitness: [0.99963831]
2
iteration 2800
Best Fitness: [0.99963831]
2
iteration 2900
Best Fitness: [0.9996393]
1
iteration 2999
Best Fitness: [0.99963925]
1
iteration 0
Best Fitness: [1988.39180595]
100
iteration 100
Best Fitness: [1.02435663]
100
iteration 200
Best Fitness: [1.01864301]
100
iteration 300
Best Fitness: [1.01681319]
100
iteration 400
Best Fitness: [1.01564313]
100
iteration 500
Best Fitness: [1.01469594]
100
iteration 600
Best Fitness: [1.01335358]
34
iteration 700
Best Fitness: [1.01203955]
34
iteration 800
Best Fitness: [1.01137172]
34
iteration 900
Best Fitness: [1.01064612]
34
iteration 1000
Best Fitness: [1.01042308]
34
iteration 1100
Best Fitness: [1.01009421]
34
iteration 1200
Best Fitness: [1.00991745]
12
iteration 1300
Best Fitness: [1.00970825]
12
iteration 1400
Best Fitness: [1.00946566]
12
iteration 1500
Best Fitness: [1.00912879]
12
iteration 1600
Best Fitness: [1.00896761]
12
iteration 1700
Best Fitness: [1.00889754]
12
iteration 1800
Best Fitness: [1.00879914]
4
iteration 1900
Best Fitness: [1.00874164]
4
iteration 2000
Best Fitness: [1.00865832]
4
iteration 2100
Best Fitness: [1.00860813]
4
iteration 2200
Best Fitness: [1.00857725]
4
iteration 2300
Best Fitness: [1.00851583]
4
iteration 2400
Best Fitness: [1.00848064]
2
iteration 2500
Best Fitness: [1.00845313]
2
iteration 2600
Best Fitness: [1.00840463]
2
iteration 2700
Best Fitness: [1.00836954]
2
iteration 2800
Best Fitness: [1.00832483]
2
iteration 2900
Best Fitness: [1.00836231]
1
iteration 2999
Best Fitness: [1.00834805]
1
iteration 0
Best Fitness: [169.59591807]
100
iteration 100
Best Fitness: [1.49969147]
100
iteration 200
Best Fitness: [1.48192921]
100
iteration 300
Best Fitness: [1.47981723]
100
iteration 400
Best Fitness: [1.47894934]
100
iteration 500
Best Fitness: [1.47848534]
100
iteration 600
Best Fitness: [1.47808438]
34
iteration 700
Best Fitness: [1.47789466]
34
iteration 800
Best Fitness: [1.47781295]
34
iteration 900
Best Fitness: [1.47776189]
34
iteration 1000
Best Fitness: [1.47772828]
34
iteration 1100
Best Fitness: [1.47770466]
34
iteration 1200
Best Fitness: [1.47769578]
12
iteration 1300
Best Fitness: [1.47768511]
12
iteration 1400
Best Fitness: [1.47766439]
12
iteration 1500
Best Fitness: [1.47765957]
12
iteration 1600
Best Fitness: [1.47765676]
12
iteration 1700
Best Fitness: [1.47765366]
12
iteration 1800
Best Fitness: [1.47765373]
4
iteration 1900
Best Fitness: [1.47765282]
4
iteration 2000
Best Fitness: [1.47765209]
4
iteration 2100
Best Fitness: [1.47765173]
4
iteration 2200
Best Fitness: [1.47765165]
4
iteration 2300
Best Fitness: [1.47765162]
4
iteration 2400
Best Fitness: [1.47765627]
2
iteration 2500
Best Fitness: [1.4776562]
2
iteration 2600
Best Fitness: [1.4776562]
2
iteration 2700
Best Fitness: [1.47765497]
2
iteration 2800
Best Fitness: [1.47765497]
2
iteration 2900
Best Fitness: [1.47766318]
1
iteration 2999
Best Fitness: [1.47766316]
1
[array([1.48330901]), array([0.52177392]), array([0.901009]), array([1.4127959]), array([1.66326088]), array([0.91110667]), array([1.46519431]), array([0.99963925]), array([1.00834805]), array([1.47766316])]
iteration 0
Best Fitness: [5.31785804]
100
iteration 100
Best Fitness: [3.67405781e-05]
100
iteration 200
Best Fitness: [3.04104796e-09]
100
iteration 300
Best Fitness: [4.0719604e-14]
100
iteration 400
Best Fitness: [3.2464786e-18]
100
iteration 500
Best Fitness: [2.71508106e-22]
100
iteration 600
Best Fitness: [4.36244174e-24]
34
iteration 700
Best Fitness: [1.42743692e-24]
34
iteration 800
Best Fitness: [1.81192693e-26]
34
iteration 900
Best Fitness: [1.43551522e-28]
34
iteration 1000
Best Fitness: [1.04803034e-30]
34
iteration 1100
Best Fitness: [7.98279321e-33]
34
iteration 1200
Best Fitness: [1.92350297e-33]
12
iteration 1300
Best Fitness: [2.78198946e-34]
12
iteration 1400
Best Fitness: [2.85855852e-35]
12
iteration 1500
Best Fitness: [2.87776665e-36]
12
iteration 1600
Best Fitness: [2.97655922e-37]
12
iteration 1700
Best Fitness: [3.24368351e-38]
12
iteration 1800
Best Fitness: [1.30015961e-38]
4
iteration 1900
Best Fitness: [3.88694681e-39]
4
iteration 2000
Best Fitness: [1.04256767e-39]
4
iteration 2100
Best Fitness: [3.09675783e-40]
4
iteration 2200
Best Fitness: [1.04935058e-40]
4
iteration 2300
Best Fitness: [2.9701997e-41]
4
iteration 2400
Best Fitness: [1.93111734e-41]
2
iteration 2500
Best Fitness: [1.11081994e-41]
2
iteration 2600
Best Fitness: [5.67327281e-42]
2
iteration 2700
Best Fitness: [3.478351e-42]
2
iteration 2800
Best Fitness: [1.74231816e-42]
2
iteration 2900
Best Fitness: [1.0660729e-42]
1
iteration 2999
Best Fitness: [6.73188246e-43]
1
iteration 0
Best Fitness: [4.96212969]
100
iteration 100
Best Fitness: [3.83978301e-05]
100
iteration 200
Best Fitness: [3.54427572e-09]
100
iteration 300
Best Fitness: [5.33556988e-14]
100
iteration 400
Best Fitness: [3.25125163e-18]
100
iteration 500
Best Fitness: [3.08016953e-22]
100
iteration 600
Best Fitness: [3.38354907e-24]
34
iteration 700
Best Fitness: [8.43988829e-25]
34
iteration 800
Best Fitness: [8.66070854e-27]
34
iteration 900
Best Fitness: [5.86715764e-29]
34
iteration 1000
Best Fitness: [4.71379101e-31]
34
iteration 1100
Best Fitness: [3.53218519e-33]
34
iteration 1200
Best Fitness: [7.10063234e-34]
12
iteration 1300
Best Fitness: [1.37441539e-34]
12
iteration 1400
Best Fitness: [1.30049507e-35]
12
iteration 1500
Best Fitness: [1.19110296e-36]
12
iteration 1600
Best Fitness: [1.29081049e-37]
12
iteration 1700
Best Fitness: [1.27043178e-38]
12
iteration 1800
Best Fitness: [5.80071565e-39]
4
iteration 1900
Best Fitness: [1.92629211e-39]
4
iteration 2000
Best Fitness: [5.41635294e-40]
4
iteration 2100
Best Fitness: [1.84614533e-40]
4
iteration 2200
Best Fitness: [5.28138986e-41]
4
iteration 2300
Best Fitness: [1.72426319e-41]
4
iteration 2400
Best Fitness: [1.06477206e-41]
2
iteration 2500
Best Fitness: [5.70277565e-42]
2
iteration 2600
Best Fitness: [2.92401997e-42]
2
iteration 2700
Best Fitness: [1.61822746e-42]
2
iteration 2800
Best Fitness: [1.13661798e-42]
2
iteration 2900
Best Fitness: [6.98633529e-43]
1
iteration 2999
Best Fitness: [4.50071621e-43]
1
iteration 0
Best Fitness: [4.33224143]
100
iteration 100
Best Fitness: [4.84853426e-05]
100
iteration 200
Best Fitness: [3.94298058e-09]
100
iteration 300
Best Fitness: [7.12791589e-14]
100
iteration 400
Best Fitness: [5.09766309e-18]
100
iteration 500
Best Fitness: [2.93430883e-22]
100
iteration 600
Best Fitness: [5.10697945e-24]
34
iteration 700
Best Fitness: [1.51815008e-24]
34
iteration 800
Best Fitness: [1.52933405e-26]
34
iteration 900
Best Fitness: [1.344325e-28]
34
iteration 1000
Best Fitness: [1.05962946e-30]
34
iteration 1100
Best Fitness: [9.1310583e-33]
34
iteration 1200
Best Fitness: [1.86290802e-33]
12
iteration 1300
Best Fitness: [3.84856274e-34]
12
iteration 1400
Best Fitness: [3.72180665e-35]
12
iteration 1500
Best Fitness: [3.79246318e-36]
12
iteration 1600
Best Fitness: [3.8385351e-37]
12
iteration 1700
Best Fitness: [4.1624594e-38]
12
iteration 1800
Best Fitness: [1.85624026e-38]
4
iteration 1900
Best Fitness: [5.53790505e-39]
4
iteration 2000
Best Fitness: [1.70490233e-39]
4
iteration 2100
Best Fitness: [4.5188178e-40]
4
iteration 2200
Best Fitness: [1.52562557e-40]
4
iteration 2300
Best Fitness: [4.51751069e-41]
4
iteration 2400
Best Fitness: [2.71542253e-41]
2
iteration 2500
Best Fitness: [1.5960148e-41]
2
iteration 2600
Best Fitness: [8.51865102e-42]
2
iteration 2700
Best Fitness: [6.09501955e-42]
2
iteration 2800
Best Fitness: [3.73784128e-42]
2
iteration 2900
Best Fitness: [1.93678902e-42]
1
iteration 2999
Best Fitness: [1.15306341e-42]
1
iteration 0
Best Fitness: [4.23354522]
100
iteration 100
Best Fitness: [4.23040671e-05]
100
iteration 200
Best Fitness: [2.58691936e-09]
100
iteration 300
Best Fitness: [4.98407812e-14]
100
iteration 400
Best Fitness: [3.116351e-18]
100
iteration 500
Best Fitness: [2.14806495e-22]
100
iteration 600
Best Fitness: [3.90127834e-24]
34
iteration 700
Best Fitness: [1.68082746e-24]
34
iteration 800
Best Fitness: [1.35672855e-26]
34
iteration 900
Best Fitness: [9.42143268e-29]
34
iteration 1000
Best Fitness: [6.48717162e-31]
34
iteration 1100
Best Fitness: [4.54453455e-33]
34
iteration 1200
Best Fitness: [9.12256552e-34]
12
iteration 1300
Best Fitness: [1.26147396e-34]
12
iteration 1400
Best Fitness: [1.15171812e-35]
12
iteration 1500
Best Fitness: [1.27368841e-36]
12
iteration 1600
Best Fitness: [1.37337609e-37]
12
iteration 1700
Best Fitness: [1.39383498e-38]
12
iteration 1800
Best Fitness: [7.97427033e-39]
4
iteration 1900
Best Fitness: [2.32279902e-39]
4
iteration 2000
Best Fitness: [6.65856343e-40]
4
iteration 2100
Best Fitness: [1.94896358e-40]
4
iteration 2200
Best Fitness: [6.07620222e-41]
4
iteration 2300
Best Fitness: [1.75161003e-41]
4
iteration 2400
Best Fitness: [1.06915487e-41]
2
iteration 2500
Best Fitness: [6.50490874e-42]
2
iteration 2600
Best Fitness: [3.50964351e-42]
2
iteration 2700
Best Fitness: [2.21922894e-42]
2
iteration 2800
Best Fitness: [1.10725801e-42]
2
iteration 2900
Best Fitness: [6.8971588e-43]
1
iteration 2999
Best Fitness: [4.82433765e-43]
1
iteration 0
Best Fitness: [3.4188457]
100
iteration 100
Best Fitness: [4.7377526e-05]
100
iteration 200
Best Fitness: [4.63033506e-09]
100
iteration 300
Best Fitness: [6.49989373e-14]
100
iteration 400
Best Fitness: [5.22246476e-18]
100
iteration 500
Best Fitness: [3.50011611e-22]
100
iteration 600
Best Fitness: [5.45178134e-24]
34
iteration 700
Best Fitness: [1.87362289e-24]
34
iteration 800
Best Fitness: [2.75609367e-26]
34
iteration 900
Best Fitness: [1.9928343e-28]
34
iteration 1000
Best Fitness: [1.3870809e-30]
34
iteration 1100
Best Fitness: [1.09105076e-32]
34
iteration 1200
Best Fitness: [2.42412833e-33]
12
iteration 1300
Best Fitness: [4.48453026e-34]
12
iteration 1400
Best Fitness: [4.48055695e-35]
12
iteration 1500
Best Fitness: [4.47719817e-36]
12
iteration 1600
Best Fitness: [4.45853823e-37]
12
iteration 1700
Best Fitness: [4.38007545e-38]
12
iteration 1800
Best Fitness: [1.83025684e-38]
4
iteration 1900
Best Fitness: [5.17156713e-39]
4
iteration 2000
Best Fitness: [1.66327794e-39]
4
iteration 2100
Best Fitness: [4.82888923e-40]
4
iteration 2200
Best Fitness: [1.4960873e-40]
4
iteration 2300
Best Fitness: [4.38262279e-41]
4
iteration 2400
Best Fitness: [2.90800644e-41]
2
iteration 2500
Best Fitness: [1.74780994e-41]
2
iteration 2600
Best Fitness: [9.50305109e-42]
2
iteration 2700
Best Fitness: [5.85985622e-42]
2
iteration 2800
Best Fitness: [3.35704783e-42]
2
iteration 2900
Best Fitness: [2.32232777e-42]
1
iteration 2999
Best Fitness: [1.33778159e-42]
1
iteration 0
Best Fitness: [5.74234073]
100
iteration 100
Best Fitness: [3.24190292e-05]
100
iteration 200
Best Fitness: [2.80944432e-09]
100
iteration 300
Best Fitness: [4.82140268e-14]
100
iteration 400
Best Fitness: [2.49149185e-18]
100
iteration 500
Best Fitness: [1.87155144e-22]
100
iteration 600
Best Fitness: [3.17437308e-24]
34
iteration 700
Best Fitness: [9.75071496e-25]
34
iteration 800
Best Fitness: [7.63690414e-27]
34
iteration 900
Best Fitness: [5.30821347e-29]
34
iteration 1000
Best Fitness: [4.09816627e-31]
34
iteration 1100
Best Fitness: [2.99489674e-33]
34
iteration 1200
Best Fitness: [5.02308342e-34]
12
iteration 1300
Best Fitness: [7.44156951e-35]
12
iteration 1400
Best Fitness: [8.53870978e-36]
12
iteration 1500
Best Fitness: [9.67060544e-37]
12
iteration 1600
Best Fitness: [9.08824912e-38]
12
iteration 1700
Best Fitness: [9.48234079e-39]
12
iteration 1800
Best Fitness: [3.40972078e-39]
4
iteration 1900
Best Fitness: [9.51436939e-40]
4
iteration 2000
Best Fitness: [2.94506983e-40]
4
iteration 2100
Best Fitness: [7.97698465e-41]
4
iteration 2200
Best Fitness: [2.52859703e-41]
4
iteration 2300
Best Fitness: [7.20398384e-42]
4
iteration 2400
Best Fitness: [5.35103775e-42]
2
iteration 2500
Best Fitness: [2.93296996e-42]
2
iteration 2600
Best Fitness: [1.74496219e-42]
2
iteration 2700
Best Fitness: [1.10430156e-42]
2
iteration 2800
Best Fitness: [6.50721475e-43]
2
iteration 2900
Best Fitness: [3.63290848e-43]
1
iteration 2999
Best Fitness: [2.31501414e-43]
1
iteration 0
Best Fitness: [3.57658527]
100
iteration 100
Best Fitness: [3.65374217e-05]
100
iteration 200
Best Fitness: [2.29862296e-09]
100
iteration 300
Best Fitness: [3.92759919e-14]
100
iteration 400
Best Fitness: [2.50020921e-18]
100
iteration 500
Best Fitness: [2.19411007e-22]
100
iteration 600
Best Fitness: [2.90657165e-24]
34
iteration 700
Best Fitness: [9.21169319e-25]
34
iteration 800
Best Fitness: [8.88607094e-27]
34
iteration 900
Best Fitness: [5.55884052e-29]
34
iteration 1000
Best Fitness: [4.52563569e-31]
34
iteration 1100
Best Fitness: [3.30399498e-33]
34
iteration 1200
Best Fitness: [8.10463069e-34]
12
iteration 1300
Best Fitness: [1.26683288e-34]
12
iteration 1400
Best Fitness: [1.13733555e-35]
12
iteration 1500
Best Fitness: [1.19210925e-36]
12
iteration 1600
Best Fitness: [1.0297151e-37]
12
iteration 1700
Best Fitness: [1.12194687e-38]
12
iteration 1800
Best Fitness: [4.58329777e-39]
4
iteration 1900
Best Fitness: [1.45406341e-39]
4
iteration 2000
Best Fitness: [4.81115257e-40]
4
iteration 2100
Best Fitness: [1.27147921e-40]
4
iteration 2200
Best Fitness: [4.18628592e-41]
4
iteration 2300
Best Fitness: [1.26391213e-41]
4
iteration 2400
Best Fitness: [7.8191573e-42]
2
iteration 2500
Best Fitness: [4.14207898e-42]
2
iteration 2600
Best Fitness: [2.31882992e-42]
2
iteration 2700
Best Fitness: [1.30466749e-42]
2
iteration 2800
Best Fitness: [7.59851347e-43]
2
iteration 2900
Best Fitness: [4.72087317e-43]
1
iteration 2999
Best Fitness: [2.92125431e-43]
1
iteration 0
Best Fitness: [5.89096513]
100
iteration 100
Best Fitness: [3.8149084e-05]
100
iteration 200
Best Fitness: [4.00691654e-09]
100
iteration 300
Best Fitness: [8.00382503e-14]
100
iteration 400
Best Fitness: [4.63967542e-18]
100
iteration 500
Best Fitness: [3.07178748e-22]
100
iteration 600
Best Fitness: [5.18153543e-24]
34
iteration 700
Best Fitness: [1.81516617e-24]
34
iteration 800
Best Fitness: [2.41210196e-26]
34
iteration 900
Best Fitness: [1.47442681e-28]
34
iteration 1000
Best Fitness: [1.17183224e-30]
34
iteration 1100
Best Fitness: [8.87400445e-33]
34
iteration 1200
Best Fitness: [1.78671745e-33]
12
iteration 1300
Best Fitness: [2.578211e-34]
12
iteration 1400
Best Fitness: [2.74844702e-35]
12
iteration 1500
Best Fitness: [2.51935759e-36]
12
iteration 1600
Best Fitness: [2.45498853e-37]
12
iteration 1700
Best Fitness: [2.59789524e-38]
12
iteration 1800
Best Fitness: [9.77195962e-39]
4
iteration 1900
Best Fitness: [3.01872907e-39]
4
iteration 2000
Best Fitness: [1.01232674e-39]
4
iteration 2100
Best Fitness: [2.57847757e-40]
4
iteration 2200
Best Fitness: [7.56857963e-41]
4
iteration 2300
Best Fitness: [2.38852512e-41]
4
iteration 2400
Best Fitness: [1.76816714e-41]
2
iteration 2500
Best Fitness: [9.30932378e-42]
2
iteration 2600
Best Fitness: [5.67396952e-42]
2
iteration 2700
Best Fitness: [3.05736199e-42]
2
iteration 2800
Best Fitness: [1.73125672e-42]
2
iteration 2900
Best Fitness: [9.20212714e-43]
1
iteration 2999
Best Fitness: [6.96260853e-43]
1
iteration 0
Best Fitness: [4.70995157]
100
iteration 100
Best Fitness: [4.3271091e-05]
100
iteration 200
Best Fitness: [2.90858227e-09]
100
iteration 300
Best Fitness: [4.57649937e-14]
100
iteration 400
Best Fitness: [2.53695179e-18]
100
iteration 500
Best Fitness: [2.16911263e-22]
100
iteration 600
Best Fitness: [2.69388998e-24]
34
iteration 700
Best Fitness: [1.07125411e-24]
34
iteration 800
Best Fitness: [1.46494696e-26]
34
iteration 900
Best Fitness: [8.67022552e-29]
34
iteration 1000
Best Fitness: [5.31730116e-31]
34
iteration 1100
Best Fitness: [4.03469182e-33]
34
iteration 1200
Best Fitness: [7.01136496e-34]
12
iteration 1300
Best Fitness: [1.26810818e-34]
12
iteration 1400
Best Fitness: [1.25805319e-35]
12
iteration 1500
Best Fitness: [1.44650697e-36]
12
iteration 1600
Best Fitness: [1.4175502e-37]
12
iteration 1700
Best Fitness: [1.61527841e-38]
12
iteration 1800
Best Fitness: [6.15473048e-39]
4
iteration 1900
Best Fitness: [1.8554867e-39]
4
iteration 2000
Best Fitness: [5.40323022e-40]
4
iteration 2100
Best Fitness: [1.78136203e-40]
4
iteration 2200
Best Fitness: [5.33020749e-41]
4
iteration 2300
Best Fitness: [1.40755839e-41]
4
iteration 2400
Best Fitness: [1.05031251e-41]
2
iteration 2500
Best Fitness: [5.94901256e-42]
2
iteration 2600
Best Fitness: [3.47337063e-42]
2
iteration 2700
Best Fitness: [1.93176059e-42]
2
iteration 2800
Best Fitness: [1.18294259e-42]
2
iteration 2900
Best Fitness: [7.66620601e-43]
1
iteration 2999
Best Fitness: [4.47705583e-43]
1
iteration 0
Best Fitness: [3.7797045]
100
iteration 100
Best Fitness: [3.44232842e-05]
100
iteration 200
Best Fitness: [2.62989173e-09]
100
iteration 300
Best Fitness: [4.97895917e-14]
100
iteration 400
Best Fitness: [4.09494928e-18]
100
iteration 500
Best Fitness: [2.88365765e-22]
100
iteration 600
Best Fitness: [4.16140719e-24]
34
iteration 700
Best Fitness: [1.94733646e-24]
34
iteration 800
Best Fitness: [5.28704719e-26]
34
iteration 900
Best Fitness: [3.30694978e-28]
34
iteration 1000
Best Fitness: [2.67016139e-30]
34
iteration 1100
Best Fitness: [2.01407001e-32]
34
iteration 1200
Best Fitness: [2.85406904e-33]
12
iteration 1300
Best Fitness: [3.12564272e-34]
12
iteration 1400
Best Fitness: [3.08466024e-35]
12
iteration 1500
Best Fitness: [3.11673581e-36]
12
iteration 1600
Best Fitness: [3.05841696e-37]
12
iteration 1700
Best Fitness: [3.34032189e-38]
12
iteration 1800
Best Fitness: [1.45634749e-38]
4
iteration 1900
Best Fitness: [3.86919396e-39]
4
iteration 2000
Best Fitness: [1.25524716e-39]
4
iteration 2100
Best Fitness: [3.63718282e-40]
4
iteration 2200
Best Fitness: [1.16314274e-40]
4
iteration 2300
Best Fitness: [3.35707633e-41]
4
iteration 2400
Best Fitness: [2.04392083e-41]
2
iteration 2500
Best Fitness: [1.07930539e-41]
2
iteration 2600
Best Fitness: [6.05285866e-42]
2
iteration 2700
Best Fitness: [3.39255704e-42]
2
iteration 2800
Best Fitness: [2.07969591e-42]
2
iteration 2900
Best Fitness: [1.23458643e-42]
1
iteration 2999
Best Fitness: [7.88800651e-43]
1
[array([6.73188246e-43]), array([4.50071621e-43]), array([1.15306341e-42]), array([4.82433765e-43]), array([1.33778159e-42]), array([2.31501414e-43]), array([2.92125431e-43]), array([6.96260853e-43]), array([4.47705583e-43]), array([7.88800651e-43])]
