iteration 0
Best Fitness: [1448042.55733218]
1
iteration 100
Best Fitness: [7.85339075e-09]
2
iteration 200
Best Fitness: [8.65286303e-18]
2
iteration 300
Best Fitness: [6.23437894e-28]
2
iteration 400
Best Fitness: [3.76510521e-38]
2
iteration 500
Best Fitness: [1.6457854e-48]
2
iteration 600
Best Fitness: [5.99057194e-60]
2
iteration 700
Best Fitness: [4.60290822e-69]
2
iteration 800
Best Fitness: [7.66186382e-78]
2
iteration 900
Best Fitness: [4.21149306e-88]
2
iteration 1000
Best Fitness: [1.79927534e-102]
2
iteration 1100
Best Fitness: [3.00351616e-110]
2
iteration 1200
Best Fitness: [1.16939731e-120]
2
iteration 1300
Best Fitness: [6.83038767e-130]
2
iteration 1400
Best Fitness: [1.47252832e-140]
2
iteration 1500
Best Fitness: [1.03126543e-148]
2
iteration 1600
Best Fitness: [2.84686755e-156]
2
iteration 1700
Best Fitness: [6.45758379e-165]
2
iteration 1800
Best Fitness: [1.09746701e-171]
2
iteration 1900
Best Fitness: [1.04980699e-183]
2
iteration 2000
Best Fitness: [1.08350695e-196]
2
iteration 2100
Best Fitness: [2.92528758e-204]
2
iteration 2200
Best Fitness: [2.47933131e-217]
2
iteration 2300
Best Fitness: [1.61479209e-225]
2
iteration 2400
Best Fitness: [1.76610367e-229]
2
iteration 2500
Best Fitness: [8.26166835e-237]
2
iteration 2600
Best Fitness: [4.47429227e-245]
2
iteration 2700
Best Fitness: [2.12805638e-256]
2
iteration 2800
Best Fitness: [4.90633656e-265]
2
iteration 2900
Best Fitness: [4.76769314e-273]
2
iteration 2999
Best Fitness: [4.18205941e-285]
2
[array([4.18205941e-285])]
iteration 0
Best Fitness: [20.54984172]
1
iteration 100
Best Fitness: [5.71196617e-08]
2
iteration 200
Best Fitness: [8.62781552e-13]
2
iteration 300
Best Fitness: [7.7200844e-17]
2
iteration 400
Best Fitness: [2.62393136e-24]
2
iteration 500
Best Fitness: [6.09208549e-29]
2
iteration 600
Best Fitness: [9.56870605e-34]
2
iteration 700
Best Fitness: [2.30699669e-38]
2
iteration 800
Best Fitness: [1.12869494e-45]
2
iteration 900
Best Fitness: [6.86838004e-50]
2
iteration 1000
Best Fitness: [2.03705815e-54]
2
iteration 1100
Best Fitness: [2.15963029e-59]
2
iteration 1200
Best Fitness: [1.67416142e-61]
2
iteration 1300
Best Fitness: [3.84709742e-68]
2
iteration 1400
Best Fitness: [1.0239848e-74]
2
iteration 1500
Best Fitness: [5.60848987e-78]
2
iteration 1600
Best Fitness: [4.26014155e-82]
2
iteration 1700
Best Fitness: [1.42341623e-85]
2
iteration 1800
Best Fitness: [1.21322951e-89]
2
iteration 1900
Best Fitness: [3.34079801e-95]
2
iteration 2000
Best Fitness: [1.68384473e-101]
2
iteration 2100
Best Fitness: [2.82398597e-105]
2
iteration 2200
Best Fitness: [8.96980795e-110]
2
iteration 2300
Best Fitness: [1.82787053e-113]
2
iteration 2400
Best Fitness: [9.37294041e-118]
2
iteration 2500
Best Fitness: [9.08800203e-122]
2
iteration 2600
Best Fitness: [2.34883779e-125]
2
iteration 2700
Best Fitness: [1.05600778e-129]
2
iteration 2800
Best Fitness: [9.79356859e-137]
2
iteration 2900
Best Fitness: [4.76160399e-141]
2
iteration 2999
Best Fitness: [9.97075958e-145]
2
[array([9.97075958e-145])]
iteration 0
Best Fitness: [445.32011912]
1
iteration 100
Best Fitness: [1.34505348e-14]
2
iteration 200
Best Fitness: [1.25546306e-24]
2
iteration 300
Best Fitness: [9.18083918e-36]
2
iteration 400
Best Fitness: [5.22742029e-45]
2
iteration 500
Best Fitness: [7.29353054e-55]
2
iteration 600
Best Fitness: [1.64355544e-63]
2
iteration 700
Best Fitness: [1.32593326e-73]
2
iteration 800
Best Fitness: [3.61078842e-85]
2
iteration 900
Best Fitness: [3.15860679e-93]
2
iteration 1000
Best Fitness: [2.27172584e-100]
2
iteration 1100
Best Fitness: [8.69665433e-113]
2
iteration 1200
Best Fitness: [2.65649614e-120]
2
iteration 1300
Best Fitness: [4.72382505e-131]
2
iteration 1400
Best Fitness: [2.68502346e-139]
2
iteration 1500
Best Fitness: [1.45410564e-145]
2
iteration 1600
Best Fitness: [2.90472095e-155]
2
iteration 1700
Best Fitness: [2.77772233e-163]
2
iteration 1800
Best Fitness: [9.2007612e-173]
2
iteration 1900
Best Fitness: [1.41910211e-180]
2
iteration 2000
Best Fitness: [6.30819412e-193]
2
iteration 2100
Best Fitness: [2.37267868e-202]
2
iteration 2200
Best Fitness: [2.7166506e-211]
2
iteration 2300
Best Fitness: [2.10387958e-217]
2
iteration 2400
Best Fitness: [2.95019592e-228]
2
iteration 2500
Best Fitness: [1.49198345e-236]
2
iteration 2600
Best Fitness: [8.23553527e-245]
2
iteration 2700
Best Fitness: [3.12442599e-254]
2
iteration 2800
Best Fitness: [3.05653424e-263]
2
iteration 2900
Best Fitness: [2.64279793e-273]
2
iteration 2999
Best Fitness: [3.50090705e-281]
2
[array([3.50090705e-281])]
iteration 0
Best Fitness: [0.12514645]
1
iteration 100
Best Fitness: [0.01806206]
2
iteration 200
Best Fitness: [0.01215627]
2
iteration 300
Best Fitness: [0.00802838]
2
iteration 400
Best Fitness: [0.0052502]
2
iteration 500
Best Fitness: [0.00337919]
2
iteration 600
Best Fitness: [0.00214665]
2
iteration 700
Best Fitness: [0.00136047]
2
iteration 800
Best Fitness: [0.00085115]
2
iteration 900
Best Fitness: [0.00052777]
2
iteration 1000
Best Fitness: [0.00032737]
2
iteration 1100
Best Fitness: [0.00020231]
2
iteration 1200
Best Fitness: [0.00012397]
2
iteration 1300
Best Fitness: [7.60743185e-05]
2
iteration 1400
Best Fitness: [4.65485316e-05]
2
iteration 1500
Best Fitness: [2.83765398e-05]
2
iteration 1600
Best Fitness: [1.7356264e-05]
2
iteration 1700
Best Fitness: [1.05982398e-05]
2
iteration 1800
Best Fitness: [6.43117388e-06]
2
iteration 1900
Best Fitness: [3.92484158e-06]
2
iteration 2000
Best Fitness: [2.38461364e-06]
2
iteration 2100
Best Fitness: [1.45011169e-06]
2
iteration 2200
Best Fitness: [8.83202117e-07]
2
iteration 2300
Best Fitness: [5.37527476e-07]
2
iteration 2400
Best Fitness: [3.25690625e-07]
2
iteration 2500
Best Fitness: [1.98400094e-07]
2
iteration 2600
Best Fitness: [1.20771741e-07]
2
iteration 2700
Best Fitness: [7.33262734e-08]
2
iteration 2800
Best Fitness: [4.46942816e-08]
2
iteration 2900
Best Fitness: [2.71316578e-08]
2
iteration 2999
Best Fitness: [1.65689283e-08]
2
[array([1.65689283e-08])]
iteration 0
Best Fitness: [1.36325124]
1
iteration 100
Best Fitness: [0.]
2
iteration 200
Best Fitness: [0.]
2
iteration 300
Best Fitness: [0.]
2
iteration 400
Best Fitness: [0.]
2
iteration 500
Best Fitness: [0.]
2
iteration 600
Best Fitness: [0.]
2
iteration 700
Best Fitness: [0.]
2
iteration 800
Best Fitness: [0.]
2
iteration 900
Best Fitness: [0.]
2
iteration 1000
Best Fitness: [0.]
2
iteration 1100
Best Fitness: [0.]
2
iteration 1200
Best Fitness: [0.]
2
iteration 1300
Best Fitness: [0.]
2
iteration 1400
Best Fitness: [0.]
2
iteration 1500
Best Fitness: [0.]
2
iteration 1600
Best Fitness: [0.]
2
iteration 1700
Best Fitness: [0.]
2
iteration 1800
Best Fitness: [0.]
2
iteration 1900
Best Fitness: [0.]
2
iteration 2000
Best Fitness: [0.]
2
iteration 2100
Best Fitness: [0.]
2
iteration 2200
Best Fitness: [0.]
2
iteration 2300
Best Fitness: [0.]
2
iteration 2400
Best Fitness: [0.]
2
iteration 2500
Best Fitness: [0.]
2
iteration 2600
Best Fitness: [0.]
2
iteration 2700
Best Fitness: [0.]
2
iteration 2800
Best Fitness: [0.]
2
iteration 2900
Best Fitness: [0.]
2
iteration 2999
Best Fitness: [0.]
2
[array([0.])]
iteration 0
Best Fitness: [0.28158831]
1
iteration 100
Best Fitness: [0.00971591]
2
iteration 200
Best Fitness: [0.00971591]
2
iteration 300
Best Fitness: [0.00971591]
2
iteration 400
Best Fitness: [0.00971591]
2
iteration 500
Best Fitness: [0.00971591]
2
iteration 600
Best Fitness: [0.00971591]
2
iteration 700
Best Fitness: [0.00971591]
2
iteration 800
Best Fitness: [0.00971591]
2
iteration 900
Best Fitness: [0.00971591]
2
iteration 1000
Best Fitness: [0.00971591]
2
iteration 1100
Best Fitness: [0.00971591]
2
iteration 1200
Best Fitness: [0.00971591]
2
iteration 1300
Best Fitness: [0.00971591]
2
iteration 1400
Best Fitness: [0.00971591]
2
iteration 1500
Best Fitness: [0.00971591]
2
iteration 1600
Best Fitness: [0.00971591]
2
iteration 1700
Best Fitness: [0.00971591]
2
iteration 1800
Best Fitness: [0.00971591]
2
iteration 1900
Best Fitness: [0.00971591]
2
iteration 2000
Best Fitness: [0.00971591]
2
iteration 2100
Best Fitness: [0.00971591]
2
iteration 2200
Best Fitness: [0.00971591]
2
iteration 2300
Best Fitness: [0.00971591]
2
iteration 2400
Best Fitness: [0.00971591]
2
iteration 2500
Best Fitness: [0.00971591]
2
iteration 2600
Best Fitness: [0.00971591]
2
iteration 2700
Best Fitness: [0.00971591]
2
iteration 2800
Best Fitness: [0.00971591]
2
iteration 2900
Best Fitness: [0.00971591]
2
iteration 2999
Best Fitness: [0.00971591]
2
[array([0.00971591])]
iteration 0
Best Fitness: [5.19215564]
1
iteration 100
Best Fitness: [2.03859709]
2
iteration 200
Best Fitness: [2.03859709]
2
iteration 300
Best Fitness: [2.03859709]
2
iteration 400
Best Fitness: [2.03859709]
2
iteration 500
Best Fitness: [2.03859709]
2
iteration 600
Best Fitness: [2.03859709]
2
iteration 700
Best Fitness: [2.03859709]
2
iteration 800
Best Fitness: [2.03859709]
2
iteration 900
Best Fitness: [2.03859709]
2
iteration 1000
Best Fitness: [2.03859709]
2
iteration 1100
Best Fitness: [2.03859709]
2
iteration 1200
Best Fitness: [2.03859709]
2
iteration 1300
Best Fitness: [2.03859709]
2
iteration 1400
Best Fitness: [2.03859709]
2
iteration 1500
Best Fitness: [2.03859709]
2
iteration 1600
Best Fitness: [2.03859709]
2
iteration 1700
Best Fitness: [2.03859709]
2
iteration 1800
Best Fitness: [2.03859709]
2
iteration 1900
Best Fitness: [2.03859709]
2
iteration 2000
Best Fitness: [2.03859709]
2
iteration 2100
Best Fitness: [2.03859709]
2
iteration 2200
Best Fitness: [2.03859709]
2
iteration 2300
Best Fitness: [2.03859709]
2
iteration 2400
Best Fitness: [2.03859709]
2
iteration 2500
Best Fitness: [2.03859709]
2
iteration 2600
Best Fitness: [2.03859709]
2
iteration 2700
Best Fitness: [2.03859709]
2
iteration 2800
Best Fitness: [2.03859709]
2
iteration 2900
Best Fitness: [2.03859709]
2
iteration 2999
Best Fitness: [2.03859709]
2
[array([2.03859709])]
iteration 0
Best Fitness: [7.2830606]
1
iteration 100
Best Fitness: [0.]
2
iteration 200
Best Fitness: [0.]
2
iteration 300
Best Fitness: [0.]
2
iteration 400
Best Fitness: [0.]
2
iteration 500
Best Fitness: [0.]
2
iteration 600
Best Fitness: [0.]
2
iteration 700
Best Fitness: [0.]
2
iteration 800
Best Fitness: [0.]
2
iteration 900
Best Fitness: [0.]
2
iteration 1000
Best Fitness: [0.]
2
iteration 1100
Best Fitness: [0.]
2
iteration 1200
Best Fitness: [0.]
2
iteration 1300
Best Fitness: [0.]
2
iteration 1400
Best Fitness: [0.]
2
iteration 1500
Best Fitness: [0.]
2
iteration 1600
Best Fitness: [0.]
2
iteration 1700
Best Fitness: [0.]
2
iteration 1800
Best Fitness: [0.]
2
iteration 1900
Best Fitness: [0.]
2
iteration 2000
Best Fitness: [0.]
2
iteration 2100
Best Fitness: [0.]
2
iteration 2200
Best Fitness: [0.]
2
iteration 2300
Best Fitness: [0.]
2
iteration 2400
Best Fitness: [0.]
2
iteration 2500
Best Fitness: [0.]
2
iteration 2600
Best Fitness: [0.]
2
iteration 2700
Best Fitness: [0.]
2
iteration 2800
Best Fitness: [0.]
2
iteration 2900
Best Fitness: [0.]
2
iteration 2999
Best Fitness: [0.]
2
[array([0.])]
iteration 0
Best Fitness: [9.98373539]
1
iteration 100
Best Fitness: [8.3301501e-15]
2
iteration 200
Best Fitness: [1.60198401e-25]
2
iteration 300
Best Fitness: [1.49975978e-32]
2
iteration 400
Best Fitness: [1.49975978e-32]
2
iteration 500
Best Fitness: [1.49975978e-32]
2
iteration 600
Best Fitness: [1.49975978e-32]
2
iteration 700
Best Fitness: [1.49975978e-32]
2
iteration 800
Best Fitness: [1.49975978e-32]
2
iteration 900
Best Fitness: [1.49975978e-32]
2
iteration 1000
Best Fitness: [1.49975978e-32]
2
iteration 1100
Best Fitness: [1.49975978e-32]
2
iteration 1200
Best Fitness: [1.49975978e-32]
2
iteration 1300
Best Fitness: [1.49975978e-32]
2
iteration 1400
Best Fitness: [1.49975978e-32]
2
iteration 1500
Best Fitness: [1.49975978e-32]
2
iteration 1600
Best Fitness: [1.49975978e-32]
2
iteration 1700
Best Fitness: [1.49975978e-32]
2
iteration 1800
Best Fitness: [1.49975978e-32]
2
iteration 1900
Best Fitness: [1.49975978e-32]
2
iteration 2000
Best Fitness: [1.49975978e-32]
2
iteration 2100
Best Fitness: [1.49975978e-32]
2
iteration 2200
Best Fitness: [1.49975978e-32]
2
iteration 2300
Best Fitness: [1.49975978e-32]
2
iteration 2400
Best Fitness: [1.49975978e-32]
2
iteration 2500
Best Fitness: [1.49975978e-32]
2
iteration 2600
Best Fitness: [1.49975978e-32]
2
iteration 2700
Best Fitness: [1.49975978e-32]
2
iteration 2800
Best Fitness: [1.49975978e-32]
2
iteration 2900
Best Fitness: [1.49975978e-32]
2
iteration 2999
Best Fitness: [1.49975978e-32]
2
[array([1.49975978e-32])]
iteration 0
Best Fitness: [33.81915763]
1
iteration 100
Best Fitness: [2.54551326e-05]
2
iteration 200
Best Fitness: [2.54551323e-05]
2
iteration 300
Best Fitness: [2.54551323e-05]
2
iteration 400
Best Fitness: [2.54551323e-05]
2
iteration 500
Best Fitness: [2.54551323e-05]
2
iteration 600
Best Fitness: [2.54551323e-05]
2
iteration 700
Best Fitness: [2.54551323e-05]
2
iteration 800
Best Fitness: [2.54551323e-05]
2
iteration 900
Best Fitness: [2.54551323e-05]
2
iteration 1000
Best Fitness: [2.54551323e-05]
2
iteration 1100
Best Fitness: [2.54551323e-05]
2
iteration 1200
Best Fitness: [2.54551323e-05]
2
iteration 1300
Best Fitness: [2.54551323e-05]
2
iteration 1400
Best Fitness: [2.54551323e-05]
2
iteration 1500
Best Fitness: [2.54551323e-05]
2
iteration 1600
Best Fitness: [2.54551323e-05]
2
iteration 1700
Best Fitness: [2.54551323e-05]
2
iteration 1800
Best Fitness: [2.54551323e-05]
2
iteration 1900
Best Fitness: [2.54551323e-05]
2
iteration 2000
Best Fitness: [2.54551323e-05]
2
iteration 2100
Best Fitness: [2.54551323e-05]
2
iteration 2200
Best Fitness: [2.54551323e-05]
2
iteration 2300
Best Fitness: [2.54551323e-05]
2
iteration 2400
Best Fitness: [2.54551323e-05]
2
iteration 2500
Best Fitness: [2.54551323e-05]
2
iteration 2600
Best Fitness: [2.54551323e-05]
2
iteration 2700
Best Fitness: [2.54551323e-05]
2
iteration 2800
Best Fitness: [2.54551323e-05]
2
iteration 2900
Best Fitness: [2.54551323e-05]
2
iteration 2999
Best Fitness: [2.54551323e-05]
2
[array([2.54551323e-05])]
iteration 0
Best Fitness: [269943.69854674]
1
iteration 100
Best Fitness: [3.45950472e-12]
2
iteration 200
Best Fitness: [5.03802655e-21]
2
iteration 300
Best Fitness: [6.95014668e-34]
2
iteration 400
Best Fitness: [2.03031692e-40]
2
iteration 500
Best Fitness: [2.07730607e-51]
2
iteration 600
Best Fitness: [2.24486151e-65]
2
iteration 700
Best Fitness: [2.06445601e-73]
2
iteration 800
Best Fitness: [1.90252325e-85]
2
iteration 900
Best Fitness: [2.30039826e-94]
2
iteration 1000
Best Fitness: [4.38119532e-105]
2
iteration 1100
Best Fitness: [5.494828e-116]
2
iteration 1200
Best Fitness: [2.3644493e-124]
2
iteration 1300
Best Fitness: [1.28889271e-135]
2
iteration 1400
Best Fitness: [3.22361162e-146]
2
iteration 1500
Best Fitness: [1.86670447e-156]
2
iteration 1600
Best Fitness: [1.18934619e-162]
2
iteration 1700
Best Fitness: [2.70365921e-174]
2
iteration 1800
Best Fitness: [1.27251432e-180]
2
iteration 1900
Best Fitness: [1.49037203e-190]
2
iteration 2000
Best Fitness: [5.23445752e-201]
2
iteration 2100
Best Fitness: [2.03963441e-213]
2
iteration 2200
Best Fitness: [5.93972266e-222]
2
iteration 2300
Best Fitness: [5.63973385e-228]
2
iteration 2400
Best Fitness: [8.89374101e-239]
2
iteration 2500
Best Fitness: [2.02507289e-246]
2
iteration 2600
Best Fitness: [9.36352693e-257]
2
iteration 2700
Best Fitness: [8.71456257e-264]
2
iteration 2800
Best Fitness: [1.56655667e-275]
2
iteration 2900
Best Fitness: [5.29786994e-284]
2
iteration 2999
Best Fitness: [2.35556492e-294]
2
[array([2.35556492e-294])]
iteration 0
Best Fitness: [33861.48182274]
1
iteration 100
Best Fitness: [1.85619275e-09]
2
iteration 200
Best Fitness: [2.22919794e-21]
2
iteration 300
Best Fitness: [3.62916797e-31]
2
iteration 400
Best Fitness: [4.45545365e-41]
2
iteration 500
Best Fitness: [8.80172754e-52]
2
iteration 600
Best Fitness: [6.8095798e-60]
2
iteration 700
Best Fitness: [1.27699711e-69]
2
iteration 800
Best Fitness: [9.12436605e-79]
2
iteration 900
Best Fitness: [1.92080822e-89]
2
iteration 1000
Best Fitness: [1.82626356e-98]
2
iteration 1100
Best Fitness: [8.03783628e-108]
2
iteration 1200
Best Fitness: [3.07164046e-119]
2
iteration 1300
Best Fitness: [7.19686399e-128]
2
iteration 1400
Best Fitness: [1.93193394e-136]
2
iteration 1500
Best Fitness: [4.92974704e-147]
2
iteration 1600
Best Fitness: [3.07325469e-160]
2
iteration 1700
Best Fitness: [1.90869822e-169]
2
iteration 1800
Best Fitness: [2.52135853e-178]
2
iteration 1900
Best Fitness: [5.92072954e-188]
2
iteration 2000
Best Fitness: [9.69707257e-196]
2
iteration 2100
Best Fitness: [2.50777848e-206]
2
iteration 2200
Best Fitness: [2.34238995e-214]
2
iteration 2300
Best Fitness: [5.6558632e-231]
2
iteration 2400
Best Fitness: [3.67358689e-237]
2
iteration 2500
Best Fitness: [9.78142181e-247]
2
iteration 2600
Best Fitness: [1.58762526e-251]
2
iteration 2700
Best Fitness: [1.69653975e-259]
2
iteration 2800
Best Fitness: [1.11174715e-270]
2
iteration 2900
Best Fitness: [1.28247593e-277]
2
iteration 2999
Best Fitness: [2.31714009e-285]
2
[array([2.31714009e-285])]
iteration 0
Best Fitness: [3.14681447]
1
iteration 100
Best Fitness: [3.52048535e-06]
2
iteration 200
Best Fitness: [1.1977086e-12]
2
iteration 300
Best Fitness: [3.99680289e-15]
2
iteration 400
Best Fitness: [3.99680289e-15]
2
iteration 500
Best Fitness: [3.99680289e-15]
2
iteration 600
Best Fitness: [3.99680289e-15]
2
iteration 700
Best Fitness: [3.99680289e-15]
2
iteration 800
Best Fitness: [3.99680289e-15]
2
iteration 900
Best Fitness: [3.99680289e-15]
2
iteration 1000
Best Fitness: [3.99680289e-15]
2
iteration 1100
Best Fitness: [3.99680289e-15]
2
iteration 1200
Best Fitness: [3.99680289e-15]
2
iteration 1300
Best Fitness: [3.99680289e-15]
2
iteration 1400
Best Fitness: [3.99680289e-15]
2
iteration 1500
Best Fitness: [3.99680289e-15]
2
iteration 1600
Best Fitness: [3.99680289e-15]
2
iteration 1700
Best Fitness: [3.99680289e-15]
2
iteration 1800
Best Fitness: [3.99680289e-15]
2
iteration 1900
Best Fitness: [3.99680289e-15]
2
iteration 2000
Best Fitness: [3.99680289e-15]
2
iteration 2100
Best Fitness: [3.99680289e-15]
2
iteration 2200
Best Fitness: [3.99680289e-15]
2
iteration 2300
Best Fitness: [3.99680289e-15]
2
iteration 2400
Best Fitness: [3.99680289e-15]
2
iteration 2500
Best Fitness: [3.99680289e-15]
2
iteration 2600
Best Fitness: [3.99680289e-15]
2
iteration 2700
Best Fitness: [3.99680289e-15]
2
iteration 2800
Best Fitness: [3.99680289e-15]
2
iteration 2900
Best Fitness: [3.99680289e-15]
2
iteration 2999
Best Fitness: [3.99680289e-15]
2
[array([3.99680289e-15])]
iteration 0
Best Fitness: [0.18476656]
1
iteration 100
Best Fitness: [6.66059598e-06]
2
iteration 200
Best Fitness: [0.]
2
iteration 300
Best Fitness: [0.]
2
iteration 400
Best Fitness: [0.]
2
iteration 500
Best Fitness: [0.]
2
iteration 600
Best Fitness: [0.]
2
iteration 700
Best Fitness: [0.]
2
iteration 800
Best Fitness: [0.]
2
iteration 900
Best Fitness: [0.]
2
iteration 1000
Best Fitness: [0.]
2
iteration 1100
Best Fitness: [0.]
2
iteration 1200
Best Fitness: [0.]
2
iteration 1300
Best Fitness: [0.]
2
iteration 1400
Best Fitness: [0.]
2
iteration 1500
Best Fitness: [0.]
2
iteration 1600
Best Fitness: [0.]
2
iteration 1700
Best Fitness: [0.]
2
iteration 1800
Best Fitness: [0.]
2
iteration 1900
Best Fitness: [0.]
2
iteration 2000
Best Fitness: [0.]
2
iteration 2100
Best Fitness: [0.]
2
iteration 2200
Best Fitness: [0.]
2
iteration 2300
Best Fitness: [0.]
2
iteration 2400
Best Fitness: [0.]
2
iteration 2500
Best Fitness: [0.]
2
iteration 2600
Best Fitness: [0.]
2
iteration 2700
Best Fitness: [0.]
2
iteration 2800
Best Fitness: [0.]
2
iteration 2900
Best Fitness: [0.]
2
iteration 2999
Best Fitness: [0.]
2
[array([0.])]
iteration 0
Best Fitness: [0.98459934]
1
iteration 100
Best Fitness: [0.01231607]
2
iteration 200
Best Fitness: [0.01231607]
2
iteration 300
Best Fitness: [0.01231607]
2
iteration 400
Best Fitness: [0.01231607]
2
iteration 500
Best Fitness: [0.01231607]
2
iteration 600
Best Fitness: [0.01231607]
2
iteration 700
Best Fitness: [0.01231607]
2
iteration 800
Best Fitness: [0.01231607]
2
iteration 900
Best Fitness: [0.01231607]
2
iteration 1000
Best Fitness: [0.01231607]
2
iteration 1100
Best Fitness: [0.01231607]
2
iteration 1200
Best Fitness: [0.01231607]
2
iteration 1300
Best Fitness: [0.01231607]
2
iteration 1400
Best Fitness: [0.01231607]
2
iteration 1500
Best Fitness: [0.01231607]
2
iteration 1600
Best Fitness: [0.01231607]
2
iteration 1700
Best Fitness: [0.01231607]
2
iteration 1800
Best Fitness: [0.01231607]
2
iteration 1900
Best Fitness: [0.01231607]
2
iteration 2000
Best Fitness: [0.01231607]
2
iteration 2100
Best Fitness: [0.01231607]
2
iteration 2200
Best Fitness: [0.01231607]
2
iteration 2300
Best Fitness: [0.01231607]
2
iteration 2400
Best Fitness: [0.01231607]
2
iteration 2500
Best Fitness: [0.01231607]
2
iteration 2600
Best Fitness: [0.01231607]
2
iteration 2700
Best Fitness: [0.01231607]
2
iteration 2800
Best Fitness: [0.01231607]
2
iteration 2900
Best Fitness: [0.01231607]
2
iteration 2999
Best Fitness: [0.01231607]
2
[array([0.01231607])]
iteration 0
Best Fitness: [2.28595246]
1
iteration 100
Best Fitness: [0.]
2
iteration 200
Best Fitness: [0.]
2
iteration 300
Best Fitness: [0.]
2
iteration 400
Best Fitness: [0.]
2
iteration 500
Best Fitness: [0.]
2
iteration 600
Best Fitness: [0.]
2
iteration 700
Best Fitness: [0.]
2
iteration 800
Best Fitness: [0.]
2
iteration 900
Best Fitness: [0.]
2
iteration 1000
Best Fitness: [0.]
2
iteration 1100
Best Fitness: [0.]
2
iteration 1200
Best Fitness: [0.]
2
iteration 1300
Best Fitness: [0.]
2
iteration 1400
Best Fitness: [0.]
2
iteration 1500
Best Fitness: [0.]
2
iteration 1600
Best Fitness: [0.]
2
iteration 1700
Best Fitness: [0.]
2
iteration 1800
Best Fitness: [0.]
2
iteration 1900
Best Fitness: [0.]
2
iteration 2000
Best Fitness: [0.]
2
iteration 2100
Best Fitness: [0.]
2
iteration 2200
Best Fitness: [0.]
2
iteration 2300
Best Fitness: [0.]
2
iteration 2400
Best Fitness: [0.]
2
iteration 2500
Best Fitness: [0.]
2
iteration 2600
Best Fitness: [0.]
2
iteration 2700
Best Fitness: [0.]
2
iteration 2800
Best Fitness: [0.]
2
iteration 2900
Best Fitness: [0.]
2
iteration 2999
Best Fitness: [0.]
2
[array([0.])]
iteration 0
Best Fitness: [1.04281156]
1
iteration 100
Best Fitness: [0.03825144]
2
iteration 200
Best Fitness: [0.02552309]
2
iteration 300
Best Fitness: [0.02512957]
2
iteration 400
Best Fitness: [0.02512957]
2
iteration 500
Best Fitness: [0.02512957]
2
iteration 600
Best Fitness: [0.02512957]
2
iteration 700
Best Fitness: [0.02512957]
2
iteration 800
Best Fitness: [0.02512957]
2
iteration 900
Best Fitness: [0.02512957]
2
iteration 1000
Best Fitness: [0.02512957]
2
iteration 1100
Best Fitness: [0.02512957]
2
iteration 1200
Best Fitness: [0.02512957]
2
iteration 1300
Best Fitness: [0.02512957]
2
iteration 1400
Best Fitness: [0.02512957]
2
iteration 1500
Best Fitness: [0.02512957]
2
iteration 1600
Best Fitness: [0.02512957]
2
iteration 1700
Best Fitness: [0.02512957]
2
iteration 1800
Best Fitness: [0.02512957]
2
iteration 1900
Best Fitness: [0.02512957]
2
iteration 2000
Best Fitness: [0.02512957]
2
iteration 2100
Best Fitness: [0.02512957]
2
iteration 2200
Best Fitness: [0.02512957]
2
iteration 2300
Best Fitness: [0.02512957]
2
iteration 2400
Best Fitness: [0.02512957]
2
iteration 2500
Best Fitness: [0.02512957]
2
iteration 2600
Best Fitness: [0.02512957]
2
iteration 2700
Best Fitness: [0.02512957]
2
iteration 2800
Best Fitness: [0.02512957]
2
iteration 2900
Best Fitness: [0.02512957]
2
iteration 2999
Best Fitness: [0.02512957]
2
[array([0.02512957])]
iteration 0
Best Fitness: [0.64954489]
1
iteration 100
Best Fitness: [0.0662866]
2
iteration 200
Best Fitness: [0.06628502]
2
iteration 300
Best Fitness: [0.066285]
2
iteration 400
Best Fitness: [0.066285]
2
iteration 500
Best Fitness: [0.066285]
2
iteration 600
Best Fitness: [0.066285]
2
iteration 700
Best Fitness: [0.066285]
2
iteration 800
Best Fitness: [0.066285]
2
iteration 900
Best Fitness: [0.066285]
2
iteration 1000
Best Fitness: [0.066285]
2
iteration 1100
Best Fitness: [0.066285]
2
iteration 1200
Best Fitness: [0.066285]
2
iteration 1300
Best Fitness: [0.066285]
2
iteration 1400
Best Fitness: [0.066285]
2
iteration 1500
Best Fitness: [0.066285]
2
iteration 1600
Best Fitness: [0.066285]
2
iteration 1700
Best Fitness: [0.066285]
2
iteration 1800
Best Fitness: [0.066285]
2
iteration 1900
Best Fitness: [0.066285]
2
iteration 2000
Best Fitness: [0.066285]
2
iteration 2100
Best Fitness: [0.066285]
2
iteration 2200
Best Fitness: [0.066285]
2
iteration 2300
Best Fitness: [0.066285]
2
iteration 2400
Best Fitness: [0.066285]
2
iteration 2500
Best Fitness: [0.066285]
2
iteration 2600
Best Fitness: [0.066285]
2
iteration 2700
Best Fitness: [0.066285]
2
iteration 2800
Best Fitness: [0.066285]
2
iteration 2900
Best Fitness: [0.066285]
2
iteration 2999
Best Fitness: [0.066285]
2
[array([0.066285])]
iteration 0
Best Fitness: [0.1587575]
1
iteration 100
Best Fitness: [0.04111992]
2
iteration 200
Best Fitness: [0.0213495]
2
iteration 300
Best Fitness: [0.0197635]
2
iteration 400
Best Fitness: [0.01972989]
2
iteration 500
Best Fitness: [0.01972935]
2
iteration 600
Best Fitness: [0.01972934]
2
iteration 700
Best Fitness: [0.01972934]
2
iteration 800
Best Fitness: [0.01972934]
2
iteration 900
Best Fitness: [0.01972934]
2
iteration 1000
Best Fitness: [0.01972934]
2
iteration 1100
Best Fitness: [0.01972934]
2
iteration 1200
Best Fitness: [0.01972934]
2
iteration 1300
Best Fitness: [0.01972934]
2
iteration 1400
Best Fitness: [0.01972934]
2
iteration 1500
Best Fitness: [0.01972934]
2
iteration 1600
Best Fitness: [0.01972934]
2
iteration 1700
Best Fitness: [0.01972934]
2
iteration 1800
Best Fitness: [0.01972934]
2
iteration 1900
Best Fitness: [0.01972934]
2
iteration 2000
Best Fitness: [0.01972934]
2
iteration 2100
Best Fitness: [0.01972934]
2
iteration 2200
Best Fitness: [0.01972934]
2
iteration 2300
Best Fitness: [0.01972934]
2
iteration 2400
Best Fitness: [0.01972934]
2
iteration 2500
Best Fitness: [0.01972934]
2
iteration 2600
Best Fitness: [0.01972934]
2
iteration 2700
Best Fitness: [0.01972934]
2
iteration 2800
Best Fitness: [0.01972934]
2
iteration 2900
Best Fitness: [0.01972934]
2
iteration 2999
Best Fitness: [0.01972934]
2
[array([0.01972934])]
iteration 0
Best Fitness: [9.6419116]
1
iteration 100
Best Fitness: [1.07316815e-07]
2
iteration 200
Best Fitness: [2.71554075e-13]
2
iteration 300
Best Fitness: [6.62244592e-18]
2
iteration 400
Best Fitness: [2.72782226e-25]
2
iteration 500
Best Fitness: [5.6706667e-30]
2
iteration 600
Best Fitness: [7.36928356e-34]
2
iteration 700
Best Fitness: [3.20336197e-39]
2
iteration 800
Best Fitness: [1.71005297e-45]
2
iteration 900
Best Fitness: [2.94489794e-48]
2
iteration 1000
Best Fitness: [3.70956548e-55]
2
iteration 1100
Best Fitness: [4.93493569e-60]
2
iteration 1200
Best Fitness: [2.52445907e-64]
2
iteration 1300
Best Fitness: [4.63140984e-67]
2
iteration 1400
Best Fitness: [9.21659168e-73]
2
iteration 1500
Best Fitness: [9.51340044e-76]
2
iteration 1600
Best Fitness: [4.34487454e-79]
2
iteration 1700
Best Fitness: [4.79461995e-86]
2
iteration 1800
Best Fitness: [5.5516963e-90]
2
iteration 1900
Best Fitness: [5.234094e-96]
2
iteration 2000
Best Fitness: [2.39987192e-99]
2
iteration 2100
Best Fitness: [2.19124784e-104]
2
iteration 2200
Best Fitness: [7.53193209e-110]
2
iteration 2300
Best Fitness: [1.02606381e-114]
2
iteration 2400
Best Fitness: [7.30605694e-118]
2
iteration 2500
Best Fitness: [9.66816416e-124]
2
iteration 2600
Best Fitness: [6.31279038e-127]
2
iteration 2700
Best Fitness: [4.2196455e-132]
2
iteration 2800
Best Fitness: [4.09926224e-136]
2
iteration 2900
Best Fitness: [5.34836062e-142]
2
iteration 2999
Best Fitness: [2.51468317e-145]
2
[array([2.51468317e-145])]
iteration 0
Best Fitness: [1448042.55733218]
1
iteration 100
Best Fitness: [0.00346497]
1
iteration 200
Best Fitness: [5.30275921e-12]
1
iteration 300
Best Fitness: [7.0488273e-18]
1
iteration 400
Best Fitness: [1.93261275e-26]
1
iteration 500
Best Fitness: [3.78577592e-33]
1
iteration 600
Best Fitness: [8.01153646e-41]
1
iteration 700
Best Fitness: [2.63785087e-48]
1
iteration 800
Best Fitness: [4.37913152e-58]
1
iteration 900
Best Fitness: [3.8955123e-63]
1
iteration 1000
Best Fitness: [2.91952869e-68]
1
iteration 1100
Best Fitness: [8.57659065e-74]
1
iteration 1200
Best Fitness: [4.86929746e-83]
1
iteration 1300
Best Fitness: [7.33140801e-89]
1
iteration 1400
Best Fitness: [5.56603101e-94]
1
iteration 1500
Best Fitness: [5.08491522e-103]
1
iteration 1600
Best Fitness: [7.24567754e-111]
1
iteration 1700
Best Fitness: [3.6594979e-120]
1
iteration 1800
Best Fitness: [5.06904939e-126]
1
iteration 1900
Best Fitness: [2.39134188e-132]
1
iteration 2000
Best Fitness: [3.41941607e-138]
1
iteration 2100
Best Fitness: [1.02042276e-145]
1
iteration 2200
Best Fitness: [4.24479106e-149]
1
iteration 2300
Best Fitness: [3.34142469e-157]
1
iteration 2400
Best Fitness: [1.36192122e-164]
1
iteration 2500
Best Fitness: [9.49078322e-171]
1
iteration 2600
Best Fitness: [2.06172122e-179]
1
iteration 2700
Best Fitness: [2.19575516e-183]
1
iteration 2800
Best Fitness: [3.05430386e-191]
1
iteration 2900
Best Fitness: [3.0179937e-199]
1
iteration 2999
Best Fitness: [3.18805762e-205]
1
[array([3.18805762e-205])]
iteration 0
Best Fitness: [20.54984172]
1
iteration 100
Best Fitness: [4.19856856e-06]
1
iteration 200
Best Fitness: [1.55098084e-10]
1
iteration 300
Best Fitness: [1.52518466e-14]
1
iteration 400
Best Fitness: [6.653169e-20]
1
iteration 500
Best Fitness: [1.64650734e-22]
1
iteration 600
Best Fitness: [2.2710422e-26]
1
iteration 700
Best Fitness: [5.09706838e-31]
1
iteration 800
Best Fitness: [6.29276245e-34]
1
iteration 900
Best Fitness: [2.0586585e-37]
1
iteration 1000
Best Fitness: [1.28910975e-42]
1
iteration 1100
Best Fitness: [1.04023371e-46]
1
iteration 1200
Best Fitness: [3.85697518e-50]
1
iteration 1300
Best Fitness: [2.70384821e-55]
1
iteration 1400
Best Fitness: [6.15865744e-58]
1
iteration 1500
Best Fitness: [1.56237045e-63]
1
iteration 1600
Best Fitness: [1.03055111e-65]
1
iteration 1700
Best Fitness: [2.06968792e-69]
1
iteration 1800
Best Fitness: [1.9515456e-74]
1
iteration 1900
Best Fitness: [2.4808999e-78]
1
iteration 2000
Best Fitness: [3.40398999e-82]
1
iteration 2100
Best Fitness: [2.142268e-85]
1
iteration 2200
Best Fitness: [3.63604767e-90]
1
iteration 2300
Best Fitness: [1.63072799e-94]
1
iteration 2400
Best Fitness: [2.44261231e-100]
1
iteration 2500
Best Fitness: [2.88208013e-102]
1
iteration 2600
Best Fitness: [3.24417039e-106]
1
iteration 2700
Best Fitness: [3.36848442e-111]
1
iteration 2800
Best Fitness: [3.81638544e-113]
1
iteration 2900
Best Fitness: [7.97311849e-118]
1
iteration 2999
Best Fitness: [9.92452269e-121]
1
[array([9.92452269e-121])]
iteration 0
Best Fitness: [445.32011912]
1
iteration 100
Best Fitness: [1.34324198e-08]
1
iteration 200
Best Fitness: [4.57968014e-16]
1
iteration 300
Best Fitness: [2.37225868e-24]
1
iteration 400
Best Fitness: [9.71076015e-31]
1
iteration 500
Best Fitness: [1.30266197e-36]
1
iteration 600
Best Fitness: [7.5758789e-45]
1
iteration 700
Best Fitness: [5.35120112e-53]
1
iteration 800
Best Fitness: [1.86047188e-59]
1
iteration 900
Best Fitness: [4.050716e-65]
1
iteration 1000
Best Fitness: [5.09791068e-72]
1
iteration 1100
Best Fitness: [7.57504739e-77]
1
iteration 1200
Best Fitness: [1.19120489e-86]
1
iteration 1300
Best Fitness: [4.59584013e-92]
1
iteration 1400
Best Fitness: [3.21872084e-100]
1
iteration 1500
Best Fitness: [7.09206965e-108]
1
iteration 1600
Best Fitness: [1.66583655e-112]
1
iteration 1700
Best Fitness: [3.44615573e-120]
1
iteration 1800
Best Fitness: [1.33538793e-125]
1
iteration 1900
Best Fitness: [1.68927e-134]
1
iteration 2000
Best Fitness: [7.07832077e-140]
1
iteration 2100
Best Fitness: [3.41635821e-148]
1
iteration 2200
Best Fitness: [7.84446056e-155]
1
iteration 2300
Best Fitness: [5.67548187e-161]
1
iteration 2400
Best Fitness: [5.62322688e-168]
1
iteration 2500
Best Fitness: [4.38214096e-176]
1
iteration 2600
Best Fitness: [1.4260646e-182]
1
iteration 2700
Best Fitness: [5.77196845e-190]
1
iteration 2800
Best Fitness: [2.02456448e-196]
1
iteration 2900
Best Fitness: [1.31808552e-202]
1
iteration 2999
Best Fitness: [2.29260129e-209]
1
[array([2.29260129e-209])]
iteration 0
Best Fitness: [0.12514645]
1
iteration 100
Best Fitness: [5.6223675e-06]
1
iteration 200
Best Fitness: [1.18307401e-07]
1
iteration 300
Best Fitness: [2.89966322e-09]
1
iteration 400
Best Fitness: [1.87905211e-09]
1
iteration 500
Best Fitness: [2.34042469e-10]
1
iteration 600
Best Fitness: [5.86267652e-13]
1
iteration 700
Best Fitness: [2.59019747e-13]
1
iteration 800
Best Fitness: [2.17672136e-13]
1
iteration 900
Best Fitness: [9.44765613e-16]
1
iteration 1000
Best Fitness: [4.73298472e-16]
1
iteration 1100
Best Fitness: [3.92037567e-16]
1
iteration 1200
Best Fitness: [2.8190971e-18]
1
iteration 1300
Best Fitness: [6.31416824e-22]
1
iteration 1400
Best Fitness: [5.68877404e-22]
1
iteration 1500
Best Fitness: [6.5114033e-23]
1
iteration 1600
Best Fitness: [5.39352303e-23]
1
iteration 1700
Best Fitness: [5.27246279e-24]
1
iteration 1800
Best Fitness: [1.82618322e-24]
1
iteration 1900
Best Fitness: [1.3273768e-26]
1
iteration 2000
Best Fitness: [2.68262012e-28]
1
iteration 2100
Best Fitness: [6.69175915e-29]
1
iteration 2200
Best Fitness: [4.43734259e-31]
1
iteration 2300
Best Fitness: [4.93038066e-32]
1
iteration 2400
Best Fitness: [4.93038066e-32]
1
iteration 2500
Best Fitness: [0.]
1
iteration 2600
Best Fitness: [0.]
1
iteration 2700
Best Fitness: [0.]
1
iteration 2800
Best Fitness: [0.]
1
iteration 2900
Best Fitness: [0.]
1
iteration 2999
Best Fitness: [0.]
1
[array([0.])]
iteration 0
Best Fitness: [1.36325124]
1
iteration 100
Best Fitness: [6.27862047e-07]
1
iteration 200
Best Fitness: [1.45128354e-12]
1
iteration 300
Best Fitness: [0.]
1
iteration 400
Best Fitness: [0.]
1
iteration 500
Best Fitness: [0.]
1
iteration 600
Best Fitness: [0.]
1
iteration 700
Best Fitness: [0.]
1
iteration 800
Best Fitness: [0.]
1
iteration 900
Best Fitness: [0.]
1
iteration 1000
Best Fitness: [0.]
1
iteration 1100
Best Fitness: [0.]
1
iteration 1200
Best Fitness: [0.]
1
iteration 1300
Best Fitness: [0.]
1
iteration 1400
Best Fitness: [0.]
1
iteration 1500
Best Fitness: [0.]
1
iteration 1600
Best Fitness: [0.]
1
iteration 1700
Best Fitness: [0.]
1
iteration 1800
Best Fitness: [0.]
1
iteration 1900
Best Fitness: [0.]
1
iteration 2000
Best Fitness: [0.]
1
iteration 2100
Best Fitness: [0.]
1
iteration 2200
Best Fitness: [0.]
1
iteration 2300
Best Fitness: [0.]
1
iteration 2400
Best Fitness: [0.]
1
iteration 2500
Best Fitness: [0.]
1
iteration 2600
Best Fitness: [0.]
1
iteration 2700
Best Fitness: [0.]
1
iteration 2800
Best Fitness: [0.]
1
iteration 2900
Best Fitness: [0.]
1
iteration 2999
Best Fitness: [0.]
1
[array([0.])]
iteration 0
Best Fitness: [0.28158831]
1
iteration 100
Best Fitness: [0.00971591]
1
iteration 200
Best Fitness: [0.00971591]
1
iteration 300
Best Fitness: [2.65163448e-05]
1
iteration 400
Best Fitness: [1.41170444e-05]
1
iteration 500
Best Fitness: [1.41168736e-05]
1
iteration 600
Best Fitness: [1.41168736e-05]
1
iteration 700
Best Fitness: [1.41168736e-05]
1
iteration 800
Best Fitness: [3.29373449e-07]
1
iteration 900
Best Fitness: [3.29110006e-07]
1
iteration 1000
Best Fitness: [3.29110006e-07]
1
iteration 1100
Best Fitness: [3.29110006e-07]
1
iteration 1200
Best Fitness: [1.62095337e-11]
1
iteration 1300
Best Fitness: [1.44945167e-12]
1
iteration 1400
Best Fitness: [5.55111512e-17]
1
iteration 1500
Best Fitness: [0.]
1
iteration 1600
Best Fitness: [0.]
1
iteration 1700
Best Fitness: [0.]
1
iteration 1800
Best Fitness: [0.]
1
iteration 1900
Best Fitness: [0.]
1
iteration 2000
Best Fitness: [0.]
1
iteration 2100
Best Fitness: [0.]
1
iteration 2200
Best Fitness: [0.]
1
iteration 2300
Best Fitness: [0.]
1
iteration 2400
Best Fitness: [0.]
1
iteration 2500
Best Fitness: [0.]
1
iteration 2600
Best Fitness: [0.]
1
iteration 2700
Best Fitness: [0.]
1
iteration 2800
Best Fitness: [0.]
1
iteration 2900
Best Fitness: [0.]
1
iteration 2999
Best Fitness: [0.]
1
[array([0.])]
iteration 0
Best Fitness: [5.19215564]
1
iteration 100
Best Fitness: [0.01250661]
1
iteration 200
Best Fitness: [0.00057419]
1
iteration 300
Best Fitness: [4.12501511e-07]
1
iteration 400
Best Fitness: [4.12501511e-07]
1
iteration 500
Best Fitness: [4.12501511e-07]
1
iteration 600
Best Fitness: [4.12501511e-07]
1
iteration 700
Best Fitness: [4.12501511e-07]
1
iteration 800
Best Fitness: [4.12501511e-07]
1
iteration 900
Best Fitness: [4.12501511e-07]
1
iteration 1000
Best Fitness: [4.12501511e-07]
1
iteration 1100
Best Fitness: [4.12501511e-07]
1
iteration 1200
Best Fitness: [4.12501511e-07]
1
iteration 1300
Best Fitness: [4.12501511e-07]
1
iteration 1400
Best Fitness: [2.12789807e-07]
1
iteration 1500
Best Fitness: [2.0113713e-07]
1
iteration 1600
Best Fitness: [2.0113713e-07]
1
iteration 1700
Best Fitness: [2.0113713e-07]
1
iteration 1800
Best Fitness: [2.0113713e-07]
1
iteration 1900
Best Fitness: [2.0113713e-07]
1
iteration 2000
Best Fitness: [2.01789852e-11]
1
iteration 2100
Best Fitness: [4.09069465e-12]
1
iteration 2200
Best Fitness: [4.09069465e-12]
1
iteration 2300
Best Fitness: [4.09069465e-12]
1
iteration 2400
Best Fitness: [4.09069465e-12]
1
iteration 2500
Best Fitness: [4.09069465e-12]
1
iteration 2600
Best Fitness: [4.09069465e-12]
1
iteration 2700
Best Fitness: [4.09069465e-12]
1
iteration 2800
Best Fitness: [4.09069465e-12]
1
iteration 2900
Best Fitness: [4.09069465e-12]
1
iteration 2999
Best Fitness: [4.09069465e-12]
1
[array([4.09069465e-12])]
iteration 0
Best Fitness: [7.2830606]
1
iteration 100
Best Fitness: [3.20760987e-06]
1
iteration 200
Best Fitness: [6.19948537e-13]
1
iteration 300
Best Fitness: [0.]
1
iteration 400
Best Fitness: [0.]
1
iteration 500
Best Fitness: [0.]
1
iteration 600
Best Fitness: [0.]
1
iteration 700
Best Fitness: [0.]
1
iteration 800
Best Fitness: [0.]
1
iteration 900
Best Fitness: [0.]
1
iteration 1000
Best Fitness: [0.]
1
iteration 1100
Best Fitness: [0.]
1
iteration 1200
Best Fitness: [0.]
1
iteration 1300
Best Fitness: [0.]
1
iteration 1400
Best Fitness: [0.]
1
iteration 1500
Best Fitness: [0.]
1
iteration 1600
Best Fitness: [0.]
1
iteration 1700
Best Fitness: [0.]
1
iteration 1800
Best Fitness: [0.]
1
iteration 1900
Best Fitness: [0.]
1
iteration 2000
Best Fitness: [0.]
1
iteration 2100
Best Fitness: [0.]
1
iteration 2200
Best Fitness: [0.]
1
iteration 2300
Best Fitness: [0.]
1
iteration 2400
Best Fitness: [0.]
1
iteration 2500
Best Fitness: [0.]
1
iteration 2600
Best Fitness: [0.]
1
iteration 2700
Best Fitness: [0.]
1
iteration 2800
Best Fitness: [0.]
1
iteration 2900
Best Fitness: [0.]
1
iteration 2999
Best Fitness: [0.]
1
[array([0.])]
iteration 0
Best Fitness: [9.98373539]
1
iteration 100
Best Fitness: [1.1833345e-10]
1
iteration 200
Best Fitness: [2.68462123e-17]
1
iteration 300
Best Fitness: [5.98658789e-25]
1
iteration 400
Best Fitness: [2.73235495e-32]
1
iteration 500
Best Fitness: [1.49975978e-32]
1
iteration 600
Best Fitness: [1.49975978e-32]
1
iteration 700
Best Fitness: [1.49975978e-32]
1
iteration 800
Best Fitness: [1.49975978e-32]
1
iteration 900
Best Fitness: [1.49975978e-32]
1
iteration 1000
Best Fitness: [1.49975978e-32]
1
iteration 1100
Best Fitness: [1.49975978e-32]
1
iteration 1200
Best Fitness: [1.49975978e-32]
1
iteration 1300
Best Fitness: [1.49975978e-32]
1
iteration 1400
Best Fitness: [1.49975978e-32]
1
iteration 1500
Best Fitness: [1.49975978e-32]
1
iteration 1600
Best Fitness: [1.49975978e-32]
1
iteration 1700
Best Fitness: [1.49975978e-32]
1
iteration 1800
Best Fitness: [1.49975978e-32]
1
iteration 1900
Best Fitness: [1.49975978e-32]
1
iteration 2000
Best Fitness: [1.49975978e-32]
1
iteration 2100
Best Fitness: [1.49975978e-32]
1
iteration 2200
Best Fitness: [1.49975978e-32]
1
iteration 2300
Best Fitness: [1.49975978e-32]
1
iteration 2400
Best Fitness: [1.49975978e-32]
1
iteration 2500
Best Fitness: [1.49975978e-32]
1
iteration 2600
Best Fitness: [1.49975978e-32]
1
iteration 2700
Best Fitness: [1.49975978e-32]
1
iteration 2800
Best Fitness: [1.49975978e-32]
1
iteration 2900
Best Fitness: [1.49975978e-32]
1
iteration 2999
Best Fitness: [1.49975978e-32]
1
[array([1.49975978e-32])]
iteration 0
Best Fitness: [33.81915763]
1
iteration 100
Best Fitness: [2.54762986e-05]
1
iteration 200
Best Fitness: [2.54566942e-05]
1
iteration 300
Best Fitness: [2.54551339e-05]
1
iteration 400
Best Fitness: [2.54551323e-05]
1
iteration 500
Best Fitness: [2.54551323e-05]
1
iteration 600
Best Fitness: [2.54551323e-05]
1
iteration 700
Best Fitness: [2.54551323e-05]
1
iteration 800
Best Fitness: [2.54551323e-05]
1
iteration 900
Best Fitness: [2.54551323e-05]
1
iteration 1000
Best Fitness: [2.54551323e-05]
1
iteration 1100
Best Fitness: [2.54551323e-05]
1
iteration 1200
Best Fitness: [2.54551323e-05]
1
iteration 1300
Best Fitness: [2.54551323e-05]
1
iteration 1400
Best Fitness: [2.54551323e-05]
1
iteration 1500
Best Fitness: [2.54551323e-05]
1
iteration 1600
Best Fitness: [2.54551323e-05]
1
iteration 1700
Best Fitness: [2.54551323e-05]
1
iteration 1800
Best Fitness: [2.54551323e-05]
1
iteration 1900
Best Fitness: [2.54551323e-05]
1
iteration 2000
Best Fitness: [2.54551323e-05]
1
iteration 2100
Best Fitness: [2.54551323e-05]
1
iteration 2200
Best Fitness: [2.54551323e-05]
1
iteration 2300
Best Fitness: [2.54551323e-05]
1
iteration 2400
Best Fitness: [2.54551323e-05]
1
iteration 2500
Best Fitness: [2.54551323e-05]
1
iteration 2600
Best Fitness: [2.54551323e-05]
1
iteration 2700
Best Fitness: [2.54551323e-05]
1
iteration 2800
Best Fitness: [2.54551323e-05]
1
iteration 2900
Best Fitness: [2.54551323e-05]
1
iteration 2999
Best Fitness: [2.54551323e-05]
1
[array([2.54551323e-05])]
iteration 0
Best Fitness: [269943.69854674]
1
iteration 100
Best Fitness: [0.00010158]
1
iteration 200
Best Fitness: [1.80302172e-12]
1
iteration 300
Best Fitness: [5.48138744e-20]
1
iteration 400
Best Fitness: [1.23208918e-28]
1
iteration 500
Best Fitness: [1.72551492e-36]
1
iteration 600
Best Fitness: [6.76783663e-42]
1
iteration 700
Best Fitness: [4.67131424e-50]
1
iteration 800
Best Fitness: [2.93450269e-57]
1
iteration 900
Best Fitness: [2.01128664e-65]
1
iteration 1000
Best Fitness: [5.99126301e-70]
1
iteration 1100
Best Fitness: [2.64068682e-75]
1
iteration 1200
Best Fitness: [8.65522377e-83]
1
iteration 1300
Best Fitness: [1.97874933e-90]
1
iteration 1400
Best Fitness: [1.02297975e-98]
1
iteration 1500
Best Fitness: [1.92257935e-103]
1
iteration 1600
Best Fitness: [1.72008421e-110]
1
iteration 1700
Best Fitness: [1.10220811e-116]
1
iteration 1800
Best Fitness: [1.85010167e-123]
1
iteration 1900
Best Fitness: [6.47881125e-131]
1
iteration 2000
Best Fitness: [1.18207483e-138]
1
iteration 2100
Best Fitness: [8.92517794e-146]
1
iteration 2200
Best Fitness: [1.54178315e-151]
1
iteration 2300
Best Fitness: [6.61700348e-160]
1
iteration 2400
Best Fitness: [1.23898667e-166]
1
iteration 2500
Best Fitness: [2.34336521e-173]
1
iteration 2600
Best Fitness: [2.29043379e-181]
1
iteration 2700
Best Fitness: [3.58516228e-188]
1
iteration 2800
Best Fitness: [2.31673879e-195]
1
iteration 2900
Best Fitness: [2.52623792e-206]
1
iteration 2999
Best Fitness: [1.17880864e-208]
1
[array([1.17880864e-208])]
iteration 0
Best Fitness: [33861.48182274]
1
iteration 100
Best Fitness: [1.93492136e-05]
1
iteration 200
Best Fitness: [2.28116873e-11]
1
iteration 300
Best Fitness: [1.42364498e-18]
1
iteration 400
Best Fitness: [9.59018218e-28]
1
iteration 500
Best Fitness: [1.55654798e-33]
1
iteration 600
Best Fitness: [4.08054249e-40]
1
iteration 700
Best Fitness: [2.26406515e-47]
1
iteration 800
Best Fitness: [1.25574352e-54]
1
iteration 900
Best Fitness: [2.0675677e-63]
1
iteration 1000
Best Fitness: [1.88694742e-69]
1
iteration 1100
Best Fitness: [7.23737744e-75]
1
iteration 1200
Best Fitness: [3.25578171e-85]
1
iteration 1300
Best Fitness: [3.69981578e-90]
1
iteration 1400
Best Fitness: [4.45598829e-97]
1
iteration 1500
Best Fitness: [1.95108016e-102]
1
iteration 1600
Best Fitness: [1.52378657e-108]
1
iteration 1700
Best Fitness: [4.97913586e-120]
1
iteration 1800
Best Fitness: [2.8975724e-124]
1
iteration 1900
Best Fitness: [8.74539132e-132]
1
iteration 2000
Best Fitness: [3.38271574e-140]
1
iteration 2100
Best Fitness: [1.47555804e-146]
1
iteration 2200
Best Fitness: [2.12967808e-154]
1
iteration 2300
Best Fitness: [2.61180992e-161]
1
iteration 2400
Best Fitness: [2.45901759e-167]
1
iteration 2500
Best Fitness: [7.49432998e-176]
1
iteration 2600
Best Fitness: [2.05555284e-179]
1
iteration 2700
Best Fitness: [9.78720638e-187]
1
iteration 2800
Best Fitness: [6.38233591e-195]
1
iteration 2900
Best Fitness: [9.52631945e-202]
1
iteration 2999
Best Fitness: [7.94195999e-207]
1
[array([7.94195999e-207])]
iteration 0
Best Fitness: [3.14681447]
1
iteration 100
Best Fitness: [5.42506082e-05]
1
iteration 200
Best Fitness: [2.49674739e-08]
1
iteration 300
Best Fitness: [9.85567183e-12]
1
iteration 400
Best Fitness: [3.99680289e-15]
1
iteration 500
Best Fitness: [4.4408921e-16]
1
iteration 600
Best Fitness: [4.4408921e-16]
1
iteration 700
Best Fitness: [4.4408921e-16]
1
iteration 800
Best Fitness: [4.4408921e-16]
1
iteration 900
Best Fitness: [4.4408921e-16]
1
iteration 1000
Best Fitness: [4.4408921e-16]
1
iteration 1100
Best Fitness: [4.4408921e-16]
1
iteration 1200
Best Fitness: [4.4408921e-16]
1
iteration 1300
Best Fitness: [4.4408921e-16]
1
iteration 1400
Best Fitness: [4.4408921e-16]
1
iteration 1500
Best Fitness: [4.4408921e-16]
1
iteration 1600
Best Fitness: [4.4408921e-16]
1
iteration 1700
Best Fitness: [4.4408921e-16]
1
iteration 1800
Best Fitness: [4.4408921e-16]
1
iteration 1900
Best Fitness: [4.4408921e-16]
1
iteration 2000
Best Fitness: [4.4408921e-16]
1
iteration 2100
Best Fitness: [4.4408921e-16]
1
iteration 2200
Best Fitness: [4.4408921e-16]
1
iteration 2300
Best Fitness: [4.4408921e-16]
1
iteration 2400
Best Fitness: [4.4408921e-16]
1
iteration 2500
Best Fitness: [4.4408921e-16]
1
iteration 2600
Best Fitness: [4.4408921e-16]
1
iteration 2700
Best Fitness: [4.4408921e-16]
1
iteration 2800
Best Fitness: [4.4408921e-16]
1
iteration 2900
Best Fitness: [4.4408921e-16]
1
iteration 2999
Best Fitness: [4.4408921e-16]
1
[array([4.4408921e-16])]
iteration 0
Best Fitness: [0.18476656]
1
iteration 100
Best Fitness: [0.00022627]
1
iteration 200
Best Fitness: [7.72620454e-07]
1
iteration 300
Best Fitness: [3.69482223e-13]
1
iteration 400
Best Fitness: [0.]
1
iteration 500
Best Fitness: [0.]
1
iteration 600
Best Fitness: [0.]
1
iteration 700
Best Fitness: [0.]
1
iteration 800
Best Fitness: [0.]
1
iteration 900
Best Fitness: [0.]
1
iteration 1000
Best Fitness: [0.]
1
iteration 1100
Best Fitness: [0.]
1
iteration 1200
Best Fitness: [0.]
1
iteration 1300
Best Fitness: [0.]
1
iteration 1400
Best Fitness: [0.]
1
iteration 1500
Best Fitness: [0.]
1
iteration 1600
Best Fitness: [0.]
1
iteration 1700
Best Fitness: [0.]
1
iteration 1800
Best Fitness: [0.]
1
iteration 1900
Best Fitness: [0.]
1
iteration 2000
Best Fitness: [0.]
1
iteration 2100
Best Fitness: [0.]
1
iteration 2200
Best Fitness: [0.]
1
iteration 2300
Best Fitness: [0.]
1
iteration 2400
Best Fitness: [0.]
1
iteration 2500
Best Fitness: [0.]
1
iteration 2600
Best Fitness: [0.]
1
iteration 2700
Best Fitness: [0.]
1
iteration 2800
Best Fitness: [0.]
1
iteration 2900
Best Fitness: [0.]
1
iteration 2999
Best Fitness: [0.]
1
[array([0.])]
iteration 0
Best Fitness: [0.98459934]
1
iteration 100
Best Fitness: [0.00021437]
1
iteration 200
Best Fitness: [1.74548909e-09]
1
iteration 300
Best Fitness: [5.88418203e-14]
1
iteration 400
Best Fitness: [1.11022302e-15]
1
iteration 500
Best Fitness: [1.11022302e-15]
1
iteration 600
Best Fitness: [0.]
1
iteration 700
Best Fitness: [0.]
1
iteration 800
Best Fitness: [0.]
1
iteration 900
Best Fitness: [0.]
1
iteration 1000
Best Fitness: [0.]
1
iteration 1100
Best Fitness: [0.]
1
iteration 1200
Best Fitness: [0.]
1
iteration 1300
Best Fitness: [0.]
1
iteration 1400
Best Fitness: [0.]
1
iteration 1500
Best Fitness: [0.]
1
iteration 1600
Best Fitness: [0.]
1
iteration 1700
Best Fitness: [0.]
1
iteration 1800
Best Fitness: [0.]
1
iteration 1900
Best Fitness: [0.]
1
iteration 2000
Best Fitness: [0.]
1
iteration 2100
Best Fitness: [0.]
1
iteration 2200
Best Fitness: [0.]
1
iteration 2300
Best Fitness: [0.]
1
iteration 2400
Best Fitness: [0.]
1
iteration 2500
Best Fitness: [0.]
1
iteration 2600
Best Fitness: [0.]
1
iteration 2700
Best Fitness: [0.]
1
iteration 2800
Best Fitness: [0.]
1
iteration 2900
Best Fitness: [0.]
1
iteration 2999
Best Fitness: [0.]
1
[array([0.])]
iteration 0
Best Fitness: [2.28595246]
1
iteration 100
Best Fitness: [0.]
1
iteration 200
Best Fitness: [0.]
1
iteration 300
Best Fitness: [0.]
1
iteration 400
Best Fitness: [0.]
1
iteration 500
Best Fitness: [0.]
1
iteration 600
Best Fitness: [0.]
1
iteration 700
Best Fitness: [0.]
1
iteration 800
Best Fitness: [0.]
1
iteration 900
Best Fitness: [0.]
1
iteration 1000
Best Fitness: [0.]
1
iteration 1100
Best Fitness: [0.]
1
iteration 1200
Best Fitness: [0.]
1
iteration 1300
Best Fitness: [0.]
1
iteration 1400
Best Fitness: [0.]
1
iteration 1500
Best Fitness: [0.]
1
iteration 1600
Best Fitness: [0.]
1
iteration 1700
Best Fitness: [0.]
1
iteration 1800
Best Fitness: [0.]
1
iteration 1900
Best Fitness: [0.]
1
iteration 2000
Best Fitness: [0.]
1
iteration 2100
Best Fitness: [0.]
1
iteration 2200
Best Fitness: [0.]
1
iteration 2300
Best Fitness: [0.]
1
iteration 2400
Best Fitness: [0.]
1
iteration 2500
Best Fitness: [0.]
1
iteration 2600
Best Fitness: [0.]
1
iteration 2700
Best Fitness: [0.]
1
iteration 2800
Best Fitness: [0.]
1
iteration 2900
Best Fitness: [0.]
1
iteration 2999
Best Fitness: [0.]
1
[array([0.])]
iteration 0
Best Fitness: [1.04281156]
1
iteration 100
Best Fitness: [0.027167]
1
iteration 200
Best Fitness: [0.00315044]
1
iteration 300
Best Fitness: [0.00014663]
1
iteration 400
Best Fitness: [1.46292681e-06]
1
iteration 500
Best Fitness: [1.46292681e-06]
1
iteration 600
Best Fitness: [1.46292681e-06]
1
iteration 700
Best Fitness: [1.46292681e-06]
1
iteration 800
Best Fitness: [1.46292681e-06]
1
iteration 900
Best Fitness: [1.46292681e-06]
1
iteration 1000
Best Fitness: [1.46292681e-06]
1
iteration 1100
Best Fitness: [1.46292681e-06]
1
iteration 1200
Best Fitness: [1.46292681e-06]
1
iteration 1300
Best Fitness: [1.46292681e-06]
1
iteration 1400
Best Fitness: [1.46292681e-06]
1
iteration 1500
Best Fitness: [1.46292681e-06]
1
iteration 1600
Best Fitness: [1.46292681e-06]
1
iteration 1700
Best Fitness: [1.46292681e-06]
1
iteration 1800
Best Fitness: [1.46292681e-06]
1
iteration 1900
Best Fitness: [1.46292681e-06]
1
iteration 2000
Best Fitness: [1.46292681e-06]
1
iteration 2100
Best Fitness: [1.46292681e-06]
1
iteration 2200
Best Fitness: [1.46292681e-06]
1
iteration 2300
Best Fitness: [1.46292681e-06]
1
iteration 2400
Best Fitness: [1.46292681e-06]
1
iteration 2500
Best Fitness: [1.46292681e-06]
1
iteration 2600
Best Fitness: [1.46292681e-06]
1
iteration 2700
Best Fitness: [1.46292681e-06]
1
iteration 2800
Best Fitness: [1.46292681e-06]
1
iteration 2900
Best Fitness: [1.46292681e-06]
1
iteration 2999
Best Fitness: [1.46292681e-06]
1
[array([1.46292681e-06])]
iteration 0
Best Fitness: [0.64954489]
1
iteration 100
Best Fitness: [0.00436996]
1
iteration 200
Best Fitness: [2.22256898e-05]
1
iteration 300
Best Fitness: [8.43891824e-06]
1
iteration 400
Best Fitness: [4.57660773e-06]
1
iteration 500
Best Fitness: [4.50360724e-06]
1
iteration 600
Best Fitness: [4.50360724e-06]
1
iteration 700
Best Fitness: [4.50360724e-06]
1
iteration 800
Best Fitness: [4.50360724e-06]
1
iteration 900
Best Fitness: [4.50360724e-06]
1
iteration 1000
Best Fitness: [4.50360724e-06]
1
iteration 1100
Best Fitness: [4.50360724e-06]
1
iteration 1200
Best Fitness: [4.50360724e-06]
1
iteration 1300
Best Fitness: [4.50360724e-06]
1
iteration 1400
Best Fitness: [4.50360724e-06]
1
iteration 1500
Best Fitness: [4.50360724e-06]
1
iteration 1600
Best Fitness: [4.50360724e-06]
1
iteration 1700
Best Fitness: [4.50360724e-06]
1
iteration 1800
Best Fitness: [4.50360724e-06]
1
iteration 1900
Best Fitness: [4.50360724e-06]
1
iteration 2000
Best Fitness: [4.50360724e-06]
1
iteration 2100
Best Fitness: [4.50360724e-06]
1
iteration 2200
Best Fitness: [4.50360724e-06]
1
iteration 2300
Best Fitness: [4.50360724e-06]
1
iteration 2400
Best Fitness: [4.50360724e-06]
1
iteration 2500
Best Fitness: [4.50360724e-06]
1
iteration 2600
Best Fitness: [4.50360724e-06]
1
iteration 2700
Best Fitness: [4.50360724e-06]
1
iteration 2800
Best Fitness: [4.50360724e-06]
1
iteration 2900
Best Fitness: [4.50360724e-06]
1
iteration 2999
Best Fitness: [4.50360724e-06]
1
[array([4.50360724e-06])]
iteration 0
Best Fitness: [0.1587575]
1
iteration 100
Best Fitness: [0.]
1
iteration 200
Best Fitness: [0.]
1
iteration 300
Best Fitness: [0.]
1
iteration 400
Best Fitness: [0.]
1
iteration 500
Best Fitness: [0.]
1
iteration 600
Best Fitness: [0.]
1
iteration 700
Best Fitness: [0.]
1
iteration 800
Best Fitness: [0.]
1
iteration 900
Best Fitness: [0.]
1
iteration 1000
Best Fitness: [0.]
1
iteration 1100
Best Fitness: [0.]
1
iteration 1200
Best Fitness: [0.]
1
iteration 1300
Best Fitness: [0.]
1
iteration 1400
Best Fitness: [0.]
1
iteration 1500
Best Fitness: [0.]
1
iteration 1600
Best Fitness: [0.]
1
iteration 1700
Best Fitness: [0.]
1
iteration 1800
Best Fitness: [0.]
1
iteration 1900
Best Fitness: [0.]
1
iteration 2000
Best Fitness: [0.]
1
iteration 2100
Best Fitness: [0.]
1
iteration 2200
Best Fitness: [0.]
1
iteration 2300
Best Fitness: [0.]
1
iteration 2400
Best Fitness: [0.]
1
iteration 2500
Best Fitness: [0.]
1
iteration 2600
Best Fitness: [0.]
1
iteration 2700
Best Fitness: [0.]
1
iteration 2800
Best Fitness: [0.]
1
iteration 2900
Best Fitness: [0.]
1
iteration 2999
Best Fitness: [0.]
1
[array([0.])]
iteration 0
Best Fitness: [9.6419116]
1
iteration 100
Best Fitness: [0.00024196]
1
iteration 200
Best Fitness: [2.11827382e-07]
1
iteration 300
Best Fitness: [3.3097626e-11]
1
iteration 400
Best Fitness: [2.40814184e-15]
1
iteration 500
Best Fitness: [7.26054334e-18]
1
iteration 600
Best Fitness: [1.55688229e-21]
1
iteration 700
Best Fitness: [1.53618447e-25]
1
iteration 800
Best Fitness: [9.4919102e-29]
1
iteration 900
Best Fitness: [5.52065971e-32]
1
iteration 1000
Best Fitness: [1.11838605e-37]
1
iteration 1100
Best Fitness: [2.5563985e-40]
1
iteration 1200
Best Fitness: [4.16957994e-43]
1
iteration 1300
Best Fitness: [2.38013888e-46]
1
iteration 1400
Best Fitness: [6.57646183e-50]
1
iteration 1500
Best Fitness: [8.34898028e-53]
1
iteration 1600
Best Fitness: [7.66251864e-57]
1
iteration 1700
Best Fitness: [9.31214383e-61]
1
iteration 1800
Best Fitness: [2.43003364e-64]
1
iteration 1900
Best Fitness: [4.06677094e-67]
1
iteration 2000
Best Fitness: [2.97507336e-71]
1
iteration 2100
Best Fitness: [5.33427619e-74]
1
iteration 2200
Best Fitness: [1.4777287e-77]
1
iteration 2300
Best Fitness: [1.7950242e-81]
1
iteration 2400
Best Fitness: [1.1172473e-83]
1
iteration 2500
Best Fitness: [6.7543043e-88]
1
iteration 2600
Best Fitness: [6.90963662e-92]
1
iteration 2700
Best Fitness: [1.06737505e-94]
1
iteration 2800
Best Fitness: [9.84631056e-98]
1
iteration 2900
Best Fitness: [1.19151711e-103]
1
iteration 2999
Best Fitness: [5.32658469e-105]
1
[array([5.32658469e-105])]
iteration 0
Best Fitness: [1448042.55733218]
1
iteration 100
Best Fitness: [0.00346497]
1
iteration 200
Best Fitness: [5.30275921e-12]
1
iteration 300
Best Fitness: [7.0488273e-18]
1
iteration 400
Best Fitness: [1.93261275e-26]
1
iteration 500
Best Fitness: [3.78577592e-33]
1
iteration 600
Best Fitness: [8.01153646e-41]
1
iteration 700
Best Fitness: [2.63785087e-48]
1
iteration 800
Best Fitness: [4.37913152e-58]
1
iteration 900
Best Fitness: [3.8955123e-63]
1
iteration 1000
Best Fitness: [2.91952869e-68]
1
iteration 1100
Best Fitness: [8.57659065e-74]
1
iteration 1200
Best Fitness: [4.86929746e-83]
1
iteration 1300
Best Fitness: [7.33140801e-89]
1
iteration 1400
Best Fitness: [5.56603101e-94]
1
iteration 1500
Best Fitness: [5.08491522e-103]
1
iteration 1600
Best Fitness: [7.24567754e-111]
1
iteration 1700
Best Fitness: [3.6594979e-120]
1
iteration 1800
Best Fitness: [5.06904939e-126]
1
iteration 1900
Best Fitness: [2.39134188e-132]
1
iteration 2000
Best Fitness: [3.41941607e-138]
1
iteration 2100
Best Fitness: [1.02042276e-145]
1
iteration 2200
Best Fitness: [4.24479106e-149]
1
iteration 2300
Best Fitness: [3.34142469e-157]
1
iteration 2400
Best Fitness: [1.36192122e-164]
1
iteration 2500
Best Fitness: [9.49078322e-171]
1
iteration 2600
Best Fitness: [2.06172122e-179]
1
iteration 2700
Best Fitness: [2.19575516e-183]
1
iteration 2800
Best Fitness: [3.05430386e-191]
1
iteration 2900
Best Fitness: [3.0179937e-199]
1
iteration 2999
Best Fitness: [3.18805762e-205]
1
[array([3.18805762e-205])]
iteration 0
Best Fitness: [20.54984172]
1
iteration 100
Best Fitness: [4.19856856e-06]
1
iteration 200
Best Fitness: [1.55098084e-10]
1
iteration 300
Best Fitness: [1.52518466e-14]
1
iteration 400
Best Fitness: [6.653169e-20]
1
iteration 500
Best Fitness: [1.64650734e-22]
1
iteration 600
Best Fitness: [2.2710422e-26]
1
iteration 700
Best Fitness: [5.09706838e-31]
1
iteration 800
Best Fitness: [6.29276245e-34]
1
iteration 900
Best Fitness: [2.0586585e-37]
1
iteration 1000
Best Fitness: [1.28910975e-42]
1
iteration 1100
Best Fitness: [1.04023371e-46]
1
iteration 1200
Best Fitness: [3.85697518e-50]
1
iteration 1300
Best Fitness: [2.70384821e-55]
1
iteration 1400
Best Fitness: [6.15865744e-58]
1
iteration 1500
Best Fitness: [1.56237045e-63]
1
iteration 1600
Best Fitness: [1.03055111e-65]
1
iteration 1700
Best Fitness: [2.06968792e-69]
1
iteration 1800
Best Fitness: [1.9515456e-74]
1
iteration 1900
Best Fitness: [2.4808999e-78]
1
iteration 2000
Best Fitness: [3.40398999e-82]
1
iteration 2100
Best Fitness: [2.142268e-85]
1
iteration 2200
Best Fitness: [3.63604767e-90]
1
iteration 2300
Best Fitness: [1.63072799e-94]
1
iteration 2400
Best Fitness: [2.44261231e-100]
1
iteration 2500
Best Fitness: [2.88208013e-102]
1
iteration 2600
Best Fitness: [3.24417039e-106]
1
iteration 2700
Best Fitness: [3.36848442e-111]
1
iteration 2800
Best Fitness: [3.81638544e-113]
1
iteration 2900
Best Fitness: [7.97311849e-118]
1
iteration 2999
Best Fitness: [9.92452269e-121]
1
[array([9.92452269e-121])]
iteration 0
Best Fitness: [445.32011912]
1
iteration 100
Best Fitness: [1.34324198e-08]
1
iteration 200
Best Fitness: [4.57968014e-16]
1
iteration 300
Best Fitness: [2.37225868e-24]
1
iteration 400
Best Fitness: [9.71076015e-31]
1
iteration 500
Best Fitness: [1.30266197e-36]
1
iteration 600
Best Fitness: [7.5758789e-45]
1
iteration 700
Best Fitness: [5.35120112e-53]
1
iteration 800
Best Fitness: [1.86047188e-59]
1
iteration 900
Best Fitness: [4.050716e-65]
1
iteration 1000
Best Fitness: [5.09791068e-72]
1
iteration 1100
Best Fitness: [7.57504739e-77]
1
iteration 1200
Best Fitness: [1.19120489e-86]
1
iteration 1300
Best Fitness: [4.59584013e-92]
1
iteration 1400
Best Fitness: [3.21872084e-100]
1
iteration 1500
Best Fitness: [7.09206965e-108]
1
iteration 1600
Best Fitness: [1.66583655e-112]
1
iteration 1700
Best Fitness: [3.44615573e-120]
1
iteration 1800
Best Fitness: [1.33538793e-125]
1
iteration 1900
Best Fitness: [1.68927e-134]
1
iteration 2000
Best Fitness: [7.07832077e-140]
1
iteration 2100
Best Fitness: [3.41635821e-148]
1
iteration 2200
Best Fitness: [7.84446056e-155]
1
iteration 2300
Best Fitness: [5.67548187e-161]
1
iteration 2400
Best Fitness: [5.62322688e-168]
1
iteration 2500
Best Fitness: [4.38214096e-176]
1
iteration 2600
Best Fitness: [1.4260646e-182]
1
iteration 2700
Best Fitness: [5.77196845e-190]
1
iteration 2800
Best Fitness: [2.02456448e-196]
1
iteration 2900
Best Fitness: [1.31808552e-202]
1
iteration 2999
Best Fitness: [2.29260129e-209]
1
[array([2.29260129e-209])]
iteration 0
Best Fitness: [0.12514645]
1
iteration 100
Best Fitness: [5.6223675e-06]
1
iteration 200
Best Fitness: [1.18307401e-07]
1
iteration 300
Best Fitness: [2.89966322e-09]
1
iteration 400
Best Fitness: [1.87905211e-09]
1
iteration 500
Best Fitness: [2.34042469e-10]
1
iteration 600
Best Fitness: [5.86267652e-13]
1
iteration 700
Best Fitness: [2.59019747e-13]
1
iteration 800
Best Fitness: [2.17672136e-13]
1
iteration 900
Best Fitness: [9.44765613e-16]
1
iteration 1000
Best Fitness: [4.73298472e-16]
1
iteration 1100
Best Fitness: [3.92037567e-16]
1
iteration 1200
Best Fitness: [2.8190971e-18]
1
iteration 1300
Best Fitness: [6.31416824e-22]
1
iteration 1400
Best Fitness: [5.68877404e-22]
1
iteration 1500
Best Fitness: [6.5114033e-23]
1
iteration 1600
Best Fitness: [5.39352303e-23]
1
iteration 1700
Best Fitness: [5.27246279e-24]
1
iteration 1800
Best Fitness: [1.82618322e-24]
1
iteration 1900
Best Fitness: [1.3273768e-26]
1
iteration 2000
Best Fitness: [2.68262012e-28]
1
iteration 2100
Best Fitness: [6.69175915e-29]
1
iteration 2200
Best Fitness: [4.43734259e-31]
1
iteration 2300
Best Fitness: [4.93038066e-32]
1
iteration 2400
Best Fitness: [4.93038066e-32]
1
iteration 2500
Best Fitness: [0.]
1
iteration 2600
Best Fitness: [0.]
1
iteration 2700
Best Fitness: [0.]
1
iteration 2800
Best Fitness: [0.]
1
iteration 2900
Best Fitness: [0.]
1
iteration 2999
Best Fitness: [0.]
1
[array([0.])]
iteration 0
Best Fitness: [1.36325124]
1
iteration 100
Best Fitness: [6.27862047e-07]
1
iteration 200
Best Fitness: [1.45128354e-12]
1
iteration 300
Best Fitness: [0.]
1
iteration 400
Best Fitness: [0.]
1
iteration 500
Best Fitness: [0.]
1
iteration 600
Best Fitness: [0.]
1
iteration 700
Best Fitness: [0.]
1
iteration 800
Best Fitness: [0.]
1
iteration 900
Best Fitness: [0.]
1
iteration 1000
Best Fitness: [0.]
1
iteration 1100
Best Fitness: [0.]
1
iteration 1200
Best Fitness: [0.]
1
iteration 1300
Best Fitness: [0.]
1
iteration 1400
Best Fitness: [0.]
1
iteration 1500
Best Fitness: [0.]
1
iteration 1600
Best Fitness: [0.]
1
iteration 1700
Best Fitness: [0.]
1
iteration 1800
Best Fitness: [0.]
1
iteration 1900
Best Fitness: [0.]
1
iteration 2000
Best Fitness: [0.]
1
iteration 2100
Best Fitness: [0.]
1
iteration 2200
Best Fitness: [0.]
1
iteration 2300
Best Fitness: [0.]
1
iteration 2400
Best Fitness: [0.]
1
iteration 2500
Best Fitness: [0.]
1
iteration 2600
Best Fitness: [0.]
1
iteration 2700
Best Fitness: [0.]
1
iteration 2800
Best Fitness: [0.]
1
iteration 2900
Best Fitness: [0.]
1
iteration 2999
Best Fitness: [0.]
1
[array([0.])]
iteration 0
Best Fitness: [0.28158831]
1
iteration 100
Best Fitness: [0.00971591]
1
iteration 200
Best Fitness: [0.00971591]
1
iteration 300
Best Fitness: [2.65163448e-05]
1
iteration 400
Best Fitness: [1.41170444e-05]
1
iteration 500
Best Fitness: [1.41168736e-05]
1
iteration 600
Best Fitness: [1.41168736e-05]
1
iteration 700
Best Fitness: [1.41168736e-05]
1
iteration 800
Best Fitness: [3.29373449e-07]
1
iteration 900
Best Fitness: [3.29110006e-07]
1
iteration 1000
Best Fitness: [3.29110006e-07]
1
iteration 1100
Best Fitness: [3.29110006e-07]
1
iteration 1200
Best Fitness: [1.62095337e-11]
1
iteration 1300
Best Fitness: [1.44945167e-12]
1
iteration 1400
Best Fitness: [5.55111512e-17]
1
iteration 1500
Best Fitness: [0.]
1
iteration 1600
Best Fitness: [0.]
1
iteration 1700
Best Fitness: [0.]
1
iteration 1800
Best Fitness: [0.]
1
iteration 1900
Best Fitness: [0.]
1
iteration 2000
Best Fitness: [0.]
1
iteration 2100
Best Fitness: [0.]
1
iteration 2200
Best Fitness: [0.]
1
iteration 2300
Best Fitness: [0.]
1
iteration 2400
Best Fitness: [0.]
1
iteration 2500
Best Fitness: [0.]
1
iteration 2600
Best Fitness: [0.]
1
iteration 2700
Best Fitness: [0.]
1
iteration 2800
Best Fitness: [0.]
1
iteration 2900
Best Fitness: [0.]
1
iteration 2999
Best Fitness: [0.]
1
[array([0.])]
iteration 0
Best Fitness: [5.19215564]
1
iteration 100
Best Fitness: [0.01250661]
1
iteration 200
Best Fitness: [0.00057419]
1
iteration 300
Best Fitness: [4.12501511e-07]
1
iteration 400
Best Fitness: [4.12501511e-07]
1
iteration 500
Best Fitness: [4.12501511e-07]
1
iteration 600
Best Fitness: [4.12501511e-07]
1
iteration 700
Best Fitness: [4.12501511e-07]
1
iteration 800
Best Fitness: [4.12501511e-07]
1
iteration 900
Best Fitness: [4.12501511e-07]
1
iteration 1000
Best Fitness: [4.12501511e-07]
1
iteration 1100
Best Fitness: [4.12501511e-07]
1
iteration 1200
Best Fitness: [4.12501511e-07]
1
iteration 1300
Best Fitness: [4.12501511e-07]
1
iteration 1400
Best Fitness: [2.12789807e-07]
1
iteration 1500
Best Fitness: [2.0113713e-07]
1
iteration 1600
Best Fitness: [2.0113713e-07]
1
iteration 1700
Best Fitness: [2.0113713e-07]
1
iteration 1800
Best Fitness: [2.0113713e-07]
1
iteration 1900
Best Fitness: [2.0113713e-07]
1
iteration 2000
Best Fitness: [2.01789852e-11]
1
iteration 2100
Best Fitness: [4.09069465e-12]
1
iteration 2200
Best Fitness: [4.09069465e-12]
1
iteration 2300
Best Fitness: [4.09069465e-12]
1
iteration 2400
Best Fitness: [4.09069465e-12]
1
iteration 2500
Best Fitness: [4.09069465e-12]
1
iteration 2600
Best Fitness: [4.09069465e-12]
1
iteration 2700
Best Fitness: [4.09069465e-12]
1
iteration 2800
Best Fitness: [4.09069465e-12]
1
iteration 2900
Best Fitness: [4.09069465e-12]
1
iteration 2999
Best Fitness: [4.09069465e-12]
1
[array([4.09069465e-12])]
iteration 0
Best Fitness: [7.2830606]
1
iteration 100
Best Fitness: [3.20760987e-06]
1
iteration 200
Best Fitness: [6.19948537e-13]
1
iteration 300
Best Fitness: [0.]
1
iteration 400
Best Fitness: [0.]
1
iteration 500
Best Fitness: [0.]
1
iteration 600
Best Fitness: [0.]
1
iteration 700
Best Fitness: [0.]
1
iteration 800
Best Fitness: [0.]
1
iteration 900
Best Fitness: [0.]
1
iteration 1000
Best Fitness: [0.]
1
iteration 1100
Best Fitness: [0.]
1
iteration 1200
Best Fitness: [0.]
1
iteration 1300
Best Fitness: [0.]
1
iteration 1400
Best Fitness: [0.]
1
iteration 1500
Best Fitness: [0.]
1
iteration 1600
Best Fitness: [0.]
1
iteration 1700
Best Fitness: [0.]
1
iteration 1800
Best Fitness: [0.]
1
iteration 1900
Best Fitness: [0.]
1
iteration 2000
Best Fitness: [0.]
1
iteration 2100
Best Fitness: [0.]
1
iteration 2200
Best Fitness: [0.]
1
iteration 2300
Best Fitness: [0.]
1
iteration 2400
Best Fitness: [0.]
1
iteration 2500
Best Fitness: [0.]
1
iteration 2600
Best Fitness: [0.]
1
iteration 2700
Best Fitness: [0.]
1
iteration 2800
Best Fitness: [0.]
1
iteration 2900
Best Fitness: [0.]
1
iteration 2999
Best Fitness: [0.]
1
[array([0.])]
iteration 0
Best Fitness: [9.98373539]
1
iteration 100
Best Fitness: [1.1833345e-10]
1
iteration 200
Best Fitness: [2.68462123e-17]
1
iteration 300
Best Fitness: [5.98658789e-25]
1
iteration 400
Best Fitness: [2.73235495e-32]
1
iteration 500
Best Fitness: [1.49975978e-32]
1
iteration 600
Best Fitness: [1.49975978e-32]
1
iteration 700
Best Fitness: [1.49975978e-32]
1
iteration 800
Best Fitness: [1.49975978e-32]
1
iteration 900
Best Fitness: [1.49975978e-32]
1
iteration 1000
Best Fitness: [1.49975978e-32]
1
iteration 1100
Best Fitness: [1.49975978e-32]
1
iteration 1200
Best Fitness: [1.49975978e-32]
1
iteration 1300
Best Fitness: [1.49975978e-32]
1
iteration 1400
Best Fitness: [1.49975978e-32]
1
iteration 1500
Best Fitness: [1.49975978e-32]
1
iteration 1600
Best Fitness: [1.49975978e-32]
1
iteration 1700
Best Fitness: [1.49975978e-32]
1
iteration 1800
Best Fitness: [1.49975978e-32]
1
iteration 1900
Best Fitness: [1.49975978e-32]
1
iteration 2000
Best Fitness: [1.49975978e-32]
1
iteration 2100
Best Fitness: [1.49975978e-32]
1
iteration 2200
Best Fitness: [1.49975978e-32]
1
iteration 2300
Best Fitness: [1.49975978e-32]
1
iteration 2400
Best Fitness: [1.49975978e-32]
1
iteration 2500
Best Fitness: [1.49975978e-32]
1
iteration 2600
Best Fitness: [1.49975978e-32]
1
iteration 2700
Best Fitness: [1.49975978e-32]
1
iteration 2800
Best Fitness: [1.49975978e-32]
1
iteration 2900
Best Fitness: [1.49975978e-32]
1
iteration 2999
Best Fitness: [1.49975978e-32]
1
[array([1.49975978e-32])]
iteration 0
Best Fitness: [33.81915763]
1
iteration 100
Best Fitness: [2.54762986e-05]
1
iteration 200
Best Fitness: [2.54566942e-05]
1
iteration 300
Best Fitness: [2.54551339e-05]
1
iteration 400
Best Fitness: [2.54551323e-05]
1
iteration 500
Best Fitness: [2.54551323e-05]
1
iteration 600
Best Fitness: [2.54551323e-05]
1
iteration 700
Best Fitness: [2.54551323e-05]
1
iteration 800
Best Fitness: [2.54551323e-05]
1
iteration 900
Best Fitness: [2.54551323e-05]
1
iteration 1000
Best Fitness: [2.54551323e-05]
1
iteration 1100
Best Fitness: [2.54551323e-05]
1
iteration 1200
Best Fitness: [2.54551323e-05]
1
iteration 1300
Best Fitness: [2.54551323e-05]
1
iteration 1400
Best Fitness: [2.54551323e-05]
1
iteration 1500
Best Fitness: [2.54551323e-05]
1
iteration 1600
Best Fitness: [2.54551323e-05]
1
iteration 1700
Best Fitness: [2.54551323e-05]
1
iteration 1800
Best Fitness: [2.54551323e-05]
1
iteration 1900
Best Fitness: [2.54551323e-05]
1
iteration 2000
Best Fitness: [2.54551323e-05]
1
iteration 2100
Best Fitness: [2.54551323e-05]
1
iteration 2200
Best Fitness: [2.54551323e-05]
1
iteration 2300
Best Fitness: [2.54551323e-05]
1
iteration 2400
Best Fitness: [2.54551323e-05]
1
iteration 2500
Best Fitness: [2.54551323e-05]
1
iteration 2600
Best Fitness: [2.54551323e-05]
1
iteration 2700
Best Fitness: [2.54551323e-05]
1
iteration 2800
Best Fitness: [2.54551323e-05]
1
iteration 2900
Best Fitness: [2.54551323e-05]
1
iteration 2999
Best Fitness: [2.54551323e-05]
1
[array([2.54551323e-05])]
iteration 0
Best Fitness: [269943.69854674]
1
iteration 100
Best Fitness: [0.00010158]
1
iteration 200
Best Fitness: [1.80302172e-12]
1
iteration 300
Best Fitness: [5.48138744e-20]
1
iteration 400
Best Fitness: [1.23208918e-28]
1
iteration 500
Best Fitness: [1.72551492e-36]
1
iteration 600
Best Fitness: [6.76783663e-42]
1
iteration 700
Best Fitness: [4.67131424e-50]
1
iteration 800
Best Fitness: [2.93450269e-57]
1
iteration 900
Best Fitness: [2.01128664e-65]
1
iteration 1000
Best Fitness: [5.99126301e-70]
1
iteration 1100
Best Fitness: [2.64068682e-75]
1
iteration 1200
Best Fitness: [8.65522377e-83]
1
iteration 1300
Best Fitness: [1.97874933e-90]
1
iteration 1400
Best Fitness: [1.02297975e-98]
1
iteration 1500
Best Fitness: [1.92257935e-103]
1
iteration 1600
Best Fitness: [1.72008421e-110]
1
iteration 1700
Best Fitness: [1.10220811e-116]
1
iteration 1800
Best Fitness: [1.85010167e-123]
1
iteration 1900
Best Fitness: [6.47881125e-131]
1
iteration 2000
Best Fitness: [1.18207483e-138]
1
iteration 2100
Best Fitness: [8.92517794e-146]
1
iteration 2200
Best Fitness: [1.54178315e-151]
1
iteration 2300
Best Fitness: [6.61700348e-160]
1
iteration 2400
Best Fitness: [1.23898667e-166]
1
iteration 2500
Best Fitness: [2.34336521e-173]
1
iteration 2600
Best Fitness: [2.29043379e-181]
1
iteration 2700
Best Fitness: [3.58516228e-188]
1
iteration 2800
Best Fitness: [2.31673879e-195]
1
iteration 2900
Best Fitness: [2.52623792e-206]
1
iteration 2999
Best Fitness: [1.17880864e-208]
1
[array([1.17880864e-208])]
iteration 0
Best Fitness: [33861.48182274]
1
iteration 100
Best Fitness: [1.93492136e-05]
1
iteration 200
Best Fitness: [2.28116873e-11]
1
iteration 300
Best Fitness: [1.42364498e-18]
1
iteration 400
Best Fitness: [9.59018218e-28]
1
iteration 500
Best Fitness: [1.55654798e-33]
1
iteration 600
Best Fitness: [4.08054249e-40]
1
iteration 700
Best Fitness: [2.26406515e-47]
1
iteration 800
Best Fitness: [1.25574352e-54]
1
iteration 900
Best Fitness: [2.0675677e-63]
1
iteration 1000
Best Fitness: [1.88694742e-69]
1
iteration 1100
Best Fitness: [7.23737744e-75]
1
iteration 1200
Best Fitness: [3.25578171e-85]
1
iteration 1300
Best Fitness: [3.69981578e-90]
1
iteration 1400
Best Fitness: [4.45598829e-97]
1
iteration 1500
Best Fitness: [1.95108016e-102]
1
iteration 1600
Best Fitness: [1.52378657e-108]
1
iteration 1700
Best Fitness: [4.97913586e-120]
1
iteration 1800
Best Fitness: [2.8975724e-124]
1
iteration 1900
Best Fitness: [8.74539132e-132]
1
iteration 2000
Best Fitness: [3.38271574e-140]
1
iteration 2100
Best Fitness: [1.47555804e-146]
1
iteration 2200
Best Fitness: [2.12967808e-154]
1
iteration 2300
Best Fitness: [2.61180992e-161]
1
iteration 2400
Best Fitness: [2.45901759e-167]
1
iteration 2500
Best Fitness: [7.49432998e-176]
1
iteration 2600
Best Fitness: [2.05555284e-179]
1
iteration 2700
Best Fitness: [9.78720638e-187]
1
iteration 2800
Best Fitness: [6.38233591e-195]
1
iteration 2900
Best Fitness: [9.52631945e-202]
1
iteration 2999
Best Fitness: [7.94195999e-207]
1
[array([7.94195999e-207])]
iteration 0
Best Fitness: [3.14681447]
1
iteration 100
Best Fitness: [5.42506082e-05]
1
iteration 200
Best Fitness: [2.49674739e-08]
1
iteration 300
Best Fitness: [9.85567183e-12]
1
iteration 400
Best Fitness: [3.99680289e-15]
1
iteration 500
Best Fitness: [4.4408921e-16]
1
iteration 600
Best Fitness: [4.4408921e-16]
1
iteration 700
Best Fitness: [4.4408921e-16]
1
iteration 800
Best Fitness: [4.4408921e-16]
1
iteration 900
Best Fitness: [4.4408921e-16]
1
iteration 1000
Best Fitness: [4.4408921e-16]
1
iteration 1100
Best Fitness: [4.4408921e-16]
1
iteration 1200
Best Fitness: [4.4408921e-16]
1
iteration 1300
Best Fitness: [4.4408921e-16]
1
iteration 1400
Best Fitness: [4.4408921e-16]
1
iteration 1500
Best Fitness: [4.4408921e-16]
1
iteration 1600
Best Fitness: [4.4408921e-16]
1
iteration 1700
Best Fitness: [4.4408921e-16]
1
iteration 1800
Best Fitness: [4.4408921e-16]
1
iteration 1900
Best Fitness: [4.4408921e-16]
1
iteration 2000
Best Fitness: [4.4408921e-16]
1
iteration 2100
Best Fitness: [4.4408921e-16]
1
iteration 2200
Best Fitness: [4.4408921e-16]
1
iteration 2300
Best Fitness: [4.4408921e-16]
1
iteration 2400
Best Fitness: [4.4408921e-16]
1
iteration 2500
Best Fitness: [4.4408921e-16]
1
iteration 2600
Best Fitness: [4.4408921e-16]
1
iteration 2700
Best Fitness: [4.4408921e-16]
1
iteration 2800
Best Fitness: [4.4408921e-16]
1
iteration 2900
Best Fitness: [4.4408921e-16]
1
iteration 2999
Best Fitness: [4.4408921e-16]
1
[array([4.4408921e-16])]
iteration 0
Best Fitness: [0.18476656]
1
iteration 100
Best Fitness: [0.00022627]
1
iteration 200
Best Fitness: [7.72620454e-07]
1
iteration 300
Best Fitness: [3.69482223e-13]
1
iteration 400
Best Fitness: [0.]
1
iteration 500
Best Fitness: [0.]
1
iteration 600
Best Fitness: [0.]
1
iteration 700
Best Fitness: [0.]
1
iteration 800
Best Fitness: [0.]
1
iteration 900
Best Fitness: [0.]
1
iteration 1000
Best Fitness: [0.]
1
iteration 1100
Best Fitness: [0.]
1
iteration 1200
Best Fitness: [0.]
1
iteration 1300
Best Fitness: [0.]
1
iteration 1400
Best Fitness: [0.]
1
iteration 1500
Best Fitness: [0.]
1
iteration 1600
Best Fitness: [0.]
1
iteration 1700
Best Fitness: [0.]
1
iteration 1800
Best Fitness: [0.]
1
iteration 1900
Best Fitness: [0.]
1
iteration 2000
Best Fitness: [0.]
1
iteration 2100
Best Fitness: [0.]
1
iteration 2200
Best Fitness: [0.]
1
iteration 2300
Best Fitness: [0.]
1
iteration 2400
Best Fitness: [0.]
1
iteration 2500
Best Fitness: [0.]
1
iteration 2600
Best Fitness: [0.]
1
iteration 2700
Best Fitness: [0.]
1
iteration 2800
Best Fitness: [0.]
1
iteration 2900
Best Fitness: [0.]
1
iteration 2999
Best Fitness: [0.]
1
[array([0.])]
iteration 0
Best Fitness: [0.98459934]
1
iteration 100
Best Fitness: [0.00021437]
1
iteration 200
Best Fitness: [1.74548909e-09]
1
iteration 300
Best Fitness: [5.88418203e-14]
1
iteration 400
Best Fitness: [1.11022302e-15]
1
iteration 500
Best Fitness: [1.11022302e-15]
1
iteration 600
Best Fitness: [0.]
1
iteration 700
Best Fitness: [0.]
1
iteration 800
Best Fitness: [0.]
1
iteration 900
Best Fitness: [0.]
1
iteration 1000
Best Fitness: [0.]
1
iteration 1100
Best Fitness: [0.]
1
iteration 1200
Best Fitness: [0.]
1
iteration 1300
Best Fitness: [0.]
1
iteration 1400
Best Fitness: [0.]
1
iteration 1500
Best Fitness: [0.]
1
iteration 1600
Best Fitness: [0.]
1
iteration 1700
Best Fitness: [0.]
1
iteration 1800
Best Fitness: [0.]
1
iteration 1900
Best Fitness: [0.]
1
iteration 2000
Best Fitness: [0.]
1
iteration 2100
Best Fitness: [0.]
1
iteration 2200
Best Fitness: [0.]
1
iteration 2300
Best Fitness: [0.]
1
iteration 2400
Best Fitness: [0.]
1
iteration 2500
Best Fitness: [0.]
1
iteration 2600
Best Fitness: [0.]
1
iteration 2700
Best Fitness: [0.]
1
iteration 2800
Best Fitness: [0.]
1
iteration 2900
Best Fitness: [0.]
1
iteration 2999
Best Fitness: [0.]
1
[array([0.])]
iteration 0
Best Fitness: [2.28595246]
1
iteration 100
Best Fitness: [0.]
1
iteration 200
Best Fitness: [0.]
1
iteration 300
Best Fitness: [0.]
1
iteration 400
Best Fitness: [0.]
1
iteration 500
Best Fitness: [0.]
1
iteration 600
Best Fitness: [0.]
1
iteration 700
Best Fitness: [0.]
1
iteration 800
Best Fitness: [0.]
1
iteration 900
Best Fitness: [0.]
1
iteration 1000
Best Fitness: [0.]
1
iteration 1100
Best Fitness: [0.]
1
iteration 1200
Best Fitness: [0.]
1
iteration 1300
Best Fitness: [0.]
1
iteration 1400
Best Fitness: [0.]
1
iteration 1500
Best Fitness: [0.]
1
iteration 1600
Best Fitness: [0.]
1
iteration 1700
Best Fitness: [0.]
1
iteration 1800
Best Fitness: [0.]
1
iteration 1900
Best Fitness: [0.]
1
iteration 2000
Best Fitness: [0.]
1
iteration 2100
Best Fitness: [0.]
1
iteration 2200
Best Fitness: [0.]
1
iteration 2300
Best Fitness: [0.]
1
iteration 2400
Best Fitness: [0.]
1
iteration 2500
Best Fitness: [0.]
1
iteration 2600
Best Fitness: [0.]
1
iteration 2700
Best Fitness: [0.]
1
iteration 2800
Best Fitness: [0.]
1
iteration 2900
Best Fitness: [0.]
1
iteration 2999
Best Fitness: [0.]
1
[array([0.])]
iteration 0
Best Fitness: [1.04281156]
1
iteration 100
Best Fitness: [0.027167]
1
iteration 200
Best Fitness: [0.00315044]
1
iteration 300
Best Fitness: [0.00014663]
1
iteration 400
Best Fitness: [1.46292681e-06]
1
iteration 500
Best Fitness: [1.46292681e-06]
1
iteration 600
Best Fitness: [1.46292681e-06]
1
iteration 700
Best Fitness: [1.46292681e-06]
1
iteration 800
Best Fitness: [1.46292681e-06]
1
iteration 900
Best Fitness: [1.46292681e-06]
1
iteration 1000
Best Fitness: [1.46292681e-06]
1
iteration 1100
Best Fitness: [1.46292681e-06]
1
iteration 1200
Best Fitness: [1.46292681e-06]
1
iteration 1300
Best Fitness: [1.46292681e-06]
1
iteration 1400
Best Fitness: [1.46292681e-06]
1
iteration 1500
Best Fitness: [1.46292681e-06]
1
iteration 1600
Best Fitness: [1.46292681e-06]
1
iteration 1700
Best Fitness: [1.46292681e-06]
1
iteration 1800
Best Fitness: [1.46292681e-06]
1
iteration 1900
Best Fitness: [1.46292681e-06]
1
iteration 2000
Best Fitness: [1.46292681e-06]
1
iteration 2100
Best Fitness: [1.46292681e-06]
1
iteration 2200
Best Fitness: [1.46292681e-06]
1
iteration 2300
Best Fitness: [1.46292681e-06]
1
iteration 2400
Best Fitness: [1.46292681e-06]
1
iteration 2500
Best Fitness: [1.46292681e-06]
1
iteration 2600
Best Fitness: [1.46292681e-06]
1
iteration 2700
Best Fitness: [1.46292681e-06]
1
iteration 2800
Best Fitness: [1.46292681e-06]
1
iteration 2900
Best Fitness: [1.46292681e-06]
1
iteration 2999
Best Fitness: [1.46292681e-06]
1
[array([1.46292681e-06])]
iteration 0
Best Fitness: [0.64954489]
1
iteration 100
Best Fitness: [0.00436996]
1
iteration 200
Best Fitness: [2.22256898e-05]
1
iteration 300
Best Fitness: [8.43891824e-06]
1
iteration 400
Best Fitness: [4.57660773e-06]
1
iteration 500
Best Fitness: [4.50360724e-06]
1
iteration 600
Best Fitness: [4.50360724e-06]
1
iteration 700
Best Fitness: [4.50360724e-06]
1
iteration 800
Best Fitness: [4.50360724e-06]
1
iteration 900
Best Fitness: [4.50360724e-06]
1
iteration 1000
Best Fitness: [4.50360724e-06]
1
iteration 1100
Best Fitness: [4.50360724e-06]
1
iteration 1200
Best Fitness: [4.50360724e-06]
1
iteration 1300
Best Fitness: [4.50360724e-06]
1
iteration 1400
Best Fitness: [4.50360724e-06]
1
iteration 1500
Best Fitness: [4.50360724e-06]
1
iteration 1600
Best Fitness: [4.50360724e-06]
1
iteration 1700
Best Fitness: [4.50360724e-06]
1
iteration 1800
Best Fitness: [4.50360724e-06]
1
iteration 1900
Best Fitness: [4.50360724e-06]
1
iteration 2000
Best Fitness: [4.50360724e-06]
1
iteration 2100
Best Fitness: [4.50360724e-06]
1
iteration 2200
Best Fitness: [4.50360724e-06]
1
iteration 2300
Best Fitness: [4.50360724e-06]
1
iteration 2400
Best Fitness: [4.50360724e-06]
1
iteration 2500
Best Fitness: [4.50360724e-06]
1
iteration 2600
Best Fitness: [4.50360724e-06]
1
iteration 2700
Best Fitness: [4.50360724e-06]
1
iteration 2800
Best Fitness: [4.50360724e-06]
1
iteration 2900
Best Fitness: [4.50360724e-06]
1
iteration 2999
Best Fitness: [4.50360724e-06]
1
[array([4.50360724e-06])]
iteration 0
Best Fitness: [0.1587575]
1
iteration 100
Best Fitness: [0.]
1
iteration 200
Best Fitness: [0.]
1
iteration 300
Best Fitness: [0.]
1
iteration 400
Best Fitness: [0.]
1
iteration 500
Best Fitness: [0.]
1
iteration 600
Best Fitness: [0.]
1
iteration 700
Best Fitness: [0.]
1
iteration 800
Best Fitness: [0.]
1
iteration 900
Best Fitness: [0.]
1
iteration 1000
Best Fitness: [0.]
1
iteration 1100
Best Fitness: [0.]
1
iteration 1200
Best Fitness: [0.]
1
iteration 1300
Best Fitness: [0.]
1
iteration 1400
Best Fitness: [0.]
1
iteration 1500
Best Fitness: [0.]
1
iteration 1600
Best Fitness: [0.]
1
iteration 1700
Best Fitness: [0.]
1
iteration 1800
Best Fitness: [0.]
1
iteration 1900
Best Fitness: [0.]
1
iteration 2000
Best Fitness: [0.]
1
iteration 2100
Best Fitness: [0.]
1
iteration 2200
Best Fitness: [0.]
1
iteration 2300
Best Fitness: [0.]
1
iteration 2400
Best Fitness: [0.]
1
iteration 2500
Best Fitness: [0.]
1
iteration 2600
Best Fitness: [0.]
1
iteration 2700
Best Fitness: [0.]
1
iteration 2800
Best Fitness: [0.]
1
iteration 2900
Best Fitness: [0.]
1
iteration 2999
Best Fitness: [0.]
1
[array([0.])]
iteration 0
Best Fitness: [9.6419116]
1
iteration 100
Best Fitness: [0.00024196]
1
iteration 200
Best Fitness: [2.11827382e-07]
1
iteration 300
Best Fitness: [3.3097626e-11]
1
iteration 400
Best Fitness: [2.40814184e-15]
1
iteration 500
Best Fitness: [7.26054334e-18]
1
iteration 600
Best Fitness: [1.55688229e-21]
1
iteration 700
Best Fitness: [1.53618447e-25]
1
iteration 800
Best Fitness: [9.4919102e-29]
1
iteration 900
Best Fitness: [5.52065971e-32]
1
iteration 1000
Best Fitness: [1.11838605e-37]
1
iteration 1100
Best Fitness: [2.5563985e-40]
1
iteration 1200
Best Fitness: [4.16957994e-43]
1
iteration 1300
Best Fitness: [2.38013888e-46]
1
iteration 1400
Best Fitness: [6.57646183e-50]
1
iteration 1500
Best Fitness: [8.34898028e-53]
1
iteration 1600
Best Fitness: [7.66251864e-57]
1
iteration 1700
Best Fitness: [9.31214383e-61]
1
iteration 1800
Best Fitness: [2.43003364e-64]
1
iteration 1900
Best Fitness: [4.06677094e-67]
1
iteration 2000
Best Fitness: [2.97507336e-71]
1
iteration 2100
Best Fitness: [5.33427619e-74]
1
iteration 2200
Best Fitness: [1.4777287e-77]
1
iteration 2300
Best Fitness: [1.7950242e-81]
1
iteration 2400
Best Fitness: [1.1172473e-83]
1
iteration 2500
Best Fitness: [6.7543043e-88]
1
iteration 2600
Best Fitness: [6.90963662e-92]
1
iteration 2700
Best Fitness: [1.06737505e-94]
1
iteration 2800
Best Fitness: [9.84631056e-98]
1
iteration 2900
Best Fitness: [1.19151711e-103]
1
iteration 2999
Best Fitness: [5.32658469e-105]
1
[array([5.32658469e-105])]
iteration 0
Best Fitness: [1448042.55733218]
1
iteration 100
Best Fitness: [0.00346497]
1
iteration 200
Best Fitness: [5.30275921e-12]
1
iteration 300
Best Fitness: [7.0488273e-18]
1
iteration 400
Best Fitness: [1.93261275e-26]
1
iteration 500
Best Fitness: [3.78577592e-33]
1
iteration 600
Best Fitness: [8.01153646e-41]
1
iteration 700
Best Fitness: [2.63785087e-48]
1
iteration 800
Best Fitness: [4.37913152e-58]
1
iteration 900
Best Fitness: [3.8955123e-63]
1
iteration 1000
Best Fitness: [2.91952869e-68]
1
iteration 1100
Best Fitness: [8.57659065e-74]
1
iteration 1200
Best Fitness: [4.86929746e-83]
1
iteration 1300
Best Fitness: [7.33140801e-89]
1
iteration 1400
Best Fitness: [5.56603101e-94]
1
iteration 1500
Best Fitness: [5.08491522e-103]
1
iteration 1600
Best Fitness: [7.24567754e-111]
1
iteration 1700
Best Fitness: [3.6594979e-120]
1
iteration 1800
Best Fitness: [5.06904939e-126]
1
iteration 1900
Best Fitness: [2.39134188e-132]
1
iteration 2000
Best Fitness: [3.41941607e-138]
1
iteration 2100
Best Fitness: [1.02042276e-145]
1
iteration 2200
Best Fitness: [4.24479106e-149]
1
iteration 2300
Best Fitness: [3.34142469e-157]
1
iteration 2400
Best Fitness: [1.36192122e-164]
1
iteration 2500
Best Fitness: [9.49078322e-171]
1
iteration 2600
Best Fitness: [2.06172122e-179]
1
iteration 2700
Best Fitness: [2.19575516e-183]
1
iteration 2800
Best Fitness: [3.05430386e-191]
1
iteration 2900
Best Fitness: [3.0179937e-199]
1
iteration 2999
Best Fitness: [3.18805762e-205]
1
[array([3.18805762e-205])]
iteration 0
Best Fitness: [20.54984172]
1
iteration 100
Best Fitness: [4.19856856e-06]
1
iteration 200
Best Fitness: [1.55098084e-10]
1
iteration 300
Best Fitness: [1.52518466e-14]
1
iteration 400
Best Fitness: [6.653169e-20]
1
iteration 500
Best Fitness: [1.64650734e-22]
1
iteration 600
Best Fitness: [2.2710422e-26]
1
iteration 700
Best Fitness: [5.09706838e-31]
1
iteration 800
Best Fitness: [6.29276245e-34]
1
iteration 900
Best Fitness: [2.0586585e-37]
1
iteration 1000
Best Fitness: [1.28910975e-42]
1
iteration 1100
Best Fitness: [1.04023371e-46]
1
iteration 1200
Best Fitness: [3.85697518e-50]
1
iteration 1300
Best Fitness: [2.70384821e-55]
1
iteration 1400
Best Fitness: [6.15865744e-58]
1
iteration 1500
Best Fitness: [1.56237045e-63]
1
iteration 1600
Best Fitness: [1.03055111e-65]
1
iteration 1700
Best Fitness: [2.06968792e-69]
1
iteration 1800
Best Fitness: [1.9515456e-74]
1
iteration 1900
Best Fitness: [2.4808999e-78]
1
iteration 2000
Best Fitness: [3.40398999e-82]
1
iteration 2100
Best Fitness: [2.142268e-85]
1
iteration 2200
Best Fitness: [3.63604767e-90]
1
iteration 2300
Best Fitness: [1.63072799e-94]
1
iteration 2400
Best Fitness: [2.44261231e-100]
1
iteration 2500
Best Fitness: [2.88208013e-102]
1
iteration 2600
Best Fitness: [3.24417039e-106]
1
iteration 2700
Best Fitness: [3.36848442e-111]
1
iteration 2800
Best Fitness: [3.81638544e-113]
1
iteration 2900
Best Fitness: [7.97311849e-118]
1
iteration 2999
Best Fitness: [9.92452269e-121]
1
[array([9.92452269e-121])]
iteration 0
Best Fitness: [445.32011912]
1
iteration 100
Best Fitness: [1.34324198e-08]
1
iteration 200
Best Fitness: [4.57968014e-16]
1
iteration 300
Best Fitness: [2.37225868e-24]
1
iteration 400
Best Fitness: [9.71076015e-31]
1
iteration 500
Best Fitness: [1.30266197e-36]
1
iteration 600
Best Fitness: [7.5758789e-45]
1
iteration 700
Best Fitness: [5.35120112e-53]
1
iteration 800
Best Fitness: [1.86047188e-59]
1
iteration 900
Best Fitness: [4.050716e-65]
1
iteration 1000
Best Fitness: [5.09791068e-72]
1
iteration 1100
Best Fitness: [7.57504739e-77]
1
iteration 1200
Best Fitness: [1.19120489e-86]
1
iteration 1300
Best Fitness: [4.59584013e-92]
1
iteration 1400
Best Fitness: [3.21872084e-100]
1
iteration 1500
Best Fitness: [7.09206965e-108]
1
iteration 1600
Best Fitness: [1.66583655e-112]
1
iteration 1700
Best Fitness: [3.44615573e-120]
1
iteration 1800
Best Fitness: [1.33538793e-125]
1
iteration 1900
Best Fitness: [1.68927e-134]
1
iteration 2000
Best Fitness: [7.07832077e-140]
1
iteration 2100
Best Fitness: [3.41635821e-148]
1
iteration 2200
Best Fitness: [7.84446056e-155]
1
iteration 2300
Best Fitness: [5.67548187e-161]
1
iteration 2400
Best Fitness: [5.62322688e-168]
1
iteration 2500
Best Fitness: [4.38214096e-176]
1
iteration 2600
Best Fitness: [1.4260646e-182]
1
iteration 2700
Best Fitness: [5.77196845e-190]
1
iteration 2800
Best Fitness: [2.02456448e-196]
1
iteration 2900
Best Fitness: [1.31808552e-202]
1
iteration 2999
Best Fitness: [2.29260129e-209]
1
[array([2.29260129e-209])]
iteration 0
Best Fitness: [0.12514645]
1
iteration 100
Best Fitness: [5.6223675e-06]
1
iteration 200
Best Fitness: [1.18307401e-07]
1
iteration 300
Best Fitness: [2.89966322e-09]
1
iteration 400
Best Fitness: [1.87905211e-09]
1
iteration 500
Best Fitness: [2.34042469e-10]
1
iteration 600
Best Fitness: [5.86267652e-13]
1
iteration 700
Best Fitness: [2.59019747e-13]
1
iteration 800
Best Fitness: [2.17672136e-13]
1
iteration 900
Best Fitness: [9.44765613e-16]
1
iteration 1000
Best Fitness: [4.73298472e-16]
1
iteration 1100
Best Fitness: [3.92037567e-16]
1
iteration 1200
Best Fitness: [2.8190971e-18]
1
iteration 1300
Best Fitness: [6.31416824e-22]
1
iteration 1400
Best Fitness: [5.68877404e-22]
1
iteration 1500
Best Fitness: [6.5114033e-23]
1
iteration 1600
Best Fitness: [5.39352303e-23]
1
iteration 1700
Best Fitness: [5.27246279e-24]
1
iteration 1800
Best Fitness: [1.82618322e-24]
1
iteration 1900
Best Fitness: [1.3273768e-26]
1
iteration 2000
Best Fitness: [2.68262012e-28]
1
iteration 2100
Best Fitness: [6.69175915e-29]
1
iteration 2200
Best Fitness: [4.43734259e-31]
1
iteration 2300
Best Fitness: [4.93038066e-32]
1
iteration 2400
Best Fitness: [4.93038066e-32]
1
iteration 2500
Best Fitness: [0.]
1
iteration 2600
Best Fitness: [0.]
1
iteration 2700
Best Fitness: [0.]
1
iteration 2800
Best Fitness: [0.]
1
iteration 2900
Best Fitness: [0.]
1
iteration 2999
Best Fitness: [0.]
1
[array([0.])]
iteration 0
Best Fitness: [1.36325124]
1
iteration 100
Best Fitness: [6.27862047e-07]
1
iteration 200
Best Fitness: [1.45128354e-12]
1
iteration 300
Best Fitness: [0.]
1
iteration 400
Best Fitness: [0.]
1
iteration 500
Best Fitness: [0.]
1
iteration 600
Best Fitness: [0.]
1
iteration 700
Best Fitness: [0.]
1
iteration 800
Best Fitness: [0.]
1
iteration 900
Best Fitness: [0.]
1
iteration 1000
Best Fitness: [0.]
1
iteration 1100
Best Fitness: [0.]
1
iteration 1200
Best Fitness: [0.]
1
iteration 1300
Best Fitness: [0.]
1
iteration 1400
Best Fitness: [0.]
1
iteration 1500
Best Fitness: [0.]
1
iteration 1600
Best Fitness: [0.]
1
iteration 1700
Best Fitness: [0.]
1
iteration 1800
Best Fitness: [0.]
1
iteration 1900
Best Fitness: [0.]
1
iteration 2000
Best Fitness: [0.]
1
iteration 2100
Best Fitness: [0.]
1
iteration 2200
Best Fitness: [0.]
1
iteration 2300
Best Fitness: [0.]
1
iteration 2400
Best Fitness: [0.]
1
iteration 2500
Best Fitness: [0.]
1
iteration 2600
Best Fitness: [0.]
1
iteration 2700
Best Fitness: [0.]
1
iteration 2800
Best Fitness: [0.]
1
iteration 2900
Best Fitness: [0.]
1
iteration 2999
Best Fitness: [0.]
1
[array([0.])]
iteration 0
Best Fitness: [0.28158831]
1
iteration 100
Best Fitness: [0.00971591]
1
iteration 200
Best Fitness: [0.00971591]
1
iteration 300
Best Fitness: [2.65163448e-05]
1
iteration 400
Best Fitness: [1.41170444e-05]
1
iteration 500
Best Fitness: [1.41168736e-05]
1
iteration 600
Best Fitness: [1.41168736e-05]
1
iteration 700
Best Fitness: [1.41168736e-05]
1
iteration 800
Best Fitness: [3.29373449e-07]
1
iteration 900
Best Fitness: [3.29110006e-07]
1
iteration 1000
Best Fitness: [3.29110006e-07]
1
iteration 1100
Best Fitness: [3.29110006e-07]
1
iteration 1200
Best Fitness: [1.62095337e-11]
1
iteration 1300
Best Fitness: [1.44945167e-12]
1
iteration 1400
Best Fitness: [5.55111512e-17]
1
iteration 1500
Best Fitness: [0.]
1
iteration 1600
Best Fitness: [0.]
1
iteration 1700
Best Fitness: [0.]
1
iteration 1800
Best Fitness: [0.]
1
iteration 1900
Best Fitness: [0.]
1
iteration 2000
Best Fitness: [0.]
1
iteration 2100
Best Fitness: [0.]
1
iteration 2200
Best Fitness: [0.]
1
iteration 2300
Best Fitness: [0.]
1
iteration 2400
Best Fitness: [0.]
1
iteration 2500
Best Fitness: [0.]
1
iteration 2600
Best Fitness: [0.]
1
iteration 2700
Best Fitness: [0.]
1
iteration 2800
Best Fitness: [0.]
1
iteration 2900
Best Fitness: [0.]
1
iteration 2999
Best Fitness: [0.]
1
[array([0.])]
iteration 0
Best Fitness: [5.19215564]
1
iteration 100
Best Fitness: [0.01250661]
1
iteration 200
Best Fitness: [0.00057419]
1
iteration 300
Best Fitness: [4.12501511e-07]
1
iteration 400
Best Fitness: [4.12501511e-07]
1
iteration 500
Best Fitness: [4.12501511e-07]
1
iteration 600
Best Fitness: [4.12501511e-07]
1
iteration 700
Best Fitness: [4.12501511e-07]
1
iteration 800
Best Fitness: [4.12501511e-07]
1
iteration 900
Best Fitness: [4.12501511e-07]
1
iteration 1000
Best Fitness: [4.12501511e-07]
1
iteration 1100
Best Fitness: [4.12501511e-07]
1
iteration 1200
Best Fitness: [4.12501511e-07]
1
iteration 1300
Best Fitness: [4.12501511e-07]
1
iteration 1400
Best Fitness: [2.12789807e-07]
1
iteration 1500
Best Fitness: [2.0113713e-07]
1
iteration 1600
Best Fitness: [2.0113713e-07]
1
iteration 1700
Best Fitness: [2.0113713e-07]
1
iteration 1800
Best Fitness: [2.0113713e-07]
1
iteration 1900
Best Fitness: [2.0113713e-07]
1
iteration 2000
Best Fitness: [2.01789852e-11]
1
iteration 2100
Best Fitness: [4.09069465e-12]
1
iteration 2200
Best Fitness: [4.09069465e-12]
1
iteration 2300
Best Fitness: [4.09069465e-12]
1
iteration 2400
Best Fitness: [4.09069465e-12]
1
iteration 2500
Best Fitness: [4.09069465e-12]
1
iteration 2600
Best Fitness: [4.09069465e-12]
1
iteration 2700
Best Fitness: [4.09069465e-12]
1
iteration 2800
Best Fitness: [4.09069465e-12]
1
iteration 2900
Best Fitness: [4.09069465e-12]
1
iteration 2999
Best Fitness: [4.09069465e-12]
1
[array([4.09069465e-12])]
iteration 0
Best Fitness: [7.2830606]
1
iteration 100
Best Fitness: [3.20760987e-06]
1
iteration 200
Best Fitness: [6.19948537e-13]
1
iteration 300
Best Fitness: [0.]
1
iteration 400
Best Fitness: [0.]
1
iteration 500
Best Fitness: [0.]
1
iteration 600
Best Fitness: [0.]
1
iteration 700
Best Fitness: [0.]
1
iteration 800
Best Fitness: [0.]
1
iteration 900
Best Fitness: [0.]
1
iteration 1000
Best Fitness: [0.]
1
iteration 1100
Best Fitness: [0.]
1
iteration 1200
Best Fitness: [0.]
1
iteration 1300
Best Fitness: [0.]
1
iteration 1400
Best Fitness: [0.]
1
iteration 1500
Best Fitness: [0.]
1
iteration 1600
Best Fitness: [0.]
1
iteration 1700
Best Fitness: [0.]
1
iteration 1800
Best Fitness: [0.]
1
iteration 1900
Best Fitness: [0.]
1
iteration 2000
Best Fitness: [0.]
1
iteration 2100
Best Fitness: [0.]
1
iteration 2200
Best Fitness: [0.]
1
iteration 2300
Best Fitness: [0.]
1
iteration 2400
Best Fitness: [0.]
1
iteration 2500
Best Fitness: [0.]
1
iteration 2600
Best Fitness: [0.]
1
iteration 2700
Best Fitness: [0.]
1
iteration 2800
Best Fitness: [0.]
1
iteration 2900
Best Fitness: [0.]
1
iteration 2999
Best Fitness: [0.]
1
[array([0.])]
iteration 0
Best Fitness: [9.98373539]
1
iteration 100
Best Fitness: [1.1833345e-10]
1
iteration 200
Best Fitness: [2.68462123e-17]
1
iteration 300
Best Fitness: [5.98658789e-25]
1
iteration 400
Best Fitness: [2.73235495e-32]
1
iteration 500
Best Fitness: [1.49975978e-32]
1
iteration 600
Best Fitness: [1.49975978e-32]
1
iteration 700
Best Fitness: [1.49975978e-32]
1
iteration 800
Best Fitness: [1.49975978e-32]
1
iteration 900
Best Fitness: [1.49975978e-32]
1
iteration 1000
Best Fitness: [1.49975978e-32]
1
iteration 1100
Best Fitness: [1.49975978e-32]
1
iteration 1200
Best Fitness: [1.49975978e-32]
1
iteration 1300
Best Fitness: [1.49975978e-32]
1
iteration 1400
Best Fitness: [1.49975978e-32]
1
iteration 1500
Best Fitness: [1.49975978e-32]
1
iteration 1600
Best Fitness: [1.49975978e-32]
1
iteration 1700
Best Fitness: [1.49975978e-32]
1
iteration 1800
Best Fitness: [1.49975978e-32]
1
iteration 1900
Best Fitness: [1.49975978e-32]
1
iteration 2000
Best Fitness: [1.49975978e-32]
1
iteration 2100
Best Fitness: [1.49975978e-32]
1
iteration 2200
Best Fitness: [1.49975978e-32]
1
iteration 2300
Best Fitness: [1.49975978e-32]
1
iteration 2400
Best Fitness: [1.49975978e-32]
1
iteration 2500
Best Fitness: [1.49975978e-32]
1
iteration 2600
Best Fitness: [1.49975978e-32]
1
iteration 2700
Best Fitness: [1.49975978e-32]
1
iteration 2800
Best Fitness: [1.49975978e-32]
1
iteration 2900
Best Fitness: [1.49975978e-32]
1
iteration 2999
Best Fitness: [1.49975978e-32]
1
[array([1.49975978e-32])]
iteration 0
Best Fitness: [33.81915763]
1
iteration 100
Best Fitness: [2.54762986e-05]
1
iteration 200
Best Fitness: [2.54566942e-05]
1
iteration 300
Best Fitness: [2.54551339e-05]
1
iteration 400
Best Fitness: [2.54551323e-05]
1
iteration 500
Best Fitness: [2.54551323e-05]
1
iteration 600
Best Fitness: [2.54551323e-05]
1
iteration 700
Best Fitness: [2.54551323e-05]
1
iteration 800
Best Fitness: [2.54551323e-05]
1
iteration 900
Best Fitness: [2.54551323e-05]
1
iteration 1000
Best Fitness: [2.54551323e-05]
1
iteration 1100
Best Fitness: [2.54551323e-05]
1
iteration 1200
Best Fitness: [2.54551323e-05]
1
iteration 1300
Best Fitness: [2.54551323e-05]
1
iteration 1400
Best Fitness: [2.54551323e-05]
1
iteration 1500
Best Fitness: [2.54551323e-05]
1
iteration 1600
Best Fitness: [2.54551323e-05]
1
iteration 1700
Best Fitness: [2.54551323e-05]
1
iteration 1800
Best Fitness: [2.54551323e-05]
1
iteration 1900
Best Fitness: [2.54551323e-05]
1
iteration 2000
Best Fitness: [2.54551323e-05]
1
iteration 2100
Best Fitness: [2.54551323e-05]
1
iteration 2200
Best Fitness: [2.54551323e-05]
1
iteration 2300
Best Fitness: [2.54551323e-05]
1
iteration 2400
Best Fitness: [2.54551323e-05]
1
iteration 2500
Best Fitness: [2.54551323e-05]
1
iteration 2600
Best Fitness: [2.54551323e-05]
1
iteration 2700
Best Fitness: [2.54551323e-05]
1
iteration 2800
Best Fitness: [2.54551323e-05]
1
iteration 2900
Best Fitness: [2.54551323e-05]
1
iteration 2999
Best Fitness: [2.54551323e-05]
1
[array([2.54551323e-05])]
iteration 0
Best Fitness: [269943.69854674]
1
iteration 100
Best Fitness: [0.00010158]
1
iteration 200
Best Fitness: [1.80302172e-12]
1
iteration 300
Best Fitness: [5.48138744e-20]
1
iteration 400
Best Fitness: [1.23208918e-28]
1
iteration 500
Best Fitness: [1.72551492e-36]
1
iteration 600
Best Fitness: [6.76783663e-42]
1
iteration 700
Best Fitness: [4.67131424e-50]
1
iteration 800
Best Fitness: [2.93450269e-57]
1
iteration 900
Best Fitness: [2.01128664e-65]
1
iteration 1000
Best Fitness: [5.99126301e-70]
1
iteration 1100
Best Fitness: [2.64068682e-75]
1
iteration 1200
Best Fitness: [8.65522377e-83]
1
iteration 1300
Best Fitness: [1.97874933e-90]
1
iteration 1400
Best Fitness: [1.02297975e-98]
1
iteration 1500
Best Fitness: [1.92257935e-103]
1
iteration 1600
Best Fitness: [1.72008421e-110]
1
iteration 1700
Best Fitness: [1.10220811e-116]
1
iteration 1800
Best Fitness: [1.85010167e-123]
1
iteration 1900
Best Fitness: [6.47881125e-131]
1
iteration 2000
Best Fitness: [1.18207483e-138]
1
iteration 2100
Best Fitness: [8.92517794e-146]
1
iteration 2200
Best Fitness: [1.54178315e-151]
1
iteration 2300
Best Fitness: [6.61700348e-160]
1
iteration 2400
Best Fitness: [1.23898667e-166]
1
iteration 2500
Best Fitness: [2.34336521e-173]
1
iteration 2600
Best Fitness: [2.29043379e-181]
1
iteration 2700
Best Fitness: [3.58516228e-188]
1
iteration 2800
Best Fitness: [2.31673879e-195]
1
iteration 2900
Best Fitness: [2.52623792e-206]
1
iteration 2999
Best Fitness: [1.17880864e-208]
1
[array([1.17880864e-208])]
iteration 0
Best Fitness: [33861.48182274]
1
iteration 100
Best Fitness: [1.93492136e-05]
1
iteration 200
Best Fitness: [2.28116873e-11]
1
iteration 300
Best Fitness: [1.42364498e-18]
1
iteration 400
Best Fitness: [9.59018218e-28]
1
iteration 500
Best Fitness: [1.55654798e-33]
1
iteration 600
Best Fitness: [4.08054249e-40]
1
iteration 700
Best Fitness: [2.26406515e-47]
1
iteration 800
Best Fitness: [1.25574352e-54]
1
iteration 900
Best Fitness: [2.0675677e-63]
1
iteration 1000
Best Fitness: [1.88694742e-69]
1
iteration 1100
Best Fitness: [7.23737744e-75]
1
iteration 1200
Best Fitness: [3.25578171e-85]
1
iteration 1300
Best Fitness: [3.69981578e-90]
1
iteration 1400
Best Fitness: [4.45598829e-97]
1
iteration 1500
Best Fitness: [1.95108016e-102]
1
iteration 1600
Best Fitness: [1.52378657e-108]
1
iteration 1700
Best Fitness: [4.97913586e-120]
1
iteration 1800
Best Fitness: [2.8975724e-124]
1
iteration 1900
Best Fitness: [8.74539132e-132]
1
iteration 2000
Best Fitness: [3.38271574e-140]
1
iteration 2100
Best Fitness: [1.47555804e-146]
1
iteration 2200
Best Fitness: [2.12967808e-154]
1
iteration 2300
Best Fitness: [2.61180992e-161]
1
iteration 2400
Best Fitness: [2.45901759e-167]
1
iteration 2500
Best Fitness: [7.49432998e-176]
1
iteration 2600
Best Fitness: [2.05555284e-179]
1
iteration 2700
Best Fitness: [9.78720638e-187]
1
iteration 2800
Best Fitness: [6.38233591e-195]
1
iteration 2900
Best Fitness: [9.52631945e-202]
1
iteration 2999
Best Fitness: [7.94195999e-207]
1
[array([7.94195999e-207])]
iteration 0
Best Fitness: [3.14681447]
1
iteration 100
Best Fitness: [5.42506082e-05]
1
iteration 200
Best Fitness: [2.49674739e-08]
1
iteration 300
Best Fitness: [9.85567183e-12]
1
iteration 400
Best Fitness: [3.99680289e-15]
1
iteration 500
Best Fitness: [4.4408921e-16]
1
iteration 600
Best Fitness: [4.4408921e-16]
1
iteration 700
Best Fitness: [4.4408921e-16]
1
iteration 800
Best Fitness: [4.4408921e-16]
1
iteration 900
Best Fitness: [4.4408921e-16]
1
iteration 1000
Best Fitness: [4.4408921e-16]
1
iteration 1100
Best Fitness: [4.4408921e-16]
1
iteration 1200
Best Fitness: [4.4408921e-16]
1
iteration 1300
Best Fitness: [4.4408921e-16]
1
iteration 1400
Best Fitness: [4.4408921e-16]
1
iteration 1500
Best Fitness: [4.4408921e-16]
1
iteration 1600
Best Fitness: [4.4408921e-16]
1
iteration 1700
Best Fitness: [4.4408921e-16]
1
iteration 1800
Best Fitness: [4.4408921e-16]
1
iteration 1900
Best Fitness: [4.4408921e-16]
1
iteration 2000
Best Fitness: [4.4408921e-16]
1
iteration 2100
Best Fitness: [4.4408921e-16]
1
iteration 2200
Best Fitness: [4.4408921e-16]
1
iteration 2300
Best Fitness: [4.4408921e-16]
1
iteration 2400
Best Fitness: [4.4408921e-16]
1
iteration 2500
Best Fitness: [4.4408921e-16]
1
iteration 2600
Best Fitness: [4.4408921e-16]
1
iteration 2700
Best Fitness: [4.4408921e-16]
1
iteration 2800
Best Fitness: [4.4408921e-16]
1
iteration 2900
Best Fitness: [4.4408921e-16]
1
iteration 2999
Best Fitness: [4.4408921e-16]
1
[array([4.4408921e-16])]
iteration 0
Best Fitness: [0.18476656]
1
iteration 100
Best Fitness: [0.00022627]
1
iteration 200
Best Fitness: [7.72620454e-07]
1
iteration 300
Best Fitness: [3.69482223e-13]
1
iteration 400
Best Fitness: [0.]
1
iteration 500
Best Fitness: [0.]
1
iteration 600
Best Fitness: [0.]
1
iteration 700
Best Fitness: [0.]
1
iteration 800
Best Fitness: [0.]
1
iteration 900
Best Fitness: [0.]
1
iteration 1000
Best Fitness: [0.]
1
iteration 1100
Best Fitness: [0.]
1
iteration 1200
Best Fitness: [0.]
1
iteration 1300
Best Fitness: [0.]
1
iteration 1400
Best Fitness: [0.]
1
iteration 1500
Best Fitness: [0.]
1
iteration 1600
Best Fitness: [0.]
1
iteration 1700
Best Fitness: [0.]
1
iteration 1800
Best Fitness: [0.]
1
iteration 1900
Best Fitness: [0.]
1
iteration 2000
Best Fitness: [0.]
1
iteration 2100
Best Fitness: [0.]
1
iteration 2200
Best Fitness: [0.]
1
iteration 2300
Best Fitness: [0.]
1
iteration 2400
Best Fitness: [0.]
1
iteration 2500
Best Fitness: [0.]
1
iteration 2600
Best Fitness: [0.]
1
iteration 2700
Best Fitness: [0.]
1
iteration 2800
Best Fitness: [0.]
1
iteration 2900
Best Fitness: [0.]
1
iteration 2999
Best Fitness: [0.]
1
[array([0.])]
iteration 0
Best Fitness: [0.98459934]
1
iteration 100
Best Fitness: [0.00021437]
1
iteration 200
Best Fitness: [1.74548909e-09]
1
iteration 300
Best Fitness: [5.88418203e-14]
1
iteration 400
Best Fitness: [1.11022302e-15]
1
iteration 500
Best Fitness: [1.11022302e-15]
1
iteration 600
Best Fitness: [0.]
1
iteration 700
Best Fitness: [0.]
1
iteration 800
Best Fitness: [0.]
1
iteration 900
Best Fitness: [0.]
1
iteration 1000
Best Fitness: [0.]
1
iteration 1100
Best Fitness: [0.]
1
iteration 1200
Best Fitness: [0.]
1
iteration 1300
Best Fitness: [0.]
1
iteration 1400
Best Fitness: [0.]
1
iteration 1500
Best Fitness: [0.]
1
iteration 1600
Best Fitness: [0.]
1
iteration 1700
Best Fitness: [0.]
1
iteration 1800
Best Fitness: [0.]
1
iteration 1900
Best Fitness: [0.]
1
iteration 2000
Best Fitness: [0.]
1
iteration 2100
Best Fitness: [0.]
1
iteration 2200
Best Fitness: [0.]
1
iteration 2300
Best Fitness: [0.]
1
iteration 2400
Best Fitness: [0.]
1
iteration 2500
Best Fitness: [0.]
1
iteration 2600
Best Fitness: [0.]
1
iteration 2700
Best Fitness: [0.]
1
iteration 2800
Best Fitness: [0.]
1
iteration 2900
Best Fitness: [0.]
1
iteration 2999
Best Fitness: [0.]
1
[array([0.])]
iteration 0
Best Fitness: [2.28595246]
1
iteration 100
Best Fitness: [0.]
1
iteration 200
Best Fitness: [0.]
1
iteration 300
Best Fitness: [0.]
1
iteration 400
Best Fitness: [0.]
1
iteration 500
Best Fitness: [0.]
1
iteration 600
Best Fitness: [0.]
1
iteration 700
Best Fitness: [0.]
1
iteration 800
Best Fitness: [0.]
1
iteration 900
Best Fitness: [0.]
1
iteration 1000
Best Fitness: [0.]
1
iteration 1100
Best Fitness: [0.]
1
iteration 1200
Best Fitness: [0.]
1
iteration 1300
Best Fitness: [0.]
1
iteration 1400
Best Fitness: [0.]
1
iteration 1500
Best Fitness: [0.]
1
iteration 1600
Best Fitness: [0.]
1
iteration 1700
Best Fitness: [0.]
1
iteration 1800
Best Fitness: [0.]
1
iteration 1900
Best Fitness: [0.]
1
iteration 2000
Best Fitness: [0.]
1
iteration 2100
Best Fitness: [0.]
1
iteration 2200
Best Fitness: [0.]
1
iteration 2300
Best Fitness: [0.]
1
iteration 2400
Best Fitness: [0.]
1
iteration 2500
Best Fitness: [0.]
1
iteration 2600
Best Fitness: [0.]
1
iteration 2700
Best Fitness: [0.]
1
iteration 2800
Best Fitness: [0.]
1
iteration 2900
Best Fitness: [0.]
1
iteration 2999
Best Fitness: [0.]
1
[array([0.])]
iteration 0
Best Fitness: [1.04281156]
1
iteration 100
Best Fitness: [0.027167]
1
iteration 200
Best Fitness: [0.00315044]
1
iteration 300
Best Fitness: [0.00014663]
1
iteration 400
Best Fitness: [1.46292681e-06]
1
iteration 500
Best Fitness: [1.46292681e-06]
1
iteration 600
Best Fitness: [1.46292681e-06]
1
iteration 700
Best Fitness: [1.46292681e-06]
1
iteration 800
Best Fitness: [1.46292681e-06]
1
iteration 900
Best Fitness: [1.46292681e-06]
1
iteration 1000
Best Fitness: [1.46292681e-06]
1
iteration 1100
Best Fitness: [1.46292681e-06]
1
iteration 1200
Best Fitness: [1.46292681e-06]
1
iteration 1300
Best Fitness: [1.46292681e-06]
1
iteration 1400
Best Fitness: [1.46292681e-06]
1
iteration 1500
Best Fitness: [1.46292681e-06]
1
iteration 1600
Best Fitness: [1.46292681e-06]
1
iteration 1700
Best Fitness: [1.46292681e-06]
1
iteration 1800
Best Fitness: [1.46292681e-06]
1
iteration 1900
Best Fitness: [1.46292681e-06]
1
iteration 2000
Best Fitness: [1.46292681e-06]
1
iteration 2100
Best Fitness: [1.46292681e-06]
1
iteration 2200
Best Fitness: [1.46292681e-06]
1
iteration 2300
Best Fitness: [1.46292681e-06]
1
iteration 2400
Best Fitness: [1.46292681e-06]
1
iteration 2500
Best Fitness: [1.46292681e-06]
1
iteration 2600
Best Fitness: [1.46292681e-06]
1
iteration 2700
Best Fitness: [1.46292681e-06]
1
iteration 2800
Best Fitness: [1.46292681e-06]
1
iteration 2900
Best Fitness: [1.46292681e-06]
1
iteration 2999
Best Fitness: [1.46292681e-06]
1
[array([1.46292681e-06])]
iteration 0
Best Fitness: [0.64954489]
1
iteration 100
Best Fitness: [0.00436996]
1
iteration 200
Best Fitness: [2.22256898e-05]
1
iteration 300
Best Fitness: [8.43891824e-06]
1
iteration 400
Best Fitness: [4.57660773e-06]
1
iteration 500
Best Fitness: [4.50360724e-06]
1
iteration 600
Best Fitness: [4.50360724e-06]
1
iteration 700
Best Fitness: [4.50360724e-06]
1
iteration 800
Best Fitness: [4.50360724e-06]
1
iteration 900
Best Fitness: [4.50360724e-06]
1
iteration 1000
Best Fitness: [4.50360724e-06]
1
iteration 1100
Best Fitness: [4.50360724e-06]
1
iteration 1200
Best Fitness: [4.50360724e-06]
1
iteration 1300
Best Fitness: [4.50360724e-06]
1
iteration 1400
Best Fitness: [4.50360724e-06]
1
iteration 1500
Best Fitness: [4.50360724e-06]
1
iteration 1600
Best Fitness: [4.50360724e-06]
1
iteration 1700
Best Fitness: [4.50360724e-06]
1
iteration 1800
Best Fitness: [4.50360724e-06]
1
iteration 1900
Best Fitness: [4.50360724e-06]
1
iteration 2000
Best Fitness: [4.50360724e-06]
1
iteration 2100
Best Fitness: [4.50360724e-06]
1
iteration 2200
Best Fitness: [4.50360724e-06]
1
iteration 2300
Best Fitness: [4.50360724e-06]
1
iteration 2400
Best Fitness: [4.50360724e-06]
1
iteration 2500
Best Fitness: [4.50360724e-06]
1
iteration 2600
Best Fitness: [4.50360724e-06]
1
iteration 2700
Best Fitness: [4.50360724e-06]
1
iteration 2800
Best Fitness: [4.50360724e-06]
1
iteration 2900
Best Fitness: [4.50360724e-06]
1
iteration 2999
Best Fitness: [4.50360724e-06]
1
[array([4.50360724e-06])]
iteration 0
Best Fitness: [0.1587575]
1
iteration 100
Best Fitness: [0.]
1
iteration 200
Best Fitness: [0.]
1
iteration 300
Best Fitness: [0.]
1
iteration 400
Best Fitness: [0.]
1
iteration 500
Best Fitness: [0.]
1
iteration 600
Best Fitness: [0.]
1
iteration 700
Best Fitness: [0.]
1
iteration 800
Best Fitness: [0.]
1
iteration 900
Best Fitness: [0.]
1
iteration 1000
Best Fitness: [0.]
1
iteration 1100
Best Fitness: [0.]
1
iteration 1200
Best Fitness: [0.]
1
iteration 1300
Best Fitness: [0.]
1
iteration 1400
Best Fitness: [0.]
1
iteration 1500
Best Fitness: [0.]
1
iteration 1600
Best Fitness: [0.]
1
iteration 1700
Best Fitness: [0.]
1
iteration 1800
Best Fitness: [0.]
1
iteration 1900
Best Fitness: [0.]
1
iteration 2000
Best Fitness: [0.]
1
iteration 2100
Best Fitness: [0.]
1
iteration 2200
Best Fitness: [0.]
1
iteration 2300
Best Fitness: [0.]
1
iteration 2400
Best Fitness: [0.]
1
iteration 2500
Best Fitness: [0.]
1
iteration 2600
Best Fitness: [0.]
1
iteration 2700
Best Fitness: [0.]
1
iteration 2800
Best Fitness: [0.]
1
iteration 2900
Best Fitness: [0.]
1
iteration 2999
Best Fitness: [0.]
1
[array([0.])]
iteration 0
Best Fitness: [9.6419116]
1
iteration 100
Best Fitness: [0.00024196]
1
iteration 200
Best Fitness: [2.11827382e-07]
1
iteration 300
Best Fitness: [3.3097626e-11]
1
iteration 400
Best Fitness: [2.40814184e-15]
1
iteration 500
Best Fitness: [7.26054334e-18]
1
iteration 600
Best Fitness: [1.55688229e-21]
1
iteration 700
Best Fitness: [1.53618447e-25]
1
iteration 800
Best Fitness: [9.4919102e-29]
1
iteration 900
Best Fitness: [5.52065971e-32]
1
iteration 1000
Best Fitness: [1.11838605e-37]
1
iteration 1100
Best Fitness: [2.5563985e-40]
1
iteration 1200
Best Fitness: [4.16957994e-43]
1
iteration 1300
Best Fitness: [2.38013888e-46]
1
iteration 1400
Best Fitness: [6.57646183e-50]
1
iteration 1500
Best Fitness: [8.34898028e-53]
1
iteration 1600
Best Fitness: [7.66251864e-57]
1
iteration 1700
Best Fitness: [9.31214383e-61]
1
iteration 1800
Best Fitness: [2.43003364e-64]
1
iteration 1900
Best Fitness: [4.06677094e-67]
1
iteration 2000
Best Fitness: [2.97507336e-71]
1
iteration 2100
Best Fitness: [5.33427619e-74]
1
iteration 2200
Best Fitness: [1.4777287e-77]
1
iteration 2300
Best Fitness: [1.7950242e-81]
1
iteration 2400
Best Fitness: [1.1172473e-83]
1
iteration 2500
Best Fitness: [6.7543043e-88]
1
iteration 2600
Best Fitness: [6.90963662e-92]
1
iteration 2700
Best Fitness: [1.06737505e-94]
1
iteration 2800
Best Fitness: [9.84631056e-98]
1
iteration 2900
Best Fitness: [1.19151711e-103]
1
iteration 2999
Best Fitness: [5.32658469e-105]
1
[array([5.32658469e-105])]
iteration 0
Best Fitness: [1448042.55733218]
1
iteration 100
Best Fitness: [0.00346497]
1
iteration 200
Best Fitness: [5.30275921e-12]
1
iteration 300
Best Fitness: [7.0488273e-18]
1
iteration 400
Best Fitness: [1.93261275e-26]
1
iteration 500
Best Fitness: [3.78577592e-33]
1
iteration 600
Best Fitness: [8.01153646e-41]
1
iteration 700
Best Fitness: [2.63785087e-48]
1
iteration 800
Best Fitness: [4.37913152e-58]
1
iteration 900
Best Fitness: [3.8955123e-63]
1
iteration 1000
Best Fitness: [2.91952869e-68]
1
iteration 1100
Best Fitness: [8.57659065e-74]
1
iteration 1200
Best Fitness: [4.86929746e-83]
1
iteration 1300
Best Fitness: [7.33140801e-89]
1
iteration 1400
Best Fitness: [5.56603101e-94]
1
iteration 1500
Best Fitness: [5.08491522e-103]
1
iteration 1600
Best Fitness: [7.24567754e-111]
1
iteration 1700
Best Fitness: [3.6594979e-120]
1
iteration 1800
Best Fitness: [5.06904939e-126]
1
iteration 1900
Best Fitness: [2.39134188e-132]
1
iteration 2000
Best Fitness: [3.41941607e-138]
1
iteration 2100
Best Fitness: [1.02042276e-145]
1
iteration 2200
Best Fitness: [4.24479106e-149]
1
iteration 2300
Best Fitness: [3.34142469e-157]
1
iteration 2400
Best Fitness: [1.36192122e-164]
1
iteration 2500
Best Fitness: [9.49078322e-171]
1
iteration 2600
Best Fitness: [2.06172122e-179]
1
iteration 2700
Best Fitness: [2.19575516e-183]
1
iteration 2800
Best Fitness: [3.05430386e-191]
1
iteration 2900
Best Fitness: [3.0179937e-199]
1
iteration 2999
Best Fitness: [3.18805762e-205]
1
[array([3.18805762e-205])]
iteration 0
Best Fitness: [20.54984172]
1
iteration 100
Best Fitness: [4.19856856e-06]
1
iteration 200
Best Fitness: [1.55098084e-10]
1
iteration 300
Best Fitness: [1.52518466e-14]
1
iteration 400
Best Fitness: [6.653169e-20]
1
iteration 500
Best Fitness: [1.64650734e-22]
1
iteration 600
Best Fitness: [2.2710422e-26]
1
iteration 700
Best Fitness: [5.09706838e-31]
1
iteration 800
Best Fitness: [6.29276245e-34]
1
iteration 900
Best Fitness: [2.0586585e-37]
1
iteration 1000
Best Fitness: [1.28910975e-42]
1
iteration 1100
Best Fitness: [1.04023371e-46]
1
iteration 1200
Best Fitness: [3.85697518e-50]
1
iteration 1300
Best Fitness: [2.70384821e-55]
1
iteration 1400
Best Fitness: [6.15865744e-58]
1
iteration 1500
Best Fitness: [1.56237045e-63]
1
iteration 1600
Best Fitness: [1.03055111e-65]
1
iteration 1700
Best Fitness: [2.06968792e-69]
1
iteration 1800
Best Fitness: [1.9515456e-74]
1
iteration 1900
Best Fitness: [2.4808999e-78]
1
iteration 2000
Best Fitness: [3.40398999e-82]
1
iteration 2100
Best Fitness: [2.142268e-85]
1
iteration 2200
Best Fitness: [3.63604767e-90]
1
iteration 2300
Best Fitness: [1.63072799e-94]
1
iteration 2400
Best Fitness: [2.44261231e-100]
1
iteration 2500
Best Fitness: [2.88208013e-102]
1
iteration 2600
Best Fitness: [3.24417039e-106]
1
iteration 2700
Best Fitness: [3.36848442e-111]
1
iteration 2800
Best Fitness: [3.81638544e-113]
1
iteration 2900
Best Fitness: [7.97311849e-118]
1
iteration 2999
Best Fitness: [9.92452269e-121]
1
[array([9.92452269e-121])]
iteration 0
Best Fitness: [445.32011912]
1
iteration 100
Best Fitness: [1.34324198e-08]
1
iteration 200
Best Fitness: [4.57968014e-16]
1
iteration 300
Best Fitness: [2.37225868e-24]
1
iteration 400
Best Fitness: [9.71076015e-31]
1
iteration 500
Best Fitness: [1.30266197e-36]
1
iteration 600
Best Fitness: [7.5758789e-45]
1
iteration 700
Best Fitness: [5.35120112e-53]
1
iteration 800
Best Fitness: [1.86047188e-59]
1
iteration 900
Best Fitness: [4.050716e-65]
1
iteration 1000
Best Fitness: [5.09791068e-72]
1
iteration 1100
Best Fitness: [7.57504739e-77]
1
iteration 1200
Best Fitness: [1.19120489e-86]
1
iteration 1300
Best Fitness: [4.59584013e-92]
1
iteration 1400
Best Fitness: [3.21872084e-100]
1
iteration 1500
Best Fitness: [7.09206965e-108]
1
iteration 1600
Best Fitness: [1.66583655e-112]
1
iteration 1700
Best Fitness: [3.44615573e-120]
1
iteration 1800
Best Fitness: [1.33538793e-125]
1
iteration 1900
Best Fitness: [1.68927e-134]
1
iteration 2000
Best Fitness: [7.07832077e-140]
1
iteration 2100
Best Fitness: [3.41635821e-148]
1
iteration 2200
Best Fitness: [7.84446056e-155]
1
iteration 2300
Best Fitness: [5.67548187e-161]
1
iteration 2400
Best Fitness: [5.62322688e-168]
1
iteration 2500
Best Fitness: [4.38214096e-176]
1
iteration 2600
Best Fitness: [1.4260646e-182]
1
iteration 2700
Best Fitness: [5.77196845e-190]
1
iteration 2800
Best Fitness: [2.02456448e-196]
1
iteration 2900
Best Fitness: [1.31808552e-202]
1
iteration 2999
Best Fitness: [2.29260129e-209]
1
[array([2.29260129e-209])]
iteration 0
Best Fitness: [0.12514645]
1
iteration 100
Best Fitness: [5.6223675e-06]
1
iteration 200
Best Fitness: [1.18307401e-07]
1
iteration 300
Best Fitness: [2.89966322e-09]
1
iteration 400
Best Fitness: [1.87905211e-09]
1
iteration 500
Best Fitness: [2.34042469e-10]
1
iteration 600
Best Fitness: [5.86267652e-13]
1
iteration 700
Best Fitness: [2.59019747e-13]
1
iteration 800
Best Fitness: [2.17672136e-13]
1
iteration 900
Best Fitness: [9.44765613e-16]
1
iteration 1000
Best Fitness: [4.73298472e-16]
1
iteration 1100
Best Fitness: [3.92037567e-16]
1
iteration 1200
Best Fitness: [2.8190971e-18]
1
iteration 1300
Best Fitness: [6.31416824e-22]
1
iteration 1400
Best Fitness: [5.68877404e-22]
1
iteration 1500
Best Fitness: [6.5114033e-23]
1
iteration 1600
Best Fitness: [5.39352303e-23]
1
iteration 1700
Best Fitness: [5.27246279e-24]
1
iteration 1800
Best Fitness: [1.82618322e-24]
1
iteration 1900
Best Fitness: [1.3273768e-26]
1
iteration 2000
Best Fitness: [2.68262012e-28]
1
iteration 2100
Best Fitness: [6.69175915e-29]
1
iteration 2200
Best Fitness: [4.43734259e-31]
1
iteration 2300
Best Fitness: [4.93038066e-32]
1
iteration 2400
Best Fitness: [4.93038066e-32]
1
iteration 2500
Best Fitness: [0.]
1
iteration 2600
Best Fitness: [0.]
1
iteration 2700
Best Fitness: [0.]
1
iteration 2800
Best Fitness: [0.]
1
iteration 2900
Best Fitness: [0.]
1
iteration 2999
Best Fitness: [0.]
1
[array([0.])]
iteration 0
Best Fitness: [1.36325124]
1
iteration 100
Best Fitness: [6.27862047e-07]
1
iteration 200
Best Fitness: [1.45128354e-12]
1
iteration 300
Best Fitness: [0.]
1
iteration 400
Best Fitness: [0.]
1
iteration 500
Best Fitness: [0.]
1
iteration 600
Best Fitness: [0.]
1
iteration 700
Best Fitness: [0.]
1
iteration 800
Best Fitness: [0.]
1
iteration 900
Best Fitness: [0.]
1
iteration 1000
Best Fitness: [0.]
1
iteration 1100
Best Fitness: [0.]
1
iteration 1200
Best Fitness: [0.]
1
iteration 1300
Best Fitness: [0.]
1
iteration 1400
Best Fitness: [0.]
1
iteration 1500
Best Fitness: [0.]
1
iteration 1600
Best Fitness: [0.]
1
iteration 1700
Best Fitness: [0.]
1
iteration 1800
Best Fitness: [0.]
1
iteration 1900
Best Fitness: [0.]
1
iteration 2000
Best Fitness: [0.]
1
iteration 2100
Best Fitness: [0.]
1
iteration 2200
Best Fitness: [0.]
1
iteration 2300
Best Fitness: [0.]
1
iteration 2400
Best Fitness: [0.]
1
iteration 2500
Best Fitness: [0.]
1
iteration 2600
Best Fitness: [0.]
1
iteration 2700
Best Fitness: [0.]
1
iteration 2800
Best Fitness: [0.]
1
iteration 2900
Best Fitness: [0.]
1
iteration 2999
Best Fitness: [0.]
1
[array([0.])]
iteration 0
Best Fitness: [0.28158831]
1
iteration 100
Best Fitness: [0.00971591]
1
iteration 200
Best Fitness: [0.00971591]
1
iteration 300
Best Fitness: [2.65163448e-05]
1
iteration 400
Best Fitness: [1.41170444e-05]
1
iteration 500
Best Fitness: [1.41168736e-05]
1
iteration 600
Best Fitness: [1.41168736e-05]
1
iteration 700
Best Fitness: [1.41168736e-05]
1
iteration 800
Best Fitness: [3.29373449e-07]
1
iteration 900
Best Fitness: [3.29110006e-07]
1
iteration 1000
Best Fitness: [3.29110006e-07]
1
iteration 1100
Best Fitness: [3.29110006e-07]
1
iteration 1200
Best Fitness: [1.62095337e-11]
1
iteration 1300
Best Fitness: [1.44945167e-12]
1
iteration 1400
Best Fitness: [5.55111512e-17]
1
iteration 1500
Best Fitness: [0.]
1
iteration 1600
Best Fitness: [0.]
1
iteration 1700
Best Fitness: [0.]
1
iteration 1800
Best Fitness: [0.]
1
iteration 1900
Best Fitness: [0.]
1
iteration 2000
Best Fitness: [0.]
1
iteration 2100
Best Fitness: [0.]
1
iteration 2200
Best Fitness: [0.]
1
iteration 2300
Best Fitness: [0.]
1
iteration 2400
Best Fitness: [0.]
1
iteration 2500
Best Fitness: [0.]
1
iteration 2600
Best Fitness: [0.]
1
iteration 2700
Best Fitness: [0.]
1
iteration 2800
Best Fitness: [0.]
1
iteration 2900
Best Fitness: [0.]
1
iteration 2999
Best Fitness: [0.]
1
[array([0.])]
iteration 0
Best Fitness: [5.19215564]
1
iteration 100
Best Fitness: [0.01250661]
1
iteration 200
Best Fitness: [0.00057419]
1
iteration 300
Best Fitness: [4.12501511e-07]
1
iteration 400
Best Fitness: [4.12501511e-07]
1
iteration 500
Best Fitness: [4.12501511e-07]
1
iteration 600
Best Fitness: [4.12501511e-07]
1
iteration 700
Best Fitness: [4.12501511e-07]
1
iteration 800
Best Fitness: [4.12501511e-07]
1
iteration 900
Best Fitness: [4.12501511e-07]
1
iteration 1000
Best Fitness: [4.12501511e-07]
1
iteration 1100
Best Fitness: [4.12501511e-07]
1
iteration 1200
Best Fitness: [4.12501511e-07]
1
iteration 1300
Best Fitness: [4.12501511e-07]
1
iteration 1400
Best Fitness: [2.12789807e-07]
1
iteration 1500
Best Fitness: [2.0113713e-07]
1
iteration 1600
Best Fitness: [2.0113713e-07]
1
iteration 1700
Best Fitness: [2.0113713e-07]
1
iteration 1800
Best Fitness: [2.0113713e-07]
1
iteration 1900
Best Fitness: [2.0113713e-07]
1
iteration 2000
Best Fitness: [2.01789852e-11]
1
iteration 2100
Best Fitness: [4.09069465e-12]
1
iteration 2200
Best Fitness: [4.09069465e-12]
1
iteration 2300
Best Fitness: [4.09069465e-12]
1
iteration 2400
Best Fitness: [4.09069465e-12]
1
iteration 2500
Best Fitness: [4.09069465e-12]
1
iteration 2600
Best Fitness: [4.09069465e-12]
1
iteration 2700
Best Fitness: [4.09069465e-12]
1
iteration 2800
Best Fitness: [4.09069465e-12]
1
iteration 2900
Best Fitness: [4.09069465e-12]
1
iteration 2999
Best Fitness: [4.09069465e-12]
1
[array([4.09069465e-12])]
iteration 0
Best Fitness: [7.2830606]
1
iteration 100
Best Fitness: [3.20760987e-06]
1
iteration 200
Best Fitness: [6.19948537e-13]
1
iteration 300
Best Fitness: [0.]
1
iteration 400
Best Fitness: [0.]
1
iteration 500
Best Fitness: [0.]
1
iteration 600
Best Fitness: [0.]
1
iteration 700
Best Fitness: [0.]
1
iteration 800
Best Fitness: [0.]
1
iteration 900
Best Fitness: [0.]
1
iteration 1000
Best Fitness: [0.]
1
iteration 1100
Best Fitness: [0.]
1
iteration 1200
Best Fitness: [0.]
1
iteration 1300
Best Fitness: [0.]
1
iteration 1400
Best Fitness: [0.]
1
iteration 1500
Best Fitness: [0.]
1
iteration 1600
Best Fitness: [0.]
1
iteration 1700
Best Fitness: [0.]
1
iteration 1800
Best Fitness: [0.]
1
iteration 1900
Best Fitness: [0.]
1
iteration 2000
Best Fitness: [0.]
1
iteration 2100
Best Fitness: [0.]
1
iteration 2200
Best Fitness: [0.]
1
iteration 2300
Best Fitness: [0.]
1
iteration 2400
Best Fitness: [0.]
1
iteration 2500
Best Fitness: [0.]
1
iteration 2600
Best Fitness: [0.]
1
iteration 2700
Best Fitness: [0.]
1
iteration 2800
Best Fitness: [0.]
1
iteration 2900
Best Fitness: [0.]
1
iteration 2999
Best Fitness: [0.]
1
[array([0.])]
iteration 0
Best Fitness: [9.98373539]
1
iteration 100
Best Fitness: [1.1833345e-10]
1
iteration 200
Best Fitness: [2.68462123e-17]
1
iteration 300
Best Fitness: [5.98658789e-25]
1
iteration 400
Best Fitness: [2.73235495e-32]
1
iteration 500
Best Fitness: [1.49975978e-32]
1
iteration 600
Best Fitness: [1.49975978e-32]
1
iteration 700
Best Fitness: [1.49975978e-32]
1
iteration 800
Best Fitness: [1.49975978e-32]
1
iteration 900
Best Fitness: [1.49975978e-32]
1
iteration 1000
Best Fitness: [1.49975978e-32]
1
iteration 1100
Best Fitness: [1.49975978e-32]
1
iteration 1200
Best Fitness: [1.49975978e-32]
1
iteration 1300
Best Fitness: [1.49975978e-32]
1
iteration 1400
Best Fitness: [1.49975978e-32]
1
iteration 1500
Best Fitness: [1.49975978e-32]
1
iteration 1600
Best Fitness: [1.49975978e-32]
1
iteration 1700
Best Fitness: [1.49975978e-32]
1
iteration 1800
Best Fitness: [1.49975978e-32]
1
iteration 1900
Best Fitness: [1.49975978e-32]
1
iteration 2000
Best Fitness: [1.49975978e-32]
1
iteration 2100
Best Fitness: [1.49975978e-32]
1
iteration 2200
Best Fitness: [1.49975978e-32]
1
iteration 2300
Best Fitness: [1.49975978e-32]
1
iteration 2400
Best Fitness: [1.49975978e-32]
1
iteration 2500
Best Fitness: [1.49975978e-32]
1
iteration 2600
Best Fitness: [1.49975978e-32]
1
iteration 2700
Best Fitness: [1.49975978e-32]
1
iteration 2800
Best Fitness: [1.49975978e-32]
1
iteration 2900
Best Fitness: [1.49975978e-32]
1
iteration 2999
Best Fitness: [1.49975978e-32]
1
[array([1.49975978e-32])]
iteration 0
Best Fitness: [33.81915763]
1
iteration 100
Best Fitness: [2.54762986e-05]
1
iteration 200
Best Fitness: [2.54566942e-05]
1
iteration 300
Best Fitness: [2.54551339e-05]
1
iteration 400
Best Fitness: [2.54551323e-05]
1
iteration 500
Best Fitness: [2.54551323e-05]
1
iteration 600
Best Fitness: [2.54551323e-05]
1
iteration 700
Best Fitness: [2.54551323e-05]
1
iteration 800
Best Fitness: [2.54551323e-05]
1
iteration 900
Best Fitness: [2.54551323e-05]
1
iteration 1000
Best Fitness: [2.54551323e-05]
1
iteration 1100
Best Fitness: [2.54551323e-05]
1
iteration 1200
Best Fitness: [2.54551323e-05]
1
iteration 1300
Best Fitness: [2.54551323e-05]
1
iteration 1400
Best Fitness: [2.54551323e-05]
1
iteration 1500
Best Fitness: [2.54551323e-05]
1
iteration 1600
Best Fitness: [2.54551323e-05]
1
iteration 1700
Best Fitness: [2.54551323e-05]
1
iteration 1800
Best Fitness: [2.54551323e-05]
1
iteration 1900
Best Fitness: [2.54551323e-05]
1
iteration 2000
Best Fitness: [2.54551323e-05]
1
iteration 2100
Best Fitness: [2.54551323e-05]
1
iteration 2200
Best Fitness: [2.54551323e-05]
1
iteration 2300
Best Fitness: [2.54551323e-05]
1
iteration 2400
Best Fitness: [2.54551323e-05]
1
iteration 2500
Best Fitness: [2.54551323e-05]
1
iteration 2600
Best Fitness: [2.54551323e-05]
1
iteration 2700
Best Fitness: [2.54551323e-05]
1
iteration 2800
Best Fitness: [2.54551323e-05]
1
iteration 2900
Best Fitness: [2.54551323e-05]
1
iteration 2999
Best Fitness: [2.54551323e-05]
1
[array([2.54551323e-05])]
iteration 0
Best Fitness: [269943.69854674]
1
iteration 100
Best Fitness: [0.00010158]
1
iteration 200
Best Fitness: [1.80302172e-12]
1
iteration 300
Best Fitness: [5.48138744e-20]
1
iteration 400
Best Fitness: [1.23208918e-28]
1
iteration 500
Best Fitness: [1.72551492e-36]
1
iteration 600
Best Fitness: [6.76783663e-42]
1
iteration 700
Best Fitness: [4.67131424e-50]
1
iteration 800
Best Fitness: [2.93450269e-57]
1
iteration 900
Best Fitness: [2.01128664e-65]
1
iteration 1000
Best Fitness: [5.99126301e-70]
1
iteration 1100
Best Fitness: [2.64068682e-75]
1
iteration 1200
Best Fitness: [8.65522377e-83]
1
iteration 1300
Best Fitness: [1.97874933e-90]
1
iteration 1400
Best Fitness: [1.02297975e-98]
1
iteration 1500
Best Fitness: [1.92257935e-103]
1
iteration 1600
Best Fitness: [1.72008421e-110]
1
iteration 1700
Best Fitness: [1.10220811e-116]
1
iteration 1800
Best Fitness: [1.85010167e-123]
1
iteration 1900
Best Fitness: [6.47881125e-131]
1
iteration 2000
Best Fitness: [1.18207483e-138]
1
iteration 2100
Best Fitness: [8.92517794e-146]
1
iteration 2200
Best Fitness: [1.54178315e-151]
1
iteration 2300
Best Fitness: [6.61700348e-160]
1
iteration 2400
Best Fitness: [1.23898667e-166]
1
iteration 2500
Best Fitness: [2.34336521e-173]
1
iteration 2600
Best Fitness: [2.29043379e-181]
1
iteration 2700
Best Fitness: [3.58516228e-188]
1
iteration 2800
Best Fitness: [2.31673879e-195]
1
iteration 2900
Best Fitness: [2.52623792e-206]
1
iteration 2999
Best Fitness: [1.17880864e-208]
1
[array([1.17880864e-208])]
iteration 0
Best Fitness: [33861.48182274]
1
iteration 100
Best Fitness: [1.93492136e-05]
1
iteration 200
Best Fitness: [2.28116873e-11]
1
iteration 300
Best Fitness: [1.42364498e-18]
1
iteration 400
Best Fitness: [9.59018218e-28]
1
iteration 500
Best Fitness: [1.55654798e-33]
1
iteration 600
Best Fitness: [4.08054249e-40]
1
iteration 700
Best Fitness: [2.26406515e-47]
1
iteration 800
Best Fitness: [1.25574352e-54]
1
iteration 900
Best Fitness: [2.0675677e-63]
1
iteration 1000
Best Fitness: [1.88694742e-69]
1
iteration 1100
Best Fitness: [7.23737744e-75]
1
iteration 1200
Best Fitness: [3.25578171e-85]
1
iteration 1300
Best Fitness: [3.69981578e-90]
1
iteration 1400
Best Fitness: [4.45598829e-97]
1
iteration 1500
Best Fitness: [1.95108016e-102]
1
iteration 1600
Best Fitness: [1.52378657e-108]
1
iteration 1700
Best Fitness: [4.97913586e-120]
1
iteration 1800
Best Fitness: [2.8975724e-124]
1
iteration 1900
Best Fitness: [8.74539132e-132]
1
iteration 2000
Best Fitness: [3.38271574e-140]
1
iteration 2100
Best Fitness: [1.47555804e-146]
1
iteration 2200
Best Fitness: [2.12967808e-154]
1
iteration 2300
Best Fitness: [2.61180992e-161]
1
iteration 2400
Best Fitness: [2.45901759e-167]
1
iteration 2500
Best Fitness: [7.49432998e-176]
1
iteration 2600
Best Fitness: [2.05555284e-179]
1
iteration 2700
Best Fitness: [9.78720638e-187]
1
iteration 2800
Best Fitness: [6.38233591e-195]
1
iteration 2900
Best Fitness: [9.52631945e-202]
1
iteration 2999
Best Fitness: [7.94195999e-207]
1
[array([7.94195999e-207])]
iteration 0
Best Fitness: [3.14681447]
1
iteration 100
Best Fitness: [5.42506082e-05]
1
iteration 200
Best Fitness: [2.49674739e-08]
1
iteration 300
Best Fitness: [9.85567183e-12]
1
iteration 400
Best Fitness: [3.99680289e-15]
1
iteration 500
Best Fitness: [4.4408921e-16]
1
iteration 600
Best Fitness: [4.4408921e-16]
1
iteration 700
Best Fitness: [4.4408921e-16]
1
iteration 800
Best Fitness: [4.4408921e-16]
1
iteration 900
Best Fitness: [4.4408921e-16]
1
iteration 1000
Best Fitness: [4.4408921e-16]
1
iteration 1100
Best Fitness: [4.4408921e-16]
1
iteration 1200
Best Fitness: [4.4408921e-16]
1
iteration 1300
Best Fitness: [4.4408921e-16]
1
iteration 1400
Best Fitness: [4.4408921e-16]
1
iteration 1500
Best Fitness: [4.4408921e-16]
1
iteration 1600
Best Fitness: [4.4408921e-16]
1
iteration 1700
Best Fitness: [4.4408921e-16]
1
iteration 1800
Best Fitness: [4.4408921e-16]
1
iteration 1900
Best Fitness: [4.4408921e-16]
1
iteration 2000
Best Fitness: [4.4408921e-16]
1
iteration 2100
Best Fitness: [4.4408921e-16]
1
iteration 2200
Best Fitness: [4.4408921e-16]
1
iteration 2300
Best Fitness: [4.4408921e-16]
1
iteration 2400
Best Fitness: [4.4408921e-16]
1
iteration 2500
Best Fitness: [4.4408921e-16]
1
iteration 2600
Best Fitness: [4.4408921e-16]
1
iteration 2700
Best Fitness: [4.4408921e-16]
1
iteration 2800
Best Fitness: [4.4408921e-16]
1
iteration 2900
Best Fitness: [4.4408921e-16]
1
iteration 2999
Best Fitness: [4.4408921e-16]
1
[array([4.4408921e-16])]
iteration 0
Best Fitness: [0.18476656]
1
iteration 100
Best Fitness: [0.00022627]
1
iteration 200
Best Fitness: [7.72620454e-07]
1
iteration 300
Best Fitness: [3.69482223e-13]
1
iteration 400
Best Fitness: [0.]
1
iteration 500
Best Fitness: [0.]
1
iteration 600
Best Fitness: [0.]
1
iteration 700
Best Fitness: [0.]
1
iteration 800
Best Fitness: [0.]
1
iteration 900
Best Fitness: [0.]
1
iteration 1000
Best Fitness: [0.]
1
iteration 1100
Best Fitness: [0.]
1
iteration 1200
Best Fitness: [0.]
1
iteration 1300
Best Fitness: [0.]
1
iteration 1400
Best Fitness: [0.]
1
iteration 1500
Best Fitness: [0.]
1
iteration 1600
Best Fitness: [0.]
1
iteration 1700
Best Fitness: [0.]
1
iteration 1800
Best Fitness: [0.]
1
iteration 1900
Best Fitness: [0.]
1
iteration 2000
Best Fitness: [0.]
1
iteration 2100
Best Fitness: [0.]
1
iteration 2200
Best Fitness: [0.]
1
iteration 2300
Best Fitness: [0.]
1
iteration 2400
Best Fitness: [0.]
1
iteration 2500
Best Fitness: [0.]
1
iteration 2600
Best Fitness: [0.]
1
iteration 2700
Best Fitness: [0.]
1
iteration 2800
Best Fitness: [0.]
1
iteration 2900
Best Fitness: [0.]
1
iteration 2999
Best Fitness: [0.]
1
[array([0.])]
iteration 0
Best Fitness: [0.98459934]
1
iteration 100
Best Fitness: [0.00021437]
1
iteration 200
Best Fitness: [1.74548909e-09]
1
iteration 300
Best Fitness: [5.88418203e-14]
1
iteration 400
Best Fitness: [1.11022302e-15]
1
iteration 500
Best Fitness: [1.11022302e-15]
1
iteration 600
Best Fitness: [0.]
1
iteration 700
Best Fitness: [0.]
1
iteration 800
Best Fitness: [0.]
1
iteration 900
Best Fitness: [0.]
1
iteration 1000
Best Fitness: [0.]
1
iteration 1100
Best Fitness: [0.]
1
iteration 1200
Best Fitness: [0.]
1
iteration 1300
Best Fitness: [0.]
1
iteration 1400
Best Fitness: [0.]
1
iteration 1500
Best Fitness: [0.]
1
iteration 1600
Best Fitness: [0.]
1
iteration 1700
Best Fitness: [0.]
1
iteration 1800
Best Fitness: [0.]
1
iteration 1900
Best Fitness: [0.]
1
iteration 2000
Best Fitness: [0.]
1
iteration 2100
Best Fitness: [0.]
1
iteration 2200
Best Fitness: [0.]
1
iteration 2300
Best Fitness: [0.]
1
iteration 2400
Best Fitness: [0.]
1
iteration 2500
Best Fitness: [0.]
1
iteration 2600
Best Fitness: [0.]
1
iteration 2700
Best Fitness: [0.]
1
iteration 2800
Best Fitness: [0.]
1
iteration 2900
Best Fitness: [0.]
1
iteration 2999
Best Fitness: [0.]
1
[array([0.])]
iteration 0
Best Fitness: [2.28595246]
1
iteration 100
Best Fitness: [0.]
1
iteration 200
Best Fitness: [0.]
1
iteration 300
Best Fitness: [0.]
1
iteration 400
Best Fitness: [0.]
1
iteration 500
Best Fitness: [0.]
1
iteration 600
Best Fitness: [0.]
1
iteration 700
Best Fitness: [0.]
1
iteration 800
Best Fitness: [0.]
1
iteration 900
Best Fitness: [0.]
1
iteration 1000
Best Fitness: [0.]
1
iteration 1100
Best Fitness: [0.]
1
iteration 1200
Best Fitness: [0.]
1
iteration 1300
Best Fitness: [0.]
1
iteration 1400
Best Fitness: [0.]
1
iteration 1500
Best Fitness: [0.]
1
iteration 1600
Best Fitness: [0.]
1
iteration 1700
Best Fitness: [0.]
1
iteration 1800
Best Fitness: [0.]
1
iteration 1900
Best Fitness: [0.]
1
iteration 2000
Best Fitness: [0.]
1
iteration 2100
Best Fitness: [0.]
1
iteration 2200
Best Fitness: [0.]
1
iteration 2300
Best Fitness: [0.]
1
iteration 2400
Best Fitness: [0.]
1
iteration 2500
Best Fitness: [0.]
1
iteration 2600
Best Fitness: [0.]
1
iteration 2700
Best Fitness: [0.]
1
iteration 2800
Best Fitness: [0.]
1
iteration 2900
Best Fitness: [0.]
1
iteration 2999
Best Fitness: [0.]
1
[array([0.])]
iteration 0
Best Fitness: [1.04281156]
1
iteration 100
Best Fitness: [0.027167]
1
iteration 200
Best Fitness: [0.00315044]
1
iteration 300
Best Fitness: [0.00014663]
1
iteration 400
Best Fitness: [1.46292681e-06]
1
iteration 500
Best Fitness: [1.46292681e-06]
1
iteration 600
Best Fitness: [1.46292681e-06]
1
iteration 700
Best Fitness: [1.46292681e-06]
1
iteration 800
Best Fitness: [1.46292681e-06]
1
iteration 900
Best Fitness: [1.46292681e-06]
1
iteration 1000
Best Fitness: [1.46292681e-06]
1
iteration 1100
Best Fitness: [1.46292681e-06]
1
iteration 1200
Best Fitness: [1.46292681e-06]
1
iteration 1300
Best Fitness: [1.46292681e-06]
1
iteration 1400
Best Fitness: [1.46292681e-06]
1
iteration 1500
Best Fitness: [1.46292681e-06]
1
iteration 1600
Best Fitness: [1.46292681e-06]
1
iteration 1700
Best Fitness: [1.46292681e-06]
1
iteration 1800
Best Fitness: [1.46292681e-06]
1
iteration 1900
Best Fitness: [1.46292681e-06]
1
iteration 2000
Best Fitness: [1.46292681e-06]
1
iteration 2100
Best Fitness: [1.46292681e-06]
1
iteration 2200
Best Fitness: [1.46292681e-06]
1
iteration 2300
Best Fitness: [1.46292681e-06]
1
iteration 2400
Best Fitness: [1.46292681e-06]
1
iteration 2500
Best Fitness: [1.46292681e-06]
1
iteration 2600
Best Fitness: [1.46292681e-06]
1
iteration 2700
Best Fitness: [1.46292681e-06]
1
iteration 2800
Best Fitness: [1.46292681e-06]
1
iteration 2900
Best Fitness: [1.46292681e-06]
1
iteration 2999
Best Fitness: [1.46292681e-06]
1
[array([1.46292681e-06])]
iteration 0
Best Fitness: [0.64954489]
1
iteration 100
Best Fitness: [0.00436996]
1
iteration 200
Best Fitness: [2.22256898e-05]
1
iteration 300
Best Fitness: [8.43891824e-06]
1
iteration 400
Best Fitness: [4.57660773e-06]
1
iteration 500
Best Fitness: [4.50360724e-06]
1
iteration 600
Best Fitness: [4.50360724e-06]
1
iteration 700
Best Fitness: [4.50360724e-06]
1
iteration 800
Best Fitness: [4.50360724e-06]
1
iteration 900
Best Fitness: [4.50360724e-06]
1
iteration 1000
Best Fitness: [4.50360724e-06]
1
iteration 1100
Best Fitness: [4.50360724e-06]
1
iteration 1200
Best Fitness: [4.50360724e-06]
1
iteration 1300
Best Fitness: [4.50360724e-06]
1
iteration 1400
Best Fitness: [4.50360724e-06]
1
iteration 1500
Best Fitness: [4.50360724e-06]
1
iteration 1600
Best Fitness: [4.50360724e-06]
1
iteration 1700
Best Fitness: [4.50360724e-06]
1
iteration 1800
Best Fitness: [4.50360724e-06]
1
iteration 1900
Best Fitness: [4.50360724e-06]
1
iteration 2000
Best Fitness: [4.50360724e-06]
1
iteration 2100
Best Fitness: [4.50360724e-06]
1
iteration 2200
Best Fitness: [4.50360724e-06]
1
iteration 2300
Best Fitness: [4.50360724e-06]
1
iteration 2400
Best Fitness: [4.50360724e-06]
1
iteration 2500
Best Fitness: [4.50360724e-06]
1
iteration 2600
Best Fitness: [4.50360724e-06]
1
iteration 2700
Best Fitness: [4.50360724e-06]
1
iteration 2800
Best Fitness: [4.50360724e-06]
1
iteration 2900
Best Fitness: [4.50360724e-06]
1
iteration 2999
Best Fitness: [4.50360724e-06]
1
[array([4.50360724e-06])]
iteration 0
Best Fitness: [0.1587575]
1
iteration 100
Best Fitness: [0.]
1
iteration 200
Best Fitness: [0.]
1
iteration 300
Best Fitness: [0.]
1
iteration 400
Best Fitness: [0.]
1
iteration 500
Best Fitness: [0.]
1
iteration 600
Best Fitness: [0.]
1
iteration 700
Best Fitness: [0.]
1
iteration 800
Best Fitness: [0.]
1
iteration 900
Best Fitness: [0.]
1
iteration 1000
Best Fitness: [0.]
1
iteration 1100
Best Fitness: [0.]
1
iteration 1200
Best Fitness: [0.]
1
iteration 1300
Best Fitness: [0.]
1
iteration 1400
Best Fitness: [0.]
1
iteration 1500
Best Fitness: [0.]
1
iteration 1600
Best Fitness: [0.]
1
iteration 1700
Best Fitness: [0.]
1
iteration 1800
Best Fitness: [0.]
1
iteration 1900
Best Fitness: [0.]
1
iteration 2000
Best Fitness: [0.]
1
iteration 2100
Best Fitness: [0.]
1
iteration 2200
Best Fitness: [0.]
1
iteration 2300
Best Fitness: [0.]
1
iteration 2400
Best Fitness: [0.]
1
iteration 2500
Best Fitness: [0.]
1
iteration 2600
Best Fitness: [0.]
1
iteration 2700
Best Fitness: [0.]
1
iteration 2800
Best Fitness: [0.]
1
iteration 2900
Best Fitness: [0.]
1
iteration 2999
Best Fitness: [0.]
1
[array([0.])]
iteration 0
Best Fitness: [9.6419116]
1
iteration 100
Best Fitness: [0.00024196]
1
iteration 200
Best Fitness: [2.11827382e-07]
1
iteration 300
Best Fitness: [3.3097626e-11]
1
iteration 400
Best Fitness: [2.40814184e-15]
1
iteration 500
Best Fitness: [7.26054334e-18]
1
iteration 600
Best Fitness: [1.55688229e-21]
1
iteration 700
Best Fitness: [1.53618447e-25]
1
iteration 800
Best Fitness: [9.4919102e-29]
1
iteration 900
Best Fitness: [5.52065971e-32]
1
iteration 1000
Best Fitness: [1.11838605e-37]
1
iteration 1100
Best Fitness: [2.5563985e-40]
1
iteration 1200
Best Fitness: [4.16957994e-43]
1
iteration 1300
Best Fitness: [2.38013888e-46]
1
iteration 1400
Best Fitness: [6.57646183e-50]
1
iteration 1500
Best Fitness: [8.34898028e-53]
1
iteration 1600
Best Fitness: [7.66251864e-57]
1
iteration 1700
Best Fitness: [9.31214383e-61]
1
iteration 1800
Best Fitness: [2.43003364e-64]
1
iteration 1900
Best Fitness: [4.06677094e-67]
1
iteration 2000
Best Fitness: [2.97507336e-71]
1
iteration 2100
Best Fitness: [5.33427619e-74]
1
iteration 2200
Best Fitness: [1.4777287e-77]
1
iteration 2300
Best Fitness: [1.7950242e-81]
1
iteration 2400
Best Fitness: [1.1172473e-83]
1
iteration 2500
Best Fitness: [6.7543043e-88]
1
iteration 2600
Best Fitness: [6.90963662e-92]
1
iteration 2700
Best Fitness: [1.06737505e-94]
1
iteration 2800
Best Fitness: [9.84631056e-98]
1
iteration 2900
Best Fitness: [1.19151711e-103]
1
iteration 2999
Best Fitness: [5.32658469e-105]
1
[array([5.32658469e-105])]
iteration 0
Best Fitness: [1448042.55733218]
1
iteration 100
Best Fitness: [0.00346497]
1
iteration 200
Best Fitness: [5.30275921e-12]
1
iteration 300
Best Fitness: [7.0488273e-18]
1
iteration 400
Best Fitness: [1.93261275e-26]
1
iteration 500
Best Fitness: [3.78577592e-33]
1
iteration 600
Best Fitness: [8.01153646e-41]
1
iteration 700
Best Fitness: [2.63785087e-48]
1
iteration 800
Best Fitness: [4.37913152e-58]
1
iteration 900
Best Fitness: [3.8955123e-63]
1
iteration 1000
Best Fitness: [2.91952869e-68]
1
iteration 1100
Best Fitness: [8.57659065e-74]
1
iteration 1200
Best Fitness: [4.86929746e-83]
1
iteration 1300
Best Fitness: [7.33140801e-89]
1
iteration 1400
Best Fitness: [5.56603101e-94]
1
iteration 1500
Best Fitness: [5.08491522e-103]
1
iteration 1600
Best Fitness: [7.24567754e-111]
1
iteration 1700
Best Fitness: [3.6594979e-120]
1
iteration 1800
Best Fitness: [5.06904939e-126]
1
iteration 1900
Best Fitness: [1.34118178e-139]
2
iteration 2000
Best Fitness: [9.95738473e-146]
2
iteration 2100
Best Fitness: [1.34594781e-156]
2
iteration 2200
Best Fitness: [3.47297096e-167]
2
iteration 2300
Best Fitness: [9.02412261e-174]
2
iteration 2400
Best Fitness: [1.5515532e-185]
2
iteration 2500
Best Fitness: [2.40079241e-198]
2
iteration 2600
Best Fitness: [3.20101748e-203]
2
iteration 2700
Best Fitness: [3.47826395e-215]
2
iteration 2800
Best Fitness: [2.55284663e-223]
2
iteration 2900
Best Fitness: [4.99689199e-233]
2
iteration 2999
Best Fitness: [2.96512687e-241]
2
[array([2.96512687e-241])]
iteration 0
Best Fitness: [20.54984172]
1
iteration 100
Best Fitness: [4.19856856e-06]
1
iteration 200
Best Fitness: [1.55098084e-10]
1
iteration 300
Best Fitness: [1.52518466e-14]
1
iteration 400
Best Fitness: [6.653169e-20]
1
iteration 500
Best Fitness: [1.64650734e-22]
1
iteration 600
Best Fitness: [2.2710422e-26]
1
iteration 700
Best Fitness: [4.88892304e-32]
2
iteration 800
Best Fitness: [2.93412761e-37]
2
iteration 900
Best Fitness: [4.30540252e-42]
2
iteration 1000
Best Fitness: [4.02516169e-47]
2
iteration 1100
Best Fitness: [8.14784385e-54]
2
iteration 1200
Best Fitness: [1.11625212e-59]
2
iteration 1300
Best Fitness: [2.54982753e-64]
2
iteration 1400
Best Fitness: [5.63763437e-69]
2
iteration 1500
Best Fitness: [2.52376639e-73]
2
iteration 1600
Best Fitness: [1.39880822e-79]
2
iteration 1700
Best Fitness: [1.45935665e-84]
2
iteration 1800
Best Fitness: [2.30296116e-90]
2
iteration 1900
Best Fitness: [2.97456788e-96]
2
iteration 2000
Best Fitness: [3.51578577e-103]
2
iteration 2100
Best Fitness: [2.03815483e-109]
2
iteration 2200
Best Fitness: [1.81293833e-113]
2
iteration 2300
Best Fitness: [3.33342581e-119]
2
iteration 2400
Best Fitness: [1.53674263e-124]
2
iteration 2500
Best Fitness: [2.30199567e-127]
2
iteration 2600
Best Fitness: [5.27969388e-130]
2
iteration 2700
Best Fitness: [8.66528011e-135]
2
iteration 2800
Best Fitness: [2.57206761e-139]
2
iteration 2900
Best Fitness: [4.30523179e-142]
2
iteration 2999
Best Fitness: [1.25368422e-147]
2
[array([1.25368422e-147])]
iteration 0
Best Fitness: [445.32011912]
1
iteration 100
Best Fitness: [1.34324198e-08]
1
iteration 200
Best Fitness: [4.57968014e-16]
1
iteration 300
Best Fitness: [2.37225868e-24]
1
iteration 400
Best Fitness: [9.71076015e-31]
1
iteration 500
Best Fitness: [1.30266197e-36]
1
iteration 600
Best Fitness: [7.5758789e-45]
1
iteration 700
Best Fitness: [5.35120112e-53]
1
iteration 800
Best Fitness: [1.86047188e-59]
1
iteration 900
Best Fitness: [4.050716e-65]
1
iteration 1000
Best Fitness: [5.09791068e-72]
1
iteration 1100
Best Fitness: [7.57504739e-77]
1
iteration 1200
Best Fitness: [1.19120489e-86]
1
iteration 1300
Best Fitness: [4.59584013e-92]
1
iteration 1400
Best Fitness: [1.5276575e-101]
2
iteration 1500
Best Fitness: [1.41574725e-112]
2
iteration 1600
Best Fitness: [1.00581711e-122]
2
iteration 1700
Best Fitness: [1.02554127e-129]
2
iteration 1800
Best Fitness: [2.40342032e-138]
2
iteration 1900
Best Fitness: [7.21772633e-151]
2
iteration 2000
Best Fitness: [9.88869308e-158]
2
iteration 2100
Best Fitness: [3.06392015e-168]
2
iteration 2200
Best Fitness: [1.03883602e-178]
2
iteration 2300
Best Fitness: [6.08151476e-187]
2
iteration 2400
Best Fitness: [1.14026577e-196]
2
iteration 2500
Best Fitness: [7.66861091e-208]
2
iteration 2600
Best Fitness: [2.24471466e-216]
2
iteration 2700
Best Fitness: [1.06005197e-223]
2
iteration 2800
Best Fitness: [1.30246442e-235]
2
iteration 2900
Best Fitness: [2.19299022e-244]
2
iteration 2999
Best Fitness: [1.74414915e-257]
2
[array([1.74414915e-257])]
iteration 0
Best Fitness: [0.12514645]
1
iteration 100
Best Fitness: [5.6223675e-06]
1
iteration 200
Best Fitness: [1.18307401e-07]
2
iteration 300
Best Fitness: [8.07705766e-08]
2
iteration 400
Best Fitness: [4.90668765e-08]
2
iteration 500
Best Fitness: [2.97108425e-08]
2
iteration 600
Best Fitness: [1.80020617e-08]
2
iteration 700
Best Fitness: [1.09338491e-08]
2
iteration 800
Best Fitness: [6.63733265e-09]
2
iteration 900
Best Fitness: [4.03486164e-09]
2
iteration 1000
Best Fitness: [2.44915211e-09]
2
iteration 1100
Best Fitness: [1.48675902e-09]
2
iteration 1200
Best Fitness: [9.02886745e-10]
2
iteration 1300
Best Fitness: [5.4827549e-10]
2
iteration 1400
Best Fitness: [3.32208928e-10]
2
iteration 1500
Best Fitness: [2.01514834e-10]
2
iteration 1600
Best Fitness: [1.22062922e-10]
2
iteration 1700
Best Fitness: [7.40692572e-11]
2
iteration 1800
Best Fitness: [4.50413343e-11]
2
iteration 1900
Best Fitness: [2.73484177e-11]
2
iteration 2000
Best Fitness: [1.66156315e-11]
2
iteration 2100
Best Fitness: [1.00280853e-11]
2
iteration 2200
Best Fitness: [6.07430001e-12]
2
iteration 2300
Best Fitness: [3.70532623e-12]
2
iteration 2400
Best Fitness: [2.25002752e-12]
2
iteration 2500
Best Fitness: [1.36589903e-12]
2
iteration 2600
Best Fitness: [8.314325e-13]
2
iteration 2700
Best Fitness: [5.0473656e-13]
2
iteration 2800
Best Fitness: [3.06395273e-13]
2
iteration 2900
Best Fitness: [1.85864516e-13]
2
iteration 2999
Best Fitness: [1.1331509e-13]
2
[array([1.1331509e-13])]
iteration 0
Best Fitness: [1.36325124]
1
iteration 100
Best Fitness: [6.27862047e-07]
1
iteration 200
Best Fitness: [1.45128354e-12]
1
iteration 300
Best Fitness: [0.]
1
iteration 400
Best Fitness: [0.]
1
iteration 500
Best Fitness: [0.]
1
iteration 600
Best Fitness: [0.]
1
iteration 700
Best Fitness: [0.]
1
iteration 800
Best Fitness: [0.]
1
iteration 900
Best Fitness: [0.]
2
iteration 1000
Best Fitness: [0.]
2
iteration 1100
Best Fitness: [0.]
2
iteration 1200
Best Fitness: [0.]
2
iteration 1300
Best Fitness: [0.]
2
iteration 1400
Best Fitness: [0.]
2
iteration 1500
Best Fitness: [0.]
2
iteration 1600
Best Fitness: [0.]
2
iteration 1700
Best Fitness: [0.]
2
iteration 1800
Best Fitness: [0.]
2
iteration 1900
Best Fitness: [0.]
2
iteration 2000
Best Fitness: [0.]
2
iteration 2100
Best Fitness: [0.]
2
iteration 2200
Best Fitness: [0.]
2
iteration 2300
Best Fitness: [0.]
2
iteration 2400
Best Fitness: [0.]
2
iteration 2500
Best Fitness: [0.]
2
iteration 2600
Best Fitness: [0.]
2
iteration 2700
Best Fitness: [0.]
2
iteration 2800
Best Fitness: [0.]
2
iteration 2900
Best Fitness: [0.]
2
iteration 2999
Best Fitness: [0.]
2
[array([0.])]
iteration 0
Best Fitness: [0.28158831]
1
iteration 100
Best Fitness: [0.00971591]
1
iteration 200
Best Fitness: [0.00971591]
1
iteration 300
Best Fitness: [2.65163448e-05]
1
iteration 400
Best Fitness: [1.41170444e-05]
1
iteration 500
Best Fitness: [1.41168736e-05]
1
iteration 600
Best Fitness: [1.41168736e-05]
1
iteration 700
Best Fitness: [1.41168736e-05]
1
iteration 800
Best Fitness: [3.29373449e-07]
1
iteration 900
Best Fitness: [3.29110006e-07]
1
iteration 1000
Best Fitness: [3.29110006e-07]
1
iteration 1100
Best Fitness: [3.29110006e-07]
1
iteration 1200
Best Fitness: [1.62095337e-11]
1
iteration 1300
Best Fitness: [1.44945167e-12]
1
iteration 1400
Best Fitness: [5.55111512e-17]
1
iteration 1500
Best Fitness: [0.]
1
iteration 1600
Best Fitness: [0.]
2
iteration 1700
Best Fitness: [0.]
2
iteration 1800
Best Fitness: [0.]
2
iteration 1900
Best Fitness: [0.]
2
iteration 2000
Best Fitness: [0.]
2
iteration 2100
Best Fitness: [0.]
2
iteration 2200
Best Fitness: [0.]
2
iteration 2300
Best Fitness: [0.]
2
iteration 2400
Best Fitness: [0.]
2
iteration 2500
Best Fitness: [0.]
2
iteration 2600
Best Fitness: [0.]
2
iteration 2700
Best Fitness: [0.]
2
iteration 2800
Best Fitness: [0.]
2
iteration 2900
Best Fitness: [0.]
2
iteration 2999
Best Fitness: [0.]
2
[array([0.])]
iteration 0
Best Fitness: [5.19215564]
1
iteration 100
Best Fitness: [0.01250661]
1
iteration 200
Best Fitness: [0.00057419]
1
iteration 300
Best Fitness: [4.12501511e-07]
1
iteration 400
Best Fitness: [8.00285865e-12]
2
iteration 500
Best Fitness: [9.92730365e-23]
2
iteration 600
Best Fitness: [0.]
2
iteration 700
Best Fitness: [0.]
2
iteration 800
Best Fitness: [0.]
2
iteration 900
Best Fitness: [0.]
2
iteration 1000
Best Fitness: [0.]
2
iteration 1100
Best Fitness: [0.]
2
iteration 1200
Best Fitness: [0.]
2
iteration 1300
Best Fitness: [0.]
2
iteration 1400
Best Fitness: [0.]
2
iteration 1500
Best Fitness: [0.]
2
iteration 1600
Best Fitness: [0.]
2
iteration 1700
Best Fitness: [0.]
2
iteration 1800
Best Fitness: [0.]
2
iteration 1900
Best Fitness: [0.]
2
iteration 2000
Best Fitness: [0.]
2
iteration 2100
Best Fitness: [0.]
2
iteration 2200
Best Fitness: [0.]
2
iteration 2300
Best Fitness: [0.]
2
iteration 2400
Best Fitness: [0.]
2
iteration 2500
Best Fitness: [0.]
2
iteration 2600
Best Fitness: [0.]
2
iteration 2700
Best Fitness: [0.]
2
iteration 2800
Best Fitness: [0.]
2
iteration 2900
Best Fitness: [0.]
2
iteration 2999
Best Fitness: [0.]
2
[array([0.])]
iteration 0
Best Fitness: [7.2830606]
1
iteration 100
Best Fitness: [3.20760987e-06]
1
iteration 200
Best Fitness: [6.19948537e-13]
1
iteration 300
Best Fitness: [0.]
1
iteration 400
Best Fitness: [0.]
1
iteration 500
Best Fitness: [0.]
1
iteration 600
Best Fitness: [0.]
1
iteration 700
Best Fitness: [0.]
1
iteration 800
Best Fitness: [0.]
1
iteration 900
Best Fitness: [0.]
1
iteration 1000
Best Fitness: [0.]
1
iteration 1100
Best Fitness: [0.]
2
iteration 1200
Best Fitness: [0.]
2
iteration 1300
Best Fitness: [0.]
2
iteration 1400
Best Fitness: [0.]
2
iteration 1500
Best Fitness: [0.]
2
iteration 1600
Best Fitness: [0.]
2
iteration 1700
Best Fitness: [0.]
2
iteration 1800
Best Fitness: [0.]
2
iteration 1900
Best Fitness: [0.]
2
iteration 2000
Best Fitness: [0.]
2
iteration 2100
Best Fitness: [0.]
2
iteration 2200
Best Fitness: [0.]
2
iteration 2300
Best Fitness: [0.]
2
iteration 2400
Best Fitness: [0.]
2
iteration 2500
Best Fitness: [0.]
2
iteration 2600
Best Fitness: [0.]
2
iteration 2700
Best Fitness: [0.]
2
iteration 2800
Best Fitness: [0.]
2
iteration 2900
Best Fitness: [0.]
2
iteration 2999
Best Fitness: [0.]
2
[array([0.])]
iteration 0
Best Fitness: [9.98373539]
1
iteration 100
Best Fitness: [1.1833345e-10]
1
iteration 200
Best Fitness: [2.68462123e-17]
1
iteration 300
Best Fitness: [5.98658789e-25]
1
iteration 400
Best Fitness: [2.73235495e-32]
1
iteration 500
Best Fitness: [1.49975978e-32]
1
iteration 600
Best Fitness: [1.49975978e-32]
1
iteration 700
Best Fitness: [1.49975978e-32]
1
iteration 800
Best Fitness: [1.49975978e-32]
1
iteration 900
Best Fitness: [1.49975978e-32]
1
iteration 1000
Best Fitness: [1.49975978e-32]
1
iteration 1100
Best Fitness: [1.49975978e-32]
1
iteration 1200
Best Fitness: [1.49975978e-32]
1
iteration 1300
Best Fitness: [1.49975978e-32]
1
iteration 1400
Best Fitness: [1.49975978e-32]
1
iteration 1500
Best Fitness: [1.49975978e-32]
1
iteration 1600
Best Fitness: [1.49975978e-32]
1
iteration 1700
Best Fitness: [1.49975978e-32]
1
iteration 1800
Best Fitness: [1.49975978e-32]
2
iteration 1900
Best Fitness: [1.49975978e-32]
2
iteration 2000
Best Fitness: [1.49975978e-32]
2
iteration 2100
Best Fitness: [1.49975978e-32]
2
iteration 2200
Best Fitness: [1.49975978e-32]
2
iteration 2300
Best Fitness: [1.49975978e-32]
2
iteration 2400
Best Fitness: [1.49975978e-32]
2
iteration 2500
Best Fitness: [1.49975978e-32]
2
iteration 2600
Best Fitness: [1.49975978e-32]
2
iteration 2700
Best Fitness: [1.49975978e-32]
2
iteration 2800
Best Fitness: [1.49975978e-32]
2
iteration 2900
Best Fitness: [1.49975978e-32]
2
iteration 2999
Best Fitness: [1.49975978e-32]
2
[array([1.49975978e-32])]
iteration 0
Best Fitness: [33.81915763]
1
iteration 100
Best Fitness: [2.54762986e-05]
1
iteration 200
Best Fitness: [2.54566942e-05]
1
iteration 300
Best Fitness: [2.54551339e-05]
1
iteration 400
Best Fitness: [2.54551323e-05]
1
iteration 500
Best Fitness: [2.54551323e-05]
1
iteration 600
Best Fitness: [2.54551323e-05]
2
iteration 700
Best Fitness: [2.54551323e-05]
2
iteration 800
Best Fitness: [2.54551323e-05]
2
iteration 900
Best Fitness: [2.54551323e-05]
2
iteration 1000
Best Fitness: [2.54551323e-05]
2
iteration 1100
Best Fitness: [2.54551323e-05]
2
iteration 1200
Best Fitness: [2.54551323e-05]
2
iteration 1300
Best Fitness: [2.54551323e-05]
2
iteration 1400
Best Fitness: [2.54551323e-05]
2
iteration 1500
Best Fitness: [2.54551323e-05]
2
iteration 1600
Best Fitness: [2.54551323e-05]
2
iteration 1700
Best Fitness: [2.54551323e-05]
2
iteration 1800
Best Fitness: [2.54551323e-05]
2
iteration 1900
Best Fitness: [2.54551323e-05]
2
iteration 2000
Best Fitness: [2.54551323e-05]
2
iteration 2100
Best Fitness: [2.54551323e-05]
2
iteration 2200
Best Fitness: [2.54551323e-05]
2
iteration 2300
Best Fitness: [2.54551323e-05]
2
iteration 2400
Best Fitness: [2.54551323e-05]
2
iteration 2500
Best Fitness: [2.54551323e-05]
2
iteration 2600
Best Fitness: [2.54551323e-05]
2
iteration 2700
Best Fitness: [2.54551323e-05]
2
iteration 2800
Best Fitness: [2.54551323e-05]
2
iteration 2900
Best Fitness: [2.54551323e-05]
2
iteration 2999
Best Fitness: [2.54551323e-05]
2
[array([2.54551323e-05])]
iteration 0
Best Fitness: [269943.69854674]
1
iteration 100
Best Fitness: [0.00010158]
1
iteration 200
Best Fitness: [1.80302172e-12]
1
iteration 300
Best Fitness: [5.48138744e-20]
1
iteration 400
Best Fitness: [1.23208918e-28]
1
iteration 500
Best Fitness: [1.72551492e-36]
1
iteration 600
Best Fitness: [6.76783663e-42]
1
iteration 700
Best Fitness: [4.67131424e-50]
1
iteration 800
Best Fitness: [2.93450269e-57]
1
iteration 900
Best Fitness: [2.01128664e-65]
1
iteration 1000
Best Fitness: [5.99126301e-70]
1
iteration 1100
Best Fitness: [2.64068682e-75]
1
iteration 1200
Best Fitness: [8.65522377e-83]
1
iteration 1300
Best Fitness: [2.8280732e-95]
2
iteration 1400
Best Fitness: [2.86440362e-107]
2
iteration 1500
Best Fitness: [4.28231697e-115]
2
iteration 1600
Best Fitness: [2.4734709e-126]
2
iteration 1700
Best Fitness: [1.97345242e-134]
2
iteration 1800
Best Fitness: [1.89568445e-147]
2
iteration 1900
Best Fitness: [6.08289956e-157]
2
iteration 2000
Best Fitness: [7.41038041e-167]
2
iteration 2100
Best Fitness: [5.70750978e-177]
2
iteration 2200
Best Fitness: [1.14703461e-185]
2
iteration 2300
Best Fitness: [4.4460665e-195]
2
iteration 2400
Best Fitness: [4.46404381e-207]
2
iteration 2500
Best Fitness: [1.65154049e-217]
2
iteration 2600
Best Fitness: [5.30682625e-226]
2
iteration 2700
Best Fitness: [2.86257754e-236]
2
iteration 2800
Best Fitness: [1.59613528e-241]
2
iteration 2900
Best Fitness: [6.46575302e-251]
2
iteration 2999
Best Fitness: [8.62357825e-260]
2
[array([8.62357825e-260])]
iteration 0
Best Fitness: [33861.48182274]
1
iteration 100
Best Fitness: [1.93492136e-05]
1
iteration 200
Best Fitness: [4.17615359e-17]
2
iteration 300
Best Fitness: [8.44329238e-28]
2
iteration 400
Best Fitness: [1.13131595e-37]
2
iteration 500
Best Fitness: [6.26886623e-47]
2
iteration 600
Best Fitness: [1.67831382e-56]
2
iteration 700
Best Fitness: [7.3117319e-72]
2
iteration 800
Best Fitness: [7.26805064e-77]
2
iteration 900
Best Fitness: [1.50420014e-86]
2
iteration 1000
Best Fitness: [4.24076682e-98]
2
iteration 1100
Best Fitness: [1.84392421e-105]
2
iteration 1200
Best Fitness: [8.10787251e-115]
2
iteration 1300
Best Fitness: [3.3549418e-123]
2
iteration 1400
Best Fitness: [2.21352941e-132]
2
iteration 1500
Best Fitness: [2.4067954e-140]
2
iteration 1600
Best Fitness: [2.75471986e-150]
2
iteration 1700
Best Fitness: [2.30487421e-158]
2
iteration 1800
Best Fitness: [1.53512208e-168]
2
iteration 1900
Best Fitness: [3.08692764e-174]
2
iteration 2000
Best Fitness: [8.42712386e-185]
2
iteration 2100
Best Fitness: [1.99238993e-191]
2
iteration 2200
Best Fitness: [3.15549385e-201]
2
iteration 2300
Best Fitness: [2.27799816e-212]
2
iteration 2400
Best Fitness: [1.97588106e-222]
2
iteration 2500
Best Fitness: [2.66548352e-232]
2
iteration 2600
Best Fitness: [3.02257092e-244]
2
iteration 2700
Best Fitness: [1.44854747e-248]
2
iteration 2800
Best Fitness: [3.63954753e-260]
2
iteration 2900
Best Fitness: [3.15902821e-271]
2
iteration 2999
Best Fitness: [1.14421016e-278]
2
[array([1.14421016e-278])]
iteration 0
Best Fitness: [3.14681447]
1
iteration 100
Best Fitness: [5.42506082e-05]
1
iteration 200
Best Fitness: [2.49674739e-08]
1
iteration 300
Best Fitness: [9.85567183e-12]
1
iteration 400
Best Fitness: [3.99680289e-15]
1
iteration 500
Best Fitness: [4.4408921e-16]
1
iteration 600
Best Fitness: [4.4408921e-16]
1
iteration 700
Best Fitness: [4.4408921e-16]
1
iteration 800
Best Fitness: [4.4408921e-16]
2
iteration 900
Best Fitness: [4.4408921e-16]
2
iteration 1000
Best Fitness: [4.4408921e-16]
2
iteration 1100
Best Fitness: [4.4408921e-16]
2
iteration 1200
Best Fitness: [4.4408921e-16]
2
iteration 1300
Best Fitness: [4.4408921e-16]
2
iteration 1400
Best Fitness: [4.4408921e-16]
2
iteration 1500
Best Fitness: [4.4408921e-16]
2
iteration 1600
Best Fitness: [4.4408921e-16]
2
iteration 1700
Best Fitness: [4.4408921e-16]
2
iteration 1800
Best Fitness: [4.4408921e-16]
2
iteration 1900
Best Fitness: [4.4408921e-16]
2
iteration 2000
Best Fitness: [4.4408921e-16]
2
iteration 2100
Best Fitness: [4.4408921e-16]
2
iteration 2200
Best Fitness: [4.4408921e-16]
2
iteration 2300
Best Fitness: [4.4408921e-16]
2
iteration 2400
Best Fitness: [4.4408921e-16]
2
iteration 2500
Best Fitness: [4.4408921e-16]
2
iteration 2600
Best Fitness: [4.4408921e-16]
2
iteration 2700
Best Fitness: [4.4408921e-16]
2
iteration 2800
Best Fitness: [4.4408921e-16]
2
iteration 2900
Best Fitness: [4.4408921e-16]
2
iteration 2999
Best Fitness: [4.4408921e-16]
2
[array([4.4408921e-16])]
iteration 0
Best Fitness: [0.18476656]
1
iteration 100
Best Fitness: [0.00022627]
1
iteration 200
Best Fitness: [7.72620454e-07]
1
iteration 300
Best Fitness: [3.69482223e-13]
1
iteration 400
Best Fitness: [0.]
1
iteration 500
Best Fitness: [0.]
1
iteration 600
Best Fitness: [0.]
1
iteration 700
Best Fitness: [0.]
1
iteration 800
Best Fitness: [0.]
1
iteration 900
Best Fitness: [0.]
1
iteration 1000
Best Fitness: [0.]
1
iteration 1100
Best Fitness: [0.]
1
iteration 1200
Best Fitness: [0.]
1
iteration 1300
Best Fitness: [0.]
1
iteration 1400
Best Fitness: [0.]
1
iteration 1500
Best Fitness: [0.]
2
iteration 1600
Best Fitness: [0.]
2
iteration 1700
Best Fitness: [0.]
2
iteration 1800
Best Fitness: [0.]
2
iteration 1900
Best Fitness: [0.]
2
iteration 2000
Best Fitness: [0.]
2
iteration 2100
Best Fitness: [0.]
2
iteration 2200
Best Fitness: [0.]
2
iteration 2300
Best Fitness: [0.]
2
iteration 2400
Best Fitness: [0.]
2
iteration 2500
Best Fitness: [0.]
2
iteration 2600
Best Fitness: [0.]
2
iteration 2700
Best Fitness: [0.]
2
iteration 2800
Best Fitness: [0.]
2
iteration 2900
Best Fitness: [0.]
2
iteration 2999
Best Fitness: [0.]
2
[array([0.])]
iteration 0
Best Fitness: [0.98459934]
1
iteration 100
Best Fitness: [0.00021437]
1
iteration 200
Best Fitness: [1.74548909e-09]
1
iteration 300
Best Fitness: [0.]
2
iteration 400
Best Fitness: [0.]
2
iteration 500
Best Fitness: [0.]
2
iteration 600
Best Fitness: [0.]
2
iteration 700
Best Fitness: [0.]
2
iteration 800
Best Fitness: [0.]
2
iteration 900
Best Fitness: [0.]
2
iteration 1000
Best Fitness: [0.]
2
iteration 1100
Best Fitness: [0.]
2
iteration 1200
Best Fitness: [0.]
2
iteration 1300
Best Fitness: [0.]
2
iteration 1400
Best Fitness: [0.]
2
iteration 1500
Best Fitness: [0.]
2
iteration 1600
Best Fitness: [0.]
2
iteration 1700
Best Fitness: [0.]
2
iteration 1800
Best Fitness: [0.]
2
iteration 1900
Best Fitness: [0.]
2
iteration 2000
Best Fitness: [0.]
2
iteration 2100
Best Fitness: [0.]
2
iteration 2200
Best Fitness: [0.]
2
iteration 2300
Best Fitness: [0.]
2
iteration 2400
Best Fitness: [0.]
2
iteration 2500
Best Fitness: [0.]
2
iteration 2600
Best Fitness: [0.]
2
iteration 2700
Best Fitness: [0.]
2
iteration 2800
Best Fitness: [0.]
2
iteration 2900
Best Fitness: [0.]
2
iteration 2999
Best Fitness: [0.]
2
[array([0.])]
iteration 0
Best Fitness: [2.28595246]
1
iteration 100
Best Fitness: [0.]
1
iteration 200
Best Fitness: [0.]
1
iteration 300
Best Fitness: [0.]
1
iteration 400
Best Fitness: [0.]
1
iteration 500
Best Fitness: [0.]
1
iteration 600
Best Fitness: [0.]
1
iteration 700
Best Fitness: [0.]
1
iteration 800
Best Fitness: [0.]
1
iteration 900
Best Fitness: [0.]
1
iteration 1000
Best Fitness: [0.]
2
iteration 1100
Best Fitness: [0.]
2
iteration 1200
Best Fitness: [0.]
2
iteration 1300
Best Fitness: [0.]
2
iteration 1400
Best Fitness: [0.]
2
iteration 1500
Best Fitness: [0.]
2
iteration 1600
Best Fitness: [0.]
2
iteration 1700
Best Fitness: [0.]
2
iteration 1800
Best Fitness: [0.]
2
iteration 1900
Best Fitness: [0.]
2
iteration 2000
Best Fitness: [0.]
2
iteration 2100
Best Fitness: [0.]
2
iteration 2200
Best Fitness: [0.]
2
iteration 2300
Best Fitness: [0.]
2
iteration 2400
Best Fitness: [0.]
2
iteration 2500
Best Fitness: [0.]
2
iteration 2600
Best Fitness: [0.]
2
iteration 2700
Best Fitness: [0.]
2
iteration 2800
Best Fitness: [0.]
2
iteration 2900
Best Fitness: [0.]
2
iteration 2999
Best Fitness: [0.]
2
[array([0.])]
iteration 0
Best Fitness: [1.04281156]
1
iteration 100
Best Fitness: [0.027167]
1
iteration 200
Best Fitness: [0.00315044]
1
iteration 300
Best Fitness: [0.00014663]
1
iteration 400
Best Fitness: [1.46292681e-06]
1
iteration 500
Best Fitness: [1.46292681e-06]
1
iteration 600
Best Fitness: [1.46292681e-06]
1
iteration 700
Best Fitness: [1.46292681e-06]
1
iteration 800
Best Fitness: [1.46292681e-06]
1
iteration 900
Best Fitness: [1.46292681e-06]
1
iteration 1000
Best Fitness: [1.46292681e-06]
1
iteration 1100
Best Fitness: [1.46292681e-06]
1
iteration 1200
Best Fitness: [1.46292681e-06]
1
iteration 1300
Best Fitness: [1.46292681e-06]
1
iteration 1400
Best Fitness: [1.46292681e-06]
1
iteration 1500
Best Fitness: [1.46292681e-06]
1
iteration 1600
Best Fitness: [1.46292681e-06]
1
iteration 1700
Best Fitness: [1.46292681e-06]
2
iteration 1800
Best Fitness: [1.46292681e-06]
2
iteration 1900
Best Fitness: [1.46292681e-06]
2
iteration 2000
Best Fitness: [1.46292681e-06]
2
iteration 2100
Best Fitness: [1.46292681e-06]
2
iteration 2200
Best Fitness: [1.46292681e-06]
2
iteration 2300
Best Fitness: [1.46292681e-06]
2
iteration 2400
Best Fitness: [1.46292681e-06]
2
iteration 2500
Best Fitness: [1.46292681e-06]
2
iteration 2600
Best Fitness: [1.46292681e-06]
2
iteration 2700
Best Fitness: [1.46292681e-06]
2
iteration 2800
Best Fitness: [1.46292681e-06]
2
iteration 2900
Best Fitness: [1.46292681e-06]
2
iteration 2999
Best Fitness: [1.46292681e-06]
2
[array([1.46292681e-06])]
iteration 0
Best Fitness: [0.64954489]
1
iteration 100
Best Fitness: [0.00436996]
1
iteration 200
Best Fitness: [2.22256898e-05]
1
iteration 300
Best Fitness: [8.43891824e-06]
1
iteration 400
Best Fitness: [4.57660773e-06]
1
iteration 500
Best Fitness: [4.50360724e-06]
2
iteration 600
Best Fitness: [4.50360724e-06]
2
iteration 700
Best Fitness: [4.50360724e-06]
2
iteration 800
Best Fitness: [4.50360724e-06]
2
iteration 900
Best Fitness: [4.50360724e-06]
2
iteration 1000
Best Fitness: [4.50360724e-06]
2
iteration 1100
Best Fitness: [4.50360724e-06]
2
iteration 1200
Best Fitness: [4.50360724e-06]
2
iteration 1300
Best Fitness: [4.50360724e-06]
2
iteration 1400
Best Fitness: [4.50360724e-06]
2
iteration 1500
Best Fitness: [4.50360724e-06]
2
iteration 1600
Best Fitness: [4.50360724e-06]
2
iteration 1700
Best Fitness: [4.50360724e-06]
2
iteration 1800
Best Fitness: [4.50360724e-06]
2
iteration 1900
Best Fitness: [4.50360724e-06]
2
iteration 2000
Best Fitness: [4.50360724e-06]
2
iteration 2100
Best Fitness: [4.50360724e-06]
2
iteration 2200
Best Fitness: [4.50360724e-06]
2
iteration 2300
Best Fitness: [4.50360724e-06]
2
iteration 2400
Best Fitness: [4.50360724e-06]
2
iteration 2500
Best Fitness: [4.50360724e-06]
2
iteration 2600
Best Fitness: [4.50360724e-06]
2
iteration 2700
Best Fitness: [4.50360724e-06]
2
iteration 2800
Best Fitness: [4.50360724e-06]
2
iteration 2900
Best Fitness: [4.50360724e-06]
2
iteration 2999
Best Fitness: [4.50360724e-06]
2
[array([4.50360724e-06])]
iteration 0
Best Fitness: [0.1587575]
1
iteration 100
Best Fitness: [0.]
1
iteration 200
Best Fitness: [0.]
1
iteration 300
Best Fitness: [0.]
1
iteration 400
Best Fitness: [0.]
1
iteration 500
Best Fitness: [0.]
1
iteration 600
Best Fitness: [0.]
1
iteration 700
Best Fitness: [0.]
1
iteration 800
Best Fitness: [0.]
1
iteration 900
Best Fitness: [0.]
1
iteration 1000
Best Fitness: [0.]
1
iteration 1100
Best Fitness: [0.]
1
iteration 1200
Best Fitness: [0.]
2
iteration 1300
Best Fitness: [0.]
2
iteration 1400
Best Fitness: [0.]
2
iteration 1500
Best Fitness: [0.]
2
iteration 1600
Best Fitness: [0.]
2
iteration 1700
Best Fitness: [0.]
2
iteration 1800
Best Fitness: [0.]
2
iteration 1900
Best Fitness: [0.]
2
iteration 2000
Best Fitness: [0.]
2
iteration 2100
Best Fitness: [0.]
2
iteration 2200
Best Fitness: [0.]
2
iteration 2300
Best Fitness: [0.]
2
iteration 2400
Best Fitness: [0.]
2
iteration 2500
Best Fitness: [0.]
2
iteration 2600
Best Fitness: [0.]
2
iteration 2700
Best Fitness: [0.]
2
iteration 2800
Best Fitness: [0.]
2
iteration 2900
Best Fitness: [0.]
2
iteration 2999
Best Fitness: [0.]
2
[array([0.])]
iteration 0
Best Fitness: [9.6419116]
1
iteration 100
Best Fitness: [0.05759818]
2
iteration 200
Best Fitness: [0.05759818]
2
iteration 300
Best Fitness: [0.05759818]
2
iteration 400
Best Fitness: [0.05759818]
2
iteration 500
Best Fitness: [0.05759818]
2
iteration 600
Best Fitness: [0.05759818]
2
iteration 700
Best Fitness: [0.05759818]
2
iteration 800
Best Fitness: [0.05759818]
2
iteration 900
Best Fitness: [0.05759818]
2
iteration 1000
Best Fitness: [0.05759818]
2
iteration 1100
Best Fitness: [0.05759818]
2
iteration 1200
Best Fitness: [0.05759818]
2
iteration 1300
Best Fitness: [0.05759818]
2
iteration 1400
Best Fitness: [0.05759818]
2
iteration 1500
Best Fitness: [0.05759818]
2
iteration 1600
Best Fitness: [0.05759818]
2
iteration 1700
Best Fitness: [0.05759818]
2
iteration 1800
Best Fitness: [0.05759818]
2
iteration 1900
Best Fitness: [0.05759818]
2
iteration 2000
Best Fitness: [0.05759818]
2
iteration 2100
Best Fitness: [0.05759818]
2
iteration 2200
Best Fitness: [0.05759818]
2
iteration 2300
Best Fitness: [0.05759818]
2
iteration 2400
Best Fitness: [0.05759818]
2
iteration 2500
Best Fitness: [0.05759818]
2
iteration 2600
Best Fitness: [0.05759818]
2
iteration 2700
Best Fitness: [0.05759818]
2
iteration 2800
Best Fitness: [0.05759818]
2
iteration 2900
Best Fitness: [0.05759818]
2
iteration 2999
Best Fitness: [0.05759818]
2
[array([0.05759818])]
