iteration 0
Best Fitness: [5.63106715e+08]
100
iteration 100
Best Fitness: [0.00781169]
100
iteration 200
Best Fitness: [0.07621589]
1
iteration 300
Best Fitness: [0.02142559]
1
iteration 400
Best Fitness: [0.00834672]
1
iteration 500
Best Fitness: [0.00365192]
1
iteration 600
Best Fitness: [0.00225191]
1
iteration 700
Best Fitness: [0.00091296]
1
iteration 800
Best Fitness: [0.00048619]
1
iteration 900
Best Fitness: [0.000218]
1
iteration 1000
Best Fitness: [0.0001186]
1
iteration 1100
Best Fitness: [6.34920995e-05]
1
iteration 1200
Best Fitness: [3.06605207e-05]
1
iteration 1300
Best Fitness: [1.40220449e-05]
1
iteration 1400
Best Fitness: [7.17981766e-06]
1
iteration 1500
Best Fitness: [3.74216093e-06]
1
iteration 1600
Best Fitness: [2.23957925e-06]
1
iteration 1700
Best Fitness: [1.2311309e-06]
1
iteration 1800
Best Fitness: [6.60602316e-07]
1
iteration 1900
Best Fitness: [3.16425581e-07]
1
iteration 2000
Best Fitness: [1.86464762e-07]
1
iteration 2100
Best Fitness: [8.8079219e-08]
1
iteration 2200
Best Fitness: [4.89334857e-08]
1
iteration 2300
Best Fitness: [2.66046682e-08]
1
iteration 2400
Best Fitness: [1.42293138e-08]
1
iteration 2500
Best Fitness: [7.74520261e-09]
1
iteration 2600
Best Fitness: [2.94149616e-09]
1
iteration 2700
Best Fitness: [1.68501835e-09]
1
iteration 2800
Best Fitness: [8.60906493e-10]
1
iteration 2900
Best Fitness: [4.77491011e-10]
1
iteration 2999
Best Fitness: [2.80311286e-10]
1
iteration 0
Best Fitness: [4.99462298e+08]
100
iteration 100
Best Fitness: [0.00572944]
100
iteration 200
Best Fitness: [0.1401058]
1
iteration 300
Best Fitness: [0.05808077]
1
iteration 400
Best Fitness: [0.01732641]
1
iteration 500
Best Fitness: [0.00798075]
1
iteration 600
Best Fitness: [0.0040515]
1
iteration 700
Best Fitness: [0.00205286]
1
iteration 800
Best Fitness: [0.00092678]
1
iteration 900
Best Fitness: [0.00046074]
1
iteration 1000
Best Fitness: [0.00029266]
1
iteration 1100
Best Fitness: [0.00014677]
1
iteration 1200
Best Fitness: [8.51456168e-05]
1
iteration 1300
Best Fitness: [3.66835984e-05]
1
iteration 1400
Best Fitness: [1.95068088e-05]
1
iteration 1500
Best Fitness: [1.0196973e-05]
1
iteration 1600
Best Fitness: [5.75169858e-06]
1
iteration 1700
Best Fitness: [2.85490468e-06]
1
iteration 1800
Best Fitness: [1.50490672e-06]
1
iteration 1900
Best Fitness: [8.73098206e-07]
1
iteration 2000
Best Fitness: [3.98932872e-07]
1
iteration 2100
Best Fitness: [2.1871563e-07]
1
iteration 2200
Best Fitness: [1.15139165e-07]
1
iteration 2300
Best Fitness: [5.23027798e-08]
1
iteration 2400
Best Fitness: [2.20167497e-08]
1
iteration 2500
Best Fitness: [1.29097893e-08]
1
iteration 2600
Best Fitness: [7.0739112e-09]
1
iteration 2700
Best Fitness: [3.45104064e-09]
1
iteration 2800
Best Fitness: [2.27170858e-09]
1
iteration 2900
Best Fitness: [9.90268456e-10]
1
iteration 2999
Best Fitness: [5.60453656e-10]
1
iteration 0
Best Fitness: [4.74922551e+08]
100
iteration 100
Best Fitness: [0.00452406]
100
iteration 200
Best Fitness: [0.10142905]
1
iteration 300
Best Fitness: [0.02168152]
1
iteration 400
Best Fitness: [0.00879989]
1
iteration 500
Best Fitness: [0.00262284]
1
iteration 600
Best Fitness: [0.00141098]
1
iteration 700
Best Fitness: [0.0010511]
1
iteration 800
Best Fitness: [0.00053478]
1
iteration 900
Best Fitness: [0.00022985]
1
iteration 1000
Best Fitness: [0.00012786]
1
iteration 1100
Best Fitness: [7.18561896e-05]
1
iteration 1200
Best Fitness: [4.65945714e-05]
1
iteration 1300
Best Fitness: [2.26088552e-05]
1
iteration 1400
Best Fitness: [1.13057676e-05]
1
iteration 1500
Best Fitness: [6.33312106e-06]
1
iteration 1600
Best Fitness: [3.58825278e-06]
1
iteration 1700
Best Fitness: [1.74413179e-06]
1
iteration 1800
Best Fitness: [9.9628127e-07]
1
iteration 1900
Best Fitness: [4.77498768e-07]
1
iteration 2000
Best Fitness: [2.61175352e-07]
1
iteration 2100
Best Fitness: [1.59197008e-07]
1
iteration 2200
Best Fitness: [9.62277502e-08]
1
iteration 2300
Best Fitness: [5.68823696e-08]
1
iteration 2400
Best Fitness: [2.90436506e-08]
1
iteration 2500
Best Fitness: [1.45448703e-08]
1
iteration 2600
Best Fitness: [7.60091385e-09]
1
iteration 2700
Best Fitness: [3.8858565e-09]
1
iteration 2800
Best Fitness: [1.97615371e-09]
1
iteration 2900
Best Fitness: [1.06091002e-09]
1
iteration 2999
Best Fitness: [5.95064662e-10]
1
iteration 0
Best Fitness: [4.98441263e+08]
100
iteration 100
Best Fitness: [0.00425955]
100
iteration 200
Best Fitness: [0.05799237]
1
iteration 300
Best Fitness: [0.02288598]
1
iteration 400
Best Fitness: [0.0082264]
1
iteration 500
Best Fitness: [0.0038582]
1
iteration 600
Best Fitness: [0.00198805]
1
iteration 700
Best Fitness: [0.00093726]
1
iteration 800
Best Fitness: [0.0005544]
1
iteration 900
Best Fitness: [0.00029503]
1
iteration 1000
Best Fitness: [0.00013874]
1
iteration 1100
Best Fitness: [8.65440332e-05]
1
iteration 1200
Best Fitness: [4.12582247e-05]
1
iteration 1300
Best Fitness: [1.8432526e-05]
1
iteration 1400
Best Fitness: [1.26519171e-05]
1
iteration 1500
Best Fitness: [5.74815472e-06]
1
iteration 1600
Best Fitness: [2.90349506e-06]
1
iteration 1700
Best Fitness: [1.71309459e-06]
1
iteration 1800
Best Fitness: [9.78123416e-07]
1
iteration 1900
Best Fitness: [5.1178715e-07]
1
iteration 2000
Best Fitness: [2.24048426e-07]
1
iteration 2100
Best Fitness: [1.00949393e-07]
1
iteration 2200
Best Fitness: [5.39307235e-08]
1
iteration 2300
Best Fitness: [2.78295667e-08]
1
iteration 2400
Best Fitness: [1.40555704e-08]
1
iteration 2500
Best Fitness: [7.14013583e-09]
1
iteration 2600
Best Fitness: [3.91330336e-09]
1
iteration 2700
Best Fitness: [2.26334904e-09]
1
iteration 2800
Best Fitness: [1.21863788e-09]
1
iteration 2900
Best Fitness: [7.28797134e-10]
1
iteration 2999
Best Fitness: [4.11164556e-10]
1
iteration 0
Best Fitness: [3.20436559e+08]
100
iteration 100
Best Fitness: [0.00360869]
100
iteration 200
Best Fitness: [0.22906701]
1
iteration 300
Best Fitness: [0.04702843]
1
iteration 400
Best Fitness: [0.02762084]
1
iteration 500
Best Fitness: [0.01354883]
1
iteration 600
Best Fitness: [0.00654392]
1
iteration 700
Best Fitness: [0.00324544]
1
iteration 800
Best Fitness: [0.00149335]
1
iteration 900
Best Fitness: [0.00090274]
1
iteration 1000
Best Fitness: [0.00047017]
1
iteration 1100
Best Fitness: [0.00020669]
1
iteration 1200
Best Fitness: [9.76314872e-05]
1
iteration 1300
Best Fitness: [6.50761607e-05]
1
iteration 1400
Best Fitness: [3.09842419e-05]
1
iteration 1500
Best Fitness: [1.55257708e-05]
1
iteration 1600
Best Fitness: [8.60363498e-06]
1
iteration 1700
Best Fitness: [4.49760203e-06]
1
iteration 1800
Best Fitness: [2.53904579e-06]
1
iteration 1900
Best Fitness: [1.09654986e-06]
1
iteration 2000
Best Fitness: [5.87468242e-07]
1
iteration 2100
Best Fitness: [2.81417942e-07]
1
iteration 2200
Best Fitness: [1.47954007e-07]
1
iteration 2300
Best Fitness: [7.80857693e-08]
1
iteration 2400
Best Fitness: [3.94761526e-08]
1
iteration 2500
Best Fitness: [2.52499027e-08]
1
iteration 2600
Best Fitness: [1.17844647e-08]
1
iteration 2700
Best Fitness: [6.25538286e-09]
1
iteration 2800
Best Fitness: [2.98877351e-09]
1
iteration 2900
Best Fitness: [1.95031896e-09]
1
iteration 2999
Best Fitness: [1.00590975e-09]
1
iteration 0
Best Fitness: [4.62055841e+08]
100
iteration 100
Best Fitness: [0.00809455]
100
iteration 200
Best Fitness: [0.03919502]
1
iteration 300
Best Fitness: [0.0149246]
1
iteration 400
Best Fitness: [0.00690224]
1
iteration 500
Best Fitness: [0.00318337]
1
iteration 600
Best Fitness: [0.00190586]
1
iteration 700
Best Fitness: [0.0009378]
1
iteration 800
Best Fitness: [0.00042551]
1
iteration 900
Best Fitness: [0.00023434]
1
iteration 1000
Best Fitness: [0.0001242]
1
iteration 1100
Best Fitness: [5.43930028e-05]
1
iteration 1200
Best Fitness: [3.0309946e-05]
1
iteration 1300
Best Fitness: [1.25505961e-05]
1
iteration 1400
Best Fitness: [6.79529248e-06]
1
iteration 1500
Best Fitness: [3.84016791e-06]
1
iteration 1600
Best Fitness: [1.96379856e-06]
1
iteration 1700
Best Fitness: [9.60987392e-07]
1
iteration 1800
Best Fitness: [5.25576382e-07]
1
iteration 1900
Best Fitness: [2.96803889e-07]
1
iteration 2000
Best Fitness: [1.6298597e-07]
1
iteration 2100
Best Fitness: [1.15609033e-07]
1
iteration 2200
Best Fitness: [4.85599125e-08]
1
iteration 2300
Best Fitness: [2.87583419e-08]
1
iteration 2400
Best Fitness: [1.50257299e-08]
1
iteration 2500
Best Fitness: [8.517557e-09]
1
iteration 2600
Best Fitness: [3.53096658e-09]
1
iteration 2700
Best Fitness: [2.11819644e-09]
1
iteration 2800
Best Fitness: [1.18130413e-09]
1
iteration 2900
Best Fitness: [5.83895996e-10]
1
iteration 2999
Best Fitness: [3.68300988e-10]
1
iteration 0
Best Fitness: [3.72527306e+08]
100
iteration 100
Best Fitness: [0.00435727]
100
iteration 200
Best Fitness: [0.1464075]
1
iteration 300
Best Fitness: [0.04917059]
1
iteration 400
Best Fitness: [0.02136656]
1
iteration 500
Best Fitness: [0.00994502]
1
iteration 600
Best Fitness: [0.00494235]
1
iteration 700
Best Fitness: [0.00182669]
1
iteration 800
Best Fitness: [0.00098903]
1
iteration 900
Best Fitness: [0.00046138]
1
iteration 1000
Best Fitness: [0.00024807]
1
iteration 1100
Best Fitness: [0.00013379]
1
iteration 1200
Best Fitness: [7.62300721e-05]
1
iteration 1300
Best Fitness: [3.66047048e-05]
1
iteration 1400
Best Fitness: [1.89905197e-05]
1
iteration 1500
Best Fitness: [8.23570248e-06]
1
iteration 1600
Best Fitness: [4.00815162e-06]
1
iteration 1700
Best Fitness: [1.9574868e-06]
1
iteration 1800
Best Fitness: [1.03711382e-06]
1
iteration 1900
Best Fitness: [4.71056759e-07]
1
iteration 2000
Best Fitness: [2.32288709e-07]
1
iteration 2100
Best Fitness: [1.11071816e-07]
1
iteration 2200
Best Fitness: [5.66576676e-08]
1
iteration 2300
Best Fitness: [3.01873079e-08]
1
iteration 2400
Best Fitness: [1.9009015e-08]
1
iteration 2500
Best Fitness: [1.04080201e-08]
1
iteration 2600
Best Fitness: [5.85451411e-09]
1
iteration 2700
Best Fitness: [2.82543569e-09]
1
iteration 2800
Best Fitness: [1.54152222e-09]
1
iteration 2900
Best Fitness: [8.97236449e-10]
1
iteration 2999
Best Fitness: [4.95628547e-10]
1
iteration 0
Best Fitness: [4.08326834e+08]
100
iteration 100
Best Fitness: [0.00752757]
100
iteration 200
Best Fitness: [0.11731318]
1
iteration 300
Best Fitness: [0.02427742]
1
iteration 400
Best Fitness: [0.00872998]
1
iteration 500
Best Fitness: [0.00377992]
1
iteration 600
Best Fitness: [0.00204255]
1
iteration 700
Best Fitness: [0.00108276]
1
iteration 800
Best Fitness: [0.00067933]
1
iteration 900
Best Fitness: [0.00035328]
1
iteration 1000
Best Fitness: [0.00018055]
1
iteration 1100
Best Fitness: [8.54704151e-05]
1
iteration 1200
Best Fitness: [5.07688055e-05]
1
iteration 1300
Best Fitness: [2.4062799e-05]
1
iteration 1400
Best Fitness: [1.19613905e-05]
1
iteration 1500
Best Fitness: [6.81767498e-06]
1
iteration 1600
Best Fitness: [3.23723388e-06]
1
iteration 1700
Best Fitness: [1.7790955e-06]
1
iteration 1800
Best Fitness: [1.18003777e-06]
1
iteration 1900
Best Fitness: [6.41179768e-07]
1
iteration 2000
Best Fitness: [3.54195392e-07]
1
iteration 2100
Best Fitness: [2.11827892e-07]
1
iteration 2200
Best Fitness: [1.21309062e-07]
1
iteration 2300
Best Fitness: [6.30934362e-08]
1
iteration 2400
Best Fitness: [2.92908075e-08]
1
iteration 2500
Best Fitness: [1.35189938e-08]
1
iteration 2600
Best Fitness: [6.79429521e-09]
1
iteration 2700
Best Fitness: [4.06701259e-09]
1
iteration 2800
Best Fitness: [2.36820864e-09]
1
iteration 2900
Best Fitness: [1.33963816e-09]
1
iteration 2999
Best Fitness: [7.69707013e-10]
1
iteration 0
Best Fitness: [3.66572585e+08]
100
iteration 100
Best Fitness: [0.007828]
100
iteration 200
Best Fitness: [0.04899252]
1
iteration 300
Best Fitness: [0.02661424]
1
iteration 400
Best Fitness: [0.00698453]
1
iteration 500
Best Fitness: [0.00276305]
1
iteration 600
Best Fitness: [0.00114375]
1
iteration 700
Best Fitness: [0.0005895]
1
iteration 800
Best Fitness: [0.00034722]
1
iteration 900
Best Fitness: [0.0001923]
1
iteration 1000
Best Fitness: [0.00010766]
1
iteration 1100
Best Fitness: [6.54682476e-05]
1
iteration 1200
Best Fitness: [3.28094072e-05]
1
iteration 1300
Best Fitness: [1.84280838e-05]
1
iteration 1400
Best Fitness: [1.07619678e-05]
1
iteration 1500
Best Fitness: [6.30499894e-06]
1
iteration 1600
Best Fitness: [3.34507814e-06]
1
iteration 1700
Best Fitness: [1.96066023e-06]
1
iteration 1800
Best Fitness: [8.41012666e-07]
1
iteration 1900
Best Fitness: [4.43806707e-07]
1
iteration 2000
Best Fitness: [2.38927264e-07]
1
iteration 2100
Best Fitness: [1.00846243e-07]
1
iteration 2200
Best Fitness: [6.73941211e-08]
1
iteration 2300
Best Fitness: [3.40748043e-08]
1
iteration 2400
Best Fitness: [2.21140844e-08]
1
iteration 2500
Best Fitness: [1.0210565e-08]
1
iteration 2600
Best Fitness: [5.88981959e-09]
1
iteration 2700
Best Fitness: [2.75477999e-09]
1
iteration 2800
Best Fitness: [1.39626565e-09]
1
iteration 2900
Best Fitness: [8.24549824e-10]
1
iteration 2999
Best Fitness: [4.25084276e-10]
1
iteration 0
Best Fitness: [3.03088291e+08]
100
iteration 100
Best Fitness: [0.00546495]
100
iteration 200
Best Fitness: [0.02057458]
1
iteration 300
Best Fitness: [0.01395119]
1
iteration 400
Best Fitness: [0.00361705]
1
iteration 500
Best Fitness: [0.00119552]
1
iteration 600
Best Fitness: [0.00089552]
1
iteration 700
Best Fitness: [0.00048534]
1
iteration 800
Best Fitness: [0.00024943]
1
iteration 900
Best Fitness: [0.00014031]
1
iteration 1000
Best Fitness: [6.85774599e-05]
1
iteration 1100
Best Fitness: [3.53859452e-05]
1
iteration 1200
Best Fitness: [2.29994924e-05]
1
iteration 1300
Best Fitness: [1.4114325e-05]
1
iteration 1400
Best Fitness: [7.29896245e-06]
1
iteration 1500
Best Fitness: [4.31616467e-06]
1
iteration 1600
Best Fitness: [2.2745549e-06]
1
iteration 1700
Best Fitness: [1.21615729e-06]
1
iteration 1800
Best Fitness: [6.44828155e-07]
1
iteration 1900
Best Fitness: [3.11047758e-07]
1
iteration 2000
Best Fitness: [1.97889767e-07]
1
iteration 2100
Best Fitness: [1.11956875e-07]
1
iteration 2200
Best Fitness: [6.02114081e-08]
1
iteration 2300
Best Fitness: [3.27084911e-08]
1
iteration 2400
Best Fitness: [1.58570261e-08]
1
iteration 2500
Best Fitness: [8.56486701e-09]
1
iteration 2600
Best Fitness: [4.02316436e-09]
1
iteration 2700
Best Fitness: [2.51850735e-09]
1
iteration 2800
Best Fitness: [1.23740293e-09]
1
iteration 2900
Best Fitness: [6.52924374e-10]
1
iteration 2999
Best Fitness: [2.9396585e-10]
1
[array([2.80311286e-10]), array([5.60453656e-10]), array([5.95064662e-10]), array([4.11164556e-10]), array([1.00590975e-09]), array([3.68300988e-10]), array([4.95628547e-10]), array([7.69707013e-10]), array([4.25084276e-10]), array([2.9396585e-10])]
iteration 0
Best Fitness: [5.90099858e+147]
100
iteration 100
Best Fitness: [5.20059893]
1
iteration 200
Best Fitness: [1.43744349]
1
iteration 300
Best Fitness: [0.30516317]
1
iteration 400
Best Fitness: [0.08511332]
1
iteration 500
Best Fitness: [0.08260652]
1
iteration 600
Best Fitness: [0.06262355]
1
iteration 700
Best Fitness: [0.06262235]
1
iteration 800
Best Fitness: [0.0319148]
1
iteration 900
Best Fitness: [0.01405888]
1
iteration 1000
Best Fitness: [0.00969148]
1
iteration 1100
Best Fitness: [0.00644204]
1
iteration 1200
Best Fitness: [0.00619503]
1
iteration 1300
Best Fitness: [0.00583348]
1
iteration 1400
Best Fitness: [0.00583329]
1
iteration 1500
Best Fitness: [0.00535211]
1
iteration 1600
Best Fitness: [0.00517989]
1
iteration 1700
Best Fitness: [0.00517989]
1
iteration 1800
Best Fitness: [0.00517989]
1
iteration 1900
Best Fitness: [0.00517989]
1
iteration 2000
Best Fitness: [0.00517989]
1
iteration 2100
Best Fitness: [0.00517989]
1
iteration 2200
Best Fitness: [0.00517989]
1
iteration 2300
Best Fitness: [0.00517989]
1
iteration 2400
Best Fitness: [0.00496732]
1
iteration 2500
Best Fitness: [0.00496726]
1
iteration 2600
Best Fitness: [0.00496726]
1
iteration 2700
Best Fitness: [0.00496726]
1
iteration 2800
Best Fitness: [0.00496726]
1
iteration 2900
Best Fitness: [0.00496726]
1
iteration 2999
Best Fitness: [0.00077535]
1
iteration 0
Best Fitness: [6.00565766e+140]
100
iteration 100
Best Fitness: [3.17555859e+15]
1
iteration 200
Best Fitness: [5.21482702e+09]
1
iteration 300
Best Fitness: [7.1529536e+08]
1
iteration 400
Best Fitness: [43027811.22384533]
1
iteration 500
Best Fitness: [28363722.7482802]
1
iteration 600
Best Fitness: [4041032.72370991]
1
iteration 700
Best Fitness: [2566534.71926745]
1
iteration 800
Best Fitness: [2466203.92159617]
1
iteration 900
Best Fitness: [983502.85056398]
1
iteration 1000
Best Fitness: [901658.90722548]
1
iteration 1100
Best Fitness: [62283.77336031]
1
iteration 1200
Best Fitness: [49254.57415564]
1
iteration 1300
Best Fitness: [49254.56947178]
1
iteration 1400
Best Fitness: [49254.56947178]
1
iteration 1500
Best Fitness: [24012.64627591]
1
iteration 1600
Best Fitness: [18237.8231376]
1
iteration 1700
Best Fitness: [18237.82313759]
1
iteration 1800
Best Fitness: [18237.82313759]
1
iteration 1900
Best Fitness: [6994.47119562]
1
iteration 2000
Best Fitness: [4870.09939911]
1
iteration 2100
Best Fitness: [4870.09263686]
1
iteration 2200
Best Fitness: [4000.13312704]
1
iteration 2300
Best Fitness: [762.02916133]
1
iteration 2400
Best Fitness: [356.28189005]
1
iteration 2500
Best Fitness: [293.13006502]
1
iteration 2600
Best Fitness: [145.98864304]
1
iteration 2700
Best Fitness: [145.98864304]
1
iteration 2800
Best Fitness: [145.98864304]
1
iteration 2900
Best Fitness: [145.98864304]
1
iteration 2999
Best Fitness: [145.98864304]
1
iteration 0
Best Fitness: [3.67857728e+160]
100
iteration 100
Best Fitness: [8.00869608e+12]
1
iteration 200
Best Fitness: [3.90172283e+08]
1
iteration 300
Best Fitness: [4655126.34098812]
1
iteration 400
Best Fitness: [1522450.10541674]
1
iteration 500
Best Fitness: [96500.09147604]
1
iteration 600
Best Fitness: [96500.07988649]
1
iteration 700
Best Fitness: [96500.07988649]
1
iteration 800
Best Fitness: [62761.5658175]
1
iteration 900
Best Fitness: [62432.91318022]
1
iteration 1000
Best Fitness: [62432.91318022]
1
iteration 1100
Best Fitness: [62432.91318022]
1
iteration 1200
Best Fitness: [6559.58477118]
1
iteration 1300
Best Fitness: [6559.58474773]
1
iteration 1400
Best Fitness: [3844.74827967]
1
iteration 1500
Best Fitness: [2236.87885931]
1
iteration 1600
Best Fitness: [2209.16041894]
1
iteration 1700
Best Fitness: [331.13584634]
1
iteration 1800
Best Fitness: [95.47879804]
1
iteration 1900
Best Fitness: [95.47879804]
1
iteration 2000
Best Fitness: [43.43542001]
1
iteration 2100
Best Fitness: [43.41342386]
1
iteration 2200
Best Fitness: [43.41342386]
1
iteration 2300
Best Fitness: [43.41342386]
1
iteration 2400
Best Fitness: [26.07227595]
1
iteration 2500
Best Fitness: [26.07227595]
1
iteration 2600
Best Fitness: [21.60723367]
1
iteration 2700
Best Fitness: [21.32144804]
1
iteration 2800
Best Fitness: [21.32144804]
1
iteration 2900
Best Fitness: [21.32144804]
1
iteration 2999
Best Fitness: [21.32144804]
1
iteration 0
Best Fitness: [1.49423993e+146]
100
iteration 100
Best Fitness: [1.95944147e+12]
1
iteration 200
Best Fitness: [6169218.99111355]
1
iteration 300
Best Fitness: [3260957.51394902]
1
iteration 400
Best Fitness: [3260416.72669954]
1
iteration 500
Best Fitness: [1179915.22874999]
1
iteration 600
Best Fitness: [83200.04277398]
1
iteration 700
Best Fitness: [82653.04119299]
1
iteration 800
Best Fitness: [66256.11728726]
1
iteration 900
Best Fitness: [46812.55881111]
1
iteration 1000
Best Fitness: [44836.45383869]
1
iteration 1100
Best Fitness: [44836.45383869]
1
iteration 1200
Best Fitness: [44836.45383869]
1
iteration 1300
Best Fitness: [35055.57491763]
1
iteration 1400
Best Fitness: [5460.77811549]
1
iteration 1500
Best Fitness: [1274.31923586]
1
iteration 1600
Best Fitness: [776.46451531]
1
iteration 1700
Best Fitness: [463.80486875]
1
iteration 1800
Best Fitness: [194.76125671]
1
iteration 1900
Best Fitness: [192.99766998]
1
iteration 2000
Best Fitness: [90.63931135]
1
iteration 2100
Best Fitness: [27.65432488]
1
iteration 2200
Best Fitness: [15.96075231]
1
iteration 2300
Best Fitness: [14.9800025]
1
iteration 2400
Best Fitness: [14.97971134]
1
iteration 2500
Best Fitness: [14.97971134]
1
iteration 2600
Best Fitness: [14.97971134]
1
iteration 2700
Best Fitness: [14.97971134]
1
iteration 2800
Best Fitness: [13.71018677]
1
iteration 2900
Best Fitness: [13.71018535]
1
iteration 2999
Best Fitness: [13.71018535]
1
iteration 0
Best Fitness: [1.03442099e+146]
100
iteration 100
Best Fitness: [5.59220195e+27]
1
iteration 200
Best Fitness: [1.37781001e+25]
1
iteration 300
Best Fitness: [2.95270108e+21]
1
iteration 400
Best Fitness: [7.47314724e+20]
1
iteration 500
Best Fitness: [5.64389651e+19]
1
iteration 600
Best Fitness: [3.69575046e+18]
1
iteration 700
Best Fitness: [1.32225706e+18]
1
iteration 800
Best Fitness: [3.06003637e+17]
1
iteration 900
Best Fitness: [1.97962564e+17]
1
iteration 1000
Best Fitness: [4.22350537e+16]
1
iteration 1100
Best Fitness: [1.43007169e+16]
1
iteration 1200
Best Fitness: [5.39988226e+14]
1
iteration 1300
Best Fitness: [5.35437388e+14]
1
iteration 1400
Best Fitness: [5.35437388e+14]
1
iteration 1500
Best Fitness: [5.35437388e+14]
1
iteration 1600
Best Fitness: [5.35437388e+14]
1
iteration 1700
Best Fitness: [5.35437388e+14]
1
iteration 1800
Best Fitness: [5.35437388e+14]
1
iteration 1900
Best Fitness: [5.35437388e+14]
1
iteration 2000
Best Fitness: [5.35437388e+14]
1
iteration 2100
Best Fitness: [3.91904927e+14]
1
iteration 2200
Best Fitness: [3.91894444e+14]
1
iteration 2300
Best Fitness: [3.91894444e+14]
1
iteration 2400
Best Fitness: [4.63376885e+13]
1
iteration 2500
Best Fitness: [8.32698765e+12]
1
iteration 2600
Best Fitness: [8.32698029e+12]
1
iteration 2700
Best Fitness: [8.32698029e+12]
1
iteration 2800
Best Fitness: [8.32698029e+12]
1
iteration 2900
Best Fitness: [8.32698029e+12]
1
iteration 2999
Best Fitness: [8.32698029e+12]
1
iteration 0
Best Fitness: [3.6243529e+154]
100
iteration 100
Best Fitness: [6.11868729]
1
iteration 200
Best Fitness: [0.44955906]
1
iteration 300
Best Fitness: [0.44582251]
1
iteration 400
Best Fitness: [0.17268477]
1
iteration 500
Best Fitness: [0.15778296]
1
iteration 600
Best Fitness: [0.08773526]
1
iteration 700
Best Fitness: [0.0877324]
1
iteration 800
Best Fitness: [0.0758488]
1
iteration 900
Best Fitness: [0.07584877]
1
iteration 1000
Best Fitness: [0.06511912]
1
iteration 1100
Best Fitness: [0.06511912]
1
iteration 1200
Best Fitness: [0.06511912]
1
iteration 1300
Best Fitness: [0.05451762]
1
iteration 1400
Best Fitness: [0.05449811]
1
iteration 1500
Best Fitness: [0.00310332]
1
iteration 1600
Best Fitness: [0.00310332]
1
iteration 1700
Best Fitness: [0.00290956]
1
iteration 1800
Best Fitness: [0.00277987]
1
iteration 1900
Best Fitness: [0.00257574]
1
iteration 2000
Best Fitness: [0.0025745]
1
iteration 2100
Best Fitness: [0.00257449]
1
iteration 2200
Best Fitness: [0.00257449]
1
iteration 2300
Best Fitness: [0.00257449]
1
iteration 2400
Best Fitness: [0.00257449]
1
iteration 2500
Best Fitness: [0.00257449]
1
iteration 2600
Best Fitness: [0.00257449]
1
iteration 2700
Best Fitness: [0.00257449]
1
iteration 2800
Best Fitness: [0.00257449]
1
iteration 2900
Best Fitness: [0.0020609]
1
iteration 2999
Best Fitness: [0.00160007]
1
iteration 0
Best Fitness: [1.52255786e+154]
100
iteration 100
Best Fitness: [1.9483206e+23]
1
iteration 200
Best Fitness: [1.71292072e+20]
1
iteration 300
Best Fitness: [2.71875584e+18]
1
iteration 400
Best Fitness: [5.32932656e+17]
1
iteration 500
Best Fitness: [3.64734016e+17]
1
iteration 600
Best Fitness: [5.78588895e+16]
1
iteration 700
Best Fitness: [5.07984743e+14]
1
iteration 800
Best Fitness: [4.23943729e+14]
1
iteration 900
Best Fitness: [1.44946819e+14]
1
iteration 1000
Best Fitness: [1.44881498e+14]
1
iteration 1100
Best Fitness: [1.44881498e+14]
1
iteration 1200
Best Fitness: [6.99184146e+13]
1
iteration 1300
Best Fitness: [3.47315249e+13]
1
iteration 1400
Best Fitness: [2.54107306e+13]
1
iteration 1500
Best Fitness: [7.28722795e+12]
1
iteration 1600
Best Fitness: [6.95547848e+12]
1
iteration 1700
Best Fitness: [5.70475863e+12]
1
iteration 1800
Best Fitness: [3.62653207e+11]
1
iteration 1900
Best Fitness: [3.62653207e+11]
1
iteration 2000
Best Fitness: [3.62653207e+11]
1
iteration 2100
Best Fitness: [3.62653207e+11]
1
iteration 2200
Best Fitness: [3.62653207e+11]
1
iteration 2300
Best Fitness: [3.62653207e+11]
1
iteration 2400
Best Fitness: [3.04065715e+11]
1
iteration 2500
Best Fitness: [3.04065715e+11]
1
iteration 2600
Best Fitness: [3.04065715e+11]
1
iteration 2700
Best Fitness: [3.04065715e+11]
1
iteration 2800
Best Fitness: [3.04065715e+11]
1
iteration 2900
Best Fitness: [3.04065715e+11]
1
iteration 2999
Best Fitness: [2.63316065e+11]
1
iteration 0
Best Fitness: [2.62700823e+155]
100
iteration 100
Best Fitness: [7.54812292e+23]
1
iteration 200
Best Fitness: [2.14204418e+20]
1
iteration 300
Best Fitness: [3.50423006e+17]
1
iteration 400
Best Fitness: [2.46251031e+16]
1
iteration 500
Best Fitness: [1.14885335e+15]
1
iteration 600
Best Fitness: [1.09655377e+15]
1
iteration 700
Best Fitness: [4.20043637e+14]
1
iteration 800
Best Fitness: [1.60109661e+14]
1
iteration 900
Best Fitness: [8.92881445e+13]
1
iteration 1000
Best Fitness: [7.12254337e+13]
1
iteration 1100
Best Fitness: [2.69459272e+13]
1
iteration 1200
Best Fitness: [2.17341969e+13]
1
iteration 1300
Best Fitness: [2.17220155e+13]
1
iteration 1400
Best Fitness: [2.17220155e+13]
1
iteration 1500
Best Fitness: [1.27089877e+13]
1
iteration 1600
Best Fitness: [8.03755503e+12]
1
iteration 1700
Best Fitness: [2.98305869e+12]
1
iteration 1800
Best Fitness: [2.98287471e+12]
1
iteration 1900
Best Fitness: [2.98287471e+12]
1
iteration 2000
Best Fitness: [4.95134077e+11]
1
iteration 2100
Best Fitness: [3.95641947e+11]
1
iteration 2200
Best Fitness: [3.74138812e+11]
1
iteration 2300
Best Fitness: [3.74138812e+11]
1
iteration 2400
Best Fitness: [1.67801907e+11]
1
iteration 2500
Best Fitness: [9.26087361e+10]
1
iteration 2600
Best Fitness: [4.71200713e+10]
1
iteration 2700
Best Fitness: [4.71200712e+10]
1
iteration 2800
Best Fitness: [4.15635644e+10]
1
iteration 2900
Best Fitness: [4.15635644e+10]
1
iteration 2999
Best Fitness: [4.0946018e+10]
1
iteration 0
Best Fitness: [4.30817409e+144]
100
iteration 100
Best Fitness: [5.54084766e+12]
1
iteration 200
Best Fitness: [9806651.68177819]
1
iteration 300
Best Fitness: [729638.96659446]
1
iteration 400
Best Fitness: [255841.22880186]
1
iteration 500
Best Fitness: [133521.33566516]
1
iteration 600
Best Fitness: [87410.25273429]
1
iteration 700
Best Fitness: [16977.08428594]
1
iteration 800
Best Fitness: [9318.6029674]
1
iteration 900
Best Fitness: [3118.32395315]
1
iteration 1000
Best Fitness: [3087.9984931]
1
iteration 1100
Best Fitness: [3087.9984931]
1
iteration 1200
Best Fitness: [3087.9984931]
1
iteration 1300
Best Fitness: [3087.9984931]
1
iteration 1400
Best Fitness: [3087.9984931]
1
iteration 1500
Best Fitness: [3087.9984931]
1
iteration 1600
Best Fitness: [3087.9984931]
1
iteration 1700
Best Fitness: [3087.9984931]
1
iteration 1800
Best Fitness: [3087.9984931]
1
iteration 1900
Best Fitness: [3087.9984931]
1
iteration 2000
Best Fitness: [3087.9984931]
1
iteration 2100
Best Fitness: [3087.9984931]
1
iteration 2200
Best Fitness: [3087.9984931]
1
iteration 2300
Best Fitness: [3087.9984931]
1
iteration 2400
Best Fitness: [3087.9984931]
1
iteration 2500
Best Fitness: [3087.9984931]
1
iteration 2600
Best Fitness: [3087.9984931]
1
iteration 2700
Best Fitness: [3087.9984931]
1
iteration 2800
Best Fitness: [1748.96368434]
1
iteration 2900
Best Fitness: [1672.09865106]
1
iteration 2999
Best Fitness: [1672.09865106]
1
iteration 0
Best Fitness: [1.08300768e+140]
100
iteration 100
Best Fitness: [1786.93380963]
1
iteration 200
Best Fitness: [18.25204543]
1
iteration 300
Best Fitness: [16.50804575]
1
iteration 400
Best Fitness: [8.7693519]
1
iteration 500
Best Fitness: [7.49103532]
1
iteration 600
Best Fitness: [0.8093886]
1
iteration 700
Best Fitness: [0.29156326]
1
iteration 800
Best Fitness: [0.24382855]
1
iteration 900
Best Fitness: [0.24382855]
1
iteration 1000
Best Fitness: [0.14643793]
1
iteration 1100
Best Fitness: [0.14587785]
1
iteration 1200
Best Fitness: [0.14347503]
1
iteration 1300
Best Fitness: [0.14347503]
1
iteration 1400
Best Fitness: [0.14347503]
1
iteration 1500
Best Fitness: [0.13895375]
1
iteration 1600
Best Fitness: [0.13895237]
1
iteration 1700
Best Fitness: [0.13895237]
1
iteration 1800
Best Fitness: [0.13895237]
1
iteration 1900
Best Fitness: [0.13895237]
1
iteration 2000
Best Fitness: [0.13895237]
1
iteration 2100
Best Fitness: [0.13895237]
1
iteration 2200
Best Fitness: [0.13895237]
1
iteration 2300
Best Fitness: [0.13895237]
1
iteration 2400
Best Fitness: [0.13895237]
1
iteration 2500
Best Fitness: [0.13895237]
1
iteration 2600
Best Fitness: [0.13895237]
1
iteration 2700
Best Fitness: [0.13895237]
1
iteration 2800
Best Fitness: [0.13895237]
1
iteration 2900
Best Fitness: [0.13697251]
1
iteration 2999
Best Fitness: [0.13493091]
1
[array([0.00077535]), array([145.98864304]), array([21.32144804]), array([13.71018535]), array([8.32698029e+12]), array([0.00160007]), array([2.63316065e+11]), array([4.0946018e+10]), array([1672.09865106]), array([0.13493091])]
iteration 0
Best Fitness: [494280.52595829]
100
iteration 100
Best Fitness: [462022.74602425]
100
iteration 200
Best Fitness: [439311.32282193]
100
iteration 300
Best Fitness: [420082.07298104]
100
iteration 400
Best Fitness: [403820.16371517]
100
iteration 500
Best Fitness: [390124.89244345]
100
iteration 600
Best Fitness: [378521.79277776]
100
iteration 700
Best Fitness: [368506.39350821]
100
iteration 800
Best Fitness: [359873.15565104]
100
iteration 900
Best Fitness: [352720.5305459]
100
iteration 1000
Best Fitness: [346710.67808914]
100
iteration 1100
Best Fitness: [341498.68316651]
100
iteration 1200
Best Fitness: [336787.72635135]
100
iteration 1300
Best Fitness: [332407.68523292]
100
iteration 1400
Best Fitness: [328357.46806567]
100
iteration 1500
Best Fitness: [324722.33372753]
100
iteration 1600
Best Fitness: [321187.8367828]
100
iteration 1700
Best Fitness: [317959.35173325]
100
iteration 1800
Best Fitness: [315019.93972248]
100
iteration 1900
Best Fitness: [312192.00977423]
100
iteration 2000
Best Fitness: [309490.90924841]
100
iteration 2100
Best Fitness: [306976.28808813]
100
iteration 2200
Best Fitness: [304705.32698228]
100
iteration 2300
Best Fitness: [302576.62109464]
100
iteration 2400
Best Fitness: [300601.94042039]
100
iteration 2500
Best Fitness: [298791.68930826]
100
iteration 2600
Best Fitness: [297124.45478993]
100
iteration 2700
Best Fitness: [295591.59757959]
100
iteration 2800
Best Fitness: [294181.95234563]
100
iteration 2900
Best Fitness: [292860.92504751]
100
iteration 2999
Best Fitness: [291627.40331569]
100
iteration 0
Best Fitness: [363683.82281433]
100
iteration 100
Best Fitness: [310938.42985115]
100
iteration 200
Best Fitness: [279301.46325902]
100
iteration 300
Best Fitness: [256175.83387422]
100
iteration 400
Best Fitness: [237854.08445816]
100
iteration 500
Best Fitness: [223149.80924745]
100
iteration 600
Best Fitness: [210741.20856941]
100
iteration 700
Best Fitness: [199578.68280309]
100
iteration 800
Best Fitness: [190296.60365808]
100
iteration 900
Best Fitness: [182562.21897446]
100
iteration 1000
Best Fitness: [175687.94417767]
100
iteration 1100
Best Fitness: [169509.91990513]
100
iteration 1200
Best Fitness: [163867.10587397]
100
iteration 1300
Best Fitness: [158791.82503116]
100
iteration 1400
Best Fitness: [154032.72448375]
100
iteration 1500
Best Fitness: [149702.64130716]
100
iteration 1600
Best Fitness: [145629.26718197]
100
iteration 1700
Best Fitness: [141907.58067432]
100
iteration 1800
Best Fitness: [138593.79069781]
100
iteration 1900
Best Fitness: [135467.3933786]
100
iteration 2000
Best Fitness: [132713.16203674]
100
iteration 2100
Best Fitness: [130286.43427659]
100
iteration 2200
Best Fitness: [128006.76950296]
100
iteration 2300
Best Fitness: [125914.78021681]
100
iteration 2400
Best Fitness: [123983.09095892]
100
iteration 2500
Best Fitness: [122218.08569069]
100
iteration 2600
Best Fitness: [120620.42116761]
100
iteration 2700
Best Fitness: [119069.7911021]
100
iteration 2800
Best Fitness: [117543.88803242]
100
iteration 2900
Best Fitness: [116042.09120104]
100
iteration 2999
Best Fitness: [114634.00737932]
100
iteration 0
Best Fitness: [508528.82280304]
100
iteration 100
Best Fitness: [468819.48320609]
100
iteration 200
Best Fitness: [444057.63162819]
100
iteration 300
Best Fitness: [424704.59744042]
100
iteration 400
Best Fitness: [406608.84072276]
100
iteration 500
Best Fitness: [391869.50632265]
100
iteration 600
Best Fitness: [378599.88337342]
100
iteration 700
Best Fitness: [366630.40952081]
100
iteration 800
Best Fitness: [357109.15886887]
100
iteration 900
Best Fitness: [349059.94443503]
100
iteration 1000
Best Fitness: [341770.6145641]
100
iteration 1100
Best Fitness: [335445.19580242]
100
iteration 1200
Best Fitness: [329939.80597112]
100
iteration 1300
Best Fitness: [325050.3064581]
100
iteration 1400
Best Fitness: [320645.83998095]
100
iteration 1500
Best Fitness: [316609.02198303]
100
iteration 1600
Best Fitness: [312876.71953548]
100
iteration 1700
Best Fitness: [309387.97525313]
100
iteration 1800
Best Fitness: [305986.15952487]
100
iteration 1900
Best Fitness: [303667.97615888]
1
iteration 2000
Best Fitness: [302877.1714956]
1
iteration 2100
Best Fitness: [302325.96961306]
1
iteration 2200
Best Fitness: [300911.73300045]
1
iteration 2300
Best Fitness: [300165.74488029]
1
iteration 2400
Best Fitness: [299919.18479404]
1
iteration 2500
Best Fitness: [297459.08617664]
1
iteration 2600
Best Fitness: [297455.32250774]
1
iteration 2700
Best Fitness: [297455.32250772]
1
iteration 2800
Best Fitness: [297110.55415831]
1
iteration 2900
Best Fitness: [295293.57520549]
1
iteration 2999
Best Fitness: [291795.94578538]
1
iteration 0
Best Fitness: [413345.053041]
100
iteration 100
Best Fitness: [385680.57315987]
100
iteration 200
Best Fitness: [367546.286019]
100
iteration 300
Best Fitness: [352386.14714323]
100
iteration 400
Best Fitness: [339752.14558659]
100
iteration 500
Best Fitness: [327921.49882196]
100
iteration 600
Best Fitness: [317554.05778239]
100
iteration 700
Best Fitness: [308358.63685608]
100
iteration 800
Best Fitness: [300148.92195292]
100
iteration 900
Best Fitness: [292757.92472573]
100
iteration 1000
Best Fitness: [286058.9179448]
100
iteration 1100
Best Fitness: [279948.35321001]
100
iteration 1200
Best Fitness: [274367.7681438]
100
iteration 1300
Best Fitness: [269288.25311426]
100
iteration 1400
Best Fitness: [264675.75876492]
100
iteration 1500
Best Fitness: [260441.06761442]
100
iteration 1600
Best Fitness: [256487.33537902]
100
iteration 1700
Best Fitness: [252779.50836431]
100
iteration 1800
Best Fitness: [249314.53371359]
100
iteration 1900
Best Fitness: [246112.81635776]
100
iteration 2000
Best Fitness: [243184.65904927]
100
iteration 2100
Best Fitness: [240505.93427721]
100
iteration 2200
Best Fitness: [238012.09272284]
100
iteration 2300
Best Fitness: [235641.68934655]
100
iteration 2400
Best Fitness: [233341.64564935]
100
iteration 2500
Best Fitness: [231126.83913189]
100
iteration 2600
Best Fitness: [229005.28771939]
100
iteration 2700
Best Fitness: [226999.29380488]
100
iteration 2800
Best Fitness: [225123.09378393]
100
iteration 2900
Best Fitness: [223381.99092709]
100
iteration 2999
Best Fitness: [221784.17810496]
100
iteration 0
Best Fitness: [271100.31544175]
100
iteration 100
Best Fitness: [214951.55862843]
100
iteration 200
Best Fitness: [190358.43083857]
100
iteration 300
Best Fitness: [172745.57294112]
100
iteration 400
Best Fitness: [158928.24762784]
100
iteration 500
Best Fitness: [147492.38658876]
100
iteration 600
Best Fitness: [137610.95776604]
100
iteration 700
Best Fitness: [128849.83154217]
100
iteration 800
Best Fitness: [120927.7716137]
100
iteration 900
Best Fitness: [113660.80358035]
100
iteration 1000
Best Fitness: [106949.32179265]
100
iteration 1100
Best Fitness: [100777.25213778]
100
iteration 1200
Best Fitness: [95135.98744549]
100
iteration 1300
Best Fitness: [89956.19467467]
100
iteration 1400
Best Fitness: [85202.44205061]
100
iteration 1500
Best Fitness: [80773.09789862]
100
iteration 1600
Best Fitness: [76602.9586183]
100
iteration 1700
Best Fitness: [72755.500846]
100
iteration 1800
Best Fitness: [69205.59835414]
100
iteration 1900
Best Fitness: [65914.56357943]
100
iteration 2000
Best Fitness: [62791.72980693]
100
iteration 2100
Best Fitness: [59830.2210848]
100
iteration 2200
Best Fitness: [57062.39329806]
100
iteration 2300
Best Fitness: [54468.71234449]
100
iteration 2400
Best Fitness: [52057.86861689]
100
iteration 2500
Best Fitness: [49799.06662093]
100
iteration 2600
Best Fitness: [47679.60936012]
100
iteration 2700
Best Fitness: [45708.11400782]
100
iteration 2800
Best Fitness: [43876.59476781]
100
iteration 2900
Best Fitness: [42134.58489883]
100
iteration 2999
Best Fitness: [40511.72166485]
100
iteration 0
Best Fitness: [556031.35447499]
100
iteration 100
Best Fitness: [520592.41869083]
100
iteration 200
Best Fitness: [498414.40147787]
100
iteration 300
Best Fitness: [480257.79326908]
100
iteration 400
Best Fitness: [465143.75088712]
100
iteration 500
Best Fitness: [452233.39300245]
100
iteration 600
Best Fitness: [439957.26160433]
100
iteration 700
Best Fitness: [428527.69702319]
100
iteration 800
Best Fitness: [418583.16347123]
100
iteration 900
Best Fitness: [409573.51096875]
100
iteration 1000
Best Fitness: [400831.94862877]
100
iteration 1100
Best Fitness: [393332.60553306]
100
iteration 1200
Best Fitness: [386993.77624275]
100
iteration 1300
Best Fitness: [381082.03566146]
100
iteration 1400
Best Fitness: [375188.2283722]
100
iteration 1500
Best Fitness: [369824.31680208]
100
iteration 1600
Best Fitness: [365060.98337342]
100
iteration 1700
Best Fitness: [360857.45829696]
100
iteration 1800
Best Fitness: [357125.49340342]
100
iteration 1900
Best Fitness: [353787.23324767]
100
iteration 2000
Best Fitness: [350735.31137898]
100
iteration 2100
Best Fitness: [347837.41133212]
100
iteration 2200
Best Fitness: [344991.39153011]
100
iteration 2300
Best Fitness: [342260.38604558]
100
iteration 2400
Best Fitness: [339745.24840644]
100
iteration 2500
Best Fitness: [337466.39603026]
100
iteration 2600
Best Fitness: [335371.49244963]
100
iteration 2700
Best Fitness: [333419.44045379]
100
iteration 2800
Best Fitness: [331608.65457015]
100
iteration 2900
Best Fitness: [329846.85096133]
100
iteration 2999
Best Fitness: [328067.33774698]
100
iteration 0
Best Fitness: [398221.23180137]
100
iteration 100
Best Fitness: [361559.71795336]
100
iteration 200
Best Fitness: [337125.00510691]
100
iteration 300
Best Fitness: [319594.46574566]
100
iteration 400
Best Fitness: [303747.32306597]
100
iteration 500
Best Fitness: [291590.32185178]
100
iteration 600
Best Fitness: [279861.50557792]
100
iteration 700
Best Fitness: [270255.49564778]
100
iteration 800
Best Fitness: [261918.11729431]
100
iteration 900
Best Fitness: [254069.71888816]
100
iteration 1000
Best Fitness: [248124.0594587]
100
iteration 1100
Best Fitness: [242994.53510124]
100
iteration 1200
Best Fitness: [238016.40257418]
100
iteration 1300
Best Fitness: [233810.33758604]
100
iteration 1400
Best Fitness: [230298.7651119]
100
iteration 1500
Best Fitness: [227225.74299198]
100
iteration 1600
Best Fitness: [224321.71856077]
100
iteration 1700
Best Fitness: [221747.2374036]
100
iteration 1800
Best Fitness: [219518.47903909]
100
iteration 1900
Best Fitness: [217470.20993264]
100
iteration 2000
Best Fitness: [215548.8824789]
100
iteration 2100
Best Fitness: [213811.01790272]
100
iteration 2200
Best Fitness: [212171.89615839]
100
iteration 2300
Best Fitness: [210593.66984161]
100
iteration 2400
Best Fitness: [209113.17614345]
100
iteration 2500
Best Fitness: [207691.83862656]
100
iteration 2600
Best Fitness: [206316.03455504]
100
iteration 2700
Best Fitness: [205023.71853142]
100
iteration 2800
Best Fitness: [203796.78887628]
100
iteration 2900
Best Fitness: [202604.71384]
100
iteration 2999
Best Fitness: [201481.09908866]
100
iteration 0
Best Fitness: [493032.23899568]
100
iteration 100
Best Fitness: [464149.18036324]
100
iteration 200
Best Fitness: [444941.29472018]
100
iteration 300
Best Fitness: [430194.41973304]
100
iteration 400
Best Fitness: [417902.24733052]
100
iteration 500
Best Fitness: [406288.29999962]
100
iteration 600
Best Fitness: [396233.31128553]
100
iteration 700
Best Fitness: [387583.71243058]
100
iteration 800
Best Fitness: [379973.74463656]
100
iteration 900
Best Fitness: [373084.86533193]
100
iteration 1000
Best Fitness: [366585.4043391]
100
iteration 1100
Best Fitness: [360330.88346627]
100
iteration 1200
Best Fitness: [354439.85773211]
100
iteration 1300
Best Fitness: [349023.00216106]
100
iteration 1400
Best Fitness: [344034.67327306]
100
iteration 1500
Best Fitness: [339401.00322445]
100
iteration 1600
Best Fitness: [335058.97483702]
100
iteration 1700
Best Fitness: [330947.95876043]
100
iteration 1800
Best Fitness: [327004.53091934]
100
iteration 1900
Best Fitness: [323207.20037725]
100
iteration 2000
Best Fitness: [319584.0523335]
100
iteration 2100
Best Fitness: [316173.44594116]
100
iteration 2200
Best Fitness: [313004.68065356]
100
iteration 2300
Best Fitness: [310070.2111661]
100
iteration 2400
Best Fitness: [307353.13500717]
100
iteration 2500
Best Fitness: [304823.42211785]
100
iteration 2600
Best Fitness: [302450.73252313]
100
iteration 2700
Best Fitness: [300190.23433116]
100
iteration 2800
Best Fitness: [298004.70032155]
100
iteration 2900
Best Fitness: [295886.43957171]
100
iteration 2999
Best Fitness: [293876.38178678]
100
iteration 0
Best Fitness: [521135.68965555]
100
iteration 100
Best Fitness: [482878.02726725]
100
iteration 200
Best Fitness: [462774.71082585]
100
iteration 300
Best Fitness: [445163.33306256]
100
iteration 400
Best Fitness: [430370.27500677]
100
iteration 500
Best Fitness: [417348.22929986]
100
iteration 600
Best Fitness: [404887.03738329]
100
iteration 700
Best Fitness: [393506.38626211]
100
iteration 800
Best Fitness: [383767.11812439]
100
iteration 900
Best Fitness: [375316.5063367]
100
iteration 1000
Best Fitness: [367407.58716778]
100
iteration 1100
Best Fitness: [360041.98487356]
100
iteration 1200
Best Fitness: [353657.53625234]
100
iteration 1300
Best Fitness: [348066.04234655]
100
iteration 1400
Best Fitness: [342925.91987702]
100
iteration 1500
Best Fitness: [337751.12728817]
100
iteration 1600
Best Fitness: [332835.46973698]
100
iteration 1700
Best Fitness: [328428.06640585]
100
iteration 1800
Best Fitness: [324560.34811716]
100
iteration 1900
Best Fitness: [321072.04023207]
100
iteration 2000
Best Fitness: [317740.47172745]
100
iteration 2100
Best Fitness: [314231.80230294]
100
iteration 2200
Best Fitness: [311068.80707372]
100
iteration 2300
Best Fitness: [308115.94239683]
100
iteration 2400
Best Fitness: [305432.55822212]
100
iteration 2500
Best Fitness: [303012.82290512]
100
iteration 2600
Best Fitness: [300573.8141535]
100
iteration 2700
Best Fitness: [297801.44401646]
100
iteration 2800
Best Fitness: [295456.81294572]
100
iteration 2900
Best Fitness: [293436.11281908]
100
iteration 2999
Best Fitness: [291561.59091654]
100
iteration 0
Best Fitness: [486380.98303045]
100
iteration 100
Best Fitness: [445276.64885163]
100
iteration 200
Best Fitness: [420652.98605547]
100
iteration 300
Best Fitness: [400908.53582288]
100
iteration 400
Best Fitness: [385588.10438351]
100
iteration 500
Best Fitness: [373698.10969444]
100
iteration 600
Best Fitness: [362671.10790423]
100
iteration 700
Best Fitness: [353220.53651555]
100
iteration 800
Best Fitness: [345195.73094087]
100
iteration 900
Best Fitness: [338315.26819616]
100
iteration 1000
Best Fitness: [332300.54229547]
100
iteration 1100
Best Fitness: [326847.05784084]
100
iteration 1200
Best Fitness: [321639.18333764]
100
iteration 1300
Best Fitness: [316614.13869722]
100
iteration 1400
Best Fitness: [312002.70470924]
100
iteration 1500
Best Fitness: [307850.00909944]
100
iteration 1600
Best Fitness: [304111.94574183]
100
iteration 1700
Best Fitness: [300683.67211834]
100
iteration 1800
Best Fitness: [297433.65284904]
100
iteration 1900
Best Fitness: [294217.44857606]
100
iteration 2000
Best Fitness: [291132.0572513]
100
iteration 2100
Best Fitness: [288330.73410019]
100
iteration 2200
Best Fitness: [285848.95297507]
100
iteration 2300
Best Fitness: [283642.81281833]
100
iteration 2400
Best Fitness: [281676.89631363]
100
iteration 2500
Best Fitness: [279821.45101891]
100
iteration 2600
Best Fitness: [277896.14604981]
100
iteration 2700
Best Fitness: [276290.72873044]
100
iteration 2800
Best Fitness: [274717.9260755]
100
iteration 2900
Best Fitness: [273357.77693288]
100
iteration 2999
Best Fitness: [272067.0933159]
100
[array([291627.40331569]), array([114634.00737932]), array([291795.94578538]), array([221784.17810496]), array([40511.72166485]), array([328067.33774698]), array([201481.09908866]), array([293876.38178678]), array([291561.59091654]), array([272067.0933159])]
iteration 0
Best Fitness: [1016.82526631]
100
iteration 100
Best Fitness: [0.00451507]
100
iteration 200
Best Fitness: [0.00285578]
100
iteration 300
Best Fitness: [0.00179138]
100
iteration 400
Best Fitness: [0.00111693]
100
iteration 500
Best Fitness: [0.00069475]
100
iteration 600
Best Fitness: [0.000429]
100
iteration 700
Best Fitness: [0.00026439]
100
iteration 800
Best Fitness: [0.00016228]
100
iteration 900
Best Fitness: [9.94590025e-05]
100
iteration 1000
Best Fitness: [6.07764955e-05]
100
iteration 1100
Best Fitness: [3.71271886e-05]
100
iteration 1200
Best Fitness: [2.26198462e-05]
100
iteration 1300
Best Fitness: [1.3799143e-05]
100
iteration 1400
Best Fitness: [8.39722119e-06]
100
iteration 1500
Best Fitness: [5.10589419e-06]
100
iteration 1600
Best Fitness: [3.11208059e-06]
100
iteration 1700
Best Fitness: [1.84832159e-06]
99
iteration 1800
Best Fitness: [1.18154265e-06]
1
iteration 1900
Best Fitness: [1.11130658e-06]
1
iteration 2000
Best Fitness: [1.11130656e-06]
1
iteration 2100
Best Fitness: [1.10977981e-06]
1
iteration 2200
Best Fitness: [1.03441812e-06]
1
iteration 2300
Best Fitness: [1.01754796e-06]
1
iteration 2400
Best Fitness: [9.73733401e-07]
1
iteration 2500
Best Fitness: [8.88249199e-07]
1
iteration 2600
Best Fitness: [8.61703746e-07]
1
iteration 2700
Best Fitness: [8.49999345e-07]
1
iteration 2800
Best Fitness: [8.26842381e-07]
1
iteration 2900
Best Fitness: [7.74281108e-07]
1
iteration 2999
Best Fitness: [7.51166036e-07]
1
iteration 0
Best Fitness: [1279.54265866]
100
iteration 100
Best Fitness: [0.00560809]
100
iteration 200
Best Fitness: [0.00323534]
100
iteration 300
Best Fitness: [0.00188644]
100
iteration 400
Best Fitness: [0.00111292]
100
iteration 500
Best Fitness: [0.00066017]
100
iteration 600
Best Fitness: [0.00039409]
100
iteration 700
Best Fitness: [0.00023671]
100
iteration 800
Best Fitness: [0.00014221]
100
iteration 900
Best Fitness: [8.56263902e-05]
100
iteration 1000
Best Fitness: [5.16702607e-05]
100
iteration 1100
Best Fitness: [3.11989007e-05]
100
iteration 1200
Best Fitness: [1.89252112e-05]
100
iteration 1300
Best Fitness: [1.14827138e-05]
100
iteration 1400
Best Fitness: [6.95516433e-06]
100
iteration 1500
Best Fitness: [4.21333034e-06]
100
iteration 1600
Best Fitness: [2.55585828e-06]
100
iteration 1700
Best Fitness: [1.50766435e-06]
1
iteration 1800
Best Fitness: [1.47578069e-06]
1
iteration 1900
Best Fitness: [1.3660515e-06]
1
iteration 2000
Best Fitness: [1.35605588e-06]
1
iteration 2100
Best Fitness: [1.29387439e-06]
1
iteration 2200
Best Fitness: [1.28881416e-06]
1
iteration 2300
Best Fitness: [1.26701823e-06]
1
iteration 2400
Best Fitness: [1.25950547e-06]
1
iteration 2500
Best Fitness: [1.25656468e-06]
1
iteration 2600
Best Fitness: [1.22481342e-06]
1
iteration 2700
Best Fitness: [1.17814082e-06]
1
iteration 2800
Best Fitness: [1.11739669e-06]
1
iteration 2900
Best Fitness: [1.09653048e-06]
1
iteration 2999
Best Fitness: [1.09653048e-06]
1
iteration 0
Best Fitness: [1136.09156153]
100
iteration 100
Best Fitness: [0.22008296]
100
iteration 200
Best Fitness: [0.09008038]
100
iteration 300
Best Fitness: [0.04335281]
100
iteration 400
Best Fitness: [0.02244305]
100
iteration 500
Best Fitness: [0.01220425]
100
iteration 600
Best Fitness: [0.00685941]
100
iteration 700
Best Fitness: [0.00394072]
100
iteration 800
Best Fitness: [0.00229735]
100
iteration 900
Best Fitness: [0.00135046]
100
iteration 1000
Best Fitness: [0.00079946]
100
iteration 1100
Best Fitness: [0.00047562]
100
iteration 1200
Best Fitness: [0.00028472]
100
iteration 1300
Best Fitness: [0.00017112]
100
iteration 1400
Best Fitness: [0.00010293]
100
iteration 1500
Best Fitness: [6.20487711e-05]
100
iteration 1600
Best Fitness: [3.74477478e-05]
100
iteration 1700
Best Fitness: [2.26832775e-05]
100
iteration 1800
Best Fitness: [1.37298874e-05]
100
iteration 1900
Best Fitness: [8.31849765e-06]
100
iteration 2000
Best Fitness: [5.05358464e-06]
100
iteration 2100
Best Fitness: [3.07798021e-06]
100
iteration 2200
Best Fitness: [1.86441578e-06]
99
iteration 2300
Best Fitness: [1.36475281e-06]
1
iteration 2400
Best Fitness: [1.25882484e-06]
1
iteration 2500
Best Fitness: [1.18781028e-06]
1
iteration 2600
Best Fitness: [1.15445994e-06]
1
iteration 2700
Best Fitness: [1.05038612e-06]
1
iteration 2800
Best Fitness: [1.00894807e-06]
1
iteration 2900
Best Fitness: [9.64407797e-07]
1
iteration 2999
Best Fitness: [8.8046992e-07]
1
iteration 0
Best Fitness: [1133.34765221]
100
iteration 100
Best Fitness: [0.05360506]
100
iteration 200
Best Fitness: [0.02733775]
100
iteration 300
Best Fitness: [0.01470012]
100
iteration 400
Best Fitness: [0.00817712]
100
iteration 500
Best Fitness: [0.00466111]
100
iteration 600
Best Fitness: [0.00270272]
100
iteration 700
Best Fitness: [0.00158717]
100
iteration 800
Best Fitness: [0.00093933]
100
iteration 900
Best Fitness: [0.00055945]
100
iteration 1000
Best Fitness: [0.00033508]
100
iteration 1100
Best Fitness: [0.00020056]
100
iteration 1200
Best Fitness: [0.00012077]
100
iteration 1300
Best Fitness: [7.2770112e-05]
100
iteration 1400
Best Fitness: [4.39960516e-05]
100
iteration 1500
Best Fitness: [2.65962494e-05]
100
iteration 1600
Best Fitness: [1.6099548e-05]
100
iteration 1700
Best Fitness: [9.76746567e-06]
100
iteration 1800
Best Fitness: [5.9294189e-06]
100
iteration 1900
Best Fitness: [3.59016471e-06]
100
iteration 2000
Best Fitness: [2.17796992e-06]
100
iteration 2100
Best Fitness: [1.39943312e-06]
1
iteration 2200
Best Fitness: [1.27938596e-06]
1
iteration 2300
Best Fitness: [1.16081044e-06]
1
iteration 2400
Best Fitness: [1.1223954e-06]
1
iteration 2500
Best Fitness: [1.08332337e-06]
1
iteration 2600
Best Fitness: [1.04621181e-06]
1
iteration 2700
Best Fitness: [1.03060136e-06]
1
iteration 2800
Best Fitness: [9.56788234e-07]
1
iteration 2900
Best Fitness: [8.98035989e-07]
1
iteration 2999
Best Fitness: [8.62321378e-07]
1
iteration 0
Best Fitness: [1297.67939019]
100
iteration 100
Best Fitness: [0.13993418]
100
iteration 200
Best Fitness: [0.10263416]
100
iteration 300
Best Fitness: [0.07390732]
100
iteration 400
Best Fitness: [0.05201165]
100
iteration 500
Best Fitness: [0.03596755]
100
iteration 600
Best Fitness: [0.02433892]
100
iteration 700
Best Fitness: [0.01621312]
100
iteration 800
Best Fitness: [0.01064679]
100
iteration 900
Best Fitness: [0.00686615]
100
iteration 1000
Best Fitness: [0.00438738]
100
iteration 1100
Best Fitness: [0.00277445]
100
iteration 1200
Best Fitness: [0.00174354]
100
iteration 1300
Best Fitness: [0.00108781]
100
iteration 1400
Best Fitness: [0.00067464]
100
iteration 1500
Best Fitness: [0.00041771]
100
iteration 1600
Best Fitness: [0.00025635]
100
iteration 1700
Best Fitness: [0.00015735]
100
iteration 1800
Best Fitness: [9.64404205e-05]
100
iteration 1900
Best Fitness: [5.9055169e-05]
100
iteration 2000
Best Fitness: [3.60043623e-05]
100
iteration 2100
Best Fitness: [2.19815001e-05]
100
iteration 2200
Best Fitness: [1.33931517e-05]
100
iteration 2300
Best Fitness: [8.17163378e-06]
100
iteration 2400
Best Fitness: [4.97097708e-06]
100
iteration 2500
Best Fitness: [3.02842823e-06]
100
iteration 2600
Best Fitness: [1.77110724e-06]
98
iteration 2700
Best Fitness: [1.41712831e-06]
1
iteration 2800
Best Fitness: [1.41704727e-06]
1
iteration 2900
Best Fitness: [1.30159254e-06]
1
iteration 2999
Best Fitness: [1.23894257e-06]
1
iteration 0
Best Fitness: [1221.38891004]
100
iteration 100
Best Fitness: [10.23998415]
1
iteration 200
Best Fitness: [8.0726352]
1
iteration 300
Best Fitness: [5.69386004]
1
iteration 400
Best Fitness: [5.25734777]
1
iteration 500
Best Fitness: [4.76266195]
1
iteration 600
Best Fitness: [2.94189921]
1
iteration 700
Best Fitness: [2.70222162]
1
iteration 800
Best Fitness: [1.64954951]
1
iteration 900
Best Fitness: [1.09962611]
1
iteration 1000
Best Fitness: [0.82358348]
1
iteration 1100
Best Fitness: [0.58697094]
1
iteration 1200
Best Fitness: [0.47042607]
1
iteration 1300
Best Fitness: [0.40850248]
1
iteration 1400
Best Fitness: [0.34223605]
1
iteration 1500
Best Fitness: [0.26532655]
1
iteration 1600
Best Fitness: [0.20886577]
1
iteration 1700
Best Fitness: [0.17466669]
1
iteration 1800
Best Fitness: [0.1598022]
1
iteration 1900
Best Fitness: [0.15269055]
1
iteration 2000
Best Fitness: [0.1438161]
1
iteration 2100
Best Fitness: [0.14149386]
1
iteration 2200
Best Fitness: [0.14071246]
1
iteration 2300
Best Fitness: [0.14036838]
1
iteration 2400
Best Fitness: [0.14036838]
1
iteration 2500
Best Fitness: [0.14036838]
1
iteration 2600
Best Fitness: [0.14036838]
1
iteration 2700
Best Fitness: [0.14036838]
1
iteration 2800
Best Fitness: [0.14036838]
1
iteration 2900
Best Fitness: [0.14036838]
1
iteration 2999
Best Fitness: [0.14036838]
1
iteration 0
Best Fitness: [1204.54445964]
100
iteration 100
Best Fitness: [0.1353711]
100
iteration 200
Best Fitness: [0.06118863]
100
iteration 300
Best Fitness: [0.0307235]
100
iteration 400
Best Fitness: [0.01628849]
100
iteration 500
Best Fitness: [0.00904084]
100
iteration 600
Best Fitness: [0.00514883]
100
iteration 700
Best Fitness: [0.00298209]
100
iteration 800
Best Fitness: [0.0017404]
100
iteration 900
Best Fitness: [0.00102791]
100
iteration 1000
Best Fitness: [0.0006106]
100
iteration 1100
Best Fitness: [0.00036389]
100
iteration 1200
Best Fitness: [0.00021812]
100
iteration 1300
Best Fitness: [0.00013116]
100
iteration 1400
Best Fitness: [7.89062093e-05]
100
iteration 1500
Best Fitness: [4.76488479e-05]
100
iteration 1600
Best Fitness: [2.88069201e-05]
100
iteration 1700
Best Fitness: [1.74086295e-05]
100
iteration 1800
Best Fitness: [1.05618957e-05]
100
iteration 1900
Best Fitness: [6.40998939e-06]
100
iteration 2000
Best Fitness: [3.89719695e-06]
100
iteration 2100
Best Fitness: [2.36592045e-06]
100
iteration 2200
Best Fitness: [1.03917157e-06]
1
iteration 2300
Best Fitness: [9.88295383e-07]
1
iteration 2400
Best Fitness: [9.7245212e-07]
1
iteration 2500
Best Fitness: [9.61024832e-07]
1
iteration 2600
Best Fitness: [9.4672808e-07]
1
iteration 2700
Best Fitness: [8.76022464e-07]
1
iteration 2800
Best Fitness: [8.27749928e-07]
1
iteration 2900
Best Fitness: [8.1035901e-07]
1
iteration 2999
Best Fitness: [7.74525671e-07]
1
iteration 0
Best Fitness: [954.80533113]
100
iteration 100
Best Fitness: [0.23605269]
100
iteration 200
Best Fitness: [0.18039971]
100
iteration 300
Best Fitness: [0.13502923]
100
iteration 400
Best Fitness: [0.09881411]
100
iteration 500
Best Fitness: [0.07104857]
100
iteration 600
Best Fitness: [0.04994778]
100
iteration 700
Best Fitness: [0.03440878]
100
iteration 800
Best Fitness: [0.02325015]
100
iteration 900
Best Fitness: [0.01545855]
100
iteration 1000
Best Fitness: [0.01012709]
100
iteration 1100
Best Fitness: [0.00653499]
100
iteration 1200
Best Fitness: [0.00416991]
100
iteration 1300
Best Fitness: [0.00263547]
100
iteration 1400
Best Fitness: [0.00165207]
100
iteration 1500
Best Fitness: [0.00102985]
100
iteration 1600
Best Fitness: [0.0006398]
100
iteration 1700
Best Fitness: [0.00039611]
100
iteration 1800
Best Fitness: [0.00024402]
100
iteration 1900
Best Fitness: [0.0001497]
100
iteration 2000
Best Fitness: [9.14820979e-05]
100
iteration 2100
Best Fitness: [5.59094826e-05]
100
iteration 2200
Best Fitness: [3.41093547e-05]
100
iteration 2300
Best Fitness: [2.08505122e-05]
100
iteration 2400
Best Fitness: [1.26823312e-05]
100
iteration 2500
Best Fitness: [7.71395569e-06]
100
iteration 2600
Best Fitness: [4.68866088e-06]
100
iteration 2700
Best Fitness: [2.85084381e-06]
100
iteration 2800
Best Fitness: [1.7440372e-06]
1
iteration 2900
Best Fitness: [1.55287718e-06]
1
iteration 2999
Best Fitness: [1.43585407e-06]
1
iteration 0
Best Fitness: [1254.11862685]
100
iteration 100
Best Fitness: [0.14993185]
100
iteration 200
Best Fitness: [0.06639867]
100
iteration 300
Best Fitness: [0.03312871]
100
iteration 400
Best Fitness: [0.01768764]
100
iteration 500
Best Fitness: [0.00974168]
100
iteration 600
Best Fitness: [0.00552974]
100
iteration 700
Best Fitness: [0.00318905]
100
iteration 800
Best Fitness: [0.00186295]
100
iteration 900
Best Fitness: [0.001099]
100
iteration 1000
Best Fitness: [0.00065416]
100
iteration 1100
Best Fitness: [0.00039115]
100
iteration 1200
Best Fitness: [0.0002349]
100
iteration 1300
Best Fitness: [0.00014117]
100
iteration 1400
Best Fitness: [8.48382285e-05]
100
iteration 1500
Best Fitness: [5.13138871e-05]
100
iteration 1600
Best Fitness: [3.09706698e-05]
100
iteration 1700
Best Fitness: [1.87986189e-05]
100
iteration 1800
Best Fitness: [1.13440974e-05]
100
iteration 1900
Best Fitness: [6.85945439e-06]
100
iteration 2000
Best Fitness: [4.14938276e-06]
100
iteration 2100
Best Fitness: [2.51842031e-06]
100
iteration 2200
Best Fitness: [1.27222923e-06]
1
iteration 2300
Best Fitness: [1.15846725e-06]
1
iteration 2400
Best Fitness: [1.0689759e-06]
1
iteration 2500
Best Fitness: [1.02521894e-06]
1
iteration 2600
Best Fitness: [9.86575972e-07]
1
iteration 2700
Best Fitness: [9.77134339e-07]
1
iteration 2800
Best Fitness: [9.50521239e-07]
1
iteration 2900
Best Fitness: [9.17136293e-07]
1
iteration 2999
Best Fitness: [8.92443729e-07]
1
iteration 0
Best Fitness: [1225.69840478]
100
iteration 100
Best Fitness: [0.45500115]
100
iteration 200
Best Fitness: [0.36729375]
100
iteration 300
Best Fitness: [0.29035344]
100
iteration 400
Best Fitness: [0.22552186]
100
iteration 500
Best Fitness: [0.17206225]
100
iteration 600
Best Fitness: [0.12850376]
100
iteration 700
Best Fitness: [0.09378853]
100
iteration 800
Best Fitness: [0.06696759]
100
iteration 900
Best Fitness: [0.0469313]
100
iteration 1000
Best Fitness: [0.03224572]
100
iteration 1100
Best Fitness: [0.02170598]
100
iteration 1200
Best Fitness: [0.01439318]
100
iteration 1300
Best Fitness: [0.00939644]
100
iteration 1400
Best Fitness: [0.00608196]
100
iteration 1500
Best Fitness: [0.00387626]
100
iteration 1600
Best Fitness: [0.00244653]
100
iteration 1700
Best Fitness: [0.00153121]
100
iteration 1800
Best Fitness: [0.00095122]
100
iteration 1900
Best Fitness: [0.00058849]
100
iteration 2000
Best Fitness: [0.00036274]
100
iteration 2100
Best Fitness: [0.00022318]
100
iteration 2200
Best Fitness: [0.00013694]
100
iteration 2300
Best Fitness: [8.37558086e-05]
100
iteration 2400
Best Fitness: [5.12579558e-05]
100
iteration 2500
Best Fitness: [3.13808631e-05]
100
iteration 2600
Best Fitness: [1.90650415e-05]
100
iteration 2700
Best Fitness: [1.15739673e-05]
100
iteration 2800
Best Fitness: [7.03944847e-06]
100
iteration 2900
Best Fitness: [4.28996274e-06]
100
iteration 2999
Best Fitness: [2.62283586e-06]
100
[array([7.51166036e-07]), array([1.09653048e-06]), array([8.8046992e-07]), array([8.62321378e-07]), array([1.23894257e-06]), array([0.14036838]), array([7.74525671e-07]), array([1.43585407e-06]), array([8.92443729e-07]), array([2.62283586e-06])]
iteration 0
Best Fitness: [21.18790512]
100
iteration 100
Best Fitness: [0.01644343]
1
iteration 200
Best Fitness: [0.00859171]
1
iteration 300
Best Fitness: [0.00204415]
1
iteration 400
Best Fitness: [0.00125072]
1
iteration 500
Best Fitness: [0.00062891]
1
iteration 600
Best Fitness: [0.0003587]
1
iteration 700
Best Fitness: [0.00017701]
1
iteration 800
Best Fitness: [7.74016292e-05]
1
iteration 900
Best Fitness: [3.53153947e-05]
1
iteration 1000
Best Fitness: [1.60597297e-05]
1
iteration 1100
Best Fitness: [8.59276991e-06]
1
iteration 1200
Best Fitness: [5.03890634e-06]
1
iteration 1300
Best Fitness: [2.87507422e-06]
1
iteration 1400
Best Fitness: [1.70820195e-06]
1
iteration 1500
Best Fitness: [7.30361061e-07]
1
iteration 1600
Best Fitness: [4.24267776e-07]
1
iteration 1700
Best Fitness: [2.55720931e-07]
1
iteration 1800
Best Fitness: [1.33802214e-07]
1
iteration 1900
Best Fitness: [7.8046094e-08]
1
iteration 2000
Best Fitness: [4.34657306e-08]
1
iteration 2100
Best Fitness: [2.05846096e-08]
1
iteration 2200
Best Fitness: [1.04158886e-08]
1
iteration 2300
Best Fitness: [5.7405245e-09]
1
iteration 2400
Best Fitness: [3.0162397e-09]
1
iteration 2500
Best Fitness: [1.60410885e-09]
1
iteration 2600
Best Fitness: [7.14944548e-10]
1
iteration 2700
Best Fitness: [4.73033168e-10]
1
iteration 2800
Best Fitness: [2.13795204e-10]
1
iteration 2900
Best Fitness: [1.0436807e-10]
1
iteration 2999
Best Fitness: [5.7585936e-11]
1
iteration 0
Best Fitness: [22.63724772]
100
iteration 100
Best Fitness: [0.02192369]
1
iteration 200
Best Fitness: [0.01116748]
1
iteration 300
Best Fitness: [0.00359532]
1
iteration 400
Best Fitness: [0.0012639]
1
iteration 500
Best Fitness: [0.00047448]
1
iteration 600
Best Fitness: [0.00029925]
1
iteration 700
Best Fitness: [0.00017289]
1
iteration 800
Best Fitness: [9.41604908e-05]
1
iteration 900
Best Fitness: [5.94627684e-05]
1
iteration 1000
Best Fitness: [3.02986012e-05]
1
iteration 1100
Best Fitness: [1.9078474e-05]
1
iteration 1200
Best Fitness: [7.80942295e-06]
1
iteration 1300
Best Fitness: [4.19336004e-06]
1
iteration 1400
Best Fitness: [2.10704303e-06]
1
iteration 1500
Best Fitness: [1.17671323e-06]
1
iteration 1600
Best Fitness: [5.99397188e-07]
1
iteration 1700
Best Fitness: [3.49130872e-07]
1
iteration 1800
Best Fitness: [1.74426615e-07]
1
iteration 1900
Best Fitness: [1.07893197e-07]
1
iteration 2000
Best Fitness: [5.43148886e-08]
1
iteration 2100
Best Fitness: [2.82006063e-08]
1
iteration 2200
Best Fitness: [1.4878367e-08]
1
iteration 2300
Best Fitness: [6.11568218e-09]
1
iteration 2400
Best Fitness: [3.67445629e-09]
1
iteration 2500
Best Fitness: [2.06719619e-09]
1
iteration 2600
Best Fitness: [1.29374556e-09]
1
iteration 2700
Best Fitness: [7.19621696e-10]
1
iteration 2800
Best Fitness: [3.57537999e-10]
1
iteration 2900
Best Fitness: [1.86512139e-10]
1
iteration 2999
Best Fitness: [9.16440257e-11]
1
iteration 0
Best Fitness: [21.77524783]
100
iteration 100
Best Fitness: [0.02271111]
1
iteration 200
Best Fitness: [0.00770168]
1
iteration 300
Best Fitness: [0.00373183]
1
iteration 400
Best Fitness: [0.00284809]
1
iteration 500
Best Fitness: [0.00165317]
1
iteration 600
Best Fitness: [0.00070717]
1
iteration 700
Best Fitness: [0.0004116]
1
iteration 800
Best Fitness: [0.00019456]
1
iteration 900
Best Fitness: [8.90894041e-05]
1
iteration 1000
Best Fitness: [4.67609423e-05]
1
iteration 1100
Best Fitness: [1.86069722e-05]
1
iteration 1200
Best Fitness: [1.05464164e-05]
1
iteration 1300
Best Fitness: [7.17952554e-06]
1
iteration 1400
Best Fitness: [4.25462263e-06]
1
iteration 1500
Best Fitness: [2.55238255e-06]
1
iteration 1600
Best Fitness: [1.41541418e-06]
1
iteration 1700
Best Fitness: [7.40036038e-07]
1
iteration 1800
Best Fitness: [3.23185548e-07]
1
iteration 1900
Best Fitness: [1.79617018e-07]
1
iteration 2000
Best Fitness: [9.10391531e-08]
1
iteration 2100
Best Fitness: [4.88125238e-08]
1
iteration 2200
Best Fitness: [2.99238874e-08]
1
iteration 2300
Best Fitness: [1.74047994e-08]
1
iteration 2400
Best Fitness: [8.86094753e-09]
1
iteration 2500
Best Fitness: [5.05091435e-09]
1
iteration 2600
Best Fitness: [3.19299254e-09]
1
iteration 2700
Best Fitness: [1.44348e-09]
1
iteration 2800
Best Fitness: [7.72949704e-10]
1
iteration 2900
Best Fitness: [4.238494e-10]
1
iteration 2999
Best Fitness: [2.2002844e-10]
1
iteration 0
Best Fitness: [17.42305605]
100
iteration 100
Best Fitness: [0.01170002]
1
iteration 200
Best Fitness: [0.00474249]
1
iteration 300
Best Fitness: [0.00280893]
1
iteration 400
Best Fitness: [0.00141377]
1
iteration 500
Best Fitness: [0.00083482]
1
iteration 600
Best Fitness: [0.00036986]
1
iteration 700
Best Fitness: [0.00018823]
1
iteration 800
Best Fitness: [0.00010708]
1
iteration 900
Best Fitness: [5.12601121e-05]
1
iteration 1000
Best Fitness: [3.17690935e-05]
1
iteration 1100
Best Fitness: [1.38655442e-05]
1
iteration 1200
Best Fitness: [7.21070685e-06]
1
iteration 1300
Best Fitness: [3.56330262e-06]
1
iteration 1400
Best Fitness: [2.06423007e-06]
1
iteration 1500
Best Fitness: [1.00773415e-06]
1
iteration 1600
Best Fitness: [5.11036417e-07]
1
iteration 1700
Best Fitness: [3.16583684e-07]
1
iteration 1800
Best Fitness: [1.55727367e-07]
1
iteration 1900
Best Fitness: [9.10299232e-08]
1
iteration 2000
Best Fitness: [4.87333089e-08]
1
iteration 2100
Best Fitness: [3.05702734e-08]
1
iteration 2200
Best Fitness: [1.53725779e-08]
1
iteration 2300
Best Fitness: [9.02101149e-09]
1
iteration 2400
Best Fitness: [3.46037154e-09]
1
iteration 2500
Best Fitness: [2.3357174e-09]
1
iteration 2600
Best Fitness: [1.06785514e-09]
1
iteration 2700
Best Fitness: [5.94747362e-10]
1
iteration 2800
Best Fitness: [3.01087155e-10]
1
iteration 2900
Best Fitness: [1.55370827e-10]
1
iteration 2999
Best Fitness: [6.65281163e-11]
1
iteration 0
Best Fitness: [21.57479109]
100
iteration 100
Best Fitness: [0.02671284]
1
iteration 200
Best Fitness: [0.00805124]
1
iteration 300
Best Fitness: [0.00528797]
1
iteration 400
Best Fitness: [0.00212492]
1
iteration 500
Best Fitness: [0.00115816]
1
iteration 600
Best Fitness: [0.00064906]
1
iteration 700
Best Fitness: [0.0003464]
1
iteration 800
Best Fitness: [0.00015668]
1
iteration 900
Best Fitness: [8.20864794e-05]
1
iteration 1000
Best Fitness: [4.51858362e-05]
1
iteration 1100
Best Fitness: [1.81274741e-05]
1
iteration 1200
Best Fitness: [1.0762637e-05]
1
iteration 1300
Best Fitness: [4.56878462e-06]
1
iteration 1400
Best Fitness: [2.1771759e-06]
1
iteration 1500
Best Fitness: [1.50466821e-06]
1
iteration 1600
Best Fitness: [7.68061474e-07]
1
iteration 1700
Best Fitness: [3.21961625e-07]
1
iteration 1800
Best Fitness: [1.3500334e-07]
1
iteration 1900
Best Fitness: [7.4456219e-08]
1
iteration 2000
Best Fitness: [4.3400183e-08]
1
iteration 2100
Best Fitness: [2.0070658e-08]
1
iteration 2200
Best Fitness: [1.11517782e-08]
1
iteration 2300
Best Fitness: [6.07320416e-09]
1
iteration 2400
Best Fitness: [3.85147381e-09]
1
iteration 2500
Best Fitness: [1.9941151e-09]
1
iteration 2600
Best Fitness: [1.08051879e-09]
1
iteration 2700
Best Fitness: [5.11546361e-10]
1
iteration 2800
Best Fitness: [2.90562241e-10]
1
iteration 2900
Best Fitness: [1.62906133e-10]
1
iteration 2999
Best Fitness: [9.77848913e-11]
1
iteration 0
Best Fitness: [21.93130645]
100
iteration 100
Best Fitness: [0.05579541]
1
iteration 200
Best Fitness: [0.01891864]
1
iteration 300
Best Fitness: [0.00756539]
1
iteration 400
Best Fitness: [0.00453519]
1
iteration 500
Best Fitness: [0.00201387]
1
iteration 600
Best Fitness: [0.00098251]
1
iteration 700
Best Fitness: [0.00059265]
1
iteration 800
Best Fitness: [0.00027421]
1
iteration 900
Best Fitness: [0.00018997]
1
iteration 1000
Best Fitness: [9.93795974e-05]
1
iteration 1100
Best Fitness: [5.711785e-05]
1
iteration 1200
Best Fitness: [2.64276892e-05]
1
iteration 1300
Best Fitness: [1.13124048e-05]
1
iteration 1400
Best Fitness: [5.5570771e-06]
1
iteration 1500
Best Fitness: [3.11346697e-06]
1
iteration 1600
Best Fitness: [1.57595561e-06]
1
iteration 1700
Best Fitness: [7.2369542e-07]
1
iteration 1800
Best Fitness: [4.48721027e-07]
1
iteration 1900
Best Fitness: [2.53738179e-07]
1
iteration 2000
Best Fitness: [1.66796799e-07]
1
iteration 2100
Best Fitness: [9.16893654e-08]
1
iteration 2200
Best Fitness: [4.61969627e-08]
1
iteration 2300
Best Fitness: [2.64813913e-08]
1
iteration 2400
Best Fitness: [1.43641152e-08]
1
iteration 2500
Best Fitness: [7.95722066e-09]
1
iteration 2600
Best Fitness: [4.13676382e-09]
1
iteration 2700
Best Fitness: [1.99154826e-09]
1
iteration 2800
Best Fitness: [1.09456089e-09]
1
iteration 2900
Best Fitness: [5.47315082e-10]
1
iteration 2999
Best Fitness: [3.16708437e-10]
1
iteration 0
Best Fitness: [21.57908241]
100
iteration 100
Best Fitness: [0.02035251]
1
iteration 200
Best Fitness: [0.00898582]
1
iteration 300
Best Fitness: [0.00406165]
1
iteration 400
Best Fitness: [0.00146503]
1
iteration 500
Best Fitness: [0.00081377]
1
iteration 600
Best Fitness: [0.00046185]
1
iteration 700
Best Fitness: [0.00024093]
1
iteration 800
Best Fitness: [0.00016357]
1
iteration 900
Best Fitness: [7.85743705e-05]
1
iteration 1000
Best Fitness: [4.41687555e-05]
1
iteration 1100
Best Fitness: [2.65725117e-05]
1
iteration 1200
Best Fitness: [1.1700989e-05]
1
iteration 1300
Best Fitness: [5.99363745e-06]
1
iteration 1400
Best Fitness: [3.29420808e-06]
1
iteration 1500
Best Fitness: [1.68414362e-06]
1
iteration 1600
Best Fitness: [8.85474382e-07]
1
iteration 1700
Best Fitness: [4.55556744e-07]
1
iteration 1800
Best Fitness: [2.14310333e-07]
1
iteration 1900
Best Fitness: [1.11685708e-07]
1
iteration 2000
Best Fitness: [5.3194217e-08]
1
iteration 2100
Best Fitness: [3.2403392e-08]
1
iteration 2200
Best Fitness: [1.800408e-08]
1
iteration 2300
Best Fitness: [9.62380042e-09]
1
iteration 2400
Best Fitness: [5.4282463e-09]
1
iteration 2500
Best Fitness: [3.20933857e-09]
1
iteration 2600
Best Fitness: [1.6247359e-09]
1
iteration 2700
Best Fitness: [7.18893389e-10]
1
iteration 2800
Best Fitness: [4.22152979e-10]
1
iteration 2900
Best Fitness: [2.02453165e-10]
1
iteration 2999
Best Fitness: [1.0946799e-10]
1
iteration 0
Best Fitness: [14.18905569]
100
iteration 100
Best Fitness: [0.04187002]
1
iteration 200
Best Fitness: [0.01347463]
1
iteration 300
Best Fitness: [0.00668891]
1
iteration 400
Best Fitness: [0.00317488]
1
iteration 500
Best Fitness: [0.00197293]
1
iteration 600
Best Fitness: [0.00097848]
1
iteration 700
Best Fitness: [0.00058363]
1
iteration 800
Best Fitness: [0.00036533]
1
iteration 900
Best Fitness: [0.00018439]
1
iteration 1000
Best Fitness: [8.24207645e-05]
1
iteration 1100
Best Fitness: [4.96692746e-05]
1
iteration 1200
Best Fitness: [3.00741287e-05]
1
iteration 1300
Best Fitness: [1.49219887e-05]
1
iteration 1400
Best Fitness: [8.77835715e-06]
1
iteration 1500
Best Fitness: [3.84354829e-06]
1
iteration 1600
Best Fitness: [2.00560405e-06]
1
iteration 1700
Best Fitness: [1.05572957e-06]
1
iteration 1800
Best Fitness: [5.85666971e-07]
1
iteration 1900
Best Fitness: [2.68777299e-07]
1
iteration 2000
Best Fitness: [1.3229123e-07]
1
iteration 2100
Best Fitness: [6.91847362e-08]
1
iteration 2200
Best Fitness: [3.44785409e-08]
1
iteration 2300
Best Fitness: [1.8573644e-08]
1
iteration 2400
Best Fitness: [1.09808251e-08]
1
iteration 2500
Best Fitness: [5.67528957e-09]
1
iteration 2600
Best Fitness: [2.7864111e-09]
1
iteration 2700
Best Fitness: [1.6562236e-09]
1
iteration 2800
Best Fitness: [7.86894105e-10]
1
iteration 2900
Best Fitness: [4.18793888e-10]
1
iteration 2999
Best Fitness: [1.91660021e-10]
1
iteration 0
Best Fitness: [18.94911303]
100
iteration 100
Best Fitness: [0.02693002]
1
iteration 200
Best Fitness: [0.01285906]
1
iteration 300
Best Fitness: [0.00612799]
1
iteration 400
Best Fitness: [0.00260297]
1
iteration 500
Best Fitness: [0.00148006]
1
iteration 600
Best Fitness: [0.00064496]
1
iteration 700
Best Fitness: [0.00034511]
1
iteration 800
Best Fitness: [0.00014247]
1
iteration 900
Best Fitness: [7.22574576e-05]
1
iteration 1000
Best Fitness: [4.67187786e-05]
1
iteration 1100
Best Fitness: [2.65872089e-05]
1
iteration 1200
Best Fitness: [1.21143613e-05]
1
iteration 1300
Best Fitness: [6.22177877e-06]
1
iteration 1400
Best Fitness: [3.25809225e-06]
1
iteration 1500
Best Fitness: [1.81070131e-06]
1
iteration 1600
Best Fitness: [9.47061212e-07]
1
iteration 1700
Best Fitness: [4.79380004e-07]
1
iteration 1800
Best Fitness: [2.18514028e-07]
1
iteration 1900
Best Fitness: [1.15662051e-07]
1
iteration 2000
Best Fitness: [5.98557879e-08]
1
iteration 2100
Best Fitness: [2.93076621e-08]
1
iteration 2200
Best Fitness: [1.56121267e-08]
1
iteration 2300
Best Fitness: [8.19431456e-09]
1
iteration 2400
Best Fitness: [4.86660312e-09]
1
iteration 2500
Best Fitness: [2.5000606e-09]
1
iteration 2600
Best Fitness: [1.35948319e-09]
1
iteration 2700
Best Fitness: [7.76031683e-10]
1
iteration 2800
Best Fitness: [4.03035827e-10]
1
iteration 2900
Best Fitness: [1.99078087e-10]
1
iteration 2999
Best Fitness: [1.00312647e-10]
1
iteration 0
Best Fitness: [17.8558035]
100
iteration 100
Best Fitness: [0.0250611]
1
iteration 200
Best Fitness: [0.01437807]
1
iteration 300
Best Fitness: [0.00374342]
1
iteration 400
Best Fitness: [0.00166499]
1
iteration 500
Best Fitness: [0.00072124]
1
iteration 600
Best Fitness: [0.00040996]
1
iteration 700
Best Fitness: [0.00021907]
1
iteration 800
Best Fitness: [0.00010394]
1
iteration 900
Best Fitness: [4.61773224e-05]
1
iteration 1000
Best Fitness: [2.99647344e-05]
1
iteration 1100
Best Fitness: [1.77960903e-05]
1
iteration 1200
Best Fitness: [8.10160191e-06]
1
iteration 1300
Best Fitness: [5.48275068e-06]
1
iteration 1400
Best Fitness: [2.97400845e-06]
1
iteration 1500
Best Fitness: [1.58299068e-06]
1
iteration 1600
Best Fitness: [1.04042735e-06]
1
iteration 1700
Best Fitness: [5.86701855e-07]
1
iteration 1800
Best Fitness: [2.91078242e-07]
1
iteration 1900
Best Fitness: [1.31430991e-07]
1
iteration 2000
Best Fitness: [6.65465603e-08]
1
iteration 2100
Best Fitness: [4.06599749e-08]
1
iteration 2200
Best Fitness: [1.71088992e-08]
1
iteration 2300
Best Fitness: [8.88853968e-09]
1
iteration 2400
Best Fitness: [4.4563464e-09]
1
iteration 2500
Best Fitness: [2.68599365e-09]
1
iteration 2600
Best Fitness: [1.35534606e-09]
1
iteration 2700
Best Fitness: [7.80579157e-10]
1
iteration 2800
Best Fitness: [4.11651158e-10]
1
iteration 2900
Best Fitness: [2.04822825e-10]
1
iteration 2999
Best Fitness: [1.26691546e-10]
1
[array([5.7585936e-11]), array([9.16440257e-11]), array([2.2002844e-10]), array([6.65281163e-11]), array([9.77848913e-11]), array([3.16708437e-10]), array([1.0946799e-10]), array([1.91660021e-10]), array([1.00312647e-10]), array([1.26691546e-10])]
iteration 0
Best Fitness: [7.04036659]
100
iteration 100
Best Fitness: [0.9658383]
100
iteration 200
Best Fitness: [0.9277318]
100
iteration 300
Best Fitness: [0.92267264]
100
iteration 400
Best Fitness: [0.92135028]
100
iteration 500
Best Fitness: [0.92074041]
100
iteration 600
Best Fitness: [0.92034452]
100
iteration 700
Best Fitness: [0.91999933]
100
iteration 800
Best Fitness: [0.91969341]
100
iteration 900
Best Fitness: [0.91938235]
100
iteration 1000
Best Fitness: [0.91909118]
100
iteration 1100
Best Fitness: [0.91881983]
100
iteration 1200
Best Fitness: [0.91855663]
100
iteration 1300
Best Fitness: [0.91832636]
100
iteration 1400
Best Fitness: [0.92694597]
1
iteration 1500
Best Fitness: [0.92582145]
1
iteration 1600
Best Fitness: [0.92582024]
1
iteration 1700
Best Fitness: [0.92582024]
1
iteration 1800
Best Fitness: [0.92582024]
1
iteration 1900
Best Fitness: [0.92582024]
1
iteration 2000
Best Fitness: [0.92582024]
1
iteration 2100
Best Fitness: [0.92582024]
1
iteration 2200
Best Fitness: [0.92582024]
1
iteration 2300
Best Fitness: [0.92582024]
1
iteration 2400
Best Fitness: [0.92582024]
1
iteration 2500
Best Fitness: [0.92582024]
1
iteration 2600
Best Fitness: [0.92582024]
1
iteration 2700
Best Fitness: [0.92582024]
1
iteration 2800
Best Fitness: [0.92582024]
1
iteration 2900
Best Fitness: [0.92582024]
1
iteration 2999
Best Fitness: [0.92582024]
1
iteration 0
Best Fitness: [9.45480748]
100
iteration 100
Best Fitness: [1.64364055]
100
iteration 200
Best Fitness: [1.52738087]
100
iteration 300
Best Fitness: [1.5241364]
100
iteration 400
Best Fitness: [1.52244743]
100
iteration 500
Best Fitness: [1.52144291]
100
iteration 600
Best Fitness: [1.52080362]
100
iteration 700
Best Fitness: [1.52037767]
100
iteration 800
Best Fitness: [1.5200789]
100
iteration 900
Best Fitness: [1.5282111]
1
iteration 1000
Best Fitness: [1.52805405]
1
iteration 1100
Best Fitness: [1.52805404]
1
iteration 1200
Best Fitness: [1.52805404]
1
iteration 1300
Best Fitness: [1.52805404]
1
iteration 1400
Best Fitness: [1.52805404]
1
iteration 1500
Best Fitness: [1.52805404]
1
iteration 1600
Best Fitness: [1.52805404]
1
iteration 1700
Best Fitness: [1.52805404]
1
iteration 1800
Best Fitness: [1.52805404]
1
iteration 1900
Best Fitness: [1.52805404]
1
iteration 2000
Best Fitness: [1.52805404]
1
iteration 2100
Best Fitness: [1.52805404]
1
iteration 2200
Best Fitness: [1.52805404]
1
iteration 2300
Best Fitness: [1.52805404]
1
iteration 2400
Best Fitness: [1.52805404]
1
iteration 2500
Best Fitness: [1.52805404]
1
iteration 2600
Best Fitness: [1.52805404]
1
iteration 2700
Best Fitness: [1.52805404]
1
iteration 2800
Best Fitness: [1.52805404]
1
iteration 2900
Best Fitness: [1.52805404]
1
iteration 2999
Best Fitness: [1.52805404]
1
iteration 0
Best Fitness: [5.89406908]
100
iteration 100
Best Fitness: [1.88603827]
100
iteration 200
Best Fitness: [1.43211906]
100
iteration 300
Best Fitness: [0.8990842]
100
iteration 400
Best Fitness: [0.89416634]
100
iteration 500
Best Fitness: [0.89310966]
100
iteration 600
Best Fitness: [0.90996174]
1
iteration 700
Best Fitness: [0.90871256]
1
iteration 800
Best Fitness: [0.90871256]
1
iteration 900
Best Fitness: [0.90871256]
1
iteration 1000
Best Fitness: [0.90871256]
1
iteration 1100
Best Fitness: [0.90871256]
1
iteration 1200
Best Fitness: [0.90871256]
1
iteration 1300
Best Fitness: [0.90871256]
1
iteration 1400
Best Fitness: [0.90871256]
1
iteration 1500
Best Fitness: [0.90871256]
1
iteration 1600
Best Fitness: [0.90871256]
1
iteration 1700
Best Fitness: [0.90871256]
1
iteration 1800
Best Fitness: [0.90871256]
1
iteration 1900
Best Fitness: [0.90871256]
1
iteration 2000
Best Fitness: [0.90871256]
1
iteration 2100
Best Fitness: [0.90871256]
1
iteration 2200
Best Fitness: [0.90871256]
1
iteration 2300
Best Fitness: [0.90871256]
1
iteration 2400
Best Fitness: [0.90871256]
1
iteration 2500
Best Fitness: [0.90871256]
1
iteration 2600
Best Fitness: [0.90871256]
1
iteration 2700
Best Fitness: [0.90871256]
1
iteration 2800
Best Fitness: [0.90871256]
1
iteration 2900
Best Fitness: [0.90871256]
1
iteration 2999
Best Fitness: [0.90871256]
1
iteration 0
Best Fitness: [7.8767523]
100
iteration 100
Best Fitness: [3.9581798]
1
iteration 200
Best Fitness: [3.6544143]
1
iteration 300
Best Fitness: [3.65440932]
1
iteration 400
Best Fitness: [3.65440932]
1
iteration 500
Best Fitness: [3.65440932]
1
iteration 600
Best Fitness: [3.65440932]
1
iteration 700
Best Fitness: [3.65440932]
1
iteration 800
Best Fitness: [3.65440932]
1
iteration 900
Best Fitness: [3.65440932]
1
iteration 1000
Best Fitness: [3.65440932]
1
iteration 1100
Best Fitness: [3.65440932]
1
iteration 1200
Best Fitness: [3.65440932]
1
iteration 1300
Best Fitness: [3.65440932]
1
iteration 1400
Best Fitness: [3.65440932]
1
iteration 1500
Best Fitness: [3.65440932]
1
iteration 1600
Best Fitness: [3.65440932]
1
iteration 1700
Best Fitness: [3.65440932]
1
iteration 1800
Best Fitness: [3.65440932]
1
iteration 1900
Best Fitness: [3.65440932]
1
iteration 2000
Best Fitness: [3.65440932]
1
iteration 2100
Best Fitness: [3.65440932]
1
iteration 2200
Best Fitness: [3.65440932]
1
iteration 2300
Best Fitness: [3.65440932]
1
iteration 2400
Best Fitness: [3.65440932]
1
iteration 2500
Best Fitness: [3.65440932]
1
iteration 2600
Best Fitness: [3.65440932]
1
iteration 2700
Best Fitness: [3.65440932]
1
iteration 2800
Best Fitness: [3.65440932]
1
iteration 2900
Best Fitness: [3.65440932]
1
iteration 2999
Best Fitness: [3.65440932]
1
iteration 0
Best Fitness: [6.96768409]
100
iteration 100
Best Fitness: [1.33557994]
1
iteration 200
Best Fitness: [1.31625016]
1
iteration 300
Best Fitness: [1.31572918]
1
iteration 400
Best Fitness: [1.31572918]
1
iteration 500
Best Fitness: [1.31572918]
1
iteration 600
Best Fitness: [1.31572918]
1
iteration 700
Best Fitness: [1.31572918]
1
iteration 800
Best Fitness: [1.31572918]
1
iteration 900
Best Fitness: [1.31572918]
1
iteration 1000
Best Fitness: [1.31572918]
1
iteration 1100
Best Fitness: [1.31572918]
1
iteration 1200
Best Fitness: [1.31572918]
1
iteration 1300
Best Fitness: [1.31572918]
1
iteration 1400
Best Fitness: [1.31572918]
1
iteration 1500
Best Fitness: [1.31572918]
1
iteration 1600
Best Fitness: [1.31572918]
1
iteration 1700
Best Fitness: [1.31572918]
1
iteration 1800
Best Fitness: [1.31572918]
1
iteration 1900
Best Fitness: [1.31572918]
1
iteration 2000
Best Fitness: [1.31572918]
1
iteration 2100
Best Fitness: [1.31572918]
1
iteration 2200
Best Fitness: [1.31572918]
1
iteration 2300
Best Fitness: [1.31572918]
1
iteration 2400
Best Fitness: [1.31572918]
1
iteration 2500
Best Fitness: [1.31572918]
1
iteration 2600
Best Fitness: [1.31572918]
1
iteration 2700
Best Fitness: [1.31572918]
1
iteration 2800
Best Fitness: [1.31572918]
1
iteration 2900
Best Fitness: [1.31572918]
1
iteration 2999
Best Fitness: [1.31572918]
1
iteration 0
Best Fitness: [6.13080687]
100
iteration 100
Best Fitness: [1.03117124]
100
iteration 200
Best Fitness: [0.99119903]
100
iteration 300
Best Fitness: [0.97491666]
100
iteration 400
Best Fitness: [0.96524404]
100
iteration 500
Best Fitness: [0.95929778]
100
iteration 600
Best Fitness: [0.95549777]
100
iteration 700
Best Fitness: [0.95297925]
100
iteration 800
Best Fitness: [0.95124752]
100
iteration 900
Best Fitness: [0.94999853]
100
iteration 1000
Best Fitness: [0.94899762]
100
iteration 1100
Best Fitness: [0.9482258]
100
iteration 1200
Best Fitness: [0.9475789]
100
iteration 1300
Best Fitness: [0.94701442]
100
iteration 1400
Best Fitness: [0.94653936]
100
iteration 1500
Best Fitness: [0.94623246]
100
iteration 1600
Best Fitness: [0.95779105]
1
iteration 1700
Best Fitness: [0.95777728]
1
iteration 1800
Best Fitness: [0.95777728]
1
iteration 1900
Best Fitness: [0.95777728]
1
iteration 2000
Best Fitness: [0.95777728]
1
iteration 2100
Best Fitness: [0.95777728]
1
iteration 2200
Best Fitness: [0.95777728]
1
iteration 2300
Best Fitness: [0.95777728]
1
iteration 2400
Best Fitness: [0.95777728]
1
iteration 2500
Best Fitness: [0.95777728]
1
iteration 2600
Best Fitness: [0.95777728]
1
iteration 2700
Best Fitness: [0.95777728]
1
iteration 2800
Best Fitness: [0.95777728]
1
iteration 2900
Best Fitness: [0.95777728]
1
iteration 2999
Best Fitness: [0.95777728]
1
iteration 0
Best Fitness: [7.83688464]
100
iteration 100
Best Fitness: [1.7147437]
100
iteration 200
Best Fitness: [1.60949551]
100
iteration 300
Best Fitness: [1.46220948]
82
iteration 400
Best Fitness: [1.57590213]
1
iteration 500
Best Fitness: [1.5749858]
1
iteration 600
Best Fitness: [1.5749858]
1
iteration 700
Best Fitness: [1.5749858]
1
iteration 800
Best Fitness: [1.5749858]
1
iteration 900
Best Fitness: [1.5749858]
1
iteration 1000
Best Fitness: [1.5749858]
1
iteration 1100
Best Fitness: [1.5749858]
1
iteration 1200
Best Fitness: [1.5749858]
1
iteration 1300
Best Fitness: [1.5749858]
1
iteration 1400
Best Fitness: [1.5749858]
1
iteration 1500
Best Fitness: [1.5749858]
1
iteration 1600
Best Fitness: [1.5749858]
1
iteration 1700
Best Fitness: [1.5749858]
1
iteration 1800
Best Fitness: [1.5749858]
1
iteration 1900
Best Fitness: [1.5749858]
1
iteration 2000
Best Fitness: [1.5749858]
1
iteration 2100
Best Fitness: [1.5749858]
1
iteration 2200
Best Fitness: [1.5749858]
1
iteration 2300
Best Fitness: [1.5749858]
1
iteration 2400
Best Fitness: [1.5749858]
1
iteration 2500
Best Fitness: [1.5749858]
1
iteration 2600
Best Fitness: [1.5749858]
1
iteration 2700
Best Fitness: [1.5749858]
1
iteration 2800
Best Fitness: [1.5749858]
1
iteration 2900
Best Fitness: [1.5749858]
1
iteration 2999
Best Fitness: [1.5749858]
1
iteration 0
Best Fitness: [7.43912304]
100
iteration 100
Best Fitness: [1.81620947]
100
iteration 200
Best Fitness: [1.66519959]
100
iteration 300
Best Fitness: [1.61108481]
99
iteration 400
Best Fitness: [1.60904988]
99
iteration 500
Best Fitness: [1.60825851]
99
iteration 600
Best Fitness: [1.60751258]
1
iteration 700
Best Fitness: [1.58885668]
1
iteration 800
Best Fitness: [1.58885668]
1
iteration 900
Best Fitness: [1.58885668]
1
iteration 1000
Best Fitness: [1.58885668]
1
iteration 1100
Best Fitness: [1.58885668]
1
iteration 1200
Best Fitness: [1.58885668]
1
iteration 1300
Best Fitness: [1.58885668]
1
iteration 1400
Best Fitness: [1.58885668]
1
iteration 1500
Best Fitness: [1.58885668]
1
iteration 1600
Best Fitness: [1.58885668]
1
iteration 1700
Best Fitness: [1.58885668]
1
iteration 1800
Best Fitness: [1.58885668]
1
iteration 1900
Best Fitness: [1.58885668]
1
iteration 2000
Best Fitness: [1.58885668]
1
iteration 2100
Best Fitness: [1.58885668]
1
iteration 2200
Best Fitness: [1.58885668]
1
iteration 2300
Best Fitness: [1.58885668]
1
iteration 2400
Best Fitness: [1.58885668]
1
iteration 2500
Best Fitness: [1.58885668]
1
iteration 2600
Best Fitness: [1.58885668]
1
iteration 2700
Best Fitness: [1.58885668]
1
iteration 2800
Best Fitness: [1.58885668]
1
iteration 2900
Best Fitness: [1.58885668]
1
iteration 2999
Best Fitness: [1.58885668]
1
iteration 0
Best Fitness: [8.19405742]
100
iteration 100
Best Fitness: [2.07041803]
100
iteration 200
Best Fitness: [2.07686426]
1
iteration 300
Best Fitness: [2.04828757]
1
iteration 400
Best Fitness: [2.0482473]
1
iteration 500
Best Fitness: [2.0482473]
1
iteration 600
Best Fitness: [2.0482473]
1
iteration 700
Best Fitness: [2.0482473]
1
iteration 800
Best Fitness: [2.0482473]
1
iteration 900
Best Fitness: [2.0482473]
1
iteration 1000
Best Fitness: [2.0482473]
1
iteration 1100
Best Fitness: [2.0482473]
1
iteration 1200
Best Fitness: [2.0482473]
1
iteration 1300
Best Fitness: [2.0482473]
1
iteration 1400
Best Fitness: [2.0482473]
1
iteration 1500
Best Fitness: [2.0482473]
1
iteration 1600
Best Fitness: [2.0482473]
1
iteration 1700
Best Fitness: [2.0482473]
1
iteration 1800
Best Fitness: [2.0482473]
1
iteration 1900
Best Fitness: [2.0482473]
1
iteration 2000
Best Fitness: [2.0482473]
1
iteration 2100
Best Fitness: [2.0482473]
1
iteration 2200
Best Fitness: [2.0482473]
1
iteration 2300
Best Fitness: [2.0482473]
1
iteration 2400
Best Fitness: [2.0482473]
1
iteration 2500
Best Fitness: [2.0482473]
1
iteration 2600
Best Fitness: [2.0482473]
1
iteration 2700
Best Fitness: [2.0482473]
1
iteration 2800
Best Fitness: [2.0482473]
1
iteration 2900
Best Fitness: [2.0482473]
1
iteration 2999
Best Fitness: [2.0482473]
1
iteration 0
Best Fitness: [6.34824257]
100
iteration 100
Best Fitness: [1.76532415]
100
iteration 200
Best Fitness: [1.7003584]
100
iteration 300
Best Fitness: [1.65505038]
100
iteration 400
Best Fitness: [1.63875438]
100
iteration 500
Best Fitness: [1.63276202]
100
iteration 600
Best Fitness: [1.62995472]
100
iteration 700
Best Fitness: [1.62823369]
100
iteration 800
Best Fitness: [1.62696131]
100
iteration 900
Best Fitness: [1.64430371]
1
iteration 1000
Best Fitness: [1.636556]
1
iteration 1100
Best Fitness: [1.636556]
1
iteration 1200
Best Fitness: [1.636556]
1
iteration 1300
Best Fitness: [1.636556]
1
iteration 1400
Best Fitness: [1.636556]
1
iteration 1500
Best Fitness: [1.636556]
1
iteration 1600
Best Fitness: [1.636556]
1
iteration 1700
Best Fitness: [1.636556]
1
iteration 1800
Best Fitness: [1.636556]
1
iteration 1900
Best Fitness: [1.636556]
1
iteration 2000
Best Fitness: [1.636556]
1
iteration 2100
Best Fitness: [1.636556]
1
iteration 2200
Best Fitness: [1.636556]
1
iteration 2300
Best Fitness: [1.636556]
1
iteration 2400
Best Fitness: [1.636556]
1
iteration 2500
Best Fitness: [1.636556]
1
iteration 2600
Best Fitness: [1.636556]
1
iteration 2700
Best Fitness: [1.636556]
1
iteration 2800
Best Fitness: [1.636556]
1
iteration 2900
Best Fitness: [1.636556]
1
iteration 2999
Best Fitness: [1.636556]
1
[array([0.92582024]), array([1.52805404]), array([0.90871256]), array([3.65440932]), array([1.31572918]), array([0.95777728]), array([1.5749858]), array([1.58885668]), array([2.0482473]), array([1.636556])]
iteration 0
Best Fitness: [83.98649494]
100
iteration 100
Best Fitness: [5.65289409e-08]
100
iteration 200
Best Fitness: [0.02350602]
1
iteration 300
Best Fitness: [0.00373975]
1
iteration 400
Best Fitness: [0.00150615]
1
iteration 500
Best Fitness: [0.00084507]
1
iteration 600
Best Fitness: [0.00059977]
1
iteration 700
Best Fitness: [0.00034724]
1
iteration 800
Best Fitness: [0.00017033]
1
iteration 900
Best Fitness: [0.00011109]
1
iteration 1000
Best Fitness: [6.96486849e-05]
1
iteration 1100
Best Fitness: [3.2724974e-05]
1
iteration 1200
Best Fitness: [1.92624338e-05]
1
iteration 1300
Best Fitness: [1.25584083e-05]
1
iteration 1400
Best Fitness: [6.47203822e-06]
1
iteration 1500
Best Fitness: [3.38195468e-06]
1
iteration 1600
Best Fitness: [1.86760903e-06]
1
iteration 1700
Best Fitness: [9.59151072e-07]
1
iteration 1800
Best Fitness: [4.5141426e-07]
1
iteration 1900
Best Fitness: [2.43536837e-07]
1
iteration 2000
Best Fitness: [1.19167512e-07]
1
iteration 2100
Best Fitness: [5.14968081e-08]
1
iteration 2200
Best Fitness: [2.82698975e-08]
1
iteration 2300
Best Fitness: [1.79661092e-08]
1
iteration 2400
Best Fitness: [1.0111399e-08]
1
iteration 2500
Best Fitness: [5.95951798e-09]
1
iteration 2600
Best Fitness: [2.32224893e-09]
1
iteration 2700
Best Fitness: [1.40514717e-09]
1
iteration 2800
Best Fitness: [7.02143827e-10]
1
iteration 2900
Best Fitness: [3.96491764e-10]
1
iteration 2999
Best Fitness: [2.39951769e-10]
1
iteration 0
Best Fitness: [78.35217105]
100
iteration 100
Best Fitness: [7.92693771e-08]
100
iteration 200
Best Fitness: [0.01070096]
1
iteration 300
Best Fitness: [0.00427488]
1
iteration 400
Best Fitness: [0.00192751]
1
iteration 500
Best Fitness: [0.00083947]
1
iteration 600
Best Fitness: [0.00061173]
1
iteration 700
Best Fitness: [0.00028827]
1
iteration 800
Best Fitness: [0.00015234]
1
iteration 900
Best Fitness: [7.20020022e-05]
1
iteration 1000
Best Fitness: [3.94976628e-05]
1
iteration 1100
Best Fitness: [2.55957536e-05]
1
iteration 1200
Best Fitness: [1.28325318e-05]
1
iteration 1300
Best Fitness: [6.76988201e-06]
1
iteration 1400
Best Fitness: [3.11257731e-06]
1
iteration 1500
Best Fitness: [1.83222413e-06]
1
iteration 1600
Best Fitness: [1.05592508e-06]
1
iteration 1700
Best Fitness: [5.08694764e-07]
1
iteration 1800
Best Fitness: [2.80560835e-07]
1
iteration 1900
Best Fitness: [1.41969507e-07]
1
iteration 2000
Best Fitness: [9.00957758e-08]
1
iteration 2100
Best Fitness: [3.90383082e-08]
1
iteration 2200
Best Fitness: [2.0559588e-08]
1
iteration 2300
Best Fitness: [1.10390713e-08]
1
iteration 2400
Best Fitness: [5.23766317e-09]
1
iteration 2500
Best Fitness: [2.51478039e-09]
1
iteration 2600
Best Fitness: [1.11049112e-09]
1
iteration 2700
Best Fitness: [5.36749643e-10]
1
iteration 2800
Best Fitness: [2.97940718e-10]
1
iteration 2900
Best Fitness: [1.77678678e-10]
1
iteration 2999
Best Fitness: [8.86971753e-11]
1
iteration 0
Best Fitness: [85.16299563]
100
iteration 100
Best Fitness: [6.37162128e-08]
100
iteration 200
Best Fitness: [0.00930883]
1
iteration 300
Best Fitness: [0.00811634]
1
iteration 400
Best Fitness: [0.00324809]
1
iteration 500
Best Fitness: [0.00216398]
1
iteration 600
Best Fitness: [0.00122051]
1
iteration 700
Best Fitness: [0.00063736]
1
iteration 800
Best Fitness: [0.00032485]
1
iteration 900
Best Fitness: [0.00013477]
1
iteration 1000
Best Fitness: [7.80573785e-05]
1
iteration 1100
Best Fitness: [3.57728175e-05]
1
iteration 1200
Best Fitness: [1.77021298e-05]
1
iteration 1300
Best Fitness: [9.79841405e-06]
1
iteration 1400
Best Fitness: [5.75742907e-06]
1
iteration 1500
Best Fitness: [2.72126299e-06]
1
iteration 1600
Best Fitness: [1.7896154e-06]
1
iteration 1700
Best Fitness: [9.97972424e-07]
1
iteration 1800
Best Fitness: [5.31121549e-07]
1
iteration 1900
Best Fitness: [2.36617797e-07]
1
iteration 2000
Best Fitness: [1.55183712e-07]
1
iteration 2100
Best Fitness: [7.04520044e-08]
1
iteration 2200
Best Fitness: [4.25393199e-08]
1
iteration 2300
Best Fitness: [2.11323305e-08]
1
iteration 2400
Best Fitness: [1.23005314e-08]
1
iteration 2500
Best Fitness: [7.12657049e-09]
1
iteration 2600
Best Fitness: [3.75810205e-09]
1
iteration 2700
Best Fitness: [1.60839098e-09]
1
iteration 2800
Best Fitness: [7.87128023e-10]
1
iteration 2900
Best Fitness: [4.46911015e-10]
1
iteration 2999
Best Fitness: [2.10387111e-10]
1
iteration 0
Best Fitness: [72.89714455]
100
iteration 100
Best Fitness: [3.2298374e-08]
100
iteration 200
Best Fitness: [0.01282784]
1
iteration 300
Best Fitness: [0.00897652]
1
iteration 400
Best Fitness: [0.00328578]
1
iteration 500
Best Fitness: [0.00121839]
1
iteration 600
Best Fitness: [0.00072525]
1
iteration 700
Best Fitness: [0.00037039]
1
iteration 800
Best Fitness: [0.00017508]
1
iteration 900
Best Fitness: [9.12444327e-05]
1
iteration 1000
Best Fitness: [5.18166139e-05]
1
iteration 1100
Best Fitness: [2.77767935e-05]
1
iteration 1200
Best Fitness: [1.43047779e-05]
1
iteration 1300
Best Fitness: [7.31192265e-06]
1
iteration 1400
Best Fitness: [3.336938e-06]
1
iteration 1500
Best Fitness: [2.12733933e-06]
1
iteration 1600
Best Fitness: [1.04917615e-06]
1
iteration 1700
Best Fitness: [4.54204414e-07]
1
iteration 1800
Best Fitness: [2.20520885e-07]
1
iteration 1900
Best Fitness: [1.24999485e-07]
1
iteration 2000
Best Fitness: [5.29616565e-08]
1
iteration 2100
Best Fitness: [3.18601776e-08]
1
iteration 2200
Best Fitness: [1.77674337e-08]
1
iteration 2300
Best Fitness: [9.77732341e-09]
1
iteration 2400
Best Fitness: [6.2081816e-09]
1
iteration 2500
Best Fitness: [2.76801573e-09]
1
iteration 2600
Best Fitness: [1.35344144e-09]
1
iteration 2700
Best Fitness: [6.78435258e-10]
1
iteration 2800
Best Fitness: [3.24506441e-10]
1
iteration 2900
Best Fitness: [1.6510993e-10]
1
iteration 2999
Best Fitness: [9.14103748e-11]
1
iteration 0
Best Fitness: [84.67137217]
100
iteration 100
Best Fitness: [5.73913386e-08]
100
iteration 200
Best Fitness: [0.01124823]
1
iteration 300
Best Fitness: [0.00475614]
1
iteration 400
Best Fitness: [0.00224037]
1
iteration 500
Best Fitness: [0.00118511]
1
iteration 600
Best Fitness: [0.00058816]
1
iteration 700
Best Fitness: [0.00030483]
1
iteration 800
Best Fitness: [0.00015342]
1
iteration 900
Best Fitness: [7.13504373e-05]
1
iteration 1000
Best Fitness: [4.04259919e-05]
1
iteration 1100
Best Fitness: [2.0091885e-05]
1
iteration 1200
Best Fitness: [1.21171952e-05]
1
iteration 1300
Best Fitness: [7.79828947e-06]
1
iteration 1400
Best Fitness: [3.46898235e-06]
1
iteration 1500
Best Fitness: [1.66134529e-06]
1
iteration 1600
Best Fitness: [9.95260967e-07]
1
iteration 1700
Best Fitness: [5.621806e-07]
1
iteration 1800
Best Fitness: [2.71187572e-07]
1
iteration 1900
Best Fitness: [1.64667523e-07]
1
iteration 2000
Best Fitness: [1.0208894e-07]
1
iteration 2100
Best Fitness: [4.21881048e-08]
1
iteration 2200
Best Fitness: [1.84675794e-08]
1
iteration 2300
Best Fitness: [1.10604946e-08]
1
iteration 2400
Best Fitness: [6.08763448e-09]
1
iteration 2500
Best Fitness: [3.37175178e-09]
1
iteration 2600
Best Fitness: [2.12157505e-09]
1
iteration 2700
Best Fitness: [1.08035402e-09]
1
iteration 2800
Best Fitness: [5.51745308e-10]
1
iteration 2900
Best Fitness: [2.82514351e-10]
1
iteration 2999
Best Fitness: [1.65108668e-10]
1
iteration 0
Best Fitness: [83.51342201]
100
iteration 100
Best Fitness: [5.21939534e-08]
100
iteration 200
Best Fitness: [0.01482333]
1
iteration 300
Best Fitness: [0.00363988]
1
iteration 400
Best Fitness: [0.002434]
1
iteration 500
Best Fitness: [0.00126197]
1
iteration 600
Best Fitness: [0.00060863]
1
iteration 700
Best Fitness: [0.00035214]
1
iteration 800
Best Fitness: [0.0002031]
1
iteration 900
Best Fitness: [0.00011265]
1
iteration 1000
Best Fitness: [6.77106556e-05]
1
iteration 1100
Best Fitness: [3.5317537e-05]
1
iteration 1200
Best Fitness: [1.8015137e-05]
1
iteration 1300
Best Fitness: [1.03924415e-05]
1
iteration 1400
Best Fitness: [4.96149052e-06]
1
iteration 1500
Best Fitness: [2.50194786e-06]
1
iteration 1600
Best Fitness: [1.37293474e-06]
1
iteration 1700
Best Fitness: [8.75005817e-07]
1
iteration 1800
Best Fitness: [5.71362757e-07]
1
iteration 1900
Best Fitness: [2.56904726e-07]
1
iteration 2000
Best Fitness: [1.12308745e-07]
1
iteration 2100
Best Fitness: [5.18001762e-08]
1
iteration 2200
Best Fitness: [2.40347479e-08]
1
iteration 2300
Best Fitness: [1.29174076e-08]
1
iteration 2400
Best Fitness: [7.47435702e-09]
1
iteration 2500
Best Fitness: [3.54928804e-09]
1
iteration 2600
Best Fitness: [1.98731597e-09]
1
iteration 2700
Best Fitness: [1.05821614e-09]
1
iteration 2800
Best Fitness: [5.53602739e-10]
1
iteration 2900
Best Fitness: [2.50521677e-10]
1
iteration 2999
Best Fitness: [1.24546891e-10]
1
iteration 0
Best Fitness: [83.70648264]
100
iteration 100
Best Fitness: [6.44095018e-08]
100
iteration 200
Best Fitness: [0.01054776]
1
iteration 300
Best Fitness: [0.00630049]
1
iteration 400
Best Fitness: [0.00259319]
1
iteration 500
Best Fitness: [0.00140432]
1
iteration 600
Best Fitness: [0.00074538]
1
iteration 700
Best Fitness: [0.00050331]
1
iteration 800
Best Fitness: [0.0003282]
1
iteration 900
Best Fitness: [0.00013801]
1
iteration 1000
Best Fitness: [7.39777928e-05]
1
iteration 1100
Best Fitness: [4.80879404e-05]
1
iteration 1200
Best Fitness: [2.95826755e-05]
1
iteration 1300
Best Fitness: [1.52369867e-05]
1
iteration 1400
Best Fitness: [7.77046748e-06]
1
iteration 1500
Best Fitness: [5.04504061e-06]
1
iteration 1600
Best Fitness: [2.91187474e-06]
1
iteration 1700
Best Fitness: [1.44894092e-06]
1
iteration 1800
Best Fitness: [6.51942584e-07]
1
iteration 1900
Best Fitness: [3.71117804e-07]
1
iteration 2000
Best Fitness: [1.95459487e-07]
1
iteration 2100
Best Fitness: [9.88945802e-08]
1
iteration 2200
Best Fitness: [5.74938897e-08]
1
iteration 2300
Best Fitness: [2.82460439e-08]
1
iteration 2400
Best Fitness: [1.6518827e-08]
1
iteration 2500
Best Fitness: [8.98305519e-09]
1
iteration 2600
Best Fitness: [4.71919626e-09]
1
iteration 2700
Best Fitness: [2.61276082e-09]
1
iteration 2800
Best Fitness: [1.35401453e-09]
1
iteration 2900
Best Fitness: [6.04593073e-10]
1
iteration 2999
Best Fitness: [3.80923773e-10]
1
iteration 0
Best Fitness: [91.14414997]
100
iteration 100
Best Fitness: [8.2512297e-08]
100
iteration 200
Best Fitness: [0.00602233]
1
iteration 300
Best Fitness: [0.00486876]
1
iteration 400
Best Fitness: [0.00256585]
1
iteration 500
Best Fitness: [0.00123009]
1
iteration 600
Best Fitness: [0.00064694]
1
iteration 700
Best Fitness: [0.00032133]
1
iteration 800
Best Fitness: [0.00015834]
1
iteration 900
Best Fitness: [9.69205133e-05]
1
iteration 1000
Best Fitness: [5.54693637e-05]
1
iteration 1100
Best Fitness: [3.04683001e-05]
1
iteration 1200
Best Fitness: [1.44980163e-05]
1
iteration 1300
Best Fitness: [7.77320108e-06]
1
iteration 1400
Best Fitness: [4.45477951e-06]
1
iteration 1500
Best Fitness: [1.95896612e-06]
1
iteration 1600
Best Fitness: [1.13776522e-06]
1
iteration 1700
Best Fitness: [5.04684711e-07]
1
iteration 1800
Best Fitness: [3.4699236e-07]
1
iteration 1900
Best Fitness: [1.54599401e-07]
1
iteration 2000
Best Fitness: [6.90792785e-08]
1
iteration 2100
Best Fitness: [3.0111243e-08]
1
iteration 2200
Best Fitness: [1.75319101e-08]
1
iteration 2300
Best Fitness: [9.71176484e-09]
1
iteration 2400
Best Fitness: [4.52794782e-09]
1
iteration 2500
Best Fitness: [2.09000864e-09]
1
iteration 2600
Best Fitness: [1.29116936e-09]
1
iteration 2700
Best Fitness: [6.4587022e-10]
1
iteration 2800
Best Fitness: [3.51928686e-10]
1
iteration 2900
Best Fitness: [1.73679282e-10]
1
iteration 2999
Best Fitness: [8.54112096e-11]
1
iteration 0
Best Fitness: [93.20281365]
100
iteration 100
Best Fitness: [8.19108462e-08]
100
iteration 200
Best Fitness: [0.01581492]
1
iteration 300
Best Fitness: [0.00552433]
1
iteration 400
Best Fitness: [0.00286677]
1
iteration 500
Best Fitness: [0.00146797]
1
iteration 600
Best Fitness: [0.00088794]
1
iteration 700
Best Fitness: [0.00052688]
1
iteration 800
Best Fitness: [0.00027255]
1
iteration 900
Best Fitness: [0.00016777]
1
iteration 1000
Best Fitness: [8.8102425e-05]
1
iteration 1100
Best Fitness: [5.53305746e-05]
1
iteration 1200
Best Fitness: [2.69466989e-05]
1
iteration 1300
Best Fitness: [1.66023589e-05]
1
iteration 1400
Best Fitness: [8.59457094e-06]
1
iteration 1500
Best Fitness: [5.5657124e-06]
1
iteration 1600
Best Fitness: [2.21752909e-06]
1
iteration 1700
Best Fitness: [1.24897748e-06]
1
iteration 1800
Best Fitness: [7.11645174e-07]
1
iteration 1900
Best Fitness: [3.65738169e-07]
1
iteration 2000
Best Fitness: [1.98271208e-07]
1
iteration 2100
Best Fitness: [9.5147761e-08]
1
iteration 2200
Best Fitness: [5.74581824e-08]
1
iteration 2300
Best Fitness: [2.77532872e-08]
1
iteration 2400
Best Fitness: [1.56971355e-08]
1
iteration 2500
Best Fitness: [8.41845318e-09]
1
iteration 2600
Best Fitness: [4.55322807e-09]
1
iteration 2700
Best Fitness: [1.86662595e-09]
1
iteration 2800
Best Fitness: [1.13334399e-09]
1
iteration 2900
Best Fitness: [6.69436807e-10]
1
iteration 2999
Best Fitness: [3.55928926e-10]
1
iteration 0
Best Fitness: [91.58605171]
100
iteration 100
Best Fitness: [280.75476873]
1
iteration 200
Best Fitness: [279.85129651]
1
iteration 300
Best Fitness: [279.85129651]
1
iteration 400
Best Fitness: [279.85129651]
1
iteration 500
Best Fitness: [279.85129651]
1
iteration 600
Best Fitness: [279.85129651]
1
iteration 700
Best Fitness: [279.85129651]
1
iteration 800
Best Fitness: [279.85129651]
1
iteration 900
Best Fitness: [279.85129651]
1
iteration 1000
Best Fitness: [279.85129651]
1
iteration 1100
Best Fitness: [279.85129651]
1
iteration 1200
Best Fitness: [279.85129651]
1
iteration 1300
Best Fitness: [279.85129651]
1
iteration 1400
Best Fitness: [279.85129651]
1
iteration 1500
Best Fitness: [279.85129651]
1
iteration 1600
Best Fitness: [279.85129651]
1
iteration 1700
Best Fitness: [279.85129651]
1
iteration 1800
Best Fitness: [279.85129651]
1
iteration 1900
Best Fitness: [279.85129651]
1
iteration 2000
Best Fitness: [279.85129651]
1
iteration 2100
Best Fitness: [279.85129651]
1
iteration 2200
Best Fitness: [279.85129651]
1
iteration 2300
Best Fitness: [279.85129651]
1
iteration 2400
Best Fitness: [279.85129651]
1
iteration 2500
Best Fitness: [279.85129651]
1
iteration 2600
Best Fitness: [279.85129651]
1
iteration 2700
Best Fitness: [279.85129651]
1
iteration 2800
Best Fitness: [279.85129651]
1
iteration 2900
Best Fitness: [279.85129651]
1
iteration 2999
Best Fitness: [279.85129651]
1
[array([2.39951769e-10]), array([8.86971753e-11]), array([2.10387111e-10]), array([9.14103748e-11]), array([1.65108668e-10]), array([1.24546891e-10]), array([3.80923773e-10]), array([8.54112096e-11]), array([3.55928926e-10]), array([279.85129651])]
iteration 0
Best Fitness: [21.94522775]
100
iteration 100
Best Fitness: [0.01374808]
1
iteration 200
Best Fitness: [0.00752704]
1
iteration 300
Best Fitness: [0.00283947]
1
iteration 400
Best Fitness: [0.00169207]
1
iteration 500
Best Fitness: [0.00074309]
1
iteration 600
Best Fitness: [0.00037607]
1
iteration 700
Best Fitness: [0.00025333]
1
iteration 800
Best Fitness: [0.00012711]
1
iteration 900
Best Fitness: [6.05571667e-05]
1
iteration 1000
Best Fitness: [2.80554029e-05]
1
iteration 1100
Best Fitness: [1.39754961e-05]
1
iteration 1200
Best Fitness: [9.05390281e-06]
1
iteration 1300
Best Fitness: [4.91194732e-06]
1
iteration 1400
Best Fitness: [2.35566302e-06]
1
iteration 1500
Best Fitness: [1.42959123e-06]
1
iteration 1600
Best Fitness: [1.01241768e-06]
1
iteration 1700
Best Fitness: [6.33124474e-07]
1
iteration 1800
Best Fitness: [2.55644682e-07]
1
iteration 1900
Best Fitness: [1.46986096e-07]
1
iteration 2000
Best Fitness: [8.90273828e-08]
1
iteration 2100
Best Fitness: [4.80322768e-08]
1
iteration 2200
Best Fitness: [2.44988527e-08]
1
iteration 2300
Best Fitness: [1.11095666e-08]
1
iteration 2400
Best Fitness: [6.30415897e-09]
1
iteration 2500
Best Fitness: [3.49486484e-09]
1
iteration 2600
Best Fitness: [1.95889882e-09]
1
iteration 2700
Best Fitness: [1.15181109e-09]
1
iteration 2800
Best Fitness: [5.50668844e-10]
1
iteration 2900
Best Fitness: [2.61591637e-10]
1
iteration 2999
Best Fitness: [1.23616672e-10]
1
iteration 0
Best Fitness: [18.35457686]
100
iteration 100
Best Fitness: [0.01092109]
3
iteration 200
Best Fitness: [0.00773428]
1
iteration 300
Best Fitness: [0.00247123]
1
iteration 400
Best Fitness: [0.00080235]
1
iteration 500
Best Fitness: [0.00051313]
1
iteration 600
Best Fitness: [0.00022163]
1
iteration 700
Best Fitness: [0.00012918]
1
iteration 800
Best Fitness: [6.16005957e-05]
1
iteration 900
Best Fitness: [2.95704504e-05]
1
iteration 1000
Best Fitness: [1.89565117e-05]
1
iteration 1100
Best Fitness: [1.0620491e-05]
1
iteration 1200
Best Fitness: [5.16157809e-06]
1
iteration 1300
Best Fitness: [2.57576287e-06]
1
iteration 1400
Best Fitness: [1.55552017e-06]
1
iteration 1500
Best Fitness: [9.54803271e-07]
1
iteration 1600
Best Fitness: [5.09925924e-07]
1
iteration 1700
Best Fitness: [2.47038328e-07]
1
iteration 1800
Best Fitness: [1.37293005e-07]
1
iteration 1900
Best Fitness: [6.79034748e-08]
1
iteration 2000
Best Fitness: [3.51473251e-08]
1
iteration 2100
Best Fitness: [1.7507821e-08]
1
iteration 2200
Best Fitness: [1.06246496e-08]
1
iteration 2300
Best Fitness: [5.20223153e-09]
1
iteration 2400
Best Fitness: [2.57819188e-09]
1
iteration 2500
Best Fitness: [1.27800526e-09]
1
iteration 2600
Best Fitness: [6.70915767e-10]
1
iteration 2700
Best Fitness: [2.86066282e-10]
1
iteration 2800
Best Fitness: [1.89317007e-10]
1
iteration 2900
Best Fitness: [9.40278966e-11]
1
iteration 2999
Best Fitness: [4.69668748e-11]
1
iteration 0
Best Fitness: [23.13698631]
100
iteration 100
Best Fitness: [0.02989556]
1
iteration 200
Best Fitness: [0.01346619]
1
iteration 300
Best Fitness: [0.00420616]
1
iteration 400
Best Fitness: [0.00186737]
1
iteration 500
Best Fitness: [0.0008913]
1
iteration 600
Best Fitness: [0.00050068]
1
iteration 700
Best Fitness: [0.00030658]
1
iteration 800
Best Fitness: [0.00013725]
1
iteration 900
Best Fitness: [7.66382729e-05]
1
iteration 1000
Best Fitness: [4.20384817e-05]
1
iteration 1100
Best Fitness: [2.45029357e-05]
1
iteration 1200
Best Fitness: [1.29978553e-05]
1
iteration 1300
Best Fitness: [6.45693395e-06]
1
iteration 1400
Best Fitness: [2.71754157e-06]
1
iteration 1500
Best Fitness: [1.35233853e-06]
1
iteration 1600
Best Fitness: [7.16335524e-07]
1
iteration 1700
Best Fitness: [3.6449987e-07]
1
iteration 1800
Best Fitness: [2.04153675e-07]
1
iteration 1900
Best Fitness: [1.05436404e-07]
1
iteration 2000
Best Fitness: [5.432066e-08]
1
iteration 2100
Best Fitness: [2.95946929e-08]
1
iteration 2200
Best Fitness: [1.86049043e-08]
1
iteration 2300
Best Fitness: [9.10443276e-09]
1
iteration 2400
Best Fitness: [4.255714e-09]
1
iteration 2500
Best Fitness: [2.26523866e-09]
1
iteration 2600
Best Fitness: [1.48539669e-09]
1
iteration 2700
Best Fitness: [7.34955208e-10]
1
iteration 2800
Best Fitness: [3.54887675e-10]
1
iteration 2900
Best Fitness: [1.78848936e-10]
1
iteration 2999
Best Fitness: [9.45732381e-11]
1
iteration 0
Best Fitness: [21.94906866]
100
iteration 100
Best Fitness: [0.01440464]
1
iteration 200
Best Fitness: [0.00838511]
1
iteration 300
Best Fitness: [0.00258618]
1
iteration 400
Best Fitness: [0.00150165]
1
iteration 500
Best Fitness: [0.00075938]
1
iteration 600
Best Fitness: [0.00041198]
1
iteration 700
Best Fitness: [0.00018615]
1
iteration 800
Best Fitness: [8.33385026e-05]
1
iteration 900
Best Fitness: [5.48900785e-05]
1
iteration 1000
Best Fitness: [3.22525759e-05]
1
iteration 1100
Best Fitness: [1.67720939e-05]
1
iteration 1200
Best Fitness: [7.89733245e-06]
1
iteration 1300
Best Fitness: [3.9485293e-06]
1
iteration 1400
Best Fitness: [1.85875497e-06]
1
iteration 1500
Best Fitness: [1.10485601e-06]
1
iteration 1600
Best Fitness: [6.48397302e-07]
1
iteration 1700
Best Fitness: [4.1058567e-07]
1
iteration 1800
Best Fitness: [1.94348388e-07]
1
iteration 1900
Best Fitness: [9.0987891e-08]
1
iteration 2000
Best Fitness: [4.78436686e-08]
1
iteration 2100
Best Fitness: [2.78823578e-08]
1
iteration 2200
Best Fitness: [1.3296015e-08]
1
iteration 2300
Best Fitness: [6.82888057e-09]
1
iteration 2400
Best Fitness: [3.88899757e-09]
1
iteration 2500
Best Fitness: [2.5577247e-09]
1
iteration 2600
Best Fitness: [1.24220101e-09]
1
iteration 2700
Best Fitness: [7.11956716e-10]
1
iteration 2800
Best Fitness: [3.51972673e-10]
1
iteration 2900
Best Fitness: [1.82375004e-10]
1
iteration 2999
Best Fitness: [9.28181976e-11]
1
iteration 0
Best Fitness: [19.4608064]
100
iteration 100
Best Fitness: [0.02565269]
2
iteration 200
Best Fitness: [0.01152768]
1
iteration 300
Best Fitness: [0.00559006]
1
iteration 400
Best Fitness: [0.00157697]
1
iteration 500
Best Fitness: [0.00092177]
1
iteration 600
Best Fitness: [0.00050645]
1
iteration 700
Best Fitness: [0.00027265]
1
iteration 800
Best Fitness: [0.00017802]
1
iteration 900
Best Fitness: [9.80434383e-05]
1
iteration 1000
Best Fitness: [5.64935669e-05]
1
iteration 1100
Best Fitness: [3.39080826e-05]
1
iteration 1200
Best Fitness: [1.42693538e-05]
1
iteration 1300
Best Fitness: [7.69726185e-06]
1
iteration 1400
Best Fitness: [4.06375315e-06]
1
iteration 1500
Best Fitness: [2.18868595e-06]
1
iteration 1600
Best Fitness: [1.06177962e-06]
1
iteration 1700
Best Fitness: [6.55312085e-07]
1
iteration 1800
Best Fitness: [3.81112425e-07]
1
iteration 1900
Best Fitness: [2.04995139e-07]
1
iteration 2000
Best Fitness: [9.98432554e-08]
1
iteration 2100
Best Fitness: [5.02296498e-08]
1
iteration 2200
Best Fitness: [2.44186467e-08]
1
iteration 2300
Best Fitness: [1.23185693e-08]
1
iteration 2400
Best Fitness: [6.96437752e-09]
1
iteration 2500
Best Fitness: [3.31433547e-09]
1
iteration 2600
Best Fitness: [1.82906845e-09]
1
iteration 2700
Best Fitness: [9.17488308e-10]
1
iteration 2800
Best Fitness: [4.43641568e-10]
1
iteration 2900
Best Fitness: [2.43467468e-10]
1
iteration 2999
Best Fitness: [1.32358124e-10]
1
iteration 0
Best Fitness: [16.78234936]
100
iteration 100
Best Fitness: [0.04337925]
1
iteration 200
Best Fitness: [0.03242274]
1
iteration 300
Best Fitness: [0.02150762]
1
iteration 400
Best Fitness: [0.02126077]
1
iteration 500
Best Fitness: [0.01403935]
1
iteration 600
Best Fitness: [0.0140314]
1
iteration 700
Best Fitness: [0.0140314]
1
iteration 800
Best Fitness: [0.0140314]
1
iteration 900
Best Fitness: [0.0140314]
1
iteration 1000
Best Fitness: [0.00785664]
1
iteration 1100
Best Fitness: [0.00567953]
1
iteration 1200
Best Fitness: [0.00502396]
1
iteration 1300
Best Fitness: [0.00343729]
1
iteration 1400
Best Fitness: [0.00311858]
1
iteration 1500
Best Fitness: [0.00311837]
1
iteration 1600
Best Fitness: [0.00311837]
1
iteration 1700
Best Fitness: [0.00311837]
1
iteration 1800
Best Fitness: [0.00311837]
1
iteration 1900
Best Fitness: [0.00311837]
1
iteration 2000
Best Fitness: [0.00311837]
1
iteration 2100
Best Fitness: [0.00311837]
1
iteration 2200
Best Fitness: [0.00311837]
1
iteration 2300
Best Fitness: [0.00311837]
1
iteration 2400
Best Fitness: [0.00311837]
1
iteration 2500
Best Fitness: [0.00311837]
1
iteration 2600
Best Fitness: [0.00311837]
1
iteration 2700
Best Fitness: [0.00311837]
1
iteration 2800
Best Fitness: [0.00311837]
1
iteration 2900
Best Fitness: [0.00311837]
1
iteration 2999
Best Fitness: [0.00311837]
1
iteration 0
Best Fitness: [23.91998832]
100
iteration 100
Best Fitness: [0.24132125]
1
iteration 200
Best Fitness: [0.03856845]
1
iteration 300
Best Fitness: [0.01628199]
1
iteration 400
Best Fitness: [0.00803829]
1
iteration 500
Best Fitness: [0.00461548]
1
iteration 600
Best Fitness: [0.0024048]
1
iteration 700
Best Fitness: [0.00182448]
1
iteration 800
Best Fitness: [0.0011898]
1
iteration 900
Best Fitness: [0.0008677]
1
iteration 1000
Best Fitness: [0.00048573]
1
iteration 1100
Best Fitness: [0.00026566]
1
iteration 1200
Best Fitness: [0.00013709]
1
iteration 1300
Best Fitness: [7.68768608e-05]
1
iteration 1400
Best Fitness: [3.79580929e-05]
1
iteration 1500
Best Fitness: [1.95675004e-05]
1
iteration 1600
Best Fitness: [1.1338284e-05]
1
iteration 1700
Best Fitness: [5.61043818e-06]
1
iteration 1800
Best Fitness: [3.48117314e-06]
1
iteration 1900
Best Fitness: [2.02424554e-06]
1
iteration 2000
Best Fitness: [1.07013209e-06]
1
iteration 2100
Best Fitness: [7.18382299e-07]
1
iteration 2200
Best Fitness: [3.4652199e-07]
1
iteration 2300
Best Fitness: [2.04780402e-07]
1
iteration 2400
Best Fitness: [9.17235567e-08]
1
iteration 2500
Best Fitness: [5.20259853e-08]
1
iteration 2600
Best Fitness: [3.11555013e-08]
1
iteration 2700
Best Fitness: [1.3489089e-08]
1
iteration 2800
Best Fitness: [6.88123691e-09]
1
iteration 2900
Best Fitness: [3.57225716e-09]
1
iteration 2999
Best Fitness: [2.50898502e-09]
1
iteration 0
Best Fitness: [23.88133547]
100
iteration 100
Best Fitness: [0.00719449]
3
iteration 200
Best Fitness: [0.00388201]
1
iteration 300
Best Fitness: [0.00186142]
1
iteration 400
Best Fitness: [0.00126522]
1
iteration 500
Best Fitness: [0.00049085]
1
iteration 600
Best Fitness: [0.00026172]
1
iteration 700
Best Fitness: [0.0001777]
1
iteration 800
Best Fitness: [0.0001543]
1
iteration 900
Best Fitness: [0.00011305]
1
iteration 1000
Best Fitness: [7.04732802e-05]
1
iteration 1100
Best Fitness: [5.54491283e-05]
1
iteration 1200
Best Fitness: [3.98279212e-05]
1
iteration 1300
Best Fitness: [2.55451458e-05]
1
iteration 1400
Best Fitness: [1.50684772e-05]
1
iteration 1500
Best Fitness: [9.48682597e-06]
1
iteration 1600
Best Fitness: [5.64209688e-06]
1
iteration 1700
Best Fitness: [3.87513304e-06]
1
iteration 1800
Best Fitness: [2.637297e-06]
1
iteration 1900
Best Fitness: [1.89206164e-06]
1
iteration 2000
Best Fitness: [1.35970905e-06]
1
iteration 2100
Best Fitness: [8.54787993e-07]
1
iteration 2200
Best Fitness: [2.90070934e-07]
1
iteration 2300
Best Fitness: [1.59781578e-07]
1
iteration 2400
Best Fitness: [8.5917911e-08]
1
iteration 2500
Best Fitness: [5.4997189e-08]
1
iteration 2600
Best Fitness: [2.97032514e-08]
1
iteration 2700
Best Fitness: [1.38737928e-08]
1
iteration 2800
Best Fitness: [9.23472498e-09]
1
iteration 2900
Best Fitness: [4.95221464e-09]
1
iteration 2999
Best Fitness: [2.62176769e-09]
1
iteration 0
Best Fitness: [14.9326863]
100
iteration 100
Best Fitness: [0.00468706]
4
iteration 200
Best Fitness: [0.00647739]
1
iteration 300
Best Fitness: [0.00135346]
1
iteration 400
Best Fitness: [0.00093144]
1
iteration 500
Best Fitness: [0.00060384]
1
iteration 600
Best Fitness: [0.00043187]
1
iteration 700
Best Fitness: [0.00022301]
1
iteration 800
Best Fitness: [9.70481488e-05]
1
iteration 900
Best Fitness: [5.39690784e-05]
1
iteration 1000
Best Fitness: [3.08550586e-05]
1
iteration 1100
Best Fitness: [1.77085363e-05]
1
iteration 1200
Best Fitness: [1.04753784e-05]
1
iteration 1300
Best Fitness: [4.97259733e-06]
1
iteration 1400
Best Fitness: [2.99166328e-06]
1
iteration 1500
Best Fitness: [1.64682308e-06]
1
iteration 1600
Best Fitness: [6.79829714e-07]
1
iteration 1700
Best Fitness: [4.13695739e-07]
1
iteration 1800
Best Fitness: [2.24910087e-07]
1
iteration 1900
Best Fitness: [1.06150031e-07]
1
iteration 2000
Best Fitness: [4.43430377e-08]
1
iteration 2100
Best Fitness: [2.73409224e-08]
1
iteration 2200
Best Fitness: [1.74104127e-08]
1
iteration 2300
Best Fitness: [8.84124951e-09]
1
iteration 2400
Best Fitness: [4.61308503e-09]
1
iteration 2500
Best Fitness: [2.35131381e-09]
1
iteration 2600
Best Fitness: [1.15795551e-09]
1
iteration 2700
Best Fitness: [5.85512083e-10]
1
iteration 2800
Best Fitness: [2.80085288e-10]
1
iteration 2900
Best Fitness: [1.55090163e-10]
1
iteration 2999
Best Fitness: [8.6682661e-11]
1
iteration 0
Best Fitness: [26.86207538]
100
iteration 100
Best Fitness: [0.04330355]
2
iteration 200
Best Fitness: [0.01826316]
1
iteration 300
Best Fitness: [0.00740196]
1
iteration 400
Best Fitness: [0.00264542]
1
iteration 500
Best Fitness: [0.00145653]
1
iteration 600
Best Fitness: [0.0008406]
1
iteration 700
Best Fitness: [0.00045271]
1
iteration 800
Best Fitness: [0.00019196]
1
iteration 900
Best Fitness: [0.00010521]
1
iteration 1000
Best Fitness: [5.76657147e-05]
1
iteration 1100
Best Fitness: [2.9506917e-05]
1
iteration 1200
Best Fitness: [1.47793914e-05]
1
iteration 1300
Best Fitness: [6.00673216e-06]
1
iteration 1400
Best Fitness: [3.2486971e-06]
1
iteration 1500
Best Fitness: [1.79063862e-06]
1
iteration 1600
Best Fitness: [1.09333816e-06]
1
iteration 1700
Best Fitness: [6.03354554e-07]
1
iteration 1800
Best Fitness: [3.39711036e-07]
1
iteration 1900
Best Fitness: [1.48586619e-07]
1
iteration 2000
Best Fitness: [7.48550537e-08]
1
iteration 2100
Best Fitness: [4.28750226e-08]
1
iteration 2200
Best Fitness: [2.18072529e-08]
1
iteration 2300
Best Fitness: [9.19215815e-09]
1
iteration 2400
Best Fitness: [5.82235948e-09]
1
iteration 2500
Best Fitness: [3.02382119e-09]
1
iteration 2600
Best Fitness: [1.54604329e-09]
1
iteration 2700
Best Fitness: [7.86002374e-10]
1
iteration 2800
Best Fitness: [4.03467482e-10]
1
iteration 2900
Best Fitness: [2.09674056e-10]
1
iteration 2999
Best Fitness: [1.10002674e-10]
1
[array([1.23616672e-10]), array([4.69668748e-11]), array([9.45732381e-11]), array([9.28181976e-11]), array([1.32358124e-10]), array([0.00311837]), array([2.50898502e-09]), array([2.62176769e-09]), array([8.6682661e-11]), array([1.10002674e-10])]
iteration 0
Best Fitness: [12.75068767]
100
iteration 100
Best Fitness: [0.00436984]
1
iteration 200
Best Fitness: [0.00136816]
1
iteration 300
Best Fitness: [0.00041576]
1
iteration 400
Best Fitness: [0.00016952]
1
iteration 500
Best Fitness: [9.24352917e-05]
1
iteration 600
Best Fitness: [6.22645303e-05]
1
iteration 700
Best Fitness: [2.94008935e-05]
1
iteration 800
Best Fitness: [1.53474298e-05]
1
iteration 900
Best Fitness: [7.94456586e-06]
1
iteration 1000
Best Fitness: [3.9472307e-06]
1
iteration 1100
Best Fitness: [2.03027108e-06]
1
iteration 1200
Best Fitness: [9.90418402e-07]
1
iteration 1300
Best Fitness: [4.55411849e-07]
1
iteration 1400
Best Fitness: [2.64804431e-07]
1
iteration 1500
Best Fitness: [1.44967394e-07]
1
iteration 1600
Best Fitness: [8.84830207e-08]
1
iteration 1700
Best Fitness: [4.79098556e-08]
1
iteration 1800
Best Fitness: [2.09671396e-08]
1
iteration 1900
Best Fitness: [1.0781704e-08]
1
iteration 2000
Best Fitness: [5.80021977e-09]
1
iteration 2100
Best Fitness: [2.91289359e-09]
1
iteration 2200
Best Fitness: [1.82306577e-09]
1
iteration 2300
Best Fitness: [8.19945107e-10]
1
iteration 2400
Best Fitness: [4.64798276e-10]
1
iteration 2500
Best Fitness: [2.65249309e-10]
1
iteration 2600
Best Fitness: [1.24756374e-10]
1
iteration 2700
Best Fitness: [6.03842088e-11]
1
iteration 2800
Best Fitness: [3.29222502e-11]
1
iteration 2900
Best Fitness: [2.01254271e-11]
1
iteration 2999
Best Fitness: [1.18340017e-11]
1
iteration 0
Best Fitness: [10.53380614]
100
iteration 100
Best Fitness: [0.00239774]
1
iteration 200
Best Fitness: [0.00070649]
1
iteration 300
Best Fitness: [0.00028479]
1
iteration 400
Best Fitness: [0.00016343]
1
iteration 500
Best Fitness: [9.45946481e-05]
1
iteration 600
Best Fitness: [5.47989902e-05]
1
iteration 700
Best Fitness: [2.74572271e-05]
1
iteration 800
Best Fitness: [1.68697487e-05]
1
iteration 900
Best Fitness: [9.48863661e-06]
1
iteration 1000
Best Fitness: [6.08603738e-06]
1
iteration 1100
Best Fitness: [2.78660045e-06]
1
iteration 1200
Best Fitness: [1.36611427e-06]
1
iteration 1300
Best Fitness: [8.54702251e-07]
1
iteration 1400
Best Fitness: [4.42083522e-07]
1
iteration 1500
Best Fitness: [1.98312016e-07]
1
iteration 1600
Best Fitness: [9.84730535e-08]
1
iteration 1700
Best Fitness: [6.27634086e-08]
1
iteration 1800
Best Fitness: [2.96361701e-08]
1
iteration 1900
Best Fitness: [1.21205027e-08]
1
iteration 2000
Best Fitness: [6.60492387e-09]
1
iteration 2100
Best Fitness: [3.58710249e-09]
1
iteration 2200
Best Fitness: [1.88472232e-09]
1
iteration 2300
Best Fitness: [9.86875723e-10]
1
iteration 2400
Best Fitness: [4.55366919e-10]
1
iteration 2500
Best Fitness: [2.3985009e-10]
1
iteration 2600
Best Fitness: [1.26424281e-10]
1
iteration 2700
Best Fitness: [6.60727129e-11]
1
iteration 2800
Best Fitness: [3.44054326e-11]
1
iteration 2900
Best Fitness: [1.98901119e-11]
1
iteration 2999
Best Fitness: [1.10847203e-11]
1
iteration 0
Best Fitness: [8.42726246]
100
iteration 100
Best Fitness: [0.00604695]
1
iteration 200
Best Fitness: [0.0016109]
1
iteration 300
Best Fitness: [0.00068493]
1
iteration 400
Best Fitness: [0.0002933]
1
iteration 500
Best Fitness: [0.00015883]
1
iteration 600
Best Fitness: [9.21347992e-05]
1
iteration 700
Best Fitness: [4.37392759e-05]
1
iteration 800
Best Fitness: [2.38863532e-05]
1
iteration 900
Best Fitness: [1.11510193e-05]
1
iteration 1000
Best Fitness: [6.12587512e-06]
1
iteration 1100
Best Fitness: [2.98109317e-06]
1
iteration 1200
Best Fitness: [1.43368701e-06]
1
iteration 1300
Best Fitness: [7.63664661e-07]
1
iteration 1400
Best Fitness: [4.06080958e-07]
1
iteration 1500
Best Fitness: [1.82712889e-07]
1
iteration 1600
Best Fitness: [9.2831443e-08]
1
iteration 1700
Best Fitness: [4.86764011e-08]
1
iteration 1800
Best Fitness: [2.58906678e-08]
1
iteration 1900
Best Fitness: [1.27212716e-08]
1
iteration 2000
Best Fitness: [7.14809559e-09]
1
iteration 2100
Best Fitness: [3.72037412e-09]
1
iteration 2200
Best Fitness: [2.16985753e-09]
1
iteration 2300
Best Fitness: [1.10334273e-09]
1
iteration 2400
Best Fitness: [5.57301584e-10]
1
iteration 2500
Best Fitness: [3.44600998e-10]
1
iteration 2600
Best Fitness: [1.77204511e-10]
1
iteration 2700
Best Fitness: [9.21132773e-11]
1
iteration 2800
Best Fitness: [4.9479371e-11]
1
iteration 2900
Best Fitness: [3.12154052e-11]
1
iteration 2999
Best Fitness: [1.30952472e-11]
1
iteration 0
Best Fitness: [8.84090949]
100
iteration 100
Best Fitness: [0.00236198]
1
iteration 200
Best Fitness: [0.00120092]
1
iteration 300
Best Fitness: [0.00042315]
1
iteration 400
Best Fitness: [0.0001488]
1
iteration 500
Best Fitness: [9.00957301e-05]
1
iteration 600
Best Fitness: [4.02564458e-05]
1
iteration 700
Best Fitness: [2.13843413e-05]
1
iteration 800
Best Fitness: [1.2558683e-05]
1
iteration 900
Best Fitness: [6.1338507e-06]
1
iteration 1000
Best Fitness: [3.05798488e-06]
1
iteration 1100
Best Fitness: [1.77586495e-06]
1
iteration 1200
Best Fitness: [7.63197002e-07]
1
iteration 1300
Best Fitness: [4.27534762e-07]
1
iteration 1400
Best Fitness: [2.79754381e-07]
1
iteration 1500
Best Fitness: [1.3485784e-07]
1
iteration 1600
Best Fitness: [7.13384918e-08]
1
iteration 1700
Best Fitness: [4.01056428e-08]
1
iteration 1800
Best Fitness: [2.33555367e-08]
1
iteration 1900
Best Fitness: [1.18371524e-08]
1
iteration 2000
Best Fitness: [5.7749473e-09]
1
iteration 2100
Best Fitness: [2.84762434e-09]
1
iteration 2200
Best Fitness: [1.44878686e-09]
1
iteration 2300
Best Fitness: [8.12406507e-10]
1
iteration 2400
Best Fitness: [3.93126538e-10]
1
iteration 2500
Best Fitness: [2.15729381e-10]
1
iteration 2600
Best Fitness: [1.12127869e-10]
1
iteration 2700
Best Fitness: [5.47275276e-11]
1
iteration 2800
Best Fitness: [2.89337672e-11]
1
iteration 2900
Best Fitness: [1.54624681e-11]
1
iteration 2999
Best Fitness: [8.25592725e-12]
1
iteration 0
Best Fitness: [14.7779795]
100
iteration 100
Best Fitness: [0.00204693]
1
iteration 200
Best Fitness: [0.00057646]
1
iteration 300
Best Fitness: [0.00024368]
1
iteration 400
Best Fitness: [0.00013582]
1
iteration 500
Best Fitness: [6.78323597e-05]
1
iteration 600
Best Fitness: [2.70680984e-05]
1
iteration 700
Best Fitness: [1.61457176e-05]
1
iteration 800
Best Fitness: [1.05770731e-05]
1
iteration 900
Best Fitness: [5.44157836e-06]
1
iteration 1000
Best Fitness: [3.5171816e-06]
1
iteration 1100
Best Fitness: [2.21618175e-06]
1
iteration 1200
Best Fitness: [1.21498923e-06]
1
iteration 1300
Best Fitness: [5.54960251e-07]
1
iteration 1400
Best Fitness: [2.96840756e-07]
1
iteration 1500
Best Fitness: [1.47933889e-07]
1
iteration 1600
Best Fitness: [8.18581987e-08]
1
iteration 1700
Best Fitness: [4.71871851e-08]
1
iteration 1800
Best Fitness: [2.186825e-08]
1
iteration 1900
Best Fitness: [1.23845017e-08]
1
iteration 2000
Best Fitness: [6.56414614e-09]
1
iteration 2100
Best Fitness: [3.11487616e-09]
1
iteration 2200
Best Fitness: [1.67324441e-09]
1
iteration 2300
Best Fitness: [9.10609336e-10]
1
iteration 2400
Best Fitness: [4.11046981e-10]
1
iteration 2500
Best Fitness: [2.3334498e-10]
1
iteration 2600
Best Fitness: [1.19925946e-10]
1
iteration 2700
Best Fitness: [6.00030607e-11]
1
iteration 2800
Best Fitness: [2.67985439e-11]
1
iteration 2900
Best Fitness: [1.61185487e-11]
1
iteration 2999
Best Fitness: [9.50676901e-12]
1
iteration 0
Best Fitness: [10.14732041]
100
iteration 100
Best Fitness: [0.00188649]
1
iteration 200
Best Fitness: [0.00091697]
1
iteration 300
Best Fitness: [0.00047916]
1
iteration 400
Best Fitness: [0.00022483]
1
iteration 500
Best Fitness: [9.88424119e-05]
1
iteration 600
Best Fitness: [4.50512821e-05]
1
iteration 700
Best Fitness: [2.22653863e-05]
1
iteration 800
Best Fitness: [1.15521649e-05]
1
iteration 900
Best Fitness: [8.0400562e-06]
1
iteration 1000
Best Fitness: [3.47520357e-06]
1
iteration 1100
Best Fitness: [1.62536855e-06]
1
iteration 1200
Best Fitness: [8.92061545e-07]
1
iteration 1300
Best Fitness: [5.06870024e-07]
1
iteration 1400
Best Fitness: [2.77199329e-07]
1
iteration 1500
Best Fitness: [1.51377803e-07]
1
iteration 1600
Best Fitness: [7.29000743e-08]
1
iteration 1700
Best Fitness: [3.67983299e-08]
1
iteration 1800
Best Fitness: [2.15072066e-08]
1
iteration 1900
Best Fitness: [9.96227382e-09]
1
iteration 2000
Best Fitness: [5.39101183e-09]
1
iteration 2100
Best Fitness: [2.7282704e-09]
1
iteration 2200
Best Fitness: [1.42822095e-09]
1
iteration 2300
Best Fitness: [7.46795298e-10]
1
iteration 2400
Best Fitness: [3.76624319e-10]
1
iteration 2500
Best Fitness: [1.66324068e-10]
1
iteration 2600
Best Fitness: [8.74882463e-11]
1
iteration 2700
Best Fitness: [5.07917235e-11]
1
iteration 2800
Best Fitness: [2.54652592e-11]
1
iteration 2900
Best Fitness: [1.31469574e-11]
1
iteration 2999
Best Fitness: [6.97180561e-12]
1
iteration 0
Best Fitness: [8.75717766]
100
iteration 100
Best Fitness: [0.00094297]
1
iteration 200
Best Fitness: [0.00039957]
1
iteration 300
Best Fitness: [0.00020791]
1
iteration 400
Best Fitness: [0.00010707]
1
iteration 500
Best Fitness: [5.98023687e-05]
1
iteration 600
Best Fitness: [3.48170127e-05]
1
iteration 700
Best Fitness: [1.71984667e-05]
1
iteration 800
Best Fitness: [1.01833501e-05]
1
iteration 900
Best Fitness: [5.39984338e-06]
1
iteration 1000
Best Fitness: [2.7905327e-06]
1
iteration 1100
Best Fitness: [1.62224134e-06]
1
iteration 1200
Best Fitness: [8.32285178e-07]
1
iteration 1300
Best Fitness: [4.03315554e-07]
1
iteration 1400
Best Fitness: [1.99561709e-07]
1
iteration 1500
Best Fitness: [1.15314763e-07]
1
iteration 1600
Best Fitness: [6.49200813e-08]
1
iteration 1700
Best Fitness: [3.38947147e-08]
1
iteration 1800
Best Fitness: [1.50609858e-08]
1
iteration 1900
Best Fitness: [8.13418521e-09]
1
iteration 2000
Best Fitness: [3.57969843e-09]
1
iteration 2100
Best Fitness: [2.02613036e-09]
1
iteration 2200
Best Fitness: [1.06919178e-09]
1
iteration 2300
Best Fitness: [5.77439444e-10]
1
iteration 2400
Best Fitness: [3.47427875e-10]
1
iteration 2500
Best Fitness: [1.54332014e-10]
1
iteration 2600
Best Fitness: [8.17666399e-11]
1
iteration 2700
Best Fitness: [4.73130324e-11]
1
iteration 2800
Best Fitness: [2.42417726e-11]
1
iteration 2900
Best Fitness: [1.35735885e-11]
1
iteration 2999
Best Fitness: [7.29036987e-12]
1
iteration 0
Best Fitness: [6.80287765]
100
iteration 100
Best Fitness: [0.0020247]
1
iteration 200
Best Fitness: [0.00092194]
1
iteration 300
Best Fitness: [0.00034881]
1
iteration 400
Best Fitness: [0.00015769]
1
iteration 500
Best Fitness: [7.98629794e-05]
1
iteration 600
Best Fitness: [3.75498388e-05]
1
iteration 700
Best Fitness: [2.0632435e-05]
1
iteration 800
Best Fitness: [1.05462399e-05]
1
iteration 900
Best Fitness: [6.10843992e-06]
1
iteration 1000
Best Fitness: [3.73951733e-06]
1
iteration 1100
Best Fitness: [1.95809953e-06]
1
iteration 1200
Best Fitness: [1.16823499e-06]
1
iteration 1300
Best Fitness: [6.20916216e-07]
1
iteration 1400
Best Fitness: [3.45078586e-07]
1
iteration 1500
Best Fitness: [1.56464293e-07]
1
iteration 1600
Best Fitness: [9.00744205e-08]
1
iteration 1700
Best Fitness: [5.02351965e-08]
1
iteration 1800
Best Fitness: [2.7329842e-08]
1
iteration 1900
Best Fitness: [1.36480134e-08]
1
iteration 2000
Best Fitness: [6.58869892e-09]
1
iteration 2100
Best Fitness: [3.36811363e-09]
1
iteration 2200
Best Fitness: [1.98407075e-09]
1
iteration 2300
Best Fitness: [7.94444377e-10]
1
iteration 2400
Best Fitness: [4.90112765e-10]
1
iteration 2500
Best Fitness: [2.38554006e-10]
1
iteration 2600
Best Fitness: [1.20390722e-10]
1
iteration 2700
Best Fitness: [5.56059701e-11]
1
iteration 2800
Best Fitness: [2.66107528e-11]
1
iteration 2900
Best Fitness: [1.38443213e-11]
1
iteration 2999
Best Fitness: [9.09320211e-12]
1
iteration 0
Best Fitness: [14.15622608]
100
iteration 100
Best Fitness: [0.0042717]
1
iteration 200
Best Fitness: [0.0011008]
1
iteration 300
Best Fitness: [0.00055615]
1
iteration 400
Best Fitness: [0.00018444]
1
iteration 500
Best Fitness: [0.00011718]
1
iteration 600
Best Fitness: [6.20105095e-05]
1
iteration 700
Best Fitness: [2.81510103e-05]
1
iteration 800
Best Fitness: [1.93463852e-05]
1
iteration 900
Best Fitness: [9.845553e-06]
1
iteration 1000
Best Fitness: [4.84424914e-06]
1
iteration 1100
Best Fitness: [3.03138313e-06]
1
iteration 1200
Best Fitness: [1.46347789e-06]
1
iteration 1300
Best Fitness: [7.62494663e-07]
1
iteration 1400
Best Fitness: [4.6274513e-07]
1
iteration 1500
Best Fitness: [2.43626497e-07]
1
iteration 1600
Best Fitness: [1.37831459e-07]
1
iteration 1700
Best Fitness: [6.0682779e-08]
1
iteration 1800
Best Fitness: [3.2612266e-08]
1
iteration 1900
Best Fitness: [1.57025666e-08]
1
iteration 2000
Best Fitness: [9.00106817e-09]
1
iteration 2100
Best Fitness: [5.42649515e-09]
1
iteration 2200
Best Fitness: [2.83986278e-09]
1
iteration 2300
Best Fitness: [1.51209578e-09]
1
iteration 2400
Best Fitness: [7.318722e-10]
1
iteration 2500
Best Fitness: [4.12754375e-10]
1
iteration 2600
Best Fitness: [2.12403822e-10]
1
iteration 2700
Best Fitness: [1.08995249e-10]
1
iteration 2800
Best Fitness: [4.79731935e-11]
1
iteration 2900
Best Fitness: [2.45726411e-11]
1
iteration 2999
Best Fitness: [1.31271689e-11]
1
iteration 0
Best Fitness: [8.37767372]
100
iteration 100
Best Fitness: [0.00392156]
1
iteration 200
Best Fitness: [0.0015555]
1
iteration 300
Best Fitness: [0.00043056]
1
iteration 400
Best Fitness: [0.00023924]
1
iteration 500
Best Fitness: [0.00011662]
1
iteration 600
Best Fitness: [6.37833596e-05]
1
iteration 700
Best Fitness: [3.66841332e-05]
1
iteration 800
Best Fitness: [2.07103441e-05]
1
iteration 900
Best Fitness: [1.15088934e-05]
1
iteration 1000
Best Fitness: [6.09356041e-06]
1
iteration 1100
Best Fitness: [3.09147079e-06]
1
iteration 1200
Best Fitness: [1.58959233e-06]
1
iteration 1300
Best Fitness: [6.73040862e-07]
1
iteration 1400
Best Fitness: [3.58555728e-07]
1
iteration 1500
Best Fitness: [1.89822885e-07]
1
iteration 1600
Best Fitness: [9.93676343e-08]
1
iteration 1700
Best Fitness: [6.1970308e-08]
1
iteration 1800
Best Fitness: [3.33077331e-08]
1
iteration 1900
Best Fitness: [1.69781883e-08]
1
iteration 2000
Best Fitness: [9.02667296e-09]
1
iteration 2100
Best Fitness: [5.15177811e-09]
1
iteration 2200
Best Fitness: [2.53802539e-09]
1
iteration 2300
Best Fitness: [1.51085464e-09]
1
iteration 2400
Best Fitness: [8.39505358e-10]
1
iteration 2500
Best Fitness: [4.76797973e-10]
1
iteration 2600
Best Fitness: [2.27863763e-10]
1
iteration 2700
Best Fitness: [1.1240412e-10]
1
iteration 2800
Best Fitness: [6.49912006e-11]
1
iteration 2900
Best Fitness: [4.05873088e-11]
1
iteration 2999
Best Fitness: [1.68838781e-11]
1
[array([1.18340017e-11]), array([1.10847203e-11]), array([1.30952472e-11]), array([8.25592725e-12]), array([9.50676901e-12]), array([6.97180561e-12]), array([7.29036987e-12]), array([9.09320211e-12]), array([1.31271689e-11]), array([1.68838781e-11])]
iteration 0
Best Fitness: [90.775199]
100
iteration 100
Best Fitness: [0.0015343]
100
iteration 200
Best Fitness: [6.09492015]
1
iteration 300
Best Fitness: [5.98972302]
1
iteration 400
Best Fitness: [5.98972302]
1
iteration 500
Best Fitness: [5.98972302]
1
iteration 600
Best Fitness: [5.98972302]
1
iteration 700
Best Fitness: [5.98972302]
1
iteration 800
Best Fitness: [5.98972302]
1
iteration 900
Best Fitness: [5.98972302]
1
iteration 1000
Best Fitness: [5.98972302]
1
iteration 1100
Best Fitness: [5.98972302]
1
iteration 1200
Best Fitness: [5.98972302]
1
iteration 1300
Best Fitness: [5.98972302]
1
iteration 1400
Best Fitness: [5.98972302]
1
iteration 1500
Best Fitness: [5.98972302]
1
iteration 1600
Best Fitness: [5.98972302]
1
iteration 1700
Best Fitness: [5.98972302]
1
iteration 1800
Best Fitness: [5.98972302]
1
iteration 1900
Best Fitness: [5.98972302]
1
iteration 2000
Best Fitness: [5.98972302]
1
iteration 2100
Best Fitness: [5.98972302]
1
iteration 2200
Best Fitness: [5.98972302]
1
iteration 2300
Best Fitness: [5.98972302]
1
iteration 2400
Best Fitness: [5.98972302]
1
iteration 2500
Best Fitness: [5.98972302]
1
iteration 2600
Best Fitness: [5.98972302]
1
iteration 2700
Best Fitness: [5.98972302]
1
iteration 2800
Best Fitness: [5.98972302]
1
iteration 2900
Best Fitness: [5.98972302]
1
iteration 2999
Best Fitness: [5.98972302]
1
iteration 0
Best Fitness: [90.07180324]
100
iteration 100
Best Fitness: [51.36840507]
1
iteration 200
Best Fitness: [47.51973637]
1
iteration 300
Best Fitness: [47.51803793]
1
iteration 400
Best Fitness: [47.51803793]
1
iteration 500
Best Fitness: [47.51803793]
1
iteration 600
Best Fitness: [47.51803793]
1
iteration 700
Best Fitness: [47.51803793]
1
iteration 800
Best Fitness: [47.51803793]
1
iteration 900
Best Fitness: [47.51803793]
1
iteration 1000
Best Fitness: [47.51803793]
1
iteration 1100
Best Fitness: [47.51803793]
1
iteration 1200
Best Fitness: [47.51803793]
1
iteration 1300
Best Fitness: [47.51803793]
1
iteration 1400
Best Fitness: [47.51803793]
1
iteration 1500
Best Fitness: [47.51803793]
1
iteration 1600
Best Fitness: [47.51803793]
1
iteration 1700
Best Fitness: [47.51803793]
1
iteration 1800
Best Fitness: [47.51803793]
1
iteration 1900
Best Fitness: [47.51803793]
1
iteration 2000
Best Fitness: [47.51803793]
1
iteration 2100
Best Fitness: [47.51803793]
1
iteration 2200
Best Fitness: [47.51803793]
1
iteration 2300
Best Fitness: [47.51803793]
1
iteration 2400
Best Fitness: [47.51803793]
1
iteration 2500
Best Fitness: [47.51803793]
1
iteration 2600
Best Fitness: [47.51803793]
1
iteration 2700
Best Fitness: [47.51803793]
1
iteration 2800
Best Fitness: [47.51803793]
1
iteration 2900
Best Fitness: [47.51803793]
1
iteration 2999
Best Fitness: [47.51803793]
1
iteration 0
Best Fitness: [72.31638853]
100
iteration 100
Best Fitness: [0.00144491]
100
iteration 200
Best Fitness: [8.29025872]
1
iteration 300
Best Fitness: [8.10963491]
1
iteration 400
Best Fitness: [8.10939575]
1
iteration 500
Best Fitness: [8.10939575]
1
iteration 600
Best Fitness: [8.10939575]
1
iteration 700
Best Fitness: [8.10939575]
1
iteration 800
Best Fitness: [8.10939575]
1
iteration 900
Best Fitness: [8.10939575]
1
iteration 1000
Best Fitness: [8.10939575]
1
iteration 1100
Best Fitness: [8.10939575]
1
iteration 1200
Best Fitness: [8.10939575]
1
iteration 1300
Best Fitness: [8.10939575]
1
iteration 1400
Best Fitness: [8.10939575]
1
iteration 1500
Best Fitness: [8.10939575]
1
iteration 1600
Best Fitness: [8.10939575]
1
iteration 1700
Best Fitness: [8.10939575]
1
iteration 1800
Best Fitness: [8.10939575]
1
iteration 1900
Best Fitness: [8.10939575]
1
iteration 2000
Best Fitness: [8.10939575]
1
iteration 2100
Best Fitness: [8.10939575]
1
iteration 2200
Best Fitness: [8.10939575]
1
iteration 2300
Best Fitness: [8.10939575]
1
iteration 2400
Best Fitness: [8.10939575]
1
iteration 2500
Best Fitness: [8.10939575]
1
iteration 2600
Best Fitness: [8.10939575]
1
iteration 2700
Best Fitness: [8.10939575]
1
iteration 2800
Best Fitness: [8.10939575]
1
iteration 2900
Best Fitness: [8.10939575]
1
iteration 2999
Best Fitness: [8.10939575]
1
iteration 0
Best Fitness: [107.75677867]
100
iteration 100
Best Fitness: [30.93455975]
1
iteration 200
Best Fitness: [30.24797118]
1
iteration 300
Best Fitness: [30.24735958]
1
iteration 400
Best Fitness: [30.24735958]
1
iteration 500
Best Fitness: [30.24735958]
1
iteration 600
Best Fitness: [30.24735958]
1
iteration 700
Best Fitness: [30.24735958]
1
iteration 800
Best Fitness: [30.24735958]
1
iteration 900
Best Fitness: [30.24735958]
1
iteration 1000
Best Fitness: [30.24735958]
1
iteration 1100
Best Fitness: [30.24735958]
1
iteration 1200
Best Fitness: [30.24735958]
1
iteration 1300
Best Fitness: [30.24735958]
1
iteration 1400
Best Fitness: [30.24735958]
1
iteration 1500
Best Fitness: [30.24735958]
1
iteration 1600
Best Fitness: [30.24735958]
1
iteration 1700
Best Fitness: [30.24735958]
1
iteration 1800
Best Fitness: [30.24735958]
1
iteration 1900
Best Fitness: [30.24735958]
1
iteration 2000
Best Fitness: [30.24735958]
1
iteration 2100
Best Fitness: [30.24735958]
1
iteration 2200
Best Fitness: [30.24735958]
1
iteration 2300
Best Fitness: [30.24735958]
1
iteration 2400
Best Fitness: [30.24735958]
1
iteration 2500
Best Fitness: [30.24735958]
1
iteration 2600
Best Fitness: [30.24735958]
1
iteration 2700
Best Fitness: [30.24735958]
1
iteration 2800
Best Fitness: [30.24735958]
1
iteration 2900
Best Fitness: [30.24735958]
1
iteration 2999
Best Fitness: [30.24735958]
1
iteration 0
Best Fitness: [97.12778895]
100
iteration 100
Best Fitness: [5.63617336]
35
iteration 200
Best Fitness: [11.28565063]
1
iteration 300
Best Fitness: [11.23872406]
1
iteration 400
Best Fitness: [11.23872406]
1
iteration 500
Best Fitness: [11.23872406]
1
iteration 600
Best Fitness: [11.23872406]
1
iteration 700
Best Fitness: [11.23872406]
1
iteration 800
Best Fitness: [11.23872406]
1
iteration 900
Best Fitness: [11.23872406]
1
iteration 1000
Best Fitness: [11.23872406]
1
iteration 1100
Best Fitness: [11.23872406]
1
iteration 1200
Best Fitness: [11.23872406]
1
iteration 1300
Best Fitness: [11.23872406]
1
iteration 1400
Best Fitness: [11.23872406]
1
iteration 1500
Best Fitness: [11.23872406]
1
iteration 1600
Best Fitness: [11.23872406]
1
iteration 1700
Best Fitness: [11.23872406]
1
iteration 1800
Best Fitness: [11.23872406]
1
iteration 1900
Best Fitness: [11.23872406]
1
iteration 2000
Best Fitness: [11.23872406]
1
iteration 2100
Best Fitness: [11.23872406]
1
iteration 2200
Best Fitness: [11.23872406]
1
iteration 2300
Best Fitness: [11.23872406]
1
iteration 2400
Best Fitness: [11.23872406]
1
iteration 2500
Best Fitness: [11.23872406]
1
iteration 2600
Best Fitness: [11.23872406]
1
iteration 2700
Best Fitness: [11.23872406]
1
iteration 2800
Best Fitness: [11.23872406]
1
iteration 2900
Best Fitness: [11.23872406]
1
iteration 2999
Best Fitness: [11.23872406]
1
iteration 0
Best Fitness: [77.28457019]
100
iteration 100
Best Fitness: [0.00139965]
100
iteration 200
Best Fitness: [5.53946018]
1
iteration 300
Best Fitness: [5.48463948]
1
iteration 400
Best Fitness: [5.48463947]
1
iteration 500
Best Fitness: [5.48463947]
1
iteration 600
Best Fitness: [5.48463947]
1
iteration 700
Best Fitness: [5.48463947]
1
iteration 800
Best Fitness: [5.48463947]
1
iteration 900
Best Fitness: [5.48463947]
1
iteration 1000
Best Fitness: [5.48463947]
1
iteration 1100
Best Fitness: [5.48463947]
1
iteration 1200
Best Fitness: [5.48463947]
1
iteration 1300
Best Fitness: [5.48463947]
1
iteration 1400
Best Fitness: [5.48463947]
1
iteration 1500
Best Fitness: [5.48463947]
1
iteration 1600
Best Fitness: [5.48463947]
1
iteration 1700
Best Fitness: [5.48463947]
1
iteration 1800
Best Fitness: [5.48463947]
1
iteration 1900
Best Fitness: [5.48463947]
1
iteration 2000
Best Fitness: [5.48463947]
1
iteration 2100
Best Fitness: [5.48463947]
1
iteration 2200
Best Fitness: [5.48463947]
1
iteration 2300
Best Fitness: [5.48463947]
1
iteration 2400
Best Fitness: [5.48463947]
1
iteration 2500
Best Fitness: [5.48463947]
1
iteration 2600
Best Fitness: [5.48463947]
1
iteration 2700
Best Fitness: [5.48463947]
1
iteration 2800
Best Fitness: [5.48463947]
1
iteration 2900
Best Fitness: [5.48463947]
1
iteration 2999
Best Fitness: [5.48463947]
1
iteration 0
Best Fitness: [98.9655698]
100
iteration 100
Best Fitness: [18.75746857]
1
iteration 200
Best Fitness: [16.47439121]
1
iteration 300
Best Fitness: [16.45799703]
1
iteration 400
Best Fitness: [16.45799703]
1
iteration 500
Best Fitness: [16.45799703]
1
iteration 600
Best Fitness: [16.45799703]
1
iteration 700
Best Fitness: [16.45799703]
1
iteration 800
Best Fitness: [16.45799703]
1
iteration 900
Best Fitness: [16.45799703]
1
iteration 1000
Best Fitness: [16.45799703]
1
iteration 1100
Best Fitness: [16.45799703]
1
iteration 1200
Best Fitness: [16.45799703]
1
iteration 1300
Best Fitness: [16.45799703]
1
iteration 1400
Best Fitness: [16.45799703]
1
iteration 1500
Best Fitness: [16.45799703]
1
iteration 1600
Best Fitness: [16.45799703]
1
iteration 1700
Best Fitness: [16.45799703]
1
iteration 1800
Best Fitness: [16.45799703]
1
iteration 1900
Best Fitness: [16.45799703]
1
iteration 2000
Best Fitness: [16.45799703]
1
iteration 2100
Best Fitness: [16.45799703]
1
iteration 2200
Best Fitness: [16.45799703]
1
iteration 2300
Best Fitness: [16.45799703]
1
iteration 2400
Best Fitness: [16.45799703]
1
iteration 2500
Best Fitness: [16.45799703]
1
iteration 2600
Best Fitness: [16.45799703]
1
iteration 2700
Best Fitness: [16.45799703]
1
iteration 2800
Best Fitness: [16.45799703]
1
iteration 2900
Best Fitness: [16.45799703]
1
iteration 2999
Best Fitness: [16.45799703]
1
iteration 0
Best Fitness: [77.86878845]
100
iteration 100
Best Fitness: [62.88061206]
1
iteration 200
Best Fitness: [54.58069894]
1
iteration 300
Best Fitness: [54.5806832]
1
iteration 400
Best Fitness: [54.5806832]
1
iteration 500
Best Fitness: [54.5806832]
1
iteration 600
Best Fitness: [54.5806832]
1
iteration 700
Best Fitness: [54.5806832]
1
iteration 800
Best Fitness: [54.5806832]
1
iteration 900
Best Fitness: [54.5806832]
1
iteration 1000
Best Fitness: [54.5806832]
1
iteration 1100
Best Fitness: [54.5806832]
1
iteration 1200
Best Fitness: [54.5806832]
1
iteration 1300
Best Fitness: [54.5806832]
1
iteration 1400
Best Fitness: [54.5806832]
1
iteration 1500
Best Fitness: [54.5806832]
1
iteration 1600
Best Fitness: [54.5806832]
1
iteration 1700
Best Fitness: [54.5806832]
1
iteration 1800
Best Fitness: [54.5806832]
1
iteration 1900
Best Fitness: [54.5806832]
1
iteration 2000
Best Fitness: [54.5806832]
1
iteration 2100
Best Fitness: [54.5806832]
1
iteration 2200
Best Fitness: [54.5806832]
1
iteration 2300
Best Fitness: [54.5806832]
1
iteration 2400
Best Fitness: [54.5806832]
1
iteration 2500
Best Fitness: [54.5806832]
1
iteration 2600
Best Fitness: [54.5806832]
1
iteration 2700
Best Fitness: [54.5806832]
1
iteration 2800
Best Fitness: [54.5806832]
1
iteration 2900
Best Fitness: [54.5806832]
1
iteration 2999
Best Fitness: [54.5806832]
1
iteration 0
Best Fitness: [101.25659364]
100
iteration 100
Best Fitness: [1324.94940004]
1
iteration 200
Best Fitness: [1324.67766538]
1
iteration 300
Best Fitness: [1324.67766538]
1
iteration 400
Best Fitness: [1324.67766538]
1
iteration 500
Best Fitness: [1324.67766538]
1
iteration 600
Best Fitness: [1324.67766538]
1
iteration 700
Best Fitness: [1324.67766538]
1
iteration 800
Best Fitness: [1324.67766538]
1
iteration 900
Best Fitness: [1324.67766538]
1
iteration 1000
Best Fitness: [1324.67766538]
1
iteration 1100
Best Fitness: [1324.67766538]
1
iteration 1200
Best Fitness: [1324.67766538]
1
iteration 1300
Best Fitness: [1324.67766538]
1
iteration 1400
Best Fitness: [1324.67766538]
1
iteration 1500
Best Fitness: [1324.67766538]
1
iteration 1600
Best Fitness: [1324.67766538]
1
iteration 1700
Best Fitness: [1324.67766538]
1
iteration 1800
Best Fitness: [1324.67766538]
1
iteration 1900
Best Fitness: [1324.67766538]
1
iteration 2000
Best Fitness: [1324.67766538]
1
iteration 2100
Best Fitness: [1324.67766538]
1
iteration 2200
Best Fitness: [1324.67766538]
1
iteration 2300
Best Fitness: [1324.67766538]
1
iteration 2400
Best Fitness: [1324.67766538]
1
iteration 2500
Best Fitness: [1324.67766538]
1
iteration 2600
Best Fitness: [1324.67766538]
1
iteration 2700
Best Fitness: [1324.67766538]
1
iteration 2800
Best Fitness: [1324.67766538]
1
iteration 2900
Best Fitness: [1324.67766538]
1
iteration 2999
Best Fitness: [1324.67766538]
1
iteration 0
Best Fitness: [87.84522734]
100
iteration 100
Best Fitness: [95.9206202]
1
iteration 200
Best Fitness: [82.1345109]
1
iteration 300
Best Fitness: [82.13450102]
1
iteration 400
Best Fitness: [82.13450102]
1
iteration 500
Best Fitness: [82.13450102]
1
iteration 600
Best Fitness: [82.13450102]
1
iteration 700
Best Fitness: [82.13450102]
1
iteration 800
Best Fitness: [82.13450102]
1
iteration 900
Best Fitness: [82.13450102]
1
iteration 1000
Best Fitness: [82.13450102]
1
iteration 1100
Best Fitness: [82.13450102]
1
iteration 1200
Best Fitness: [82.13450102]
1
iteration 1300
Best Fitness: [82.13450102]
1
iteration 1400
Best Fitness: [82.13450102]
1
iteration 1500
Best Fitness: [82.13450102]
1
iteration 1600
Best Fitness: [82.13450102]
1
iteration 1700
Best Fitness: [82.13450102]
1
iteration 1800
Best Fitness: [82.13450102]
1
iteration 1900
Best Fitness: [82.13450102]
1
iteration 2000
Best Fitness: [82.13450102]
1
iteration 2100
Best Fitness: [82.13450102]
1
iteration 2200
Best Fitness: [82.13450102]
1
iteration 2300
Best Fitness: [82.13450102]
1
iteration 2400
Best Fitness: [82.13450102]
1
iteration 2500
Best Fitness: [82.13450102]
1
iteration 2600
Best Fitness: [82.13450102]
1
iteration 2700
Best Fitness: [82.13450102]
1
iteration 2800
Best Fitness: [82.13450102]
1
iteration 2900
Best Fitness: [82.13450102]
1
iteration 2999
Best Fitness: [82.13450102]
1
[array([5.98972302]), array([47.51803793]), array([8.10939575]), array([30.24735958]), array([11.23872406]), array([5.48463947]), array([16.45799703]), array([54.5806832]), array([1324.67766538]), array([82.13450102])]
iteration 0
Best Fitness: [3236291.33660439]
100
iteration 100
Best Fitness: [0.00046118]
96
iteration 200
Best Fitness: [0.59965725]
1
iteration 300
Best Fitness: [0.32215812]
1
iteration 400
Best Fitness: [0.11846443]
1
iteration 500
Best Fitness: [0.06915567]
1
iteration 600
Best Fitness: [0.03393701]
1
iteration 700
Best Fitness: [0.01728251]
1
iteration 800
Best Fitness: [0.00714864]
1
iteration 900
Best Fitness: [0.00491713]
1
iteration 1000
Best Fitness: [0.00254699]
1
iteration 1100
Best Fitness: [0.00123202]
1
iteration 1200
Best Fitness: [0.00070434]
1
iteration 1300
Best Fitness: [0.00035888]
1
iteration 1400
Best Fitness: [0.00020934]
1
iteration 1500
Best Fitness: [0.00011536]
1
iteration 1600
Best Fitness: [5.42749858e-05]
1
iteration 1700
Best Fitness: [3.20795937e-05]
1
iteration 1800
Best Fitness: [1.65432991e-05]
1
iteration 1900
Best Fitness: [7.07132507e-06]
1
iteration 2000
Best Fitness: [4.50478299e-06]
1
iteration 2100
Best Fitness: [2.26939954e-06]
1
iteration 2200
Best Fitness: [9.39859097e-07]
1
iteration 2300
Best Fitness: [5.88809232e-07]
1
iteration 2400
Best Fitness: [3.20156568e-07]
1
iteration 2500
Best Fitness: [1.51497952e-07]
1
iteration 2600
Best Fitness: [8.09174426e-08]
1
iteration 2700
Best Fitness: [4.39032111e-08]
1
iteration 2800
Best Fitness: [2.72110427e-08]
1
iteration 2900
Best Fitness: [1.33926808e-08]
1
iteration 2999
Best Fitness: [6.56096447e-09]
1
iteration 0
Best Fitness: [2130574.53501395]
100
iteration 100
Best Fitness: [34.50567628]
1
iteration 200
Best Fitness: [12.07249028]
1
iteration 300
Best Fitness: [2.2274294]
1
iteration 400
Best Fitness: [0.94673034]
1
iteration 500
Best Fitness: [0.4939067]
1
iteration 600
Best Fitness: [0.24273785]
1
iteration 700
Best Fitness: [0.11556049]
1
iteration 800
Best Fitness: [0.06067235]
1
iteration 900
Best Fitness: [0.03028184]
1
iteration 1000
Best Fitness: [0.01626978]
1
iteration 1100
Best Fitness: [0.00867954]
1
iteration 1200
Best Fitness: [0.00441802]
1
iteration 1300
Best Fitness: [0.00246651]
1
iteration 1400
Best Fitness: [0.00124144]
1
iteration 1500
Best Fitness: [0.00065538]
1
iteration 1600
Best Fitness: [0.00042599]
1
iteration 1700
Best Fitness: [0.00024101]
1
iteration 1800
Best Fitness: [0.00012305]
1
iteration 1900
Best Fitness: [6.8967129e-05]
1
iteration 2000
Best Fitness: [3.22192136e-05]
1
iteration 2100
Best Fitness: [1.85303473e-05]
1
iteration 2200
Best Fitness: [8.14634276e-06]
1
iteration 2300
Best Fitness: [4.57950428e-06]
1
iteration 2400
Best Fitness: [2.77417315e-06]
1
iteration 2500
Best Fitness: [1.47312847e-06]
1
iteration 2600
Best Fitness: [8.49600626e-07]
1
iteration 2700
Best Fitness: [3.48684915e-07]
1
iteration 2800
Best Fitness: [2.1072044e-07]
1
iteration 2900
Best Fitness: [1.03516347e-07]
1
iteration 2999
Best Fitness: [4.62375196e-08]
1
iteration 0
Best Fitness: [2420454.4882503]
100
iteration 100
Best Fitness: [1190365.6366973]
1
iteration 200
Best Fitness: [286149.66841887]
1
iteration 300
Best Fitness: [93861.96704151]
1
iteration 400
Best Fitness: [40263.4055454]
1
iteration 500
Best Fitness: [25045.64017279]
1
iteration 600
Best Fitness: [11072.78759274]
1
iteration 700
Best Fitness: [5980.0382402]
1
iteration 800
Best Fitness: [3288.86227652]
1
iteration 900
Best Fitness: [1606.14921263]
1
iteration 1000
Best Fitness: [825.48691663]
1
iteration 1100
Best Fitness: [429.36476862]
1
iteration 1200
Best Fitness: [197.74228755]
1
iteration 1300
Best Fitness: [87.85650441]
1
iteration 1400
Best Fitness: [46.53764875]
1
iteration 1500
Best Fitness: [26.97414746]
1
iteration 1600
Best Fitness: [20.06665386]
1
iteration 1700
Best Fitness: [10.19943905]
1
iteration 1800
Best Fitness: [5.19570374]
1
iteration 1900
Best Fitness: [2.63506121]
1
iteration 2000
Best Fitness: [1.37994919]
1
iteration 2100
Best Fitness: [0.68823132]
1
iteration 2200
Best Fitness: [0.34100615]
1
iteration 2300
Best Fitness: [0.16351118]
1
iteration 2400
Best Fitness: [0.09801972]
1
iteration 2500
Best Fitness: [0.06199977]
1
iteration 2600
Best Fitness: [0.03495605]
1
iteration 2700
Best Fitness: [0.01527696]
1
iteration 2800
Best Fitness: [0.00768971]
1
iteration 2900
Best Fitness: [0.00386321]
1
iteration 2999
Best Fitness: [0.00237849]
1
iteration 0
Best Fitness: [2969257.37649569]
100
iteration 100
Best Fitness: [46.52394807]
1
iteration 200
Best Fitness: [11.28233567]
1
iteration 300
Best Fitness: [2.22157227]
1
iteration 400
Best Fitness: [1.06962053]
1
iteration 500
Best Fitness: [0.60020662]
1
iteration 600
Best Fitness: [0.27674151]
1
iteration 700
Best Fitness: [0.13777431]
1
iteration 800
Best Fitness: [0.07436163]
1
iteration 900
Best Fitness: [0.0299031]
1
iteration 1000
Best Fitness: [0.02103041]
1
iteration 1100
Best Fitness: [0.01247307]
1
iteration 1200
Best Fitness: [0.00690291]
1
iteration 1300
Best Fitness: [0.00312351]
1
iteration 1400
Best Fitness: [0.00170455]
1
iteration 1500
Best Fitness: [0.00091819]
1
iteration 1600
Best Fitness: [0.00044272]
1
iteration 1700
Best Fitness: [0.00024212]
1
iteration 1800
Best Fitness: [0.00011554]
1
iteration 1900
Best Fitness: [7.4331466e-05]
1
iteration 2000
Best Fitness: [3.95824096e-05]
1
iteration 2100
Best Fitness: [1.76216395e-05]
1
iteration 2200
Best Fitness: [1.01110982e-05]
1
iteration 2300
Best Fitness: [5.2370839e-06]
1
iteration 2400
Best Fitness: [2.98162676e-06]
1
iteration 2500
Best Fitness: [1.51452585e-06]
1
iteration 2600
Best Fitness: [6.41387823e-07]
1
iteration 2700
Best Fitness: [3.4637326e-07]
1
iteration 2800
Best Fitness: [1.73346969e-07]
1
iteration 2900
Best Fitness: [6.88469448e-08]
1
iteration 2999
Best Fitness: [5.01622413e-08]
1
iteration 0
Best Fitness: [4801803.42899998]
100
iteration 100
Best Fitness: [35961.97656284]
1
iteration 200
Best Fitness: [10173.45842277]
1
iteration 300
Best Fitness: [3844.42089073]
1
iteration 400
Best Fitness: [1402.89360148]
1
iteration 500
Best Fitness: [594.1257971]
1
iteration 600
Best Fitness: [301.00866687]
1
iteration 700
Best Fitness: [126.91426916]
1
iteration 800
Best Fitness: [64.52351016]
1
iteration 900
Best Fitness: [37.97418379]
1
iteration 1000
Best Fitness: [20.97697426]
1
iteration 1100
Best Fitness: [10.10367215]
1
iteration 1200
Best Fitness: [6.14027029]
1
iteration 1300
Best Fitness: [3.22585761]
1
iteration 1400
Best Fitness: [1.4733343]
1
iteration 1500
Best Fitness: [0.74337035]
1
iteration 1600
Best Fitness: [0.33712505]
1
iteration 1700
Best Fitness: [0.21171986]
1
iteration 1800
Best Fitness: [0.1000404]
1
iteration 1900
Best Fitness: [0.05748747]
1
iteration 2000
Best Fitness: [0.02754228]
1
iteration 2100
Best Fitness: [0.01255279]
1
iteration 2200
Best Fitness: [0.0079003]
1
iteration 2300
Best Fitness: [0.00363739]
1
iteration 2400
Best Fitness: [0.00203677]
1
iteration 2500
Best Fitness: [0.00101383]
1
iteration 2600
Best Fitness: [0.00065238]
1
iteration 2700
Best Fitness: [0.00045448]
1
iteration 2800
Best Fitness: [0.00018615]
1
iteration 2900
Best Fitness: [9.51729157e-05]
1
iteration 2999
Best Fitness: [5.31069951e-05]
1
iteration 0
Best Fitness: [3590146.97123386]
100
iteration 100
Best Fitness: [13.55437692]
1
iteration 200
Best Fitness: [7.02755638]
1
iteration 300
Best Fitness: [2.11930992]
1
iteration 400
Best Fitness: [0.96015856]
1
iteration 500
Best Fitness: [0.38320067]
1
iteration 600
Best Fitness: [0.1633822]
1
iteration 700
Best Fitness: [0.07579986]
1
iteration 800
Best Fitness: [0.04480689]
1
iteration 900
Best Fitness: [0.0255419]
1
iteration 1000
Best Fitness: [0.01341995]
1
iteration 1100
Best Fitness: [0.00865347]
1
iteration 1200
Best Fitness: [0.00434479]
1
iteration 1300
Best Fitness: [0.00212975]
1
iteration 1400
Best Fitness: [0.00113346]
1
iteration 1500
Best Fitness: [0.0007071]
1
iteration 1600
Best Fitness: [0.00028484]
1
iteration 1700
Best Fitness: [0.00016521]
1
iteration 1800
Best Fitness: [7.46331336e-05]
1
iteration 1900
Best Fitness: [3.74557917e-05]
1
iteration 2000
Best Fitness: [2.28249949e-05]
1
iteration 2100
Best Fitness: [1.17403667e-05]
1
iteration 2200
Best Fitness: [5.54001394e-06]
1
iteration 2300
Best Fitness: [3.15968775e-06]
1
iteration 2400
Best Fitness: [1.68297235e-06]
1
iteration 2500
Best Fitness: [7.92355539e-07]
1
iteration 2600
Best Fitness: [3.83886078e-07]
1
iteration 2700
Best Fitness: [2.24623632e-07]
1
iteration 2800
Best Fitness: [1.13036879e-07]
1
iteration 2900
Best Fitness: [5.39593513e-08]
1
iteration 2999
Best Fitness: [3.06034881e-08]
1
iteration 0
Best Fitness: [6785432.4027296]
100
iteration 100
Best Fitness: [1.29780172e-05]
100
iteration 200
Best Fitness: [0.01899649]
1
iteration 300
Best Fitness: [0.0038288]
1
iteration 400
Best Fitness: [0.00175205]
1
iteration 500
Best Fitness: [0.00074687]
1
iteration 600
Best Fitness: [0.00029695]
1
iteration 700
Best Fitness: [0.00018325]
1
iteration 800
Best Fitness: [7.79496886e-05]
1
iteration 900
Best Fitness: [5.36080737e-05]
1
iteration 1000
Best Fitness: [3.20042284e-05]
1
iteration 1100
Best Fitness: [1.69925946e-05]
1
iteration 1200
Best Fitness: [9.50420428e-06]
1
iteration 1300
Best Fitness: [5.09483527e-06]
1
iteration 1400
Best Fitness: [2.36106646e-06]
1
iteration 1500
Best Fitness: [1.10355009e-06]
1
iteration 1600
Best Fitness: [6.49671545e-07]
1
iteration 1700
Best Fitness: [3.9162966e-07]
1
iteration 1800
Best Fitness: [2.23813033e-07]
1
iteration 1900
Best Fitness: [1.20576857e-07]
1
iteration 2000
Best Fitness: [5.54275212e-08]
1
iteration 2100
Best Fitness: [2.56155156e-08]
1
iteration 2200
Best Fitness: [1.47845316e-08]
1
iteration 2300
Best Fitness: [6.98150729e-09]
1
iteration 2400
Best Fitness: [3.92734662e-09]
1
iteration 2500
Best Fitness: [1.87915213e-09]
1
iteration 2600
Best Fitness: [8.66222394e-10]
1
iteration 2700
Best Fitness: [4.6832639e-10]
1
iteration 2800
Best Fitness: [2.20543221e-10]
1
iteration 2900
Best Fitness: [1.19563802e-10]
1
iteration 2999
Best Fitness: [4.93191748e-11]
1
iteration 0
Best Fitness: [5524260.54737432]
100
iteration 100
Best Fitness: [1.3333975e-05]
99
iteration 200
Best Fitness: [0.01317055]
1
iteration 300
Best Fitness: [0.00556206]
1
iteration 400
Best Fitness: [0.00138729]
1
iteration 500
Best Fitness: [0.0007512]
1
iteration 600
Best Fitness: [0.00030327]
1
iteration 700
Best Fitness: [0.00016261]
1
iteration 800
Best Fitness: [9.03469025e-05]
1
iteration 900
Best Fitness: [5.44023145e-05]
1
iteration 1000
Best Fitness: [3.39992764e-05]
1
iteration 1100
Best Fitness: [1.48581596e-05]
1
iteration 1200
Best Fitness: [9.09501726e-06]
1
iteration 1300
Best Fitness: [4.13845873e-06]
1
iteration 1400
Best Fitness: [2.468344e-06]
1
iteration 1500
Best Fitness: [1.06677477e-06]
1
iteration 1600
Best Fitness: [5.62687199e-07]
1
iteration 1700
Best Fitness: [3.43329481e-07]
1
iteration 1800
Best Fitness: [2.10150241e-07]
1
iteration 1900
Best Fitness: [1.0148564e-07]
1
iteration 2000
Best Fitness: [5.8679877e-08]
1
iteration 2100
Best Fitness: [2.45670192e-08]
1
iteration 2200
Best Fitness: [1.40628691e-08]
1
iteration 2300
Best Fitness: [6.86877113e-09]
1
iteration 2400
Best Fitness: [3.36124971e-09]
1
iteration 2500
Best Fitness: [2.04337809e-09]
1
iteration 2600
Best Fitness: [1.41176049e-09]
1
iteration 2700
Best Fitness: [8.68924296e-10]
1
iteration 2800
Best Fitness: [4.70349022e-10]
1
iteration 2900
Best Fitness: [2.10981014e-10]
1
iteration 2999
Best Fitness: [9.71090049e-11]
1
iteration 0
Best Fitness: [2669863.48440781]
100
iteration 100
Best Fitness: [1.05623457e-05]
100
iteration 200
Best Fitness: [0.00546534]
1
iteration 300
Best Fitness: [0.00305475]
1
iteration 400
Best Fitness: [0.00080824]
1
iteration 500
Best Fitness: [0.00036737]
1
iteration 600
Best Fitness: [0.000153]
1
iteration 700
Best Fitness: [8.52831081e-05]
1
iteration 800
Best Fitness: [4.51501593e-05]
1
iteration 900
Best Fitness: [2.2437196e-05]
1
iteration 1000
Best Fitness: [1.24819516e-05]
1
iteration 1100
Best Fitness: [6.23445312e-06]
1
iteration 1200
Best Fitness: [4.04445363e-06]
1
iteration 1300
Best Fitness: [1.93902096e-06]
1
iteration 1400
Best Fitness: [8.86050169e-07]
1
iteration 1500
Best Fitness: [4.76539583e-07]
1
iteration 1600
Best Fitness: [2.50126583e-07]
1
iteration 1700
Best Fitness: [1.43189396e-07]
1
iteration 1800
Best Fitness: [8.24033262e-08]
1
iteration 1900
Best Fitness: [3.91675168e-08]
1
iteration 2000
Best Fitness: [2.19225437e-08]
1
iteration 2100
Best Fitness: [1.12032665e-08]
1
iteration 2200
Best Fitness: [5.82938543e-09]
1
iteration 2300
Best Fitness: [2.79419268e-09]
1
iteration 2400
Best Fitness: [1.33657015e-09]
1
iteration 2500
Best Fitness: [5.85550826e-10]
1
iteration 2600
Best Fitness: [4.11518471e-10]
1
iteration 2700
Best Fitness: [1.77522688e-10]
1
iteration 2800
Best Fitness: [1.12290086e-10]
1
iteration 2900
Best Fitness: [5.80777484e-11]
1
iteration 2999
Best Fitness: [3.90673521e-11]
1
iteration 0
Best Fitness: [1602177.45942483]
100
iteration 100
Best Fitness: [1908418.55048305]
1
iteration 200
Best Fitness: [586624.7724007]
1
iteration 300
Best Fitness: [224989.65623142]
1
iteration 400
Best Fitness: [92656.97602242]
1
iteration 500
Best Fitness: [48827.15089665]
1
iteration 600
Best Fitness: [25575.17802586]
1
iteration 700
Best Fitness: [10958.41533197]
1
iteration 800
Best Fitness: [5303.1052559]
1
iteration 900
Best Fitness: [2588.62890921]
1
iteration 1000
Best Fitness: [1533.73610463]
1
iteration 1100
Best Fitness: [764.48294361]
1
iteration 1200
Best Fitness: [509.07541605]
1
iteration 1300
Best Fitness: [214.53211635]
1
iteration 1400
Best Fitness: [124.40816884]
1
iteration 1500
Best Fitness: [53.96968186]
1
iteration 1600
Best Fitness: [29.92103975]
1
iteration 1700
Best Fitness: [17.56942992]
1
iteration 1800
Best Fitness: [9.51000481]
1
iteration 1900
Best Fitness: [4.26356021]
1
iteration 2000
Best Fitness: [2.46266503]
1
iteration 2100
Best Fitness: [1.15382994]
1
iteration 2200
Best Fitness: [0.62835111]
1
iteration 2300
Best Fitness: [0.30661498]
1
iteration 2400
Best Fitness: [0.12902963]
1
iteration 2500
Best Fitness: [0.06531657]
1
iteration 2600
Best Fitness: [0.04343697]
1
iteration 2700
Best Fitness: [0.02110329]
1
iteration 2800
Best Fitness: [0.01225613]
1
iteration 2900
Best Fitness: [0.00552003]
1
iteration 2999
Best Fitness: [0.00313542]
1
[array([6.56096447e-09]), array([4.62375196e-08]), array([0.00237849]), array([5.01622413e-08]), array([5.31069951e-05]), array([3.06034881e-08]), array([4.93191748e-11]), array([9.71090049e-11]), array([3.90673521e-11]), array([0.00313542])]
iteration 0
Best Fitness: [412863.17389511]
100
iteration 100
Best Fitness: [956.24573762]
1
iteration 200
Best Fitness: [416.74644463]
1
iteration 300
Best Fitness: [194.81508718]
1
iteration 400
Best Fitness: [92.73342931]
1
iteration 500
Best Fitness: [53.88717662]
1
iteration 600
Best Fitness: [28.88596133]
1
iteration 700
Best Fitness: [13.25639032]
1
iteration 800
Best Fitness: [8.59253802]
1
iteration 900
Best Fitness: [4.20779691]
1
iteration 1000
Best Fitness: [1.98128091]
1
iteration 1100
Best Fitness: [1.14202094]
1
iteration 1200
Best Fitness: [0.66120191]
1
iteration 1300
Best Fitness: [0.37557129]
1
iteration 1400
Best Fitness: [0.17224264]
1
iteration 1500
Best Fitness: [0.08882777]
1
iteration 1600
Best Fitness: [0.04112229]
1
iteration 1700
Best Fitness: [0.01702539]
1
iteration 1800
Best Fitness: [0.01057531]
1
iteration 1900
Best Fitness: [0.00545736]
1
iteration 2000
Best Fitness: [0.00298533]
1
iteration 2100
Best Fitness: [0.001452]
1
iteration 2200
Best Fitness: [0.00096335]
1
iteration 2300
Best Fitness: [0.00049034]
1
iteration 2400
Best Fitness: [0.00030785]
1
iteration 2500
Best Fitness: [0.00016749]
1
iteration 2600
Best Fitness: [8.02641804e-05]
1
iteration 2700
Best Fitness: [3.53142906e-05]
1
iteration 2800
Best Fitness: [2.17127805e-05]
1
iteration 2900
Best Fitness: [8.73115752e-06]
1
iteration 2999
Best Fitness: [5.17521759e-06]
1
iteration 0
Best Fitness: [40358.85037564]
100
iteration 100
Best Fitness: [222.67564941]
1
iteration 200
Best Fitness: [162.06765098]
1
iteration 300
Best Fitness: [76.1673189]
1
iteration 400
Best Fitness: [33.72253562]
1
iteration 500
Best Fitness: [15.14005269]
1
iteration 600
Best Fitness: [8.32984597]
1
iteration 700
Best Fitness: [5.23664764]
1
iteration 800
Best Fitness: [2.45984301]
1
iteration 900
Best Fitness: [1.44915601]
1
iteration 1000
Best Fitness: [0.74391077]
1
iteration 1100
Best Fitness: [0.36763731]
1
iteration 1200
Best Fitness: [0.20586495]
1
iteration 1300
Best Fitness: [0.1033373]
1
iteration 1400
Best Fitness: [0.05896414]
1
iteration 1500
Best Fitness: [0.03065763]
1
iteration 1600
Best Fitness: [0.01584272]
1
iteration 1700
Best Fitness: [0.00746171]
1
iteration 1800
Best Fitness: [0.00439964]
1
iteration 1900
Best Fitness: [0.00246829]
1
iteration 2000
Best Fitness: [0.00136354]
1
iteration 2100
Best Fitness: [0.00071532]
1
iteration 2200
Best Fitness: [0.00034694]
1
iteration 2300
Best Fitness: [0.00015908]
1
iteration 2400
Best Fitness: [8.47997139e-05]
1
iteration 2500
Best Fitness: [5.17806e-05]
1
iteration 2600
Best Fitness: [2.89547471e-05]
1
iteration 2700
Best Fitness: [1.53324086e-05]
1
iteration 2800
Best Fitness: [7.94750669e-06]
1
iteration 2900
Best Fitness: [3.45654082e-06]
1
iteration 2999
Best Fitness: [1.63929143e-06]
1
iteration 0
Best Fitness: [552828.00462667]
100
iteration 100
Best Fitness: [86.28697966]
1
iteration 200
Best Fitness: [29.13480418]
1
iteration 300
Best Fitness: [16.34410709]
1
iteration 400
Best Fitness: [7.64108404]
1
iteration 500
Best Fitness: [4.013968]
1
iteration 600
Best Fitness: [2.26956287]
1
iteration 700
Best Fitness: [1.12945035]
1
iteration 800
Best Fitness: [0.66483697]
1
iteration 900
Best Fitness: [0.2952794]
1
iteration 1000
Best Fitness: [0.17711241]
1
iteration 1100
Best Fitness: [0.08885236]
1
iteration 1200
Best Fitness: [0.04608769]
1
iteration 1300
Best Fitness: [0.02181904]
1
iteration 1400
Best Fitness: [0.01209045]
1
iteration 1500
Best Fitness: [0.00662384]
1
iteration 1600
Best Fitness: [0.00338451]
1
iteration 1700
Best Fitness: [0.00178545]
1
iteration 1800
Best Fitness: [0.00095169]
1
iteration 1900
Best Fitness: [0.000508]
1
iteration 2000
Best Fitness: [0.00027445]
1
iteration 2100
Best Fitness: [0.00014359]
1
iteration 2200
Best Fitness: [7.87666975e-05]
1
iteration 2300
Best Fitness: [3.89804128e-05]
1
iteration 2400
Best Fitness: [1.86189552e-05]
1
iteration 2500
Best Fitness: [1.1160629e-05]
1
iteration 2600
Best Fitness: [5.04406015e-06]
1
iteration 2700
Best Fitness: [2.49561406e-06]
1
iteration 2800
Best Fitness: [1.22406956e-06]
1
iteration 2900
Best Fitness: [6.18022843e-07]
1
iteration 2999
Best Fitness: [3.80144158e-07]
1
iteration 0
Best Fitness: [5141.59700002]
100
iteration 100
Best Fitness: [124.82854742]
1
iteration 200
Best Fitness: [45.29257246]
1
iteration 300
Best Fitness: [21.12044309]
1
iteration 400
Best Fitness: [11.47117719]
1
iteration 500
Best Fitness: [6.07882256]
1
iteration 600
Best Fitness: [3.12894308]
1
iteration 700
Best Fitness: [1.4942669]
1
iteration 800
Best Fitness: [0.75223022]
1
iteration 900
Best Fitness: [0.49852894]
1
iteration 1000
Best Fitness: [0.30178362]
1
iteration 1100
Best Fitness: [0.14242612]
1
iteration 1200
Best Fitness: [0.06870218]
1
iteration 1300
Best Fitness: [0.0347898]
1
iteration 1400
Best Fitness: [0.01690819]
1
iteration 1500
Best Fitness: [0.00729151]
1
iteration 1600
Best Fitness: [0.00449603]
1
iteration 1700
Best Fitness: [0.0024502]
1
iteration 1800
Best Fitness: [0.00142648]
1
iteration 1900
Best Fitness: [0.00078283]
1
iteration 2000
Best Fitness: [0.0003921]
1
iteration 2100
Best Fitness: [0.00018873]
1
iteration 2200
Best Fitness: [9.63323195e-05]
1
iteration 2300
Best Fitness: [4.50271016e-05]
1
iteration 2400
Best Fitness: [2.15442433e-05]
1
iteration 2500
Best Fitness: [1.24458062e-05]
1
iteration 2600
Best Fitness: [6.04932534e-06]
1
iteration 2700
Best Fitness: [3.24829265e-06]
1
iteration 2800
Best Fitness: [1.44069806e-06]
1
iteration 2900
Best Fitness: [7.83809281e-07]
1
iteration 2999
Best Fitness: [4.31710433e-07]
1
iteration 0
Best Fitness: [3901.09606288]
100
iteration 100
Best Fitness: [1363.98705778]
1
iteration 200
Best Fitness: [518.82101731]
1
iteration 300
Best Fitness: [226.6030782]
1
iteration 400
Best Fitness: [110.81601957]
1
iteration 500
Best Fitness: [55.28702739]
1
iteration 600
Best Fitness: [27.79632249]
1
iteration 700
Best Fitness: [15.94770736]
1
iteration 800
Best Fitness: [8.22354525]
1
iteration 900
Best Fitness: [4.2924679]
1
iteration 1000
Best Fitness: [1.80810213]
1
iteration 1100
Best Fitness: [0.97801966]
1
iteration 1200
Best Fitness: [0.55267636]
1
iteration 1300
Best Fitness: [0.33178811]
1
iteration 1400
Best Fitness: [0.18447948]
1
iteration 1500
Best Fitness: [0.0962657]
1
iteration 1600
Best Fitness: [0.04889687]
1
iteration 1700
Best Fitness: [0.02345081]
1
iteration 1800
Best Fitness: [0.01346746]
1
iteration 1900
Best Fitness: [0.00682261]
1
iteration 2000
Best Fitness: [0.00411476]
1
iteration 2100
Best Fitness: [0.00211214]
1
iteration 2200
Best Fitness: [0.00120813]
1
iteration 2300
Best Fitness: [0.000601]
1
iteration 2400
Best Fitness: [0.0003325]
1
iteration 2500
Best Fitness: [0.00016521]
1
iteration 2600
Best Fitness: [9.92320549e-05]
1
iteration 2700
Best Fitness: [4.8928369e-05]
1
iteration 2800
Best Fitness: [2.61454878e-05]
1
iteration 2900
Best Fitness: [1.47364387e-05]
1
iteration 2999
Best Fitness: [7.50995545e-06]
1
iteration 0
Best Fitness: [117478.21625615]
100
iteration 100
Best Fitness: [291.35728664]
1
iteration 200
Best Fitness: [124.81722211]
1
iteration 300
Best Fitness: [74.72951143]
1
iteration 400
Best Fitness: [36.67468489]
1
iteration 500
Best Fitness: [20.50184215]
1
iteration 600
Best Fitness: [10.6855462]
1
iteration 700
Best Fitness: [4.86037921]
1
iteration 800
Best Fitness: [2.53695769]
1
iteration 900
Best Fitness: [1.41152155]
1
iteration 1000
Best Fitness: [0.78504286]
1
iteration 1100
Best Fitness: [0.42291578]
1
iteration 1200
Best Fitness: [0.20150337]
1
iteration 1300
Best Fitness: [0.10994826]
1
iteration 1400
Best Fitness: [0.05569999]
1
iteration 1500
Best Fitness: [0.03476516]
1
iteration 1600
Best Fitness: [0.0185655]
1
iteration 1700
Best Fitness: [0.01029837]
1
iteration 1800
Best Fitness: [0.00529205]
1
iteration 1900
Best Fitness: [0.00302274]
1
iteration 2000
Best Fitness: [0.00157359]
1
iteration 2100
Best Fitness: [0.00072625]
1
iteration 2200
Best Fitness: [0.00048153]
1
iteration 2300
Best Fitness: [0.00022794]
1
iteration 2400
Best Fitness: [0.00014782]
1
iteration 2500
Best Fitness: [8.56638854e-05]
1
iteration 2600
Best Fitness: [4.69956469e-05]
1
iteration 2700
Best Fitness: [2.40271694e-05]
1
iteration 2800
Best Fitness: [1.02994866e-05]
1
iteration 2900
Best Fitness: [5.44036145e-06]
1
iteration 2999
Best Fitness: [2.5694058e-06]
1
iteration 0
Best Fitness: [1512107.28835804]
100
iteration 100
Best Fitness: [27.62549703]
1
iteration 200
Best Fitness: [13.21359098]
1
iteration 300
Best Fitness: [5.48508459]
1
iteration 400
Best Fitness: [2.6483203]
1
iteration 500
Best Fitness: [1.48079912]
1
iteration 600
Best Fitness: [0.72336529]
1
iteration 700
Best Fitness: [0.34813653]
1
iteration 800
Best Fitness: [0.14802437]
1
iteration 900
Best Fitness: [0.08410013]
1
iteration 1000
Best Fitness: [0.03727276]
1
iteration 1100
Best Fitness: [0.02516684]
1
iteration 1200
Best Fitness: [0.01255704]
1
iteration 1300
Best Fitness: [0.00770805]
1
iteration 1400
Best Fitness: [0.00371479]
1
iteration 1500
Best Fitness: [0.00205724]
1
iteration 1600
Best Fitness: [0.00104348]
1
iteration 1700
Best Fitness: [0.00062469]
1
iteration 1800
Best Fitness: [0.00029154]
1
iteration 1900
Best Fitness: [0.0001579]
1
iteration 2000
Best Fitness: [7.8310671e-05]
1
iteration 2100
Best Fitness: [3.78929957e-05]
1
iteration 2200
Best Fitness: [1.85541054e-05]
1
iteration 2300
Best Fitness: [9.31868289e-06]
1
iteration 2400
Best Fitness: [5.24978941e-06]
1
iteration 2500
Best Fitness: [2.95735821e-06]
1
iteration 2600
Best Fitness: [1.59653537e-06]
1
iteration 2700
Best Fitness: [7.18783081e-07]
1
iteration 2800
Best Fitness: [3.38015272e-07]
1
iteration 2900
Best Fitness: [1.49682395e-07]
1
iteration 2999
Best Fitness: [7.47044888e-08]
1
iteration 0
Best Fitness: [258093.58619717]
100
iteration 100
Best Fitness: [22.81847416]
1
iteration 200
Best Fitness: [10.88431988]
1
iteration 300
Best Fitness: [4.43501164]
1
iteration 400
Best Fitness: [2.29490621]
1
iteration 500
Best Fitness: [1.17889956]
1
iteration 600
Best Fitness: [0.58192388]
1
iteration 700
Best Fitness: [0.28998057]
1
iteration 800
Best Fitness: [0.20747596]
1
iteration 900
Best Fitness: [0.08862131]
1
iteration 1000
Best Fitness: [0.05465733]
1
iteration 1100
Best Fitness: [0.02395317]
1
iteration 1200
Best Fitness: [0.01417408]
1
iteration 1300
Best Fitness: [0.00668577]
1
iteration 1400
Best Fitness: [0.00437743]
1
iteration 1500
Best Fitness: [0.0021732]
1
iteration 1600
Best Fitness: [0.00106817]
1
iteration 1700
Best Fitness: [0.0006483]
1
iteration 1800
Best Fitness: [0.00035629]
1
iteration 1900
Best Fitness: [0.00016722]
1
iteration 2000
Best Fitness: [9.74296809e-05]
1
iteration 2100
Best Fitness: [5.07805531e-05]
1
iteration 2200
Best Fitness: [2.3486795e-05]
1
iteration 2300
Best Fitness: [1.09383476e-05]
1
iteration 2400
Best Fitness: [5.93559164e-06]
1
iteration 2500
Best Fitness: [2.74951492e-06]
1
iteration 2600
Best Fitness: [1.45322584e-06]
1
iteration 2700
Best Fitness: [6.73577476e-07]
1
iteration 2800
Best Fitness: [3.52669511e-07]
1
iteration 2900
Best Fitness: [2.03476968e-07]
1
iteration 2999
Best Fitness: [9.95653789e-08]
1
iteration 0
Best Fitness: [52171.55714457]
100
iteration 100
Best Fitness: [362.87981505]
1
iteration 200
Best Fitness: [172.12228273]
1
iteration 300
Best Fitness: [63.71088182]
1
iteration 400
Best Fitness: [32.37324149]
1
iteration 500
Best Fitness: [14.69161661]
1
iteration 600
Best Fitness: [7.9979495]
1
iteration 700
Best Fitness: [3.51947125]
1
iteration 800
Best Fitness: [1.80467858]
1
iteration 900
Best Fitness: [1.19342166]
1
iteration 1000
Best Fitness: [0.74292634]
1
iteration 1100
Best Fitness: [0.31445236]
1
iteration 1200
Best Fitness: [0.1660236]
1
iteration 1300
Best Fitness: [0.07669404]
1
iteration 1400
Best Fitness: [0.03886893]
1
iteration 1500
Best Fitness: [0.01977558]
1
iteration 1600
Best Fitness: [0.00963475]
1
iteration 1700
Best Fitness: [0.00639928]
1
iteration 1800
Best Fitness: [0.0030032]
1
iteration 1900
Best Fitness: [0.0017524]
1
iteration 2000
Best Fitness: [0.0008674]
1
iteration 2100
Best Fitness: [0.00041296]
1
iteration 2200
Best Fitness: [0.00022955]
1
iteration 2300
Best Fitness: [0.0001186]
1
iteration 2400
Best Fitness: [6.23855473e-05]
1
iteration 2500
Best Fitness: [3.11798767e-05]
1
iteration 2600
Best Fitness: [1.7638216e-05]
1
iteration 2700
Best Fitness: [8.89931344e-06]
1
iteration 2800
Best Fitness: [4.70928432e-06]
1
iteration 2900
Best Fitness: [2.33212788e-06]
1
iteration 2999
Best Fitness: [1.14341955e-06]
1
iteration 0
Best Fitness: [54634.04297707]
100
iteration 100
Best Fitness: [512.78309232]
1
iteration 200
Best Fitness: [215.88831212]
1
iteration 300
Best Fitness: [117.54404615]
1
iteration 400
Best Fitness: [65.98454264]
1
iteration 500
Best Fitness: [35.69460611]
1
iteration 600
Best Fitness: [19.77681965]
1
iteration 700
Best Fitness: [10.2562743]
1
iteration 800
Best Fitness: [5.10996636]
1
iteration 900
Best Fitness: [2.78673841]
1
iteration 1000
Best Fitness: [1.56657701]
1
iteration 1100
Best Fitness: [0.84253363]
1
iteration 1200
Best Fitness: [0.36344468]
1
iteration 1300
Best Fitness: [0.18054079]
1
iteration 1400
Best Fitness: [0.09536249]
1
iteration 1500
Best Fitness: [0.04055242]
1
iteration 1600
Best Fitness: [0.02014531]
1
iteration 1700
Best Fitness: [0.01028701]
1
iteration 1800
Best Fitness: [0.00491595]
1
iteration 1900
Best Fitness: [0.00261996]
1
iteration 2000
Best Fitness: [0.00127321]
1
iteration 2100
Best Fitness: [0.0005834]
1
iteration 2200
Best Fitness: [0.00029411]
1
iteration 2300
Best Fitness: [0.00015816]
1
iteration 2400
Best Fitness: [8.44144111e-05]
1
iteration 2500
Best Fitness: [4.43597687e-05]
1
iteration 2600
Best Fitness: [2.90585349e-05]
1
iteration 2700
Best Fitness: [1.36578755e-05]
1
iteration 2800
Best Fitness: [5.99435497e-06]
1
iteration 2900
Best Fitness: [3.57210352e-06]
1
iteration 2999
Best Fitness: [1.93007891e-06]
1
[array([5.17521759e-06]), array([1.63929143e-06]), array([3.80144158e-07]), array([4.31710433e-07]), array([7.50995545e-06]), array([2.5694058e-06]), array([7.47044888e-08]), array([9.95653789e-08]), array([1.14341955e-06]), array([1.93007891e-06])]
iteration 0
Best Fitness: [10.32932665]
100
iteration 100
Best Fitness: [1.36026195e-05]
100
iteration 200
Best Fitness: [7.76374736e-05]
1
iteration 300
Best Fitness: [5.01055996e-05]
1
iteration 400
Best Fitness: [2.88912999e-05]
1
iteration 500
Best Fitness: [2.07312248e-05]
1
iteration 600
Best Fitness: [1.42182559e-05]
1
iteration 700
Best Fitness: [1.02025809e-05]
1
iteration 800
Best Fitness: [7.57214809e-06]
1
iteration 900
Best Fitness: [5.56738392e-06]
1
iteration 1000
Best Fitness: [4.38689505e-06]
1
iteration 1100
Best Fitness: [3.18330444e-06]
1
iteration 1200
Best Fitness: [2.61140587e-06]
1
iteration 1300
Best Fitness: [1.82595741e-06]
1
iteration 1400
Best Fitness: [1.40993856e-06]
1
iteration 1500
Best Fitness: [1.01309029e-06]
1
iteration 1600
Best Fitness: [6.82670859e-07]
1
iteration 1700
Best Fitness: [4.83252208e-07]
1
iteration 1800
Best Fitness: [3.6360131e-07]
1
iteration 1900
Best Fitness: [2.34103358e-07]
1
iteration 2000
Best Fitness: [1.80344575e-07]
1
iteration 2100
Best Fitness: [1.26264827e-07]
1
iteration 2200
Best Fitness: [9.6315802e-08]
1
iteration 2300
Best Fitness: [6.78843226e-08]
1
iteration 2400
Best Fitness: [4.77599298e-08]
1
iteration 2500
Best Fitness: [3.38393105e-08]
1
iteration 2600
Best Fitness: [2.8533393e-08]
1
iteration 2700
Best Fitness: [1.97876351e-08]
1
iteration 2800
Best Fitness: [1.40005203e-08]
1
iteration 2900
Best Fitness: [9.56205115e-09]
1
iteration 2999
Best Fitness: [6.2976615e-09]
1
iteration 0
Best Fitness: [18.78277305]
100
iteration 100
Best Fitness: [1.48266741e-05]
100
iteration 200
Best Fitness: [0.00010631]
1
iteration 300
Best Fitness: [4.38501263e-05]
1
iteration 400
Best Fitness: [2.46598294e-05]
1
iteration 500
Best Fitness: [1.66259875e-05]
1
iteration 600
Best Fitness: [1.33792523e-05]
1
iteration 700
Best Fitness: [9.9406478e-06]
1
iteration 800
Best Fitness: [6.83514523e-06]
1
iteration 900
Best Fitness: [4.9576859e-06]
1
iteration 1000
Best Fitness: [3.65196654e-06]
1
iteration 1100
Best Fitness: [2.42018102e-06]
1
iteration 1200
Best Fitness: [1.67972356e-06]
1
iteration 1300
Best Fitness: [1.08682052e-06]
1
iteration 1400
Best Fitness: [8.44262861e-07]
1
iteration 1500
Best Fitness: [6.10598932e-07]
1
iteration 1600
Best Fitness: [4.98654455e-07]
1
iteration 1700
Best Fitness: [3.52210052e-07]
1
iteration 1800
Best Fitness: [2.61117805e-07]
1
iteration 1900
Best Fitness: [1.86143826e-07]
1
iteration 2000
Best Fitness: [1.31828152e-07]
1
iteration 2100
Best Fitness: [9.81507147e-08]
1
iteration 2200
Best Fitness: [6.53196968e-08]
1
iteration 2300
Best Fitness: [4.60286675e-08]
1
iteration 2400
Best Fitness: [3.38936847e-08]
1
iteration 2500
Best Fitness: [2.58210489e-08]
1
iteration 2600
Best Fitness: [1.93285001e-08]
1
iteration 2700
Best Fitness: [1.32055509e-08]
1
iteration 2800
Best Fitness: [1.00262594e-08]
1
iteration 2900
Best Fitness: [7.69726016e-09]
1
iteration 2999
Best Fitness: [5.54642954e-09]
1
iteration 0
Best Fitness: [18.71916252]
100
iteration 100
Best Fitness: [1.50080798e-05]
100
iteration 200
Best Fitness: [9.93862382e-05]
1
iteration 300
Best Fitness: [4.53201898e-05]
1
iteration 400
Best Fitness: [2.64550868e-05]
1
iteration 500
Best Fitness: [1.79882016e-05]
1
iteration 600
Best Fitness: [1.2684652e-05]
1
iteration 700
Best Fitness: [9.07403483e-06]
1
iteration 800
Best Fitness: [6.76857106e-06]
1
iteration 900
Best Fitness: [4.7955548e-06]
1
iteration 1000
Best Fitness: [3.70534808e-06]
1
iteration 1100
Best Fitness: [2.81003111e-06]
1
iteration 1200
Best Fitness: [1.89001095e-06]
1
iteration 1300
Best Fitness: [1.25193131e-06]
1
iteration 1400
Best Fitness: [9.04529518e-07]
1
iteration 1500
Best Fitness: [5.81452696e-07]
1
iteration 1600
Best Fitness: [4.56931741e-07]
1
iteration 1700
Best Fitness: [3.32922529e-07]
1
iteration 1800
Best Fitness: [2.36602827e-07]
1
iteration 1900
Best Fitness: [1.64630436e-07]
1
iteration 2000
Best Fitness: [1.19131237e-07]
1
iteration 2100
Best Fitness: [8.90320959e-08]
1
iteration 2200
Best Fitness: [6.47911311e-08]
1
iteration 2300
Best Fitness: [4.05556944e-08]
1
iteration 2400
Best Fitness: [3.0855468e-08]
1
iteration 2500
Best Fitness: [2.34247648e-08]
1
iteration 2600
Best Fitness: [1.61960547e-08]
1
iteration 2700
Best Fitness: [1.13132903e-08]
1
iteration 2800
Best Fitness: [8.53880922e-09]
1
iteration 2900
Best Fitness: [6.05258466e-09]
1
iteration 2999
Best Fitness: [4.15754231e-09]
1
iteration 0
Best Fitness: [14.69861182]
100
iteration 100
Best Fitness: [1.35597583e-05]
100
iteration 200
Best Fitness: [0.00013825]
1
iteration 300
Best Fitness: [6.34584861e-05]
1
iteration 400
Best Fitness: [3.13834137e-05]
1
iteration 500
Best Fitness: [2.38854964e-05]
1
iteration 600
Best Fitness: [1.85909211e-05]
1
iteration 700
Best Fitness: [1.27999879e-05]
1
iteration 800
Best Fitness: [8.64519554e-06]
1
iteration 900
Best Fitness: [6.84161269e-06]
1
iteration 1000
Best Fitness: [5.39615881e-06]
1
iteration 1100
Best Fitness: [3.9441536e-06]
1
iteration 1200
Best Fitness: [2.69749221e-06]
1
iteration 1300
Best Fitness: [1.99535179e-06]
1
iteration 1400
Best Fitness: [1.42486791e-06]
1
iteration 1500
Best Fitness: [1.09829574e-06]
1
iteration 1600
Best Fitness: [7.59257546e-07]
1
iteration 1700
Best Fitness: [5.71792978e-07]
1
iteration 1800
Best Fitness: [3.73025238e-07]
1
iteration 1900
Best Fitness: [2.80069213e-07]
1
iteration 2000
Best Fitness: [2.02116777e-07]
1
iteration 2100
Best Fitness: [1.40056731e-07]
1
iteration 2200
Best Fitness: [9.65608291e-08]
1
iteration 2300
Best Fitness: [7.38999337e-08]
1
iteration 2400
Best Fitness: [5.38318798e-08]
1
iteration 2500
Best Fitness: [3.92263542e-08]
1
iteration 2600
Best Fitness: [2.85340964e-08]
1
iteration 2700
Best Fitness: [2.12994391e-08]
1
iteration 2800
Best Fitness: [1.43814245e-08]
1
iteration 2900
Best Fitness: [1.12863394e-08]
1
iteration 2999
Best Fitness: [8.50765547e-09]
1
iteration 0
Best Fitness: [18.25892906]
100
iteration 100
Best Fitness: [1.92662227e-05]
100
iteration 200
Best Fitness: [7.13808598e-05]
1
iteration 300
Best Fitness: [3.28884417e-05]
1
iteration 400
Best Fitness: [2.33246152e-05]
1
iteration 500
Best Fitness: [1.80586047e-05]
1
iteration 600
Best Fitness: [1.35934748e-05]
1
iteration 700
Best Fitness: [9.21423347e-06]
1
iteration 800
Best Fitness: [7.04601651e-06]
1
iteration 900
Best Fitness: [5.04229227e-06]
1
iteration 1000
Best Fitness: [3.7534689e-06]
1
iteration 1100
Best Fitness: [2.55851014e-06]
1
iteration 1200
Best Fitness: [1.87289248e-06]
1
iteration 1300
Best Fitness: [1.27646343e-06]
1
iteration 1400
Best Fitness: [8.27711791e-07]
1
iteration 1500
Best Fitness: [6.28521534e-07]
1
iteration 1600
Best Fitness: [4.60534114e-07]
1
iteration 1700
Best Fitness: [3.51454031e-07]
1
iteration 1800
Best Fitness: [2.5521436e-07]
1
iteration 1900
Best Fitness: [1.83669279e-07]
1
iteration 2000
Best Fitness: [1.42271255e-07]
1
iteration 2100
Best Fitness: [9.46509116e-08]
1
iteration 2200
Best Fitness: [7.02864225e-08]
1
iteration 2300
Best Fitness: [4.95721371e-08]
1
iteration 2400
Best Fitness: [3.23496079e-08]
1
iteration 2500
Best Fitness: [2.60349293e-08]
1
iteration 2600
Best Fitness: [1.82905358e-08]
1
iteration 2700
Best Fitness: [1.34103293e-08]
1
iteration 2800
Best Fitness: [9.64984226e-09]
1
iteration 2900
Best Fitness: [7.3069093e-09]
1
iteration 2999
Best Fitness: [4.77023265e-09]
1
iteration 0
Best Fitness: [14.47602947]
100
iteration 100
Best Fitness: [1.43593251e-05]
100
iteration 200
Best Fitness: [0.00012891]
1
iteration 300
Best Fitness: [6.11499333e-05]
1
iteration 400
Best Fitness: [3.21427441e-05]
1
iteration 500
Best Fitness: [1.99939162e-05]
1
iteration 600
Best Fitness: [1.36225542e-05]
1
iteration 700
Best Fitness: [1.0529826e-05]
1
iteration 800
Best Fitness: [8.01725447e-06]
1
iteration 900
Best Fitness: [5.70497544e-06]
1
iteration 1000
Best Fitness: [4.19972732e-06]
1
iteration 1100
Best Fitness: [3.05182333e-06]
1
iteration 1200
Best Fitness: [2.21743941e-06]
1
iteration 1300
Best Fitness: [1.62798686e-06]
1
iteration 1400
Best Fitness: [1.2326486e-06]
1
iteration 1500
Best Fitness: [9.6818437e-07]
1
iteration 1600
Best Fitness: [7.04236932e-07]
1
iteration 1700
Best Fitness: [5.10453234e-07]
1
iteration 1800
Best Fitness: [3.31200216e-07]
1
iteration 1900
Best Fitness: [2.44298918e-07]
1
iteration 2000
Best Fitness: [1.8037019e-07]
1
iteration 2100
Best Fitness: [1.38030228e-07]
1
iteration 2200
Best Fitness: [9.41273837e-08]
1
iteration 2300
Best Fitness: [7.02700658e-08]
1
iteration 2400
Best Fitness: [4.85823155e-08]
1
iteration 2500
Best Fitness: [3.59047445e-08]
1
iteration 2600
Best Fitness: [2.40939859e-08]
1
iteration 2700
Best Fitness: [1.94879424e-08]
1
iteration 2800
Best Fitness: [1.34895974e-08]
1
iteration 2900
Best Fitness: [9.55284252e-09]
1
iteration 2999
Best Fitness: [7.2461579e-09]
1
iteration 0
Best Fitness: [14.77489815]
100
iteration 100
Best Fitness: [1.5092597e-05]
100
iteration 200
Best Fitness: [7.52415125e-05]
1
iteration 300
Best Fitness: [3.074725e-05]
1
iteration 400
Best Fitness: [2.30974238e-05]
1
iteration 500
Best Fitness: [1.41948354e-05]
1
iteration 600
Best Fitness: [8.80643994e-06]
1
iteration 700
Best Fitness: [6.10745674e-06]
1
iteration 800
Best Fitness: [4.54623382e-06]
1
iteration 900
Best Fitness: [3.22044435e-06]
1
iteration 1000
Best Fitness: [2.19420999e-06]
1
iteration 1100
Best Fitness: [1.61815222e-06]
1
iteration 1200
Best Fitness: [1.24852306e-06]
1
iteration 1300
Best Fitness: [9.17612308e-07]
1
iteration 1400
Best Fitness: [6.63956776e-07]
1
iteration 1500
Best Fitness: [4.42548178e-07]
1
iteration 1600
Best Fitness: [3.5643572e-07]
1
iteration 1700
Best Fitness: [2.77665408e-07]
1
iteration 1800
Best Fitness: [2.23869158e-07]
1
iteration 1900
Best Fitness: [1.44813832e-07]
1
iteration 2000
Best Fitness: [1.13967726e-07]
1
iteration 2100
Best Fitness: [7.56832681e-08]
1
iteration 2200
Best Fitness: [5.48502226e-08]
1
iteration 2300
Best Fitness: [3.95079707e-08]
1
iteration 2400
Best Fitness: [2.59000328e-08]
1
iteration 2500
Best Fitness: [1.89244358e-08]
1
iteration 2600
Best Fitness: [1.38550083e-08]
1
iteration 2700
Best Fitness: [9.17056342e-09]
1
iteration 2800
Best Fitness: [6.99176228e-09]
1
iteration 2900
Best Fitness: [4.9135207e-09]
1
iteration 2999
Best Fitness: [3.66857522e-09]
1
iteration 0
Best Fitness: [14.36235798]
100
iteration 100
Best Fitness: [1.24550956e-05]
100
iteration 200
Best Fitness: [9.34425791e-05]
1
iteration 300
Best Fitness: [4.87402006e-05]
1
iteration 400
Best Fitness: [3.11514343e-05]
1
iteration 500
Best Fitness: [1.98698929e-05]
1
iteration 600
Best Fitness: [1.31488635e-05]
1
iteration 700
Best Fitness: [1.0501363e-05]
1
iteration 800
Best Fitness: [6.97558192e-06]
1
iteration 900
Best Fitness: [4.79499836e-06]
1
iteration 1000
Best Fitness: [3.82341796e-06]
1
iteration 1100
Best Fitness: [2.83426208e-06]
1
iteration 1200
Best Fitness: [2.16880444e-06]
1
iteration 1300
Best Fitness: [1.62136358e-06]
1
iteration 1400
Best Fitness: [1.05905368e-06]
1
iteration 1500
Best Fitness: [7.75693064e-07]
1
iteration 1600
Best Fitness: [5.93209713e-07]
1
iteration 1700
Best Fitness: [4.25294154e-07]
1
iteration 1800
Best Fitness: [3.39561588e-07]
1
iteration 1900
Best Fitness: [2.73065929e-07]
1
iteration 2000
Best Fitness: [1.91404155e-07]
1
iteration 2100
Best Fitness: [1.45347631e-07]
1
iteration 2200
Best Fitness: [1.20467871e-07]
1
iteration 2300
Best Fitness: [9.1112121e-08]
1
iteration 2400
Best Fitness: [5.99802772e-08]
1
iteration 2500
Best Fitness: [4.54190467e-08]
1
iteration 2600
Best Fitness: [3.29771734e-08]
1
iteration 2700
Best Fitness: [2.25795707e-08]
1
iteration 2800
Best Fitness: [1.55935038e-08]
1
iteration 2900
Best Fitness: [1.20432309e-08]
1
iteration 2999
Best Fitness: [8.99772745e-09]
1
iteration 0
Best Fitness: [18.61733719]
100
iteration 100
Best Fitness: [1.47718206e-05]
100
iteration 200
Best Fitness: [9.21139494e-05]
1
iteration 300
Best Fitness: [4.19407365e-05]
1
iteration 400
Best Fitness: [3.62565921e-05]
1
iteration 500
Best Fitness: [2.36617954e-05]
1
iteration 600
Best Fitness: [1.54655861e-05]
1
iteration 700
Best Fitness: [1.20752473e-05]
1
iteration 800
Best Fitness: [9.47665481e-06]
1
iteration 900
Best Fitness: [6.56039032e-06]
1
iteration 1000
Best Fitness: [4.70298049e-06]
1
iteration 1100
Best Fitness: [3.2742797e-06]
1
iteration 1200
Best Fitness: [2.33873545e-06]
1
iteration 1300
Best Fitness: [1.69875533e-06]
1
iteration 1400
Best Fitness: [1.19728391e-06]
1
iteration 1500
Best Fitness: [8.72843931e-07]
1
iteration 1600
Best Fitness: [6.13008869e-07]
1
iteration 1700
Best Fitness: [4.28216272e-07]
1
iteration 1800
Best Fitness: [3.31383934e-07]
1
iteration 1900
Best Fitness: [2.4303516e-07]
1
iteration 2000
Best Fitness: [1.77717066e-07]
1
iteration 2100
Best Fitness: [1.29257842e-07]
1
iteration 2200
Best Fitness: [9.56123611e-08]
1
iteration 2300
Best Fitness: [6.38324562e-08]
1
iteration 2400
Best Fitness: [5.3120655e-08]
1
iteration 2500
Best Fitness: [3.70526618e-08]
1
iteration 2600
Best Fitness: [2.79293499e-08]
1
iteration 2700
Best Fitness: [2.10300404e-08]
1
iteration 2800
Best Fitness: [1.59371116e-08]
1
iteration 2900
Best Fitness: [1.1536756e-08]
1
iteration 2999
Best Fitness: [8.38130321e-09]
1
iteration 0
Best Fitness: [15.53898882]
100
iteration 100
Best Fitness: [1.26828367e-05]
100
iteration 200
Best Fitness: [0.00010314]
1
iteration 300
Best Fitness: [6.63632224e-05]
1
iteration 400
Best Fitness: [4.11275973e-05]
1
iteration 500
Best Fitness: [2.62087266e-05]
1
iteration 600
Best Fitness: [1.96229678e-05]
1
iteration 700
Best Fitness: [1.57853859e-05]
1
iteration 800
Best Fitness: [1.10695595e-05]
1
iteration 900
Best Fitness: [7.61045007e-06]
1
iteration 1000
Best Fitness: [4.79056059e-06]
1
iteration 1100
Best Fitness: [3.22636468e-06]
1
iteration 1200
Best Fitness: [2.50216691e-06]
1
iteration 1300
Best Fitness: [2.12333273e-06]
1
iteration 1400
Best Fitness: [1.62538981e-06]
1
iteration 1500
Best Fitness: [1.10352567e-06]
1
iteration 1600
Best Fitness: [7.85490315e-07]
1
iteration 1700
Best Fitness: [5.65332354e-07]
1
iteration 1800
Best Fitness: [4.04500132e-07]
1
iteration 1900
Best Fitness: [2.7167145e-07]
1
iteration 2000
Best Fitness: [2.12667264e-07]
1
iteration 2100
Best Fitness: [1.49040624e-07]
1
iteration 2200
Best Fitness: [9.87774951e-08]
1
iteration 2300
Best Fitness: [8.00062634e-08]
1
iteration 2400
Best Fitness: [5.39600191e-08]
1
iteration 2500
Best Fitness: [3.69562412e-08]
1
iteration 2600
Best Fitness: [2.60247188e-08]
1
iteration 2700
Best Fitness: [1.74597479e-08]
1
iteration 2800
Best Fitness: [1.19415984e-08]
1
iteration 2900
Best Fitness: [9.09567577e-09]
1
iteration 2999
Best Fitness: [7.06578307e-09]
1
[array([6.2976615e-09]), array([5.54642954e-09]), array([4.15754231e-09]), array([8.50765547e-09]), array([4.77023265e-09]), array([7.2461579e-09]), array([3.66857522e-09]), array([8.99772745e-09]), array([8.38130321e-09]), array([7.06578307e-09])]
iteration 0
Best Fitness: [11.70076143]
100
iteration 100
Best Fitness: [0.01086671]
100
iteration 200
Best Fitness: [5.86117892e-08]
100
iteration 300
Best Fitness: [0.00034369]
1
iteration 400
Best Fitness: [0.00026362]
1
iteration 500
Best Fitness: [0.00021921]
1
iteration 600
Best Fitness: [0.00018802]
1
iteration 700
Best Fitness: [0.00014752]
1
iteration 800
Best Fitness: [8.43365906e-05]
1
iteration 900
Best Fitness: [5.18973197e-05]
1
iteration 1000
Best Fitness: [2.99880277e-05]
1
iteration 1100
Best Fitness: [1.41265127e-05]
1
iteration 1200
Best Fitness: [6.87429457e-06]
1
iteration 1300
Best Fitness: [2.86529377e-06]
1
iteration 1400
Best Fitness: [1.82440252e-06]
1
iteration 1500
Best Fitness: [9.55714199e-07]
1
iteration 1600
Best Fitness: [5.56731635e-07]
1
iteration 1700
Best Fitness: [3.45283411e-07]
1
iteration 1800
Best Fitness: [1.92357817e-07]
1
iteration 1900
Best Fitness: [1.13074947e-07]
1
iteration 2000
Best Fitness: [6.01819465e-08]
1
iteration 2100
Best Fitness: [3.12613224e-08]
1
iteration 2200
Best Fitness: [1.67457586e-08]
1
iteration 2300
Best Fitness: [9.20985599e-09]
1
iteration 2400
Best Fitness: [5.27998623e-09]
1
iteration 2500
Best Fitness: [2.47052867e-09]
1
iteration 2600
Best Fitness: [1.31331035e-09]
1
iteration 2700
Best Fitness: [5.83952442e-10]
1
iteration 2800
Best Fitness: [2.60570232e-10]
1
iteration 2900
Best Fitness: [1.39465328e-10]
1
iteration 2999
Best Fitness: [6.94342361e-11]
1
iteration 0
Best Fitness: [12.64785063]
100
iteration 100
Best Fitness: [0.01174737]
100
iteration 200
Best Fitness: [0.00106434]
1
iteration 300
Best Fitness: [0.00099864]
1
iteration 400
Best Fitness: [0.00091685]
1
iteration 500
Best Fitness: [0.00067294]
1
iteration 600
Best Fitness: [0.00059371]
1
iteration 700
Best Fitness: [0.00046513]
1
iteration 800
Best Fitness: [0.00039212]
1
iteration 900
Best Fitness: [0.00027751]
1
iteration 1000
Best Fitness: [0.00023534]
1
iteration 1100
Best Fitness: [0.00019875]
1
iteration 1200
Best Fitness: [0.00016064]
1
iteration 1300
Best Fitness: [0.00010743]
1
iteration 1400
Best Fitness: [8.22775978e-05]
1
iteration 1500
Best Fitness: [5.57784835e-05]
1
iteration 1600
Best Fitness: [3.43035548e-05]
1
iteration 1700
Best Fitness: [1.96850638e-05]
1
iteration 1800
Best Fitness: [1.23339542e-05]
1
iteration 1900
Best Fitness: [6.4563126e-06]
1
iteration 2000
Best Fitness: [2.84913287e-06]
1
iteration 2100
Best Fitness: [1.90652131e-06]
1
iteration 2200
Best Fitness: [9.23125214e-07]
1
iteration 2300
Best Fitness: [4.61782264e-07]
1
iteration 2400
Best Fitness: [2.77027965e-07]
1
iteration 2500
Best Fitness: [1.29842533e-07]
1
iteration 2600
Best Fitness: [5.64633353e-08]
1
iteration 2700
Best Fitness: [3.4740367e-08]
1
iteration 2800
Best Fitness: [1.8852063e-08]
1
iteration 2900
Best Fitness: [9.17088983e-09]
1
iteration 2999
Best Fitness: [4.19510116e-09]
1
iteration 0
Best Fitness: [11.60788536]
100
iteration 100
Best Fitness: [0.01130749]
100
iteration 200
Best Fitness: [4.09996233e-08]
100
iteration 300
Best Fitness: [0.00040847]
1
iteration 400
Best Fitness: [0.00026149]
1
iteration 500
Best Fitness: [0.00021404]
1
iteration 600
Best Fitness: [0.00018118]
1
iteration 700
Best Fitness: [0.00013198]
1
iteration 800
Best Fitness: [9.65800825e-05]
1
iteration 900
Best Fitness: [7.83398166e-05]
1
iteration 1000
Best Fitness: [5.27437674e-05]
1
iteration 1100
Best Fitness: [3.83405218e-05]
1
iteration 1200
Best Fitness: [1.97887893e-05]
1
iteration 1300
Best Fitness: [7.71851242e-06]
1
iteration 1400
Best Fitness: [4.08514944e-06]
1
iteration 1500
Best Fitness: [2.48324989e-06]
1
iteration 1600
Best Fitness: [1.33691739e-06]
1
iteration 1700
Best Fitness: [9.19727768e-07]
1
iteration 1800
Best Fitness: [4.08822132e-07]
1
iteration 1900
Best Fitness: [2.15075488e-07]
1
iteration 2000
Best Fitness: [9.34527691e-08]
1
iteration 2100
Best Fitness: [5.64392337e-08]
1
iteration 2200
Best Fitness: [2.72923728e-08]
1
iteration 2300
Best Fitness: [1.50493236e-08]
1
iteration 2400
Best Fitness: [7.82091547e-09]
1
iteration 2500
Best Fitness: [3.43763418e-09]
1
iteration 2600
Best Fitness: [1.62916081e-09]
1
iteration 2700
Best Fitness: [8.56346105e-10]
1
iteration 2800
Best Fitness: [3.51576546e-10]
1
iteration 2900
Best Fitness: [2.29050556e-10]
1
iteration 2999
Best Fitness: [1.38697942e-10]
1
iteration 0
Best Fitness: [11.96847093]
100
iteration 100
Best Fitness: [0.01069977]
100
iteration 200
Best Fitness: [6.41667839e-08]
100
iteration 300
Best Fitness: [0.00032112]
1
iteration 400
Best Fitness: [0.00027869]
1
iteration 500
Best Fitness: [0.00025366]
1
iteration 600
Best Fitness: [0.00018734]
1
iteration 700
Best Fitness: [0.00011194]
1
iteration 800
Best Fitness: [7.57372824e-05]
1
iteration 900
Best Fitness: [3.7533479e-05]
1
iteration 1000
Best Fitness: [2.52741559e-05]
1
iteration 1100
Best Fitness: [1.12088607e-05]
1
iteration 1200
Best Fitness: [5.00714103e-06]
1
iteration 1300
Best Fitness: [2.59916575e-06]
1
iteration 1400
Best Fitness: [1.55153353e-06]
1
iteration 1500
Best Fitness: [7.92050628e-07]
1
iteration 1600
Best Fitness: [3.90745868e-07]
1
iteration 1700
Best Fitness: [2.58589182e-07]
1
iteration 1800
Best Fitness: [1.3349819e-07]
1
iteration 1900
Best Fitness: [6.94883795e-08]
1
iteration 2000
Best Fitness: [3.68274016e-08]
1
iteration 2100
Best Fitness: [1.41023691e-08]
1
iteration 2200
Best Fitness: [1.04728031e-08]
1
iteration 2300
Best Fitness: [5.94309313e-09]
1
iteration 2400
Best Fitness: [3.54935992e-09]
1
iteration 2500
Best Fitness: [1.6173658e-09]
1
iteration 2600
Best Fitness: [8.60609362e-10]
1
iteration 2700
Best Fitness: [4.40138592e-10]
1
iteration 2800
Best Fitness: [3.19204219e-10]
1
iteration 2900
Best Fitness: [1.3400836e-10]
1
iteration 2999
Best Fitness: [8.17408363e-11]
1
iteration 0
Best Fitness: [11.47228721]
100
iteration 100
Best Fitness: [0.01145035]
100
iteration 200
Best Fitness: [6.2996719e-08]
100
iteration 300
Best Fitness: [0.00025626]
1
iteration 400
Best Fitness: [0.00023705]
1
iteration 500
Best Fitness: [0.00020236]
1
iteration 600
Best Fitness: [0.00015292]
1
iteration 700
Best Fitness: [0.00012589]
1
iteration 800
Best Fitness: [0.00010643]
1
iteration 900
Best Fitness: [8.35476731e-05]
1
iteration 1000
Best Fitness: [6.55398877e-05]
1
iteration 1100
Best Fitness: [3.07183411e-05]
1
iteration 1200
Best Fitness: [1.38323056e-05]
1
iteration 1300
Best Fitness: [7.12872219e-06]
1
iteration 1400
Best Fitness: [3.39902445e-06]
1
iteration 1500
Best Fitness: [2.05796593e-06]
1
iteration 1600
Best Fitness: [9.58211899e-07]
1
iteration 1700
Best Fitness: [4.68033221e-07]
1
iteration 1800
Best Fitness: [1.92277781e-07]
1
iteration 1900
Best Fitness: [1.27756323e-07]
1
iteration 2000
Best Fitness: [6.92048445e-08]
1
iteration 2100
Best Fitness: [3.52423797e-08]
1
iteration 2200
Best Fitness: [1.84620319e-08]
1
iteration 2300
Best Fitness: [8.68507755e-09]
1
iteration 2400
Best Fitness: [4.80687845e-09]
1
iteration 2500
Best Fitness: [2.54195243e-09]
1
iteration 2600
Best Fitness: [1.35398182e-09]
1
iteration 2700
Best Fitness: [5.74232217e-10]
1
iteration 2800
Best Fitness: [3.34324568e-10]
1
iteration 2900
Best Fitness: [2.12338591e-10]
1
iteration 2999
Best Fitness: [9.81401627e-11]
1
iteration 0
Best Fitness: [13.00832384]
100
iteration 100
Best Fitness: [5.3575598]
1
iteration 200
Best Fitness: [4.95981491]
1
iteration 300
Best Fitness: [4.3111161]
1
iteration 400
Best Fitness: [3.99189285]
1
iteration 500
Best Fitness: [3.59025833]
1
iteration 600
Best Fitness: [2.97849333]
1
iteration 700
Best Fitness: [2.48042934]
1
iteration 800
Best Fitness: [2.19947772]
1
iteration 900
Best Fitness: [1.74459496]
1
iteration 1000
Best Fitness: [1.3957763]
1
iteration 1100
Best Fitness: [1.18684787]
1
iteration 1200
Best Fitness: [1.05699657]
1
iteration 1300
Best Fitness: [0.89777866]
1
iteration 1400
Best Fitness: [0.82676738]
1
iteration 1500
Best Fitness: [0.72776083]
1
iteration 1600
Best Fitness: [0.62640203]
1
iteration 1700
Best Fitness: [0.4880517]
1
iteration 1800
Best Fitness: [0.42370674]
1
iteration 1900
Best Fitness: [0.33806416]
1
iteration 2000
Best Fitness: [0.28477073]
1
iteration 2100
Best Fitness: [0.23883475]
1
iteration 2200
Best Fitness: [0.2072799]
1
iteration 2300
Best Fitness: [0.17209302]
1
iteration 2400
Best Fitness: [0.14104066]
1
iteration 2500
Best Fitness: [0.12688039]
1
iteration 2600
Best Fitness: [0.10326188]
1
iteration 2700
Best Fitness: [0.08016435]
1
iteration 2800
Best Fitness: [0.06714143]
1
iteration 2900
Best Fitness: [0.05257327]
1
iteration 2999
Best Fitness: [0.04593461]
1
iteration 0
Best Fitness: [11.09459956]
100
iteration 100
Best Fitness: [0.01039268]
100
iteration 200
Best Fitness: [8.20623711e-08]
100
iteration 300
Best Fitness: [0.00029778]
1
iteration 400
Best Fitness: [0.00025495]
1
iteration 500
Best Fitness: [0.0002436]
1
iteration 600
Best Fitness: [0.00014937]
1
iteration 700
Best Fitness: [9.50782932e-05]
1
iteration 800
Best Fitness: [6.15825425e-05]
1
iteration 900
Best Fitness: [3.95457728e-05]
1
iteration 1000
Best Fitness: [2.64114417e-05]
1
iteration 1100
Best Fitness: [1.89024151e-05]
1
iteration 1200
Best Fitness: [1.00823182e-05]
1
iteration 1300
Best Fitness: [3.70013171e-06]
1
iteration 1400
Best Fitness: [2.29079058e-06]
1
iteration 1500
Best Fitness: [1.02113216e-06]
1
iteration 1600
Best Fitness: [6.3123548e-07]
1
iteration 1700
Best Fitness: [3.9247783e-07]
1
iteration 1800
Best Fitness: [2.37470147e-07]
1
iteration 1900
Best Fitness: [1.23117502e-07]
1
iteration 2000
Best Fitness: [5.02274418e-08]
1
iteration 2100
Best Fitness: [2.78344032e-08]
1
iteration 2200
Best Fitness: [1.96993994e-08]
1
iteration 2300
Best Fitness: [8.16814349e-09]
1
iteration 2400
Best Fitness: [5.73061243e-09]
1
iteration 2500
Best Fitness: [2.90137336e-09]
1
iteration 2600
Best Fitness: [1.44365231e-09]
1
iteration 2700
Best Fitness: [9.63467528e-10]
1
iteration 2800
Best Fitness: [3.83181487e-10]
1
iteration 2900
Best Fitness: [1.91135996e-10]
1
iteration 2999
Best Fitness: [9.45306056e-11]
1
iteration 0
Best Fitness: [12.90317335]
100
iteration 100
Best Fitness: [0.0106688]
100
iteration 200
Best Fitness: [8.75682247e-08]
100
iteration 300
Best Fitness: [0.00029088]
1
iteration 400
Best Fitness: [0.00025894]
1
iteration 500
Best Fitness: [0.00022271]
1
iteration 600
Best Fitness: [0.00018218]
1
iteration 700
Best Fitness: [0.00014058]
1
iteration 800
Best Fitness: [9.88297695e-05]
1
iteration 900
Best Fitness: [6.53441764e-05]
1
iteration 1000
Best Fitness: [2.99531363e-05]
1
iteration 1100
Best Fitness: [1.49444329e-05]
1
iteration 1200
Best Fitness: [8.72101486e-06]
1
iteration 1300
Best Fitness: [3.86552671e-06]
1
iteration 1400
Best Fitness: [2.28896269e-06]
1
iteration 1500
Best Fitness: [1.06526079e-06]
1
iteration 1600
Best Fitness: [6.1170249e-07]
1
iteration 1700
Best Fitness: [3.22915355e-07]
1
iteration 1800
Best Fitness: [1.75775881e-07]
1
iteration 1900
Best Fitness: [9.47756007e-08]
1
iteration 2000
Best Fitness: [4.8680846e-08]
1
iteration 2100
Best Fitness: [2.7206255e-08]
1
iteration 2200
Best Fitness: [1.50066342e-08]
1
iteration 2300
Best Fitness: [6.53011512e-09]
1
iteration 2400
Best Fitness: [4.26345537e-09]
1
iteration 2500
Best Fitness: [2.10758344e-09]
1
iteration 2600
Best Fitness: [1.09756115e-09]
1
iteration 2700
Best Fitness: [5.79632342e-10]
1
iteration 2800
Best Fitness: [2.57273314e-10]
1
iteration 2900
Best Fitness: [1.66380687e-10]
1
iteration 2999
Best Fitness: [9.38200628e-11]
1
iteration 0
Best Fitness: [11.71666989]
100
iteration 100
Best Fitness: [0.01229066]
100
iteration 200
Best Fitness: [8.51389927e-08]
100
iteration 300
Best Fitness: [0.0002753]
1
iteration 400
Best Fitness: [0.00024477]
1
iteration 500
Best Fitness: [0.0001992]
1
iteration 600
Best Fitness: [0.00012175]
1
iteration 700
Best Fitness: [8.46894746e-05]
1
iteration 800
Best Fitness: [7.11955634e-05]
1
iteration 900
Best Fitness: [5.03158479e-05]
1
iteration 1000
Best Fitness: [3.46609839e-05]
1
iteration 1100
Best Fitness: [2.11773981e-05]
1
iteration 1200
Best Fitness: [8.77525724e-06]
1
iteration 1300
Best Fitness: [4.8537413e-06]
1
iteration 1400
Best Fitness: [2.28328167e-06]
1
iteration 1500
Best Fitness: [9.97677716e-07]
1
iteration 1600
Best Fitness: [4.58538949e-07]
1
iteration 1700
Best Fitness: [2.61759141e-07]
1
iteration 1800
Best Fitness: [1.43641245e-07]
1
iteration 1900
Best Fitness: [7.8868851e-08]
1
iteration 2000
Best Fitness: [3.92858226e-08]
1
iteration 2100
Best Fitness: [1.89399998e-08]
1
iteration 2200
Best Fitness: [1.09286873e-08]
1
iteration 2300
Best Fitness: [6.22432594e-09]
1
iteration 2400
Best Fitness: [3.15296234e-09]
1
iteration 2500
Best Fitness: [1.74463821e-09]
1
iteration 2600
Best Fitness: [1.01476871e-09]
1
iteration 2700
Best Fitness: [5.36942935e-10]
1
iteration 2800
Best Fitness: [2.3726443e-10]
1
iteration 2900
Best Fitness: [1.33667299e-10]
1
iteration 2999
Best Fitness: [6.9348971e-11]
1
iteration 0
Best Fitness: [11.22629965]
100
iteration 100
Best Fitness: [0.01165418]
100
iteration 200
Best Fitness: [8.37167136e-08]
100
iteration 300
Best Fitness: [0.00033648]
1
iteration 400
Best Fitness: [0.00025897]
1
iteration 500
Best Fitness: [0.00021906]
1
iteration 600
Best Fitness: [0.00015622]
1
iteration 700
Best Fitness: [0.00011958]
1
iteration 800
Best Fitness: [7.05887145e-05]
1
iteration 900
Best Fitness: [4.03628202e-05]
1
iteration 1000
Best Fitness: [2.28557759e-05]
1
iteration 1100
Best Fitness: [1.45098131e-05]
1
iteration 1200
Best Fitness: [8.34482464e-06]
1
iteration 1300
Best Fitness: [3.89526889e-06]
1
iteration 1400
Best Fitness: [1.53545349e-06]
1
iteration 1500
Best Fitness: [8.20958036e-07]
1
iteration 1600
Best Fitness: [3.47589804e-07]
1
iteration 1700
Best Fitness: [2.17121055e-07]
1
iteration 1800
Best Fitness: [9.6515663e-08]
1
iteration 1900
Best Fitness: [5.36996083e-08]
1
iteration 2000
Best Fitness: [3.44915065e-08]
1
iteration 2100
Best Fitness: [1.84245721e-08]
1
iteration 2200
Best Fitness: [1.20328423e-08]
1
iteration 2300
Best Fitness: [6.39570885e-09]
1
iteration 2400
Best Fitness: [3.46722118e-09]
1
iteration 2500
Best Fitness: [1.85602289e-09]
1
iteration 2600
Best Fitness: [8.78827677e-10]
1
iteration 2700
Best Fitness: [5.25147925e-10]
1
iteration 2800
Best Fitness: [3.38928885e-10]
1
iteration 2900
Best Fitness: [1.8522428e-10]
1
iteration 2999
Best Fitness: [9.18021215e-11]
1
[array([6.94342361e-11]), array([4.19510116e-09]), array([1.38697942e-10]), array([8.17408363e-11]), array([9.81401627e-11]), array([0.04593461]), array([9.45306056e-11]), array([9.38200628e-11]), array([6.9348971e-11]), array([9.18021215e-11])]
iteration 0
Best Fitness: [1.42355371]
100
iteration 100
Best Fitness: [0.10132686]
1
iteration 200
Best Fitness: [0.08030372]
1
iteration 300
Best Fitness: [0.0721014]
1
iteration 400
Best Fitness: [0.03565092]
1
iteration 500
Best Fitness: [0.03516575]
1
iteration 600
Best Fitness: [0.03377923]
1
iteration 700
Best Fitness: [0.03036215]
1
iteration 800
Best Fitness: [0.02901738]
1
iteration 900
Best Fitness: [0.02559517]
1
iteration 1000
Best Fitness: [0.02543386]
1
iteration 1100
Best Fitness: [0.02439638]
1
iteration 1200
Best Fitness: [0.02439633]
1
iteration 1300
Best Fitness: [0.01889265]
1
iteration 1400
Best Fitness: [0.01829405]
1
iteration 1500
Best Fitness: [0.01829405]
1
iteration 1600
Best Fitness: [0.01829405]
1
iteration 1700
Best Fitness: [0.01829405]
1
iteration 1800
Best Fitness: [0.01829405]
1
iteration 1900
Best Fitness: [0.01829405]
1
iteration 2000
Best Fitness: [0.01674293]
1
iteration 2100
Best Fitness: [0.01525948]
1
iteration 2200
Best Fitness: [0.01500572]
1
iteration 2300
Best Fitness: [0.01489853]
1
iteration 2400
Best Fitness: [0.01489853]
1
iteration 2500
Best Fitness: [0.01488513]
1
iteration 2600
Best Fitness: [0.01488513]
1
iteration 2700
Best Fitness: [0.01488513]
1
iteration 2800
Best Fitness: [0.01422707]
1
iteration 2900
Best Fitness: [0.01375277]
1
iteration 2999
Best Fitness: [0.01374558]
1
iteration 0
Best Fitness: [1.01196382]
100
iteration 100
Best Fitness: [1.37060512]
1
iteration 200
Best Fitness: [0.67505067]
1
iteration 300
Best Fitness: [0.61667925]
1
iteration 400
Best Fitness: [0.46625389]
1
iteration 500
Best Fitness: [0.46504946]
1
iteration 600
Best Fitness: [0.42906192]
1
iteration 700
Best Fitness: [0.40848299]
1
iteration 800
Best Fitness: [0.36236774]
1
iteration 900
Best Fitness: [0.35871723]
1
iteration 1000
Best Fitness: [0.3477131]
1
iteration 1100
Best Fitness: [0.30290683]
1
iteration 1200
Best Fitness: [0.28849831]
1
iteration 1300
Best Fitness: [0.28849831]
1
iteration 1400
Best Fitness: [0.28849831]
1
iteration 1500
Best Fitness: [0.28849831]
1
iteration 1600
Best Fitness: [0.28095675]
1
iteration 1700
Best Fitness: [0.2809483]
1
iteration 1800
Best Fitness: [0.2809483]
1
iteration 1900
Best Fitness: [0.23833924]
1
iteration 2000
Best Fitness: [0.22364731]
1
iteration 2100
Best Fitness: [0.13826889]
1
iteration 2200
Best Fitness: [0.12062488]
1
iteration 2300
Best Fitness: [0.1004294]
1
iteration 2400
Best Fitness: [0.09511215]
1
iteration 2500
Best Fitness: [0.09008803]
1
iteration 2600
Best Fitness: [0.08295362]
1
iteration 2700
Best Fitness: [0.08295361]
1
iteration 2800
Best Fitness: [0.08080886]
1
iteration 2900
Best Fitness: [0.07652571]
1
iteration 2999
Best Fitness: [0.07652571]
1
iteration 0
Best Fitness: [1.24178314]
100
iteration 100
Best Fitness: [2.14472695]
1
iteration 200
Best Fitness: [1.44656396]
1
iteration 300
Best Fitness: [0.95458978]
1
iteration 400
Best Fitness: [0.60230168]
1
iteration 500
Best Fitness: [0.44012006]
1
iteration 600
Best Fitness: [0.32058674]
1
iteration 700
Best Fitness: [0.30985246]
1
iteration 800
Best Fitness: [0.27910837]
1
iteration 900
Best Fitness: [0.26167168]
1
iteration 1000
Best Fitness: [0.2337704]
1
iteration 1100
Best Fitness: [0.21004837]
1
iteration 1200
Best Fitness: [0.21004837]
1
iteration 1300
Best Fitness: [0.21004837]
1
iteration 1400
Best Fitness: [0.21004837]
1
iteration 1500
Best Fitness: [0.21004837]
1
iteration 1600
Best Fitness: [0.21004837]
1
iteration 1700
Best Fitness: [0.21004837]
1
iteration 1800
Best Fitness: [0.20448648]
1
iteration 1900
Best Fitness: [0.20446488]
1
iteration 2000
Best Fitness: [0.18722883]
1
iteration 2100
Best Fitness: [0.18722875]
1
iteration 2200
Best Fitness: [0.17548478]
1
iteration 2300
Best Fitness: [0.16970931]
1
iteration 2400
Best Fitness: [0.16892871]
1
iteration 2500
Best Fitness: [0.16468262]
1
iteration 2600
Best Fitness: [0.16468252]
1
iteration 2700
Best Fitness: [0.16468252]
1
iteration 2800
Best Fitness: [0.16468252]
1
iteration 2900
Best Fitness: [0.16468252]
1
iteration 2999
Best Fitness: [0.16468252]
1
iteration 0
Best Fitness: [1.47082573]
100
iteration 100
Best Fitness: [0.36316863]
1
iteration 200
Best Fitness: [0.188008]
1
iteration 300
Best Fitness: [0.12190509]
1
iteration 400
Best Fitness: [0.10891695]
1
iteration 500
Best Fitness: [0.103945]
1
iteration 600
Best Fitness: [0.10102205]
1
iteration 700
Best Fitness: [0.0986676]
1
iteration 800
Best Fitness: [0.09400978]
1
iteration 900
Best Fitness: [0.06538241]
1
iteration 1000
Best Fitness: [0.0466319]
1
iteration 1100
Best Fitness: [0.03533434]
1
iteration 1200
Best Fitness: [0.03521527]
1
iteration 1300
Best Fitness: [0.02885409]
1
iteration 1400
Best Fitness: [0.0159049]
1
iteration 1500
Best Fitness: [0.01139767]
1
iteration 1600
Best Fitness: [0.006146]
1
iteration 1700
Best Fitness: [0.0047048]
1
iteration 1800
Best Fitness: [0.00377455]
1
iteration 1900
Best Fitness: [0.00306178]
1
iteration 2000
Best Fitness: [0.00177451]
1
iteration 2100
Best Fitness: [0.00131278]
1
iteration 2200
Best Fitness: [0.00090873]
1
iteration 2300
Best Fitness: [0.00073765]
1
iteration 2400
Best Fitness: [0.00046353]
1
iteration 2500
Best Fitness: [0.00041965]
1
iteration 2600
Best Fitness: [0.00039979]
1
iteration 2700
Best Fitness: [0.00034634]
1
iteration 2800
Best Fitness: [0.00028367]
1
iteration 2900
Best Fitness: [0.00019286]
1
iteration 2999
Best Fitness: [0.00014279]
1
iteration 0
Best Fitness: [1.37339547]
100
iteration 100
Best Fitness: [0.75517553]
1
iteration 200
Best Fitness: [0.60303906]
1
iteration 300
Best Fitness: [0.54758614]
1
iteration 400
Best Fitness: [0.26015357]
1
iteration 500
Best Fitness: [0.24137424]
1
iteration 600
Best Fitness: [0.23784198]
1
iteration 700
Best Fitness: [0.20878061]
1
iteration 800
Best Fitness: [0.20162614]
1
iteration 900
Best Fitness: [0.15102574]
1
iteration 1000
Best Fitness: [0.14260633]
1
iteration 1100
Best Fitness: [0.11766686]
1
iteration 1200
Best Fitness: [0.0911582]
1
iteration 1300
Best Fitness: [0.0773592]
1
iteration 1400
Best Fitness: [0.07505345]
1
iteration 1500
Best Fitness: [0.06223623]
1
iteration 1600
Best Fitness: [0.06075504]
1
iteration 1700
Best Fitness: [0.05997062]
1
iteration 1800
Best Fitness: [0.05997062]
1
iteration 1900
Best Fitness: [0.05997062]
1
iteration 2000
Best Fitness: [0.05916583]
1
iteration 2100
Best Fitness: [0.05426545]
1
iteration 2200
Best Fitness: [0.04956728]
1
iteration 2300
Best Fitness: [0.04136592]
1
iteration 2400
Best Fitness: [0.03920265]
1
iteration 2500
Best Fitness: [0.03916705]
1
iteration 2600
Best Fitness: [0.03339132]
1
iteration 2700
Best Fitness: [0.03028759]
1
iteration 2800
Best Fitness: [0.02854126]
1
iteration 2900
Best Fitness: [0.02612649]
1
iteration 2999
Best Fitness: [0.02288261]
1
iteration 0
Best Fitness: [1.46188556]
100
iteration 100
Best Fitness: [2.11136372]
1
iteration 200
Best Fitness: [1.14175535]
1
iteration 300
Best Fitness: [0.74301173]
1
iteration 400
Best Fitness: [0.5973845]
1
iteration 500
Best Fitness: [0.49097148]
1
iteration 600
Best Fitness: [0.36042792]
1
iteration 700
Best Fitness: [0.34005769]
1
iteration 800
Best Fitness: [0.32559645]
1
iteration 900
Best Fitness: [0.25213914]
1
iteration 1000
Best Fitness: [0.20477711]
1
iteration 1100
Best Fitness: [0.17743139]
1
iteration 1200
Best Fitness: [0.16155909]
1
iteration 1300
Best Fitness: [0.13155094]
1
iteration 1400
Best Fitness: [0.1314664]
1
iteration 1500
Best Fitness: [0.11239794]
1
iteration 1600
Best Fitness: [0.11206165]
1
iteration 1700
Best Fitness: [0.11206165]
1
iteration 1800
Best Fitness: [0.11206165]
1
iteration 1900
Best Fitness: [0.10811595]
1
iteration 2000
Best Fitness: [0.10463692]
1
iteration 2100
Best Fitness: [0.10386988]
1
iteration 2200
Best Fitness: [0.10265236]
1
iteration 2300
Best Fitness: [0.08360902]
1
iteration 2400
Best Fitness: [0.07439791]
1
iteration 2500
Best Fitness: [0.07429841]
1
iteration 2600
Best Fitness: [0.07364024]
1
iteration 2700
Best Fitness: [0.07290924]
1
iteration 2800
Best Fitness: [0.07290924]
1
iteration 2900
Best Fitness: [0.07290924]
1
iteration 2999
Best Fitness: [0.06861556]
1
iteration 0
Best Fitness: [1.35789719]
100
iteration 100
Best Fitness: [0.38519309]
1
iteration 200
Best Fitness: [0.31001806]
1
iteration 300
Best Fitness: [0.29151183]
1
iteration 400
Best Fitness: [0.29151183]
1
iteration 500
Best Fitness: [0.28887047]
1
iteration 600
Best Fitness: [0.22017473]
1
iteration 700
Best Fitness: [0.21862515]
1
iteration 800
Best Fitness: [0.197004]
1
iteration 900
Best Fitness: [0.16715171]
1
iteration 1000
Best Fitness: [0.13456715]
1
iteration 1100
Best Fitness: [0.12838266]
1
iteration 1200
Best Fitness: [0.10798611]
1
iteration 1300
Best Fitness: [0.10633404]
1
iteration 1400
Best Fitness: [0.09948]
1
iteration 1500
Best Fitness: [0.08440765]
1
iteration 1600
Best Fitness: [0.07540885]
1
iteration 1700
Best Fitness: [0.07534322]
1
iteration 1800
Best Fitness: [0.07534322]
1
iteration 1900
Best Fitness: [0.07534322]
1
iteration 2000
Best Fitness: [0.07243367]
1
iteration 2100
Best Fitness: [0.07243367]
1
iteration 2200
Best Fitness: [0.07243367]
1
iteration 2300
Best Fitness: [0.07243367]
1
iteration 2400
Best Fitness: [0.0587121]
1
iteration 2500
Best Fitness: [0.04237726]
1
iteration 2600
Best Fitness: [0.04237726]
1
iteration 2700
Best Fitness: [0.04237726]
1
iteration 2800
Best Fitness: [0.03889707]
1
iteration 2900
Best Fitness: [0.03779118]
1
iteration 2999
Best Fitness: [0.03571627]
1
iteration 0
Best Fitness: [1.20526996]
100
iteration 100
Best Fitness: [0.13128898]
1
iteration 200
Best Fitness: [0.12129436]
1
iteration 300
Best Fitness: [0.09543729]
1
iteration 400
Best Fitness: [0.08960158]
1
iteration 500
Best Fitness: [0.08488675]
1
iteration 600
Best Fitness: [0.07740594]
1
iteration 700
Best Fitness: [0.07681259]
1
iteration 800
Best Fitness: [0.07526553]
1
iteration 900
Best Fitness: [0.07113797]
1
iteration 1000
Best Fitness: [0.07093677]
1
iteration 1100
Best Fitness: [0.06846362]
1
iteration 1200
Best Fitness: [0.06672981]
1
iteration 1300
Best Fitness: [0.06666851]
1
iteration 1400
Best Fitness: [0.06666851]
1
iteration 1500
Best Fitness: [0.06666851]
1
iteration 1600
Best Fitness: [0.06666851]
1
iteration 1700
Best Fitness: [0.05862699]
1
iteration 1800
Best Fitness: [0.05657229]
1
iteration 1900
Best Fitness: [0.05657224]
1
iteration 2000
Best Fitness: [0.05657224]
1
iteration 2100
Best Fitness: [0.05657224]
1
iteration 2200
Best Fitness: [0.05657224]
1
iteration 2300
Best Fitness: [0.05657224]
1
iteration 2400
Best Fitness: [0.05657224]
1
iteration 2500
Best Fitness: [0.04698993]
1
iteration 2600
Best Fitness: [0.04302711]
1
iteration 2700
Best Fitness: [0.04302273]
1
iteration 2800
Best Fitness: [0.0425246]
1
iteration 2900
Best Fitness: [0.03853434]
1
iteration 2999
Best Fitness: [0.03695997]
1
iteration 0
Best Fitness: [1.42050539]
100
iteration 100
Best Fitness: [0.02980687]
1
iteration 200
Best Fitness: [0.02740463]
1
iteration 300
Best Fitness: [0.01917192]
1
iteration 400
Best Fitness: [0.01555386]
1
iteration 500
Best Fitness: [0.01206633]
1
iteration 600
Best Fitness: [0.00434535]
1
iteration 700
Best Fitness: [0.00218206]
1
iteration 800
Best Fitness: [0.00149754]
1
iteration 900
Best Fitness: [0.00114168]
1
iteration 1000
Best Fitness: [0.00073221]
1
iteration 1100
Best Fitness: [0.00059014]
1
iteration 1200
Best Fitness: [0.00039364]
1
iteration 1300
Best Fitness: [0.0002651]
1
iteration 1400
Best Fitness: [0.00017771]
1
iteration 1500
Best Fitness: [0.00012367]
1
iteration 1600
Best Fitness: [8.72296347e-05]
1
iteration 1700
Best Fitness: [6.62565369e-05]
1
iteration 1800
Best Fitness: [5.00137364e-05]
1
iteration 1900
Best Fitness: [3.69380901e-05]
1
iteration 2000
Best Fitness: [1.79432649e-05]
1
iteration 2100
Best Fitness: [6.9222968e-06]
1
iteration 2200
Best Fitness: [4.44031446e-06]
1
iteration 2300
Best Fitness: [1.99714068e-06]
1
iteration 2400
Best Fitness: [1.19496783e-06]
1
iteration 2500
Best Fitness: [6.36007832e-07]
1
iteration 2600
Best Fitness: [3.42899804e-07]
1
iteration 2700
Best Fitness: [1.62504224e-07]
1
iteration 2800
Best Fitness: [1.03577518e-07]
1
iteration 2900
Best Fitness: [4.84000408e-08]
1
iteration 2999
Best Fitness: [2.98769685e-08]
1
iteration 0
Best Fitness: [1.17458371]
100
iteration 100
Best Fitness: [1.18421115]
1
iteration 200
Best Fitness: [0.97422665]
1
iteration 300
Best Fitness: [0.72212463]
1
iteration 400
Best Fitness: [0.64181011]
1
iteration 500
Best Fitness: [0.57747957]
1
iteration 600
Best Fitness: [0.39195734]
1
iteration 700
Best Fitness: [0.20105254]
1
iteration 800
Best Fitness: [0.17253524]
1
iteration 900
Best Fitness: [0.14294768]
1
iteration 1000
Best Fitness: [0.13513823]
1
iteration 1100
Best Fitness: [0.1330211]
1
iteration 1200
Best Fitness: [0.12787248]
1
iteration 1300
Best Fitness: [0.12787248]
1
iteration 1400
Best Fitness: [0.11720324]
1
iteration 1500
Best Fitness: [0.11720026]
1
iteration 1600
Best Fitness: [0.10958652]
1
iteration 1700
Best Fitness: [0.09334439]
1
iteration 1800
Best Fitness: [0.08468015]
1
iteration 1900
Best Fitness: [0.0766216]
1
iteration 2000
Best Fitness: [0.0766216]
1
iteration 2100
Best Fitness: [0.04629555]
1
iteration 2200
Best Fitness: [0.04242211]
1
iteration 2300
Best Fitness: [0.03972843]
1
iteration 2400
Best Fitness: [0.03972461]
1
iteration 2500
Best Fitness: [0.03949675]
1
iteration 2600
Best Fitness: [0.03949675]
1
iteration 2700
Best Fitness: [0.03881742]
1
iteration 2800
Best Fitness: [0.03786246]
1
iteration 2900
Best Fitness: [0.03691362]
1
iteration 2999
Best Fitness: [0.03691362]
1
[array([0.01374558]), array([0.07652571]), array([0.16468252]), array([0.00014279]), array([0.02288261]), array([0.06861556]), array([0.03571627]), array([0.03695997]), array([2.98769685e-08]), array([0.03691362])]
iteration 0
Best Fitness: [7.10446445e-06]
100
iteration 100
Best Fitness: [0.00011936]
1
iteration 200
Best Fitness: [9.70395919e-05]
1
iteration 300
Best Fitness: [9.70378533e-05]
1
iteration 400
Best Fitness: [9.70378532e-05]
1
iteration 500
Best Fitness: [9.70378532e-05]
1
iteration 600
Best Fitness: [9.70378532e-05]
1
iteration 700
Best Fitness: [9.70378532e-05]
1
iteration 800
Best Fitness: [9.70378532e-05]
1
iteration 900
Best Fitness: [9.70378532e-05]
1
iteration 1000
Best Fitness: [9.70378532e-05]
1
iteration 1100
Best Fitness: [9.70378532e-05]
1
iteration 1200
Best Fitness: [9.70378532e-05]
1
iteration 1300
Best Fitness: [9.70378532e-05]
1
iteration 1400
Best Fitness: [9.70378532e-05]
1
iteration 1500
Best Fitness: [9.70378532e-05]
1
iteration 1600
Best Fitness: [9.70378532e-05]
1
iteration 1700
Best Fitness: [9.70378532e-05]
1
iteration 1800
Best Fitness: [9.70378532e-05]
1
iteration 1900
Best Fitness: [9.70378532e-05]
1
iteration 2000
Best Fitness: [9.70378532e-05]
1
iteration 2100
Best Fitness: [9.70378532e-05]
1
iteration 2200
Best Fitness: [9.70378532e-05]
1
iteration 2300
Best Fitness: [9.70378532e-05]
1
iteration 2400
Best Fitness: [9.70378532e-05]
1
iteration 2500
Best Fitness: [9.70378532e-05]
1
iteration 2600
Best Fitness: [9.70378532e-05]
1
iteration 2700
Best Fitness: [9.70378532e-05]
1
iteration 2800
Best Fitness: [9.70378532e-05]
1
iteration 2900
Best Fitness: [9.70378532e-05]
1
iteration 2999
Best Fitness: [9.70378532e-05]
1
iteration 0
Best Fitness: [4.09223099e-05]
100
iteration 100
Best Fitness: [0.0005355]
1
iteration 200
Best Fitness: [0.00053513]
1
iteration 300
Best Fitness: [0.00053513]
1
iteration 400
Best Fitness: [0.00053513]
1
iteration 500
Best Fitness: [0.00053513]
1
iteration 600
Best Fitness: [0.00053513]
1
iteration 700
Best Fitness: [0.00053513]
1
iteration 800
Best Fitness: [0.00053513]
1
iteration 900
Best Fitness: [0.00053513]
1
iteration 1000
Best Fitness: [0.00053513]
1
iteration 1100
Best Fitness: [0.00053513]
1
iteration 1200
Best Fitness: [0.00053513]
1
iteration 1300
Best Fitness: [0.00053513]
1
iteration 1400
Best Fitness: [0.00053513]
1
iteration 1500
Best Fitness: [0.00053513]
1
iteration 1600
Best Fitness: [0.00053513]
1
iteration 1700
Best Fitness: [0.00053513]
1
iteration 1800
Best Fitness: [0.00053513]
1
iteration 1900
Best Fitness: [0.00053513]
1
iteration 2000
Best Fitness: [0.00053513]
1
iteration 2100
Best Fitness: [0.00053513]
1
iteration 2200
Best Fitness: [0.00053513]
1
iteration 2300
Best Fitness: [0.00053513]
1
iteration 2400
Best Fitness: [0.00053513]
1
iteration 2500
Best Fitness: [0.00053513]
1
iteration 2600
Best Fitness: [0.00053513]
1
iteration 2700
Best Fitness: [0.00053513]
1
iteration 2800
Best Fitness: [0.00053513]
1
iteration 2900
Best Fitness: [0.00053513]
1
iteration 2999
Best Fitness: [0.00053513]
1
iteration 0
Best Fitness: [6.33061483e-05]
100
iteration 100
Best Fitness: [0.00024055]
1
iteration 200
Best Fitness: [0.00022858]
1
iteration 300
Best Fitness: [0.00022858]
1
iteration 400
Best Fitness: [0.00022858]
1
iteration 500
Best Fitness: [0.00022858]
1
iteration 600
Best Fitness: [0.00022858]
1
iteration 700
Best Fitness: [0.00022858]
1
iteration 800
Best Fitness: [0.00022858]
1
iteration 900
Best Fitness: [0.00022858]
1
iteration 1000
Best Fitness: [0.00022858]
1
iteration 1100
Best Fitness: [0.00022858]
1
iteration 1200
Best Fitness: [0.00022858]
1
iteration 1300
Best Fitness: [0.00022858]
1
iteration 1400
Best Fitness: [0.00022858]
1
iteration 1500
Best Fitness: [0.00022858]
1
iteration 1600
Best Fitness: [0.00022858]
1
iteration 1700
Best Fitness: [0.00022858]
1
iteration 1800
Best Fitness: [0.00022858]
1
iteration 1900
Best Fitness: [0.00022858]
1
iteration 2000
Best Fitness: [0.00022858]
1
iteration 2100
Best Fitness: [0.00022858]
1
iteration 2200
Best Fitness: [0.00022858]
1
iteration 2300
Best Fitness: [0.00022858]
1
iteration 2400
Best Fitness: [0.00022858]
1
iteration 2500
Best Fitness: [0.00022858]
1
iteration 2600
Best Fitness: [0.00022858]
1
iteration 2700
Best Fitness: [0.00022858]
1
iteration 2800
Best Fitness: [0.00022858]
1
iteration 2900
Best Fitness: [0.00022858]
1
iteration 2999
Best Fitness: [0.00022858]
1
iteration 0
Best Fitness: [7.7695631e-06]
100
iteration 100
Best Fitness: [0.00019951]
1
iteration 200
Best Fitness: [0.0001993]
1
iteration 300
Best Fitness: [0.0001993]
1
iteration 400
Best Fitness: [0.0001993]
1
iteration 500
Best Fitness: [0.0001993]
1
iteration 600
Best Fitness: [0.0001993]
1
iteration 700
Best Fitness: [0.0001993]
1
iteration 800
Best Fitness: [0.0001993]
1
iteration 900
Best Fitness: [0.0001993]
1
iteration 1000
Best Fitness: [0.0001993]
1
iteration 1100
Best Fitness: [0.0001993]
1
iteration 1200
Best Fitness: [0.0001993]
1
iteration 1300
Best Fitness: [0.0001993]
1
iteration 1400
Best Fitness: [0.0001993]
1
iteration 1500
Best Fitness: [0.0001993]
1
iteration 1600
Best Fitness: [0.0001993]
1
iteration 1700
Best Fitness: [0.0001993]
1
iteration 1800
Best Fitness: [0.0001993]
1
iteration 1900
Best Fitness: [0.0001993]
1
iteration 2000
Best Fitness: [0.0001993]
1
iteration 2100
Best Fitness: [0.0001993]
1
iteration 2200
Best Fitness: [0.0001993]
1
iteration 2300
Best Fitness: [0.0001993]
1
iteration 2400
Best Fitness: [0.0001993]
1
iteration 2500
Best Fitness: [0.0001993]
1
iteration 2600
Best Fitness: [0.0001993]
1
iteration 2700
Best Fitness: [0.0001993]
1
iteration 2800
Best Fitness: [0.0001993]
1
iteration 2900
Best Fitness: [0.0001993]
1
iteration 2999
Best Fitness: [0.0001993]
1
iteration 0
Best Fitness: [4.70880442e-06]
100
iteration 100
Best Fitness: [0.00080697]
1
iteration 200
Best Fitness: [0.00079957]
1
iteration 300
Best Fitness: [0.00079867]
1
iteration 400
Best Fitness: [0.00079867]
1
iteration 500
Best Fitness: [0.00079867]
1
iteration 600
Best Fitness: [0.00079867]
1
iteration 700
Best Fitness: [0.00079867]
1
iteration 800
Best Fitness: [0.00079867]
1
iteration 900
Best Fitness: [0.00079867]
1
iteration 1000
Best Fitness: [0.00079867]
1
iteration 1100
Best Fitness: [0.00079867]
1
iteration 1200
Best Fitness: [0.00079867]
1
iteration 1300
Best Fitness: [0.00079867]
1
iteration 1400
Best Fitness: [0.00079867]
1
iteration 1500
Best Fitness: [0.00079867]
1
iteration 1600
Best Fitness: [0.00079867]
1
iteration 1700
Best Fitness: [0.00079867]
1
iteration 1800
Best Fitness: [0.00079867]
1
iteration 1900
Best Fitness: [0.00079867]
1
iteration 2000
Best Fitness: [0.00079867]
1
iteration 2100
Best Fitness: [0.00079867]
1
iteration 2200
Best Fitness: [0.00079867]
1
iteration 2300
Best Fitness: [0.00079867]
1
iteration 2400
Best Fitness: [0.00079867]
1
iteration 2500
Best Fitness: [0.00079867]
1
iteration 2600
Best Fitness: [0.00079867]
1
iteration 2700
Best Fitness: [0.00079867]
1
iteration 2800
Best Fitness: [0.00079867]
1
iteration 2900
Best Fitness: [0.00079867]
1
iteration 2999
Best Fitness: [0.00079867]
1
iteration 0
Best Fitness: [5.22545974e-05]
100
iteration 100
Best Fitness: [0.00018654]
1
iteration 200
Best Fitness: [0.00018628]
1
iteration 300
Best Fitness: [0.00018628]
1
iteration 400
Best Fitness: [0.00018628]
1
iteration 500
Best Fitness: [0.00018628]
1
iteration 600
Best Fitness: [0.00018628]
1
iteration 700
Best Fitness: [0.00018628]
1
iteration 800
Best Fitness: [0.00018628]
1
iteration 900
Best Fitness: [0.00018628]
1
iteration 1000
Best Fitness: [0.00018628]
1
iteration 1100
Best Fitness: [0.00018628]
1
iteration 1200
Best Fitness: [0.00018628]
1
iteration 1300
Best Fitness: [0.00018628]
1
iteration 1400
Best Fitness: [0.00018628]
1
iteration 1500
Best Fitness: [0.00018628]
1
iteration 1600
Best Fitness: [0.00018628]
1
iteration 1700
Best Fitness: [0.00018628]
1
iteration 1800
Best Fitness: [0.00018628]
1
iteration 1900
Best Fitness: [0.00018628]
1
iteration 2000
Best Fitness: [0.00018628]
1
iteration 2100
Best Fitness: [0.00018628]
1
iteration 2200
Best Fitness: [0.00018628]
1
iteration 2300
Best Fitness: [0.00018628]
1
iteration 2400
Best Fitness: [0.00018628]
1
iteration 2500
Best Fitness: [0.00018628]
1
iteration 2600
Best Fitness: [0.00018628]
1
iteration 2700
Best Fitness: [0.00018628]
1
iteration 2800
Best Fitness: [0.00018628]
1
iteration 2900
Best Fitness: [0.00018628]
1
iteration 2999
Best Fitness: [0.00018628]
1
iteration 0
Best Fitness: [5.55751791e-05]
100
iteration 100
Best Fitness: [0.00033405]
1
iteration 200
Best Fitness: [0.00033401]
1
iteration 300
Best Fitness: [0.00033401]
1
iteration 400
Best Fitness: [0.00033401]
1
iteration 500
Best Fitness: [0.00033401]
1
iteration 600
Best Fitness: [0.00033401]
1
iteration 700
Best Fitness: [0.00033401]
1
iteration 800
Best Fitness: [0.00011492]
1
iteration 900
Best Fitness: [7.13950491e-05]
1
iteration 1000
Best Fitness: [7.1321567e-05]
1
iteration 1100
Best Fitness: [7.1321567e-05]
1
iteration 1200
Best Fitness: [7.1321567e-05]
1
iteration 1300
Best Fitness: [7.1321567e-05]
1
iteration 1400
Best Fitness: [7.1321567e-05]
1
iteration 1500
Best Fitness: [7.1321567e-05]
1
iteration 1600
Best Fitness: [7.1321567e-05]
1
iteration 1700
Best Fitness: [7.1321567e-05]
1
iteration 1800
Best Fitness: [7.1321567e-05]
1
iteration 1900
Best Fitness: [7.1321567e-05]
1
iteration 2000
Best Fitness: [7.1321567e-05]
1
iteration 2100
Best Fitness: [7.1321567e-05]
1
iteration 2200
Best Fitness: [7.1321567e-05]
1
iteration 2300
Best Fitness: [7.1321567e-05]
1
iteration 2400
Best Fitness: [7.1321567e-05]
1
iteration 2500
Best Fitness: [7.1321567e-05]
1
iteration 2600
Best Fitness: [7.1321567e-05]
1
iteration 2700
Best Fitness: [7.1321567e-05]
1
iteration 2800
Best Fitness: [7.1321567e-05]
1
iteration 2900
Best Fitness: [7.1321567e-05]
1
iteration 2999
Best Fitness: [7.1321567e-05]
1
iteration 0
Best Fitness: [5.8442132e-05]
100
iteration 100
Best Fitness: [8.86986041e-06]
1
iteration 200
Best Fitness: [1.34968618e-09]
1
iteration 300
Best Fitness: [1.33264157e-10]
1
iteration 400
Best Fitness: [1.33264157e-10]
1
iteration 500
Best Fitness: [1.33264157e-10]
1
iteration 600
Best Fitness: [1.33264157e-10]
1
iteration 700
Best Fitness: [1.33264157e-10]
1
iteration 800
Best Fitness: [1.33264157e-10]
1
iteration 900
Best Fitness: [1.33264157e-10]
1
iteration 1000
Best Fitness: [1.33264157e-10]
1
iteration 1100
Best Fitness: [1.33264157e-10]
1
iteration 1200
Best Fitness: [1.33264157e-10]
1
iteration 1300
Best Fitness: [1.33264157e-10]
1
iteration 1400
Best Fitness: [1.33264157e-10]
1
iteration 1500
Best Fitness: [1.33264157e-10]
1
iteration 1600
Best Fitness: [1.33264157e-10]
1
iteration 1700
Best Fitness: [1.33264157e-10]
1
iteration 1800
Best Fitness: [1.33264157e-10]
1
iteration 1900
Best Fitness: [1.33264157e-10]
1
iteration 2000
Best Fitness: [1.33264157e-10]
1
iteration 2100
Best Fitness: [1.33264157e-10]
1
iteration 2200
Best Fitness: [1.33264157e-10]
1
iteration 2300
Best Fitness: [1.33264157e-10]
1
iteration 2400
Best Fitness: [1.33264157e-10]
1
iteration 2500
Best Fitness: [1.33264157e-10]
1
iteration 2600
Best Fitness: [1.33264157e-10]
1
iteration 2700
Best Fitness: [1.33264157e-10]
1
iteration 2800
Best Fitness: [1.33264157e-10]
1
iteration 2900
Best Fitness: [1.33264157e-10]
1
iteration 2999
Best Fitness: [1.33264157e-10]
1
iteration 0
Best Fitness: [3.61809336e-06]
100
iteration 100
Best Fitness: [0.00111711]
1
iteration 200
Best Fitness: [0.00111126]
1
iteration 300
Best Fitness: [0.00111126]
1
iteration 400
Best Fitness: [0.00111126]
1
iteration 500
Best Fitness: [0.00111126]
1
iteration 600
Best Fitness: [0.00111126]
1
iteration 700
Best Fitness: [0.00111126]
1
iteration 800
Best Fitness: [0.00111126]
1
iteration 900
Best Fitness: [0.00111126]
1
iteration 1000
Best Fitness: [0.00111126]
1
iteration 1100
Best Fitness: [0.00111126]
1
iteration 1200
Best Fitness: [0.00111126]
1
iteration 1300
Best Fitness: [0.00111126]
1
iteration 1400
Best Fitness: [0.00111126]
1
iteration 1500
Best Fitness: [0.00111126]
1
iteration 1600
Best Fitness: [0.00111126]
1
iteration 1700
Best Fitness: [0.00111126]
1
iteration 1800
Best Fitness: [0.00111126]
1
iteration 1900
Best Fitness: [0.00111126]
1
iteration 2000
Best Fitness: [0.00111126]
1
iteration 2100
Best Fitness: [0.00111126]
1
iteration 2200
Best Fitness: [0.00111126]
1
iteration 2300
Best Fitness: [0.00111126]
1
iteration 2400
Best Fitness: [0.00111126]
1
iteration 2500
Best Fitness: [0.00111126]
1
iteration 2600
Best Fitness: [0.00111126]
1
iteration 2700
Best Fitness: [0.00111126]
1
iteration 2800
Best Fitness: [0.00111126]
1
iteration 2900
Best Fitness: [0.00111126]
1
iteration 2999
Best Fitness: [0.00111126]
1
iteration 0
Best Fitness: [3.95071008e-05]
100
iteration 100
Best Fitness: [3.71666419e-05]
1
iteration 200
Best Fitness: [3.58164553e-05]
1
iteration 300
Best Fitness: [3.57829133e-05]
1
iteration 400
Best Fitness: [3.57828905e-05]
1
iteration 500
Best Fitness: [3.57828905e-05]
1
iteration 600
Best Fitness: [3.57828905e-05]
1
iteration 700
Best Fitness: [3.57828905e-05]
1
iteration 800
Best Fitness: [3.57828905e-05]
1
iteration 900
Best Fitness: [3.57828905e-05]
1
iteration 1000
Best Fitness: [3.57828905e-05]
1
iteration 1100
Best Fitness: [3.57828905e-05]
1
iteration 1200
Best Fitness: [3.57828905e-05]
1
iteration 1300
Best Fitness: [3.57828905e-05]
1
iteration 1400
Best Fitness: [3.57828905e-05]
1
iteration 1500
Best Fitness: [3.57828905e-05]
1
iteration 1600
Best Fitness: [3.57828905e-05]
1
iteration 1700
Best Fitness: [3.57828905e-05]
1
iteration 1800
Best Fitness: [3.57828905e-05]
1
iteration 1900
Best Fitness: [3.57828905e-05]
1
iteration 2000
Best Fitness: [3.57828905e-05]
1
iteration 2100
Best Fitness: [3.57828905e-05]
1
iteration 2200
Best Fitness: [3.57828905e-05]
1
iteration 2300
Best Fitness: [3.57828905e-05]
1
iteration 2400
Best Fitness: [3.57828905e-05]
1
iteration 2500
Best Fitness: [3.57828905e-05]
1
iteration 2600
Best Fitness: [3.57828905e-05]
1
iteration 2700
Best Fitness: [3.57828905e-05]
1
iteration 2800
Best Fitness: [3.57828905e-05]
1
iteration 2900
Best Fitness: [3.57828905e-05]
1
iteration 2999
Best Fitness: [3.57828905e-05]
1
[array([9.70378532e-05]), array([0.00053513]), array([0.00022858]), array([0.0001993]), array([0.00079867]), array([0.00018628]), array([7.1321567e-05]), array([1.33264157e-10]), array([0.00111126]), array([3.57828905e-05])]
iteration 0
Best Fitness: [0.61655741]
100
iteration 100
Best Fitness: [0.92869817]
1
iteration 200
Best Fitness: [0.71842369]
1
iteration 300
Best Fitness: [0.70948851]
1
iteration 400
Best Fitness: [0.70864826]
1
iteration 500
Best Fitness: [0.70864826]
1
iteration 600
Best Fitness: [0.70864826]
1
iteration 700
Best Fitness: [0.70864826]
1
iteration 800
Best Fitness: [0.70864826]
1
iteration 900
Best Fitness: [0.70864826]
1
iteration 1000
Best Fitness: [0.70864826]
1
iteration 1100
Best Fitness: [0.70864826]
1
iteration 1200
Best Fitness: [0.70864826]
1
iteration 1300
Best Fitness: [0.70864826]
1
iteration 1400
Best Fitness: [0.70864826]
1
iteration 1500
Best Fitness: [0.70864826]
1
iteration 1600
Best Fitness: [0.70864826]
1
iteration 1700
Best Fitness: [0.70864826]
1
iteration 1800
Best Fitness: [0.70864826]
1
iteration 1900
Best Fitness: [0.70864826]
1
iteration 2000
Best Fitness: [0.70864826]
1
iteration 2100
Best Fitness: [0.70864826]
1
iteration 2200
Best Fitness: [0.70864826]
1
iteration 2300
Best Fitness: [0.70864826]
1
iteration 2400
Best Fitness: [0.70864826]
1
iteration 2500
Best Fitness: [0.70864826]
1
iteration 2600
Best Fitness: [0.70864826]
1
iteration 2700
Best Fitness: [0.70864826]
1
iteration 2800
Best Fitness: [0.70864826]
1
iteration 2900
Best Fitness: [0.70864826]
1
iteration 2999
Best Fitness: [0.70864826]
1
iteration 0
Best Fitness: [0.41838469]
100
iteration 100
Best Fitness: [0.90664076]
1
iteration 200
Best Fitness: [0.71819213]
1
iteration 300
Best Fitness: [0.67879366]
1
iteration 400
Best Fitness: [0.67663389]
1
iteration 500
Best Fitness: [0.67632356]
1
iteration 600
Best Fitness: [0.67632356]
1
iteration 700
Best Fitness: [0.67632356]
1
iteration 800
Best Fitness: [0.67632356]
1
iteration 900
Best Fitness: [0.67632356]
1
iteration 1000
Best Fitness: [0.67632356]
1
iteration 1100
Best Fitness: [0.67632356]
1
iteration 1200
Best Fitness: [0.67632356]
1
iteration 1300
Best Fitness: [0.67632356]
1
iteration 1400
Best Fitness: [0.67632356]
1
iteration 1500
Best Fitness: [0.67632356]
1
iteration 1600
Best Fitness: [0.67632356]
1
iteration 1700
Best Fitness: [0.67632356]
1
iteration 1800
Best Fitness: [0.67632356]
1
iteration 1900
Best Fitness: [0.67632356]
1
iteration 2000
Best Fitness: [0.67632356]
1
iteration 2100
Best Fitness: [0.67632356]
1
iteration 2200
Best Fitness: [0.67632356]
1
iteration 2300
Best Fitness: [0.67632356]
1
iteration 2400
Best Fitness: [0.67632356]
1
iteration 2500
Best Fitness: [0.67632356]
1
iteration 2600
Best Fitness: [0.67632356]
1
iteration 2700
Best Fitness: [0.67632356]
1
iteration 2800
Best Fitness: [0.67632356]
1
iteration 2900
Best Fitness: [0.67632356]
1
iteration 2999
Best Fitness: [0.67632356]
1
iteration 0
Best Fitness: [0.67746942]
100
iteration 100
Best Fitness: [0.92998625]
1
iteration 200
Best Fitness: [0.73810843]
1
iteration 300
Best Fitness: [0.70329391]
1
iteration 400
Best Fitness: [0.69529934]
1
iteration 500
Best Fitness: [0.69529934]
1
iteration 600
Best Fitness: [0.69495407]
1
iteration 700
Best Fitness: [0.69495407]
1
iteration 800
Best Fitness: [0.69495407]
1
iteration 900
Best Fitness: [0.69495407]
1
iteration 1000
Best Fitness: [0.69495407]
1
iteration 1100
Best Fitness: [0.69495407]
1
iteration 1200
Best Fitness: [0.69495407]
1
iteration 1300
Best Fitness: [0.69495407]
1
iteration 1400
Best Fitness: [0.69495407]
1
iteration 1500
Best Fitness: [0.69495407]
1
iteration 1600
Best Fitness: [0.69495407]
1
iteration 1700
Best Fitness: [0.69495407]
1
iteration 1800
Best Fitness: [0.69495407]
1
iteration 1900
Best Fitness: [0.69495407]
1
iteration 2000
Best Fitness: [0.69495407]
1
iteration 2100
Best Fitness: [0.69495407]
1
iteration 2200
Best Fitness: [0.69495407]
1
iteration 2300
Best Fitness: [0.69495407]
1
iteration 2400
Best Fitness: [0.69495407]
1
iteration 2500
Best Fitness: [0.69495407]
1
iteration 2600
Best Fitness: [0.69495407]
1
iteration 2700
Best Fitness: [0.69495407]
1
iteration 2800
Best Fitness: [0.69495407]
1
iteration 2900
Best Fitness: [0.69495407]
1
iteration 2999
Best Fitness: [0.69495407]
1
iteration 0
Best Fitness: [0.52038852]
100
iteration 100
Best Fitness: [0.84319491]
1
iteration 200
Best Fitness: [0.76233452]
1
iteration 300
Best Fitness: [0.69875426]
1
iteration 400
Best Fitness: [0.68071533]
1
iteration 500
Best Fitness: [0.67608674]
1
iteration 600
Best Fitness: [0.67608674]
1
iteration 700
Best Fitness: [0.67608674]
1
iteration 800
Best Fitness: [0.67608674]
1
iteration 900
Best Fitness: [0.67608674]
1
iteration 1000
Best Fitness: [0.67608674]
1
iteration 1100
Best Fitness: [0.67608674]
1
iteration 1200
Best Fitness: [0.67608674]
1
iteration 1300
Best Fitness: [0.67608674]
1
iteration 1400
Best Fitness: [0.67608674]
1
iteration 1500
Best Fitness: [0.67608674]
1
iteration 1600
Best Fitness: [0.67608674]
1
iteration 1700
Best Fitness: [0.67608674]
1
iteration 1800
Best Fitness: [0.67608674]
1
iteration 1900
Best Fitness: [0.67608674]
1
iteration 2000
Best Fitness: [0.67608674]
1
iteration 2100
Best Fitness: [0.67608674]
1
iteration 2200
Best Fitness: [0.67608674]
1
iteration 2300
Best Fitness: [0.67608674]
1
iteration 2400
Best Fitness: [0.67608674]
1
iteration 2500
Best Fitness: [0.67608674]
1
iteration 2600
Best Fitness: [0.67608674]
1
iteration 2700
Best Fitness: [0.67608674]
1
iteration 2800
Best Fitness: [0.67608674]
1
iteration 2900
Best Fitness: [0.64054172]
1
iteration 2999
Best Fitness: [0.63166455]
1
iteration 0
Best Fitness: [0.64057694]
100
iteration 100
Best Fitness: [0.95334242]
1
iteration 200
Best Fitness: [0.82568206]
1
iteration 300
Best Fitness: [0.79517789]
1
iteration 400
Best Fitness: [0.79003082]
1
iteration 500
Best Fitness: [0.68844479]
1
iteration 600
Best Fitness: [0.64960184]
1
iteration 700
Best Fitness: [0.63936512]
1
iteration 800
Best Fitness: [0.63811114]
1
iteration 900
Best Fitness: [0.63811114]
1
iteration 1000
Best Fitness: [0.63811114]
1
iteration 1100
Best Fitness: [0.63811114]
1
iteration 1200
Best Fitness: [0.63811114]
1
iteration 1300
Best Fitness: [0.63811114]
1
iteration 1400
Best Fitness: [0.63811114]
1
iteration 1500
Best Fitness: [0.63811114]
1
iteration 1600
Best Fitness: [0.63811114]
1
iteration 1700
Best Fitness: [0.63811114]
1
iteration 1800
Best Fitness: [0.63811114]
1
iteration 1900
Best Fitness: [0.63811114]
1
iteration 2000
Best Fitness: [0.63811114]
1
iteration 2100
Best Fitness: [0.63811114]
1
iteration 2200
Best Fitness: [0.63811114]
1
iteration 2300
Best Fitness: [0.63811114]
1
iteration 2400
Best Fitness: [0.63811114]
1
iteration 2500
Best Fitness: [0.63811114]
1
iteration 2600
Best Fitness: [0.63811114]
1
iteration 2700
Best Fitness: [0.63811114]
1
iteration 2800
Best Fitness: [0.63811114]
1
iteration 2900
Best Fitness: [0.63811114]
1
iteration 2999
Best Fitness: [0.63811114]
1
iteration 0
Best Fitness: [0.4957103]
100
iteration 100
Best Fitness: [0.92913378]
1
iteration 200
Best Fitness: [0.76989377]
1
iteration 300
Best Fitness: [0.75310344]
1
iteration 400
Best Fitness: [0.72410692]
1
iteration 500
Best Fitness: [0.7020227]
1
iteration 600
Best Fitness: [0.70108107]
1
iteration 700
Best Fitness: [0.70108107]
1
iteration 800
Best Fitness: [0.70108107]
1
iteration 900
Best Fitness: [0.70108107]
1
iteration 1000
Best Fitness: [0.70108107]
1
iteration 1100
Best Fitness: [0.70108107]
1
iteration 1200
Best Fitness: [0.70108107]
1
iteration 1300
Best Fitness: [0.70108107]
1
iteration 1400
Best Fitness: [0.70108107]
1
iteration 1500
Best Fitness: [0.70108107]
1
iteration 1600
Best Fitness: [0.70108107]
1
iteration 1700
Best Fitness: [0.70108107]
1
iteration 1800
Best Fitness: [0.70108107]
1
iteration 1900
Best Fitness: [0.70108107]
1
iteration 2000
Best Fitness: [0.70108107]
1
iteration 2100
Best Fitness: [0.70108107]
1
iteration 2200
Best Fitness: [0.70108107]
1
iteration 2300
Best Fitness: [0.70108107]
1
iteration 2400
Best Fitness: [0.70108107]
1
iteration 2500
Best Fitness: [0.70108107]
1
iteration 2600
Best Fitness: [0.70108107]
1
iteration 2700
Best Fitness: [0.70108107]
1
iteration 2800
Best Fitness: [0.70108107]
1
iteration 2900
Best Fitness: [0.70108107]
1
iteration 2999
Best Fitness: [0.70108107]
1
iteration 0
Best Fitness: [0.51590367]
100
iteration 100
Best Fitness: [0.86637488]
1
iteration 200
Best Fitness: [0.76916254]
1
iteration 300
Best Fitness: [0.7588807]
1
iteration 400
Best Fitness: [0.73162732]
1
iteration 500
Best Fitness: [0.71066411]
1
iteration 600
Best Fitness: [0.70957969]
1
iteration 700
Best Fitness: [0.70957969]
1
iteration 800
Best Fitness: [0.70957969]
1
iteration 900
Best Fitness: [0.70957969]
1
iteration 1000
Best Fitness: [0.70957969]
1
iteration 1100
Best Fitness: [0.70957969]
1
iteration 1200
Best Fitness: [0.70957969]
1
iteration 1300
Best Fitness: [0.69707725]
1
iteration 1400
Best Fitness: [0.67834883]
1
iteration 1500
Best Fitness: [0.67764775]
1
iteration 1600
Best Fitness: [0.67764775]
1
iteration 1700
Best Fitness: [0.67764775]
1
iteration 1800
Best Fitness: [0.67764775]
1
iteration 1900
Best Fitness: [0.67764775]
1
iteration 2000
Best Fitness: [0.67764775]
1
iteration 2100
Best Fitness: [0.67764775]
1
iteration 2200
Best Fitness: [0.67764775]
1
iteration 2300
Best Fitness: [0.67764775]
1
iteration 2400
Best Fitness: [0.67764775]
1
iteration 2500
Best Fitness: [0.67764775]
1
iteration 2600
Best Fitness: [0.67764775]
1
iteration 2700
Best Fitness: [0.67764775]
1
iteration 2800
Best Fitness: [0.67764775]
1
iteration 2900
Best Fitness: [0.67764775]
1
iteration 2999
Best Fitness: [0.67764775]
1
iteration 0
Best Fitness: [0.4649143]
100
iteration 100
Best Fitness: [0.90842998]
1
iteration 200
Best Fitness: [0.7452568]
1
iteration 300
Best Fitness: [0.7263901]
1
iteration 400
Best Fitness: [0.66101549]
1
iteration 500
Best Fitness: [0.64670319]
1
iteration 600
Best Fitness: [0.64497204]
1
iteration 700
Best Fitness: [0.64497204]
1
iteration 800
Best Fitness: [0.64497204]
1
iteration 900
Best Fitness: [0.64497204]
1
iteration 1000
Best Fitness: [0.64497204]
1
iteration 1100
Best Fitness: [0.64497204]
1
iteration 1200
Best Fitness: [0.64497204]
1
iteration 1300
Best Fitness: [0.64497204]
1
iteration 1400
Best Fitness: [0.64497204]
1
iteration 1500
Best Fitness: [0.64497204]
1
iteration 1600
Best Fitness: [0.64497204]
1
iteration 1700
Best Fitness: [0.64497204]
1
iteration 1800
Best Fitness: [0.64497204]
1
iteration 1900
Best Fitness: [0.64497204]
1
iteration 2000
Best Fitness: [0.64497204]
1
iteration 2100
Best Fitness: [0.64497204]
1
iteration 2200
Best Fitness: [0.64497204]
1
iteration 2300
Best Fitness: [0.64497204]
1
iteration 2400
Best Fitness: [0.64497204]
1
iteration 2500
Best Fitness: [0.64497204]
1
iteration 2600
Best Fitness: [0.64497204]
1
iteration 2700
Best Fitness: [0.64497204]
1
iteration 2800
Best Fitness: [0.64497204]
1
iteration 2900
Best Fitness: [0.64497204]
1
iteration 2999
Best Fitness: [0.64497204]
1
iteration 0
Best Fitness: [0.4947794]
100
iteration 100
Best Fitness: [0.86434664]
1
iteration 200
Best Fitness: [0.72347375]
1
iteration 300
Best Fitness: [0.70359392]
1
iteration 400
Best Fitness: [0.70157981]
1
iteration 500
Best Fitness: [0.70157981]
1
iteration 600
Best Fitness: [0.70157981]
1
iteration 700
Best Fitness: [0.70157981]
1
iteration 800
Best Fitness: [0.70157981]
1
iteration 900
Best Fitness: [0.70157981]
1
iteration 1000
Best Fitness: [0.70157981]
1
iteration 1100
Best Fitness: [0.70157981]
1
iteration 1200
Best Fitness: [0.67258105]
1
iteration 1300
Best Fitness: [0.6645702]
1
iteration 1400
Best Fitness: [0.66411581]
1
iteration 1500
Best Fitness: [0.66411581]
1
iteration 1600
Best Fitness: [0.66411581]
1
iteration 1700
Best Fitness: [0.66411581]
1
iteration 1800
Best Fitness: [0.66411581]
1
iteration 1900
Best Fitness: [0.66411581]
1
iteration 2000
Best Fitness: [0.66411581]
1
iteration 2100
Best Fitness: [0.66411581]
1
iteration 2200
Best Fitness: [0.66411581]
1
iteration 2300
Best Fitness: [0.66411581]
1
iteration 2400
Best Fitness: [0.66411581]
1
iteration 2500
Best Fitness: [0.66411581]
1
iteration 2600
Best Fitness: [0.66411581]
1
iteration 2700
Best Fitness: [0.66411581]
1
iteration 2800
Best Fitness: [0.66411581]
1
iteration 2900
Best Fitness: [0.66411581]
1
iteration 2999
Best Fitness: [0.66411581]
1
iteration 0
Best Fitness: [0.4835233]
100
iteration 100
Best Fitness: [0.74340363]
1
iteration 200
Best Fitness: [0.66442468]
1
iteration 300
Best Fitness: [0.65671886]
1
iteration 400
Best Fitness: [0.65567673]
1
iteration 500
Best Fitness: [0.65567673]
1
iteration 600
Best Fitness: [0.65567673]
1
iteration 700
Best Fitness: [0.65567673]
1
iteration 800
Best Fitness: [0.65567673]
1
iteration 900
Best Fitness: [0.65567673]
1
iteration 1000
Best Fitness: [0.65567673]
1
iteration 1100
Best Fitness: [0.65567673]
1
iteration 1200
Best Fitness: [0.65567673]
1
iteration 1300
Best Fitness: [0.65567673]
1
iteration 1400
Best Fitness: [0.65567673]
1
iteration 1500
Best Fitness: [0.65567673]
1
iteration 1600
Best Fitness: [0.65567673]
1
iteration 1700
Best Fitness: [0.65567673]
1
iteration 1800
Best Fitness: [0.65567673]
1
iteration 1900
Best Fitness: [0.65567673]
1
iteration 2000
Best Fitness: [0.65567673]
1
iteration 2100
Best Fitness: [0.65567673]
1
iteration 2200
Best Fitness: [0.65567673]
1
iteration 2300
Best Fitness: [0.65567673]
1
iteration 2400
Best Fitness: [0.65567673]
1
iteration 2500
Best Fitness: [0.65567673]
1
iteration 2600
Best Fitness: [0.65567673]
1
iteration 2700
Best Fitness: [0.65567673]
1
iteration 2800
Best Fitness: [0.65567673]
1
iteration 2900
Best Fitness: [0.65567673]
1
iteration 2999
Best Fitness: [0.65567673]
1
[array([0.70864826]), array([0.67632356]), array([0.69495407]), array([0.63166455]), array([0.63811114]), array([0.70108107]), array([0.67764775]), array([0.64497204]), array([0.66411581]), array([0.65567673])]
iteration 0
Best Fitness: [0.47178987]
100
iteration 100
Best Fitness: [0.36858543]
1
iteration 200
Best Fitness: [0.23296624]
1
iteration 300
Best Fitness: [0.23112119]
1
iteration 400
Best Fitness: [0.22189604]
1
iteration 500
Best Fitness: [0.22172742]
1
iteration 600
Best Fitness: [0.22166895]
1
iteration 700
Best Fitness: [0.221668]
1
iteration 800
Best Fitness: [0.221668]
1
iteration 900
Best Fitness: [0.221668]
1
iteration 1000
Best Fitness: [0.221668]
1
iteration 1100
Best Fitness: [0.221668]
1
iteration 1200
Best Fitness: [0.221668]
1
iteration 1300
Best Fitness: [0.221668]
1
iteration 1400
Best Fitness: [0.221668]
1
iteration 1500
Best Fitness: [0.221668]
1
iteration 1600
Best Fitness: [0.221668]
1
iteration 1700
Best Fitness: [0.221668]
1
iteration 1800
Best Fitness: [0.221668]
1
iteration 1900
Best Fitness: [0.221668]
1
iteration 2000
Best Fitness: [0.221668]
1
iteration 2100
Best Fitness: [0.221668]
1
iteration 2200
Best Fitness: [0.221668]
1
iteration 2300
Best Fitness: [0.221668]
1
iteration 2400
Best Fitness: [0.221668]
1
iteration 2500
Best Fitness: [0.221668]
1
iteration 2600
Best Fitness: [0.221668]
1
iteration 2700
Best Fitness: [0.221668]
1
iteration 2800
Best Fitness: [0.221668]
1
iteration 2900
Best Fitness: [0.221668]
1
iteration 2999
Best Fitness: [0.221668]
1
iteration 0
Best Fitness: [0.47791046]
100
iteration 100
Best Fitness: [0.35794226]
1
iteration 200
Best Fitness: [0.20900429]
1
iteration 300
Best Fitness: [0.20734357]
1
iteration 400
Best Fitness: [0.20726868]
1
iteration 500
Best Fitness: [0.20726616]
1
iteration 600
Best Fitness: [0.20726616]
1
iteration 700
Best Fitness: [0.20726616]
1
iteration 800
Best Fitness: [0.20726616]
1
iteration 900
Best Fitness: [0.20726616]
1
iteration 1000
Best Fitness: [0.20726616]
1
iteration 1100
Best Fitness: [0.20726616]
1
iteration 1200
Best Fitness: [0.20726616]
1
iteration 1300
Best Fitness: [0.20726616]
1
iteration 1400
Best Fitness: [0.20726616]
1
iteration 1500
Best Fitness: [0.20726616]
1
iteration 1600
Best Fitness: [0.20726616]
1
iteration 1700
Best Fitness: [0.20726616]
1
iteration 1800
Best Fitness: [0.20726616]
1
iteration 1900
Best Fitness: [0.20726616]
1
iteration 2000
Best Fitness: [0.20726616]
1
iteration 2100
Best Fitness: [0.20726616]
1
iteration 2200
Best Fitness: [0.20726616]
1
iteration 2300
Best Fitness: [0.20726616]
1
iteration 2400
Best Fitness: [0.20726616]
1
iteration 2500
Best Fitness: [0.20726616]
1
iteration 2600
Best Fitness: [0.20726616]
1
iteration 2700
Best Fitness: [0.20726616]
1
iteration 2800
Best Fitness: [0.20726616]
1
iteration 2900
Best Fitness: [0.20726616]
1
iteration 2999
Best Fitness: [0.20726616]
1
iteration 0
Best Fitness: [0.51075855]
100
iteration 100
Best Fitness: [0.33150096]
1
iteration 200
Best Fitness: [0.21249181]
1
iteration 300
Best Fitness: [0.20898759]
1
iteration 400
Best Fitness: [0.20735122]
1
iteration 500
Best Fitness: [0.20733909]
1
iteration 600
Best Fitness: [0.20733909]
1
iteration 700
Best Fitness: [0.20733909]
1
iteration 800
Best Fitness: [0.20733909]
1
iteration 900
Best Fitness: [0.20733909]
1
iteration 1000
Best Fitness: [0.20733909]
1
iteration 1100
Best Fitness: [0.20733909]
1
iteration 1200
Best Fitness: [0.20733909]
1
iteration 1300
Best Fitness: [0.20733909]
1
iteration 1400
Best Fitness: [0.20733909]
1
iteration 1500
Best Fitness: [0.20733909]
1
iteration 1600
Best Fitness: [0.20733909]
1
iteration 1700
Best Fitness: [0.20733909]
1
iteration 1800
Best Fitness: [0.20733909]
1
iteration 1900
Best Fitness: [0.20733909]
1
iteration 2000
Best Fitness: [0.20733909]
1
iteration 2100
Best Fitness: [0.20733909]
1
iteration 2200
Best Fitness: [0.20733909]
1
iteration 2300
Best Fitness: [0.20733909]
1
iteration 2400
Best Fitness: [0.20733909]
1
iteration 2500
Best Fitness: [0.20733909]
1
iteration 2600
Best Fitness: [0.20733909]
1
iteration 2700
Best Fitness: [0.20733909]
1
iteration 2800
Best Fitness: [0.20733909]
1
iteration 2900
Best Fitness: [0.20733909]
1
iteration 2999
Best Fitness: [0.20733909]
1
iteration 0
Best Fitness: [0.48785346]
100
iteration 100
Best Fitness: [0.2715605]
1
iteration 200
Best Fitness: [0.22392042]
1
iteration 300
Best Fitness: [0.21563974]
1
iteration 400
Best Fitness: [0.21530618]
1
iteration 500
Best Fitness: [0.2153003]
1
iteration 600
Best Fitness: [0.2153003]
1
iteration 700
Best Fitness: [0.2153003]
1
iteration 800
Best Fitness: [0.2153003]
1
iteration 900
Best Fitness: [0.2153003]
1
iteration 1000
Best Fitness: [0.2153003]
1
iteration 1100
Best Fitness: [0.2153003]
1
iteration 1200
Best Fitness: [0.2153003]
1
iteration 1300
Best Fitness: [0.2153003]
1
iteration 1400
Best Fitness: [0.2153003]
1
iteration 1500
Best Fitness: [0.2153003]
1
iteration 1600
Best Fitness: [0.2153003]
1
iteration 1700
Best Fitness: [0.2153003]
1
iteration 1800
Best Fitness: [0.2153003]
1
iteration 1900
Best Fitness: [0.2153003]
1
iteration 2000
Best Fitness: [0.2153003]
1
iteration 2100
Best Fitness: [0.2153003]
1
iteration 2200
Best Fitness: [0.2153003]
1
iteration 2300
Best Fitness: [0.2153003]
1
iteration 2400
Best Fitness: [0.2153003]
1
iteration 2500
Best Fitness: [0.2153003]
1
iteration 2600
Best Fitness: [0.2153003]
1
iteration 2700
Best Fitness: [0.2153003]
1
iteration 2800
Best Fitness: [0.2153003]
1
iteration 2900
Best Fitness: [0.2153003]
1
iteration 2999
Best Fitness: [0.2153003]
1
iteration 0
Best Fitness: [0.46537619]
100
iteration 100
Best Fitness: [0.351911]
1
iteration 200
Best Fitness: [0.20979822]
1
iteration 300
Best Fitness: [0.20979822]
1
iteration 400
Best Fitness: [0.20934215]
1
iteration 500
Best Fitness: [0.20934215]
1
iteration 600
Best Fitness: [0.20934215]
1
iteration 700
Best Fitness: [0.20934215]
1
iteration 800
Best Fitness: [0.20934215]
1
iteration 900
Best Fitness: [0.20934215]
1
iteration 1000
Best Fitness: [0.20934215]
1
iteration 1100
Best Fitness: [0.20934215]
1
iteration 1200
Best Fitness: [0.20934215]
1
iteration 1300
Best Fitness: [0.20934215]
1
iteration 1400
Best Fitness: [0.20934215]
1
iteration 1500
Best Fitness: [0.20934215]
1
iteration 1600
Best Fitness: [0.20934215]
1
iteration 1700
Best Fitness: [0.20934215]
1
iteration 1800
Best Fitness: [0.20934215]
1
iteration 1900
Best Fitness: [0.20934215]
1
iteration 2000
Best Fitness: [0.20506706]
1
iteration 2100
Best Fitness: [0.20497271]
1
iteration 2200
Best Fitness: [0.20497136]
1
iteration 2300
Best Fitness: [0.20497136]
1
iteration 2400
Best Fitness: [0.20497136]
1
iteration 2500
Best Fitness: [0.20497136]
1
iteration 2600
Best Fitness: [0.20497136]
1
iteration 2700
Best Fitness: [0.20497136]
1
iteration 2800
Best Fitness: [0.20497136]
1
iteration 2900
Best Fitness: [0.20497136]
1
iteration 2999
Best Fitness: [0.20497136]
1
iteration 0
Best Fitness: [0.48824905]
100
iteration 100
Best Fitness: [0.28253429]
1
iteration 200
Best Fitness: [0.22682932]
1
iteration 300
Best Fitness: [0.21498359]
1
iteration 400
Best Fitness: [0.21497485]
1
iteration 500
Best Fitness: [0.21497485]
1
iteration 600
Best Fitness: [0.21497485]
1
iteration 700
Best Fitness: [0.21497485]
1
iteration 800
Best Fitness: [0.21497485]
1
iteration 900
Best Fitness: [0.21497485]
1
iteration 1000
Best Fitness: [0.21497485]
1
iteration 1100
Best Fitness: [0.21497485]
1
iteration 1200
Best Fitness: [0.21497485]
1
iteration 1300
Best Fitness: [0.21497485]
1
iteration 1400
Best Fitness: [0.21497485]
1
iteration 1500
Best Fitness: [0.21497485]
1
iteration 1600
Best Fitness: [0.21497485]
1
iteration 1700
Best Fitness: [0.21497485]
1
iteration 1800
Best Fitness: [0.21497485]
1
iteration 1900
Best Fitness: [0.21497485]
1
iteration 2000
Best Fitness: [0.21497485]
1
iteration 2100
Best Fitness: [0.21497485]
1
iteration 2200
Best Fitness: [0.21497485]
1
iteration 2300
Best Fitness: [0.21497485]
1
iteration 2400
Best Fitness: [0.21497485]
1
iteration 2500
Best Fitness: [0.21497485]
1
iteration 2600
Best Fitness: [0.21497485]
1
iteration 2700
Best Fitness: [0.21497485]
1
iteration 2800
Best Fitness: [0.21497485]
1
iteration 2900
Best Fitness: [0.21497485]
1
iteration 2999
Best Fitness: [0.21497485]
1
iteration 0
Best Fitness: [0.50958189]
100
iteration 100
Best Fitness: [0.35553777]
1
iteration 200
Best Fitness: [0.24533321]
1
iteration 300
Best Fitness: [0.23099228]
1
iteration 400
Best Fitness: [0.19696217]
1
iteration 500
Best Fitness: [0.19026568]
1
iteration 600
Best Fitness: [0.19023673]
1
iteration 700
Best Fitness: [0.19023673]
1
iteration 800
Best Fitness: [0.19023673]
1
iteration 900
Best Fitness: [0.19023673]
1
iteration 1000
Best Fitness: [0.19023673]
1
iteration 1100
Best Fitness: [0.19023673]
1
iteration 1200
Best Fitness: [0.19023673]
1
iteration 1300
Best Fitness: [0.19023673]
1
iteration 1400
Best Fitness: [0.19023673]
1
iteration 1500
Best Fitness: [0.19023673]
1
iteration 1600
Best Fitness: [0.19023673]
1
iteration 1700
Best Fitness: [0.19023673]
1
iteration 1800
Best Fitness: [0.19023673]
1
iteration 1900
Best Fitness: [0.19023673]
1
iteration 2000
Best Fitness: [0.19023673]
1
iteration 2100
Best Fitness: [0.19023673]
1
iteration 2200
Best Fitness: [0.19023673]
1
iteration 2300
Best Fitness: [0.19023673]
1
iteration 2400
Best Fitness: [0.19023673]
1
iteration 2500
Best Fitness: [0.19023673]
1
iteration 2600
Best Fitness: [0.19023673]
1
iteration 2700
Best Fitness: [0.19023673]
1
iteration 2800
Best Fitness: [0.19023673]
1
iteration 2900
Best Fitness: [0.19023673]
1
iteration 2999
Best Fitness: [0.19023673]
1
iteration 0
Best Fitness: [0.51723477]
100
iteration 100
Best Fitness: [0.23684011]
1
iteration 200
Best Fitness: [0.22327612]
1
iteration 300
Best Fitness: [0.20400824]
1
iteration 400
Best Fitness: [0.20373725]
1
iteration 500
Best Fitness: [0.20373725]
1
iteration 600
Best Fitness: [0.20373725]
1
iteration 700
Best Fitness: [0.20373725]
1
iteration 800
Best Fitness: [0.20373725]
1
iteration 900
Best Fitness: [0.20373725]
1
iteration 1000
Best Fitness: [0.20373725]
1
iteration 1100
Best Fitness: [0.20373725]
1
iteration 1200
Best Fitness: [0.20373725]
1
iteration 1300
Best Fitness: [0.20373725]
1
iteration 1400
Best Fitness: [0.20373725]
1
iteration 1500
Best Fitness: [0.20373725]
1
iteration 1600
Best Fitness: [0.20373725]
1
iteration 1700
Best Fitness: [0.20373725]
1
iteration 1800
Best Fitness: [0.20373725]
1
iteration 1900
Best Fitness: [0.20373725]
1
iteration 2000
Best Fitness: [0.20373725]
1
iteration 2100
Best Fitness: [0.20373725]
1
iteration 2200
Best Fitness: [0.20373725]
1
iteration 2300
Best Fitness: [0.20373725]
1
iteration 2400
Best Fitness: [0.20373725]
1
iteration 2500
Best Fitness: [0.20373725]
1
iteration 2600
Best Fitness: [0.20373725]
1
iteration 2700
Best Fitness: [0.20373725]
1
iteration 2800
Best Fitness: [0.20373725]
1
iteration 2900
Best Fitness: [0.20373725]
1
iteration 2999
Best Fitness: [0.20373725]
1
iteration 0
Best Fitness: [0.53548221]
100
iteration 100
Best Fitness: [0.28594048]
1
iteration 200
Best Fitness: [0.22160158]
1
iteration 300
Best Fitness: [0.21110672]
1
iteration 400
Best Fitness: [0.21099896]
1
iteration 500
Best Fitness: [0.21099896]
1
iteration 600
Best Fitness: [0.21099896]
1
iteration 700
Best Fitness: [0.21099896]
1
iteration 800
Best Fitness: [0.21099896]
1
iteration 900
Best Fitness: [0.21099896]
1
iteration 1000
Best Fitness: [0.21099896]
1
iteration 1100
Best Fitness: [0.21099896]
1
iteration 1200
Best Fitness: [0.21099896]
1
iteration 1300
Best Fitness: [0.21099896]
1
iteration 1400
Best Fitness: [0.21099896]
1
iteration 1500
Best Fitness: [0.21099896]
1
iteration 1600
Best Fitness: [0.21099896]
1
iteration 1700
Best Fitness: [0.21099896]
1
iteration 1800
Best Fitness: [0.21099896]
1
iteration 1900
Best Fitness: [0.21099896]
1
iteration 2000
Best Fitness: [0.21099896]
1
iteration 2100
Best Fitness: [0.21099896]
1
iteration 2200
Best Fitness: [0.21099896]
1
iteration 2300
Best Fitness: [0.21099896]
1
iteration 2400
Best Fitness: [0.21099896]
1
iteration 2500
Best Fitness: [0.21099896]
1
iteration 2600
Best Fitness: [0.21099896]
1
iteration 2700
Best Fitness: [0.21099896]
1
iteration 2800
Best Fitness: [0.21099896]
1
iteration 2900
Best Fitness: [0.21099896]
1
iteration 2999
Best Fitness: [0.21099896]
1
iteration 0
Best Fitness: [0.49877284]
100
iteration 100
Best Fitness: [0.30836482]
1
iteration 200
Best Fitness: [0.23903562]
1
iteration 300
Best Fitness: [0.22732487]
1
iteration 400
Best Fitness: [0.22727453]
1
iteration 500
Best Fitness: [0.22727453]
1
iteration 600
Best Fitness: [0.22727453]
1
iteration 700
Best Fitness: [0.22727453]
1
iteration 800
Best Fitness: [0.22727453]
1
iteration 900
Best Fitness: [0.22727453]
1
iteration 1000
Best Fitness: [0.22727453]
1
iteration 1100
Best Fitness: [0.22727453]
1
iteration 1200
Best Fitness: [0.22727453]
1
iteration 1300
Best Fitness: [0.22727453]
1
iteration 1400
Best Fitness: [0.22727453]
1
iteration 1500
Best Fitness: [0.22727453]
1
iteration 1600
Best Fitness: [0.22727453]
1
iteration 1700
Best Fitness: [0.22727453]
1
iteration 1800
Best Fitness: [0.22727453]
1
iteration 1900
Best Fitness: [0.22727453]
1
iteration 2000
Best Fitness: [0.22727453]
1
iteration 2100
Best Fitness: [0.22727453]
1
iteration 2200
Best Fitness: [0.22727453]
1
iteration 2300
Best Fitness: [0.22727453]
1
iteration 2400
Best Fitness: [0.22727453]
1
iteration 2500
Best Fitness: [0.22727453]
1
iteration 2600
Best Fitness: [0.22727453]
1
iteration 2700
Best Fitness: [0.22727453]
1
iteration 2800
Best Fitness: [0.22727453]
1
iteration 2900
Best Fitness: [0.22727453]
1
iteration 2999
Best Fitness: [0.22727453]
1
[array([0.221668]), array([0.20726616]), array([0.20733909]), array([0.2153003]), array([0.20497136]), array([0.21497485]), array([0.19023673]), array([0.20373725]), array([0.21099896]), array([0.22727453])]
iteration 0
Best Fitness: [13854.881805]
100
iteration 100
Best Fitness: [34.7239648]
1
iteration 200
Best Fitness: [34.52829337]
1
iteration 300
Best Fitness: [32.50400517]
1
iteration 400
Best Fitness: [28.95867249]
1
iteration 500
Best Fitness: [28.33989676]
1
iteration 600
Best Fitness: [28.33989676]
1
iteration 700
Best Fitness: [28.33989676]
1
iteration 800
Best Fitness: [28.33989676]
1
iteration 900
Best Fitness: [28.33989676]
1
iteration 1000
Best Fitness: [28.33989676]
1
iteration 1100
Best Fitness: [28.33989676]
1
iteration 1200
Best Fitness: [28.33989676]
1
iteration 1300
Best Fitness: [28.33989676]
1
iteration 1400
Best Fitness: [28.33989676]
1
iteration 1500
Best Fitness: [28.13061433]
1
iteration 1600
Best Fitness: [28.12409943]
1
iteration 1700
Best Fitness: [28.12409943]
1
iteration 1800
Best Fitness: [28.12409943]
1
iteration 1900
Best Fitness: [24.49056618]
1
iteration 2000
Best Fitness: [24.48837487]
1
iteration 2100
Best Fitness: [24.48837487]
1
iteration 2200
Best Fitness: [24.48837487]
1
iteration 2300
Best Fitness: [24.48837487]
1
iteration 2400
Best Fitness: [24.48837487]
1
iteration 2500
Best Fitness: [24.48837487]
1
iteration 2600
Best Fitness: [24.48837487]
1
iteration 2700
Best Fitness: [24.48837487]
1
iteration 2800
Best Fitness: [24.48837487]
1
iteration 2900
Best Fitness: [24.48837487]
1
iteration 2999
Best Fitness: [24.48837487]
1
iteration 0
Best Fitness: [15317.52728038]
100
iteration 100
Best Fitness: [0.56223584]
100
iteration 200
Best Fitness: [0.54205447]
100
iteration 300
Best Fitness: [0.52340744]
100
iteration 400
Best Fitness: [0.52272603]
100
iteration 500
Best Fitness: [0.52241233]
100
iteration 600
Best Fitness: [0.52223178]
100
iteration 700
Best Fitness: [0.52211414]
100
iteration 800
Best Fitness: [0.52203065]
100
iteration 900
Best Fitness: [0.52196724]
100
iteration 1000
Best Fitness: [0.5219166]
100
iteration 1100
Best Fitness: [0.52187504]
100
iteration 1200
Best Fitness: [0.52184056]
100
iteration 1300
Best Fitness: [0.52181172]
100
iteration 1400
Best Fitness: [0.5217879]
100
iteration 1500
Best Fitness: [0.5217685]
100
iteration 1600
Best Fitness: [0.5217528]
100
iteration 1700
Best Fitness: [0.52174016]
100
iteration 1800
Best Fitness: [0.52172983]
100
iteration 1900
Best Fitness: [0.52172128]
100
iteration 2000
Best Fitness: [0.52171405]
100
iteration 2100
Best Fitness: [0.52170778]
100
iteration 2200
Best Fitness: [0.52170221]
100
iteration 2300
Best Fitness: [0.52169715]
100
iteration 2400
Best Fitness: [0.52169244]
100
iteration 2500
Best Fitness: [0.52168805]
100
iteration 2600
Best Fitness: [0.52168391]
100
iteration 2700
Best Fitness: [0.52168002]
100
iteration 2800
Best Fitness: [0.52167642]
100
iteration 2900
Best Fitness: [0.5216731]
100
iteration 2999
Best Fitness: [0.52167009]
100
iteration 0
Best Fitness: [5198.68099002]
100
iteration 100
Best Fitness: [16.38274223]
1
iteration 200
Best Fitness: [14.18506623]
1
iteration 300
Best Fitness: [13.86330754]
1
iteration 400
Best Fitness: [13.8597943]
1
iteration 500
Best Fitness: [13.8597943]
1
iteration 600
Best Fitness: [13.8597943]
1
iteration 700
Best Fitness: [12.65132899]
1
iteration 800
Best Fitness: [12.65007311]
1
iteration 900
Best Fitness: [12.6500731]
1
iteration 1000
Best Fitness: [12.6500731]
1
iteration 1100
Best Fitness: [12.6500731]
1
iteration 1200
Best Fitness: [12.6500731]
1
iteration 1300
Best Fitness: [12.6500731]
1
iteration 1400
Best Fitness: [12.6500731]
1
iteration 1500
Best Fitness: [12.6500731]
1
iteration 1600
Best Fitness: [12.6500731]
1
iteration 1700
Best Fitness: [12.6500731]
1
iteration 1800
Best Fitness: [12.6500731]
1
iteration 1900
Best Fitness: [12.6500731]
1
iteration 2000
Best Fitness: [12.6500731]
1
iteration 2100
Best Fitness: [12.6500731]
1
iteration 2200
Best Fitness: [12.6500731]
1
iteration 2300
Best Fitness: [12.6500731]
1
iteration 2400
Best Fitness: [12.6500731]
1
iteration 2500
Best Fitness: [12.6500731]
1
iteration 2600
Best Fitness: [12.6500731]
1
iteration 2700
Best Fitness: [12.6500731]
1
iteration 2800
Best Fitness: [12.6500731]
1
iteration 2900
Best Fitness: [12.6500731]
1
iteration 2999
Best Fitness: [12.6500731]
1
iteration 0
Best Fitness: [2135.88670238]
100
iteration 100
Best Fitness: [16.71645907]
1
iteration 200
Best Fitness: [15.78796271]
1
iteration 300
Best Fitness: [15.78796271]
1
iteration 400
Best Fitness: [13.69414949]
1
iteration 500
Best Fitness: [13.69414949]
1
iteration 600
Best Fitness: [13.69414949]
1
iteration 700
Best Fitness: [12.88099066]
1
iteration 800
Best Fitness: [12.86481875]
1
iteration 900
Best Fitness: [12.86481875]
1
iteration 1000
Best Fitness: [12.86481875]
1
iteration 1100
Best Fitness: [12.86481875]
1
iteration 1200
Best Fitness: [12.86481875]
1
iteration 1300
Best Fitness: [12.86481875]
1
iteration 1400
Best Fitness: [12.86481875]
1
iteration 1500
Best Fitness: [12.86481875]
1
iteration 1600
Best Fitness: [12.86481875]
1
iteration 1700
Best Fitness: [12.86481875]
1
iteration 1800
Best Fitness: [12.86481875]
1
iteration 1900
Best Fitness: [12.86481875]
1
iteration 2000
Best Fitness: [12.86481875]
1
iteration 2100
Best Fitness: [12.86481875]
1
iteration 2200
Best Fitness: [12.86481875]
1
iteration 2300
Best Fitness: [12.86481875]
1
iteration 2400
Best Fitness: [12.86481875]
1
iteration 2500
Best Fitness: [12.86481875]
1
iteration 2600
Best Fitness: [12.86481875]
1
iteration 2700
Best Fitness: [12.86481875]
1
iteration 2800
Best Fitness: [12.86481875]
1
iteration 2900
Best Fitness: [12.86481875]
1
iteration 2999
Best Fitness: [12.86481875]
1
iteration 0
Best Fitness: [173.23713892]
100
iteration 100
Best Fitness: [67.1342411]
1
iteration 200
Best Fitness: [58.44854554]
1
iteration 300
Best Fitness: [56.8256805]
1
iteration 400
Best Fitness: [56.21885848]
1
iteration 500
Best Fitness: [54.75118767]
1
iteration 600
Best Fitness: [52.82910573]
1
iteration 700
Best Fitness: [50.2118954]
1
iteration 800
Best Fitness: [50.21189539]
1
iteration 900
Best Fitness: [50.21189539]
1
iteration 1000
Best Fitness: [50.21189539]
1
iteration 1100
Best Fitness: [50.21189539]
1
iteration 1200
Best Fitness: [50.21189539]
1
iteration 1300
Best Fitness: [48.22431837]
1
iteration 1400
Best Fitness: [45.13867138]
1
iteration 1500
Best Fitness: [44.69358926]
1
iteration 1600
Best Fitness: [44.10428971]
1
iteration 1700
Best Fitness: [44.10428971]
1
iteration 1800
Best Fitness: [44.10428971]
1
iteration 1900
Best Fitness: [44.10428971]
1
iteration 2000
Best Fitness: [44.10428971]
1
iteration 2100
Best Fitness: [44.10428971]
1
iteration 2200
Best Fitness: [44.10428971]
1
iteration 2300
Best Fitness: [44.10428971]
1
iteration 2400
Best Fitness: [44.10428971]
1
iteration 2500
Best Fitness: [44.10428971]
1
iteration 2600
Best Fitness: [44.10428971]
1
iteration 2700
Best Fitness: [44.10428971]
1
iteration 2800
Best Fitness: [44.10428971]
1
iteration 2900
Best Fitness: [44.10428971]
1
iteration 2999
Best Fitness: [44.10428971]
1
iteration 0
Best Fitness: [305.96818434]
100
iteration 100
Best Fitness: [36.93539807]
1
iteration 200
Best Fitness: [36.48984377]
1
iteration 300
Best Fitness: [36.08460109]
1
iteration 400
Best Fitness: [33.93683593]
1
iteration 500
Best Fitness: [33.92348895]
1
iteration 600
Best Fitness: [33.92348895]
1
iteration 700
Best Fitness: [33.92348895]
1
iteration 800
Best Fitness: [33.92348895]
1
iteration 900
Best Fitness: [33.92348895]
1
iteration 1000
Best Fitness: [33.92348895]
1
iteration 1100
Best Fitness: [33.92348895]
1
iteration 1200
Best Fitness: [33.92348895]
1
iteration 1300
Best Fitness: [33.92348895]
1
iteration 1400
Best Fitness: [31.62203457]
1
iteration 1500
Best Fitness: [31.59757413]
1
iteration 1600
Best Fitness: [31.54205961]
1
iteration 1700
Best Fitness: [29.64984682]
1
iteration 1800
Best Fitness: [28.75056405]
1
iteration 1900
Best Fitness: [28.75056405]
1
iteration 2000
Best Fitness: [28.75056405]
1
iteration 2100
Best Fitness: [28.75056405]
1
iteration 2200
Best Fitness: [28.75056405]
1
iteration 2300
Best Fitness: [28.75056405]
1
iteration 2400
Best Fitness: [28.75056405]
1
iteration 2500
Best Fitness: [28.75056405]
1
iteration 2600
Best Fitness: [28.75056405]
1
iteration 2700
Best Fitness: [28.75056405]
1
iteration 2800
Best Fitness: [28.75056405]
1
iteration 2900
Best Fitness: [28.75056405]
1
iteration 2999
Best Fitness: [28.75056405]
1
iteration 0
Best Fitness: [3598.16800902]
100
iteration 100
Best Fitness: [1.48302555]
100
iteration 200
Best Fitness: [1.47602771]
100
iteration 300
Best Fitness: [1.47326526]
100
iteration 400
Best Fitness: [1.47154116]
100
iteration 500
Best Fitness: [1.47024444]
100
iteration 600
Best Fitness: [1.46918976]
100
iteration 700
Best Fitness: [1.46829767]
100
iteration 800
Best Fitness: [1.46754044]
100
iteration 900
Best Fitness: [1.4668966]
100
iteration 1000
Best Fitness: [1.46634304]
100
iteration 1100
Best Fitness: [1.4658705]
100
iteration 1200
Best Fitness: [1.46546117]
100
iteration 1300
Best Fitness: [1.46510282]
100
iteration 1400
Best Fitness: [1.46478375]
100
iteration 1500
Best Fitness: [1.4644963]
100
iteration 1600
Best Fitness: [1.46423228]
100
iteration 1700
Best Fitness: [1.4639893]
100
iteration 1800
Best Fitness: [1.46376309]
100
iteration 1900
Best Fitness: [1.46355034]
100
iteration 2000
Best Fitness: [1.46334862]
100
iteration 2100
Best Fitness: [1.46315741]
100
iteration 2200
Best Fitness: [1.4629755]
100
iteration 2300
Best Fitness: [1.46280193]
100
iteration 2400
Best Fitness: [1.46263551]
100
iteration 2500
Best Fitness: [1.46247462]
100
iteration 2600
Best Fitness: [1.46232024]
100
iteration 2700
Best Fitness: [1.46217093]
100
iteration 2800
Best Fitness: [1.46202727]
100
iteration 2900
Best Fitness: [1.46188799]
100
iteration 2999
Best Fitness: [1.46175347]
100
iteration 0
Best Fitness: [335.6691465]
100
iteration 100
Best Fitness: [37.62798642]
1
iteration 200
Best Fitness: [34.52877422]
1
iteration 300
Best Fitness: [31.63960211]
1
iteration 400
Best Fitness: [30.34844649]
1
iteration 500
Best Fitness: [28.65294157]
1
iteration 600
Best Fitness: [27.9428523]
1
iteration 700
Best Fitness: [27.46724505]
1
iteration 800
Best Fitness: [27.46684105]
1
iteration 900
Best Fitness: [27.46684105]
1
iteration 1000
Best Fitness: [27.46684105]
1
iteration 1100
Best Fitness: [26.29364153]
1
iteration 1200
Best Fitness: [26.29364153]
1
iteration 1300
Best Fitness: [26.29364153]
1
iteration 1400
Best Fitness: [26.29364153]
1
iteration 1500
Best Fitness: [26.29364153]
1
iteration 1600
Best Fitness: [26.29364153]
1
iteration 1700
Best Fitness: [26.29364153]
1
iteration 1800
Best Fitness: [26.29364153]
1
iteration 1900
Best Fitness: [26.29364153]
1
iteration 2000
Best Fitness: [26.29364153]
1
iteration 2100
Best Fitness: [26.29364153]
1
iteration 2200
Best Fitness: [26.29364153]
1
iteration 2300
Best Fitness: [26.29364153]
1
iteration 2400
Best Fitness: [26.29364153]
1
iteration 2500
Best Fitness: [26.29364153]
1
iteration 2600
Best Fitness: [26.29364153]
1
iteration 2700
Best Fitness: [26.29364153]
1
iteration 2800
Best Fitness: [26.29364153]
1
iteration 2900
Best Fitness: [26.29364153]
1
iteration 2999
Best Fitness: [26.29364153]
1
iteration 0
Best Fitness: [1988.39180595]
100
iteration 100
Best Fitness: [10.24565281]
1
iteration 200
Best Fitness: [9.98232595]
1
iteration 300
Best Fitness: [9.98232595]
1
iteration 400
Best Fitness: [9.98232595]
1
iteration 500
Best Fitness: [9.98232595]
1
iteration 600
Best Fitness: [9.98232595]
1
iteration 700
Best Fitness: [9.98232595]
1
iteration 800
Best Fitness: [9.98232595]
1
iteration 900
Best Fitness: [9.98232595]
1
iteration 1000
Best Fitness: [9.98232595]
1
iteration 1100
Best Fitness: [9.98232595]
1
iteration 1200
Best Fitness: [9.98232595]
1
iteration 1300
Best Fitness: [9.98232595]
1
iteration 1400
Best Fitness: [9.98232595]
1
iteration 1500
Best Fitness: [9.98232595]
1
iteration 1600
Best Fitness: [9.98232595]
1
iteration 1700
Best Fitness: [9.98232595]
1
iteration 1800
Best Fitness: [9.98232595]
1
iteration 1900
Best Fitness: [9.98232595]
1
iteration 2000
Best Fitness: [9.98232595]
1
iteration 2100
Best Fitness: [9.98232595]
1
iteration 2200
Best Fitness: [9.98232595]
1
iteration 2300
Best Fitness: [9.98232595]
1
iteration 2400
Best Fitness: [9.98232595]
1
iteration 2500
Best Fitness: [9.98232595]
1
iteration 2600
Best Fitness: [9.98232595]
1
iteration 2700
Best Fitness: [9.98232595]
1
iteration 2800
Best Fitness: [9.98232595]
1
iteration 2900
Best Fitness: [9.98232595]
1
iteration 2999
Best Fitness: [9.98232595]
1
iteration 0
Best Fitness: [169.59591807]
100
iteration 100
Best Fitness: [63.58778054]
1
iteration 200
Best Fitness: [59.76218179]
1
iteration 300
Best Fitness: [59.10533397]
1
iteration 400
Best Fitness: [49.58600142]
1
iteration 500
Best Fitness: [49.58600139]
1
iteration 600
Best Fitness: [48.33956668]
1
iteration 700
Best Fitness: [48.33949811]
1
iteration 800
Best Fitness: [48.33949811]
1
iteration 900
Best Fitness: [48.33949811]
1
iteration 1000
Best Fitness: [46.72435892]
1
iteration 1100
Best Fitness: [46.27952197]
1
iteration 1200
Best Fitness: [46.27952197]
1
iteration 1300
Best Fitness: [46.27952197]
1
iteration 1400
Best Fitness: [46.27952197]
1
iteration 1500
Best Fitness: [46.27952197]
1
iteration 1600
Best Fitness: [46.27952197]
1
iteration 1700
Best Fitness: [46.27952197]
1
iteration 1800
Best Fitness: [46.27952197]
1
iteration 1900
Best Fitness: [46.27952197]
1
iteration 2000
Best Fitness: [46.27952197]
1
iteration 2100
Best Fitness: [46.27952197]
1
iteration 2200
Best Fitness: [46.26131152]
1
iteration 2300
Best Fitness: [46.26131152]
1
iteration 2400
Best Fitness: [46.26131152]
1
iteration 2500
Best Fitness: [46.26131152]
1
iteration 2600
Best Fitness: [46.26131152]
1
iteration 2700
Best Fitness: [46.26131152]
1
iteration 2800
Best Fitness: [46.26131152]
1
iteration 2900
Best Fitness: [46.26131152]
1
iteration 2999
Best Fitness: [46.26131152]
1
[array([24.48837487]), array([0.52167009]), array([12.6500731]), array([12.86481875]), array([44.10428971]), array([28.75056405]), array([1.46175347]), array([26.29364153]), array([9.98232595]), array([46.26131152])]
iteration 0
Best Fitness: [5.31785804]
100
iteration 100
Best Fitness: [3.67405781e-05]
100
iteration 200
Best Fitness: [8.19524536e-06]
1
iteration 300
Best Fitness: [7.30833598e-06]
1
iteration 400
Best Fitness: [7.16202818e-06]
1
iteration 500
Best Fitness: [7.063097e-06]
1
iteration 600
Best Fitness: [6.48997921e-06]
1
iteration 700
Best Fitness: [5.96593006e-06]
1
iteration 800
Best Fitness: [4.76655881e-06]
1
iteration 900
Best Fitness: [4.68582833e-06]
1
iteration 1000
Best Fitness: [4.39676678e-06]
1
iteration 1100
Best Fitness: [3.38647879e-06]
1
iteration 1200
Best Fitness: [2.92828324e-06]
1
iteration 1300
Best Fitness: [2.59735675e-06]
1
iteration 1400
Best Fitness: [2.47491965e-06]
1
iteration 1500
Best Fitness: [2.25543016e-06]
1
iteration 1600
Best Fitness: [2.05523653e-06]
1
iteration 1700
Best Fitness: [1.96200737e-06]
1
iteration 1800
Best Fitness: [1.62625473e-06]
1
iteration 1900
Best Fitness: [1.32223611e-06]
1
iteration 2000
Best Fitness: [9.97809653e-07]
1
iteration 2100
Best Fitness: [8.77163412e-07]
1
iteration 2200
Best Fitness: [7.32424394e-07]
1
iteration 2300
Best Fitness: [5.97350949e-07]
1
iteration 2400
Best Fitness: [4.87258792e-07]
1
iteration 2500
Best Fitness: [4.18882003e-07]
1
iteration 2600
Best Fitness: [3.61519685e-07]
1
iteration 2700
Best Fitness: [3.03546211e-07]
1
iteration 2800
Best Fitness: [2.54755645e-07]
1
iteration 2900
Best Fitness: [2.22810688e-07]
1
iteration 2999
Best Fitness: [1.96726317e-07]
1
iteration 0
Best Fitness: [4.96212969]
100
iteration 100
Best Fitness: [3.83978301e-05]
100
iteration 200
Best Fitness: [5.06525799e-06]
1
iteration 300
Best Fitness: [3.67575999e-06]
1
iteration 400
Best Fitness: [3.07549284e-06]
1
iteration 500
Best Fitness: [3.06103287e-06]
1
iteration 600
Best Fitness: [2.5906786e-06]
1
iteration 700
Best Fitness: [2.41731546e-06]
1
iteration 800
Best Fitness: [2.11434255e-06]
1
iteration 900
Best Fitness: [1.76511894e-06]
1
iteration 1000
Best Fitness: [1.32474072e-06]
1
iteration 1100
Best Fitness: [1.12978749e-06]
1
iteration 1200
Best Fitness: [7.76630613e-07]
1
iteration 1300
Best Fitness: [6.62925847e-07]
1
iteration 1400
Best Fitness: [5.70351903e-07]
1
iteration 1500
Best Fitness: [5.24728301e-07]
1
iteration 1600
Best Fitness: [4.82137792e-07]
1
iteration 1700
Best Fitness: [4.0197413e-07]
1
iteration 1800
Best Fitness: [3.44875892e-07]
1
iteration 1900
Best Fitness: [2.84534396e-07]
1
iteration 2000
Best Fitness: [2.56874712e-07]
1
iteration 2100
Best Fitness: [2.10568723e-07]
1
iteration 2200
Best Fitness: [1.81293961e-07]
1
iteration 2300
Best Fitness: [1.51217371e-07]
1
iteration 2400
Best Fitness: [1.26774939e-07]
1
iteration 2500
Best Fitness: [1.03841654e-07]
1
iteration 2600
Best Fitness: [7.91629337e-08]
1
iteration 2700
Best Fitness: [5.23309087e-08]
1
iteration 2800
Best Fitness: [4.29908206e-08]
1
iteration 2900
Best Fitness: [3.06291062e-08]
1
iteration 2999
Best Fitness: [2.01409762e-08]
1
iteration 0
Best Fitness: [4.33224143]
100
iteration 100
Best Fitness: [4.84853426e-05]
100
iteration 200
Best Fitness: [1.01188274e-05]
1
iteration 300
Best Fitness: [9.21290684e-06]
1
iteration 400
Best Fitness: [8.55898313e-06]
1
iteration 500
Best Fitness: [8.00609667e-06]
1
iteration 600
Best Fitness: [7.79120462e-06]
1
iteration 700
Best Fitness: [6.88374716e-06]
1
iteration 800
Best Fitness: [5.15344075e-06]
1
iteration 900
Best Fitness: [4.4347943e-06]
1
iteration 1000
Best Fitness: [3.7930145e-06]
1
iteration 1100
Best Fitness: [3.52892172e-06]
1
iteration 1200
Best Fitness: [2.9625894e-06]
1
iteration 1300
Best Fitness: [2.47358231e-06]
1
iteration 1400
Best Fitness: [2.06236062e-06]
1
iteration 1500
Best Fitness: [1.66991433e-06]
1
iteration 1600
Best Fitness: [1.55472239e-06]
1
iteration 1700
Best Fitness: [1.12775928e-06]
1
iteration 1800
Best Fitness: [9.008952e-07]
1
iteration 1900
Best Fitness: [8.33724091e-07]
1
iteration 2000
Best Fitness: [6.83396727e-07]
1
iteration 2100
Best Fitness: [6.03564126e-07]
1
iteration 2200
Best Fitness: [5.36245893e-07]
1
iteration 2300
Best Fitness: [4.67227529e-07]
1
iteration 2400
Best Fitness: [4.05045263e-07]
1
iteration 2500
Best Fitness: [3.55078184e-07]
1
iteration 2600
Best Fitness: [3.38930459e-07]
1
iteration 2700
Best Fitness: [2.94757327e-07]
1
iteration 2800
Best Fitness: [2.58738062e-07]
1
iteration 2900
Best Fitness: [2.02838754e-07]
1
iteration 2999
Best Fitness: [1.78760603e-07]
1
iteration 0
Best Fitness: [4.23354522]
100
iteration 100
Best Fitness: [4.23040671e-05]
100
iteration 200
Best Fitness: [5.84443575e-06]
1
iteration 300
Best Fitness: [5.16296672e-06]
1
iteration 400
Best Fitness: [4.43712409e-06]
1
iteration 500
Best Fitness: [3.15013607e-06]
1
iteration 600
Best Fitness: [2.9148152e-06]
1
iteration 700
Best Fitness: [2.3177596e-06]
1
iteration 800
Best Fitness: [2.12404443e-06]
1
iteration 900
Best Fitness: [1.76355067e-06]
1
iteration 1000
Best Fitness: [1.61169531e-06]
1
iteration 1100
Best Fitness: [1.39511991e-06]
1
iteration 1200
Best Fitness: [1.04819296e-06]
1
iteration 1300
Best Fitness: [9.31218166e-07]
1
iteration 1400
Best Fitness: [6.78649007e-07]
1
iteration 1500
Best Fitness: [6.11610014e-07]
1
iteration 1600
Best Fitness: [5.33222545e-07]
1
iteration 1700
Best Fitness: [4.54801182e-07]
1
iteration 1800
Best Fitness: [4.03446776e-07]
1
iteration 1900
Best Fitness: [3.42495325e-07]
1
iteration 2000
Best Fitness: [2.90183679e-07]
1
iteration 2100
Best Fitness: [2.37209668e-07]
1
iteration 2200
Best Fitness: [1.82879273e-07]
1
iteration 2300
Best Fitness: [1.42377625e-07]
1
iteration 2400
Best Fitness: [1.08332586e-07]
1
iteration 2500
Best Fitness: [7.53001494e-08]
1
iteration 2600
Best Fitness: [5.27068889e-08]
1
iteration 2700
Best Fitness: [4.03840967e-08]
1
iteration 2800
Best Fitness: [2.84787133e-08]
1
iteration 2900
Best Fitness: [1.68864037e-08]
1
iteration 2999
Best Fitness: [1.00087538e-08]
1
iteration 0
Best Fitness: [3.4188457]
100
iteration 100
Best Fitness: [4.7377526e-05]
100
iteration 200
Best Fitness: [1.16493838e-05]
1
iteration 300
Best Fitness: [1.09091426e-05]
1
iteration 400
Best Fitness: [9.66818125e-06]
1
iteration 500
Best Fitness: [9.60074072e-06]
1
iteration 600
Best Fitness: [9.07166445e-06]
1
iteration 700
Best Fitness: [7.34576876e-06]
1
iteration 800
Best Fitness: [6.58172487e-06]
1
iteration 900
Best Fitness: [6.0685889e-06]
1
iteration 1000
Best Fitness: [5.57137545e-06]
1
iteration 1100
Best Fitness: [5.12821492e-06]
1
iteration 1200
Best Fitness: [4.4676405e-06]
1
iteration 1300
Best Fitness: [3.87084101e-06]
1
iteration 1400
Best Fitness: [3.33216284e-06]
1
iteration 1500
Best Fitness: [3.2038055e-06]
1
iteration 1600
Best Fitness: [2.98103879e-06]
1
iteration 1700
Best Fitness: [2.85332322e-06]
1
iteration 1800
Best Fitness: [2.56788477e-06]
1
iteration 1900
Best Fitness: [2.2051138e-06]
1
iteration 2000
Best Fitness: [1.81315786e-06]
1
iteration 2100
Best Fitness: [1.73497121e-06]
1
iteration 2200
Best Fitness: [1.59759131e-06]
1
iteration 2300
Best Fitness: [1.48689171e-06]
1
iteration 2400
Best Fitness: [1.40641311e-06]
1
iteration 2500
Best Fitness: [1.23667852e-06]
1
iteration 2600
Best Fitness: [9.42778388e-07]
1
iteration 2700
Best Fitness: [7.90618659e-07]
1
iteration 2800
Best Fitness: [6.42434212e-07]
1
iteration 2900
Best Fitness: [6.03467228e-07]
1
iteration 2999
Best Fitness: [5.24430057e-07]
1
iteration 0
Best Fitness: [5.74234073]
100
iteration 100
Best Fitness: [3.24190292e-05]
100
iteration 200
Best Fitness: [5.94296958e-06]
1
iteration 300
Best Fitness: [4.58947615e-06]
1
iteration 400
Best Fitness: [3.80053532e-06]
1
iteration 500
Best Fitness: [3.28605993e-06]
1
iteration 600
Best Fitness: [2.61102605e-06]
1
iteration 700
Best Fitness: [2.05660131e-06]
1
iteration 800
Best Fitness: [1.69850685e-06]
1
iteration 900
Best Fitness: [1.34607524e-06]
1
iteration 1000
Best Fitness: [1.13633184e-06]
1
iteration 1100
Best Fitness: [9.56446207e-07]
1
iteration 1200
Best Fitness: [7.36505435e-07]
1
iteration 1300
Best Fitness: [6.13826565e-07]
1
iteration 1400
Best Fitness: [5.28232337e-07]
1
iteration 1500
Best Fitness: [4.71535749e-07]
1
iteration 1600
Best Fitness: [4.30137836e-07]
1
iteration 1700
Best Fitness: [3.8489126e-07]
1
iteration 1800
Best Fitness: [3.16942011e-07]
1
iteration 1900
Best Fitness: [2.61496638e-07]
1
iteration 2000
Best Fitness: [2.33205317e-07]
1
iteration 2100
Best Fitness: [1.82304414e-07]
1
iteration 2200
Best Fitness: [1.57758504e-07]
1
iteration 2300
Best Fitness: [1.0828557e-07]
1
iteration 2400
Best Fitness: [8.72394885e-08]
1
iteration 2500
Best Fitness: [7.21836576e-08]
1
iteration 2600
Best Fitness: [5.81778359e-08]
1
iteration 2700
Best Fitness: [4.26129861e-08]
1
iteration 2800
Best Fitness: [3.41406526e-08]
1
iteration 2900
Best Fitness: [2.34164562e-08]
1
iteration 2999
Best Fitness: [1.57400536e-08]
1
iteration 0
Best Fitness: [3.57658527]
100
iteration 100
Best Fitness: [3.65374217e-05]
100
iteration 200
Best Fitness: [0.0035668]
1
iteration 300
Best Fitness: [0.00318926]
1
iteration 400
Best Fitness: [0.00312372]
1
iteration 500
Best Fitness: [0.00297981]
1
iteration 600
Best Fitness: [0.00293055]
1
iteration 700
Best Fitness: [0.00292399]
1
iteration 800
Best Fitness: [0.00280283]
1
iteration 900
Best Fitness: [0.00276538]
1
iteration 1000
Best Fitness: [0.00269253]
1
iteration 1100
Best Fitness: [0.00259767]
1
iteration 1200
Best Fitness: [0.00239234]
1
iteration 1300
Best Fitness: [0.00228912]
1
iteration 1400
Best Fitness: [0.00218235]
1
iteration 1500
Best Fitness: [0.00199603]
1
iteration 1600
Best Fitness: [0.001875]
1
iteration 1700
Best Fitness: [0.001875]
1
iteration 1800
Best Fitness: [0.001875]
1
iteration 1900
Best Fitness: [0.00179798]
1
iteration 2000
Best Fitness: [0.00176324]
1
iteration 2100
Best Fitness: [0.00176271]
1
iteration 2200
Best Fitness: [0.00176271]
1
iteration 2300
Best Fitness: [0.00176271]
1
iteration 2400
Best Fitness: [0.00176271]
1
iteration 2500
Best Fitness: [0.00176271]
1
iteration 2600
Best Fitness: [0.0017117]
1
iteration 2700
Best Fitness: [0.00170694]
1
iteration 2800
Best Fitness: [0.00170694]
1
iteration 2900
Best Fitness: [0.00170694]
1
iteration 2999
Best Fitness: [0.00168646]
1
iteration 0
Best Fitness: [5.89096513]
100
iteration 100
Best Fitness: [3.8149084e-05]
100
iteration 200
Best Fitness: [1.07243592e-05]
1
iteration 300
Best Fitness: [8.752186e-06]
1
iteration 400
Best Fitness: [7.8717546e-06]
1
iteration 500
Best Fitness: [7.85078961e-06]
1
iteration 600
Best Fitness: [6.67951689e-06]
1
iteration 700
Best Fitness: [4.76208977e-06]
1
iteration 800
Best Fitness: [4.00937469e-06]
1
iteration 900
Best Fitness: [3.6001684e-06]
1
iteration 1000
Best Fitness: [3.36374161e-06]
1
iteration 1100
Best Fitness: [3.31078496e-06]
1
iteration 1200
Best Fitness: [2.87456244e-06]
1
iteration 1300
Best Fitness: [2.46139408e-06]
1
iteration 1400
Best Fitness: [2.23115663e-06]
1
iteration 1500
Best Fitness: [2.06871563e-06]
1
iteration 1600
Best Fitness: [1.57317383e-06]
1
iteration 1700
Best Fitness: [1.36465704e-06]
1
iteration 1800
Best Fitness: [1.2798842e-06]
1
iteration 1900
Best Fitness: [9.84564462e-07]
1
iteration 2000
Best Fitness: [7.32771376e-07]
1
iteration 2100
Best Fitness: [6.52154102e-07]
1
iteration 2200
Best Fitness: [5.8170172e-07]
1
iteration 2300
Best Fitness: [5.21121072e-07]
1
iteration 2400
Best Fitness: [4.38089201e-07]
1
iteration 2500
Best Fitness: [3.78147565e-07]
1
iteration 2600
Best Fitness: [3.20062898e-07]
1
iteration 2700
Best Fitness: [2.64152281e-07]
1
iteration 2800
Best Fitness: [2.21672211e-07]
1
iteration 2900
Best Fitness: [1.81364971e-07]
1
iteration 2999
Best Fitness: [1.5276733e-07]
1
iteration 0
Best Fitness: [4.70995157]
100
iteration 100
Best Fitness: [0.09657609]
1
iteration 200
Best Fitness: [0.08993913]
1
iteration 300
Best Fitness: [0.07608701]
1
iteration 400
Best Fitness: [0.06096479]
1
iteration 500
Best Fitness: [0.0550905]
1
iteration 600
Best Fitness: [0.04676182]
1
iteration 700
Best Fitness: [0.04340849]
1
iteration 800
Best Fitness: [0.03976763]
1
iteration 900
Best Fitness: [0.03785736]
1
iteration 1000
Best Fitness: [0.03704486]
1
iteration 1100
Best Fitness: [0.03557971]
1
iteration 1200
Best Fitness: [0.03388015]
1
iteration 1300
Best Fitness: [0.03146363]
1
iteration 1400
Best Fitness: [0.03052051]
1
iteration 1500
Best Fitness: [0.02917581]
1
iteration 1600
Best Fitness: [0.02878174]
1
iteration 1700
Best Fitness: [0.02865243]
1
iteration 1800
Best Fitness: [0.02810155]
1
iteration 1900
Best Fitness: [0.02581117]
1
iteration 2000
Best Fitness: [0.02427048]
1
iteration 2100
Best Fitness: [0.02389637]
1
iteration 2200
Best Fitness: [0.02341302]
1
iteration 2300
Best Fitness: [0.02196611]
1
iteration 2400
Best Fitness: [0.02131904]
1
iteration 2500
Best Fitness: [0.02105892]
1
iteration 2600
Best Fitness: [0.02037793]
1
iteration 2700
Best Fitness: [0.02031224]
1
iteration 2800
Best Fitness: [0.02031224]
1
iteration 2900
Best Fitness: [0.01994507]
1
iteration 2999
Best Fitness: [0.01987835]
1
iteration 0
Best Fitness: [3.7797045]
100
iteration 100
Best Fitness: [4.55032523]
1
iteration 200
Best Fitness: [4.07793886]
1
iteration 300
Best Fitness: [3.48775483]
1
iteration 400
Best Fitness: [3.22445219]
1
iteration 500
Best Fitness: [2.99146567]
1
iteration 600
Best Fitness: [2.61622277]
1
iteration 700
Best Fitness: [2.38280856]
1
iteration 800
Best Fitness: [2.25773914]
1
iteration 900
Best Fitness: [2.1131573]
1
iteration 1000
Best Fitness: [1.99779782]
1
iteration 1100
Best Fitness: [1.94505652]
1
iteration 1200
Best Fitness: [1.77946505]
1
iteration 1300
Best Fitness: [1.66104736]
1
iteration 1400
Best Fitness: [1.64051818]
1
iteration 1500
Best Fitness: [1.6237724]
1
iteration 1600
Best Fitness: [1.62314871]
1
iteration 1700
Best Fitness: [1.62314871]
1
iteration 1800
Best Fitness: [1.57287932]
1
iteration 1900
Best Fitness: [1.55576465]
1
iteration 2000
Best Fitness: [1.54912235]
1
iteration 2100
Best Fitness: [1.54912235]
1
iteration 2200
Best Fitness: [1.54179332]
1
iteration 2300
Best Fitness: [1.54172418]
1
iteration 2400
Best Fitness: [1.54172418]
1
iteration 2500
Best Fitness: [1.54172418]
1
iteration 2600
Best Fitness: [1.54172418]
1
iteration 2700
Best Fitness: [1.54172418]
1
iteration 2800
Best Fitness: [1.54172418]
1
iteration 2900
Best Fitness: [1.54172418]
1
iteration 2999
Best Fitness: [1.54172418]
1
[array([1.96726317e-07]), array([2.01409762e-08]), array([1.78760603e-07]), array([1.00087538e-08]), array([5.24430057e-07]), array([1.57400536e-08]), array([0.00168646]), array([1.5276733e-07]), array([0.01987835]), array([1.54172418])]
