iteration 0
Best Fitness: [5.63106715e+08]
100
iteration 100
Best Fitness: [0.00781169]
100
iteration 200
Best Fitness: [0.0718808]
1
iteration 300
Best Fitness: [0.01544333]
1
iteration 400
Best Fitness: [0.00658214]
1
iteration 500
Best Fitness: [0.00327717]
1
iteration 600
Best Fitness: [0.00233469]
1
iteration 700
Best Fitness: [0.00133953]
1
iteration 800
Best Fitness: [0.00066589]
1
iteration 900
Best Fitness: [0.00033879]
1
iteration 1000
Best Fitness: [0.00018054]
1
iteration 1100
Best Fitness: [0.00011655]
1
iteration 1200
Best Fitness: [6.42047219e-05]
1
iteration 1300
Best Fitness: [3.21900439e-05]
1
iteration 1400
Best Fitness: [1.9081519e-05]
1
iteration 1500
Best Fitness: [9.16432879e-06]
1
iteration 1600
Best Fitness: [5.11591282e-06]
1
iteration 1700
Best Fitness: [2.86724891e-06]
1
iteration 1800
Best Fitness: [1.57588125e-06]
1
iteration 1900
Best Fitness: [7.69915756e-07]
1
iteration 2000
Best Fitness: [4.41363284e-07]
1
iteration 2100
Best Fitness: [2.60828408e-07]
1
iteration 2200
Best Fitness: [1.29470418e-07]
1
iteration 2300
Best Fitness: [5.96683497e-08]
1
iteration 2400
Best Fitness: [2.91719969e-08]
1
iteration 2500
Best Fitness: [1.67401752e-08]
1
iteration 2600
Best Fitness: [7.36743703e-09]
1
iteration 2700
Best Fitness: [4.2304869e-09]
1
iteration 2800
Best Fitness: [2.25488702e-09]
1
iteration 2900
Best Fitness: [1.11686198e-09]
1
iteration 2999
Best Fitness: [6.25637691e-10]
1
iteration 0
Best Fitness: [4.99462298e+08]
100
iteration 100
Best Fitness: [0.00572944]
100
iteration 200
Best Fitness: [0.09151406]
1
iteration 300
Best Fitness: [0.02135253]
1
iteration 400
Best Fitness: [0.0049527]
1
iteration 500
Best Fitness: [0.00376692]
1
iteration 600
Best Fitness: [0.00226403]
1
iteration 700
Best Fitness: [0.00101505]
1
iteration 800
Best Fitness: [0.00063614]
1
iteration 900
Best Fitness: [0.00032579]
1
iteration 1000
Best Fitness: [0.0001442]
1
iteration 1100
Best Fitness: [8.1802339e-05]
1
iteration 1200
Best Fitness: [4.60822663e-05]
1
iteration 1300
Best Fitness: [2.6188491e-05]
1
iteration 1400
Best Fitness: [1.58694224e-05]
1
iteration 1500
Best Fitness: [6.78884013e-06]
1
iteration 1600
Best Fitness: [4.0950889e-06]
1
iteration 1700
Best Fitness: [2.22750371e-06]
1
iteration 1800
Best Fitness: [1.32107587e-06]
1
iteration 1900
Best Fitness: [5.67706998e-07]
1
iteration 2000
Best Fitness: [2.88215586e-07]
1
iteration 2100
Best Fitness: [1.5915369e-07]
1
iteration 2200
Best Fitness: [8.84902019e-08]
1
iteration 2300
Best Fitness: [4.53066424e-08]
1
iteration 2400
Best Fitness: [2.19909745e-08]
1
iteration 2500
Best Fitness: [1.21414703e-08]
1
iteration 2600
Best Fitness: [5.12885963e-09]
1
iteration 2700
Best Fitness: [2.51287912e-09]
1
iteration 2800
Best Fitness: [1.15662382e-09]
1
iteration 2900
Best Fitness: [5.4861222e-10]
1
iteration 2999
Best Fitness: [2.97488792e-10]
1
iteration 0
Best Fitness: [4.74922551e+08]
100
iteration 100
Best Fitness: [0.00452406]
100
iteration 200
Best Fitness: [0.05745085]
1
iteration 300
Best Fitness: [0.01263042]
1
iteration 400
Best Fitness: [0.00532798]
1
iteration 500
Best Fitness: [0.00211159]
1
iteration 600
Best Fitness: [0.00110144]
1
iteration 700
Best Fitness: [0.00058361]
1
iteration 800
Best Fitness: [0.00026125]
1
iteration 900
Best Fitness: [0.00013577]
1
iteration 1000
Best Fitness: [6.80248627e-05]
1
iteration 1100
Best Fitness: [3.53617086e-05]
1
iteration 1200
Best Fitness: [2.00524815e-05]
1
iteration 1300
Best Fitness: [1.14005149e-05]
1
iteration 1400
Best Fitness: [6.62678992e-06]
1
iteration 1500
Best Fitness: [3.54178381e-06]
1
iteration 1600
Best Fitness: [1.65418399e-06]
1
iteration 1700
Best Fitness: [1.02247319e-06]
1
iteration 1800
Best Fitness: [4.53073743e-07]
1
iteration 1900
Best Fitness: [2.40779546e-07]
1
iteration 2000
Best Fitness: [1.07386282e-07]
1
iteration 2100
Best Fitness: [5.53218529e-08]
1
iteration 2200
Best Fitness: [2.68735484e-08]
1
iteration 2300
Best Fitness: [1.73568096e-08]
1
iteration 2400
Best Fitness: [7.69324859e-09]
1
iteration 2500
Best Fitness: [4.75969904e-09]
1
iteration 2600
Best Fitness: [2.41628016e-09]
1
iteration 2700
Best Fitness: [1.22335947e-09]
1
iteration 2800
Best Fitness: [6.36100935e-10]
1
iteration 2900
Best Fitness: [3.02598287e-10]
1
iteration 2999
Best Fitness: [1.45139879e-10]
1
iteration 0
Best Fitness: [4.98441263e+08]
100
iteration 100
Best Fitness: [0.00425955]
100
iteration 200
Best Fitness: [0.03773866]
1
iteration 300
Best Fitness: [0.01394877]
1
iteration 400
Best Fitness: [0.00785309]
1
iteration 500
Best Fitness: [0.00283876]
1
iteration 600
Best Fitness: [0.00130826]
1
iteration 700
Best Fitness: [0.00065018]
1
iteration 800
Best Fitness: [0.00033517]
1
iteration 900
Best Fitness: [0.00014342]
1
iteration 1000
Best Fitness: [9.16727487e-05]
1
iteration 1100
Best Fitness: [5.04889999e-05]
1
iteration 1200
Best Fitness: [2.46074588e-05]
1
iteration 1300
Best Fitness: [1.18963348e-05]
1
iteration 1400
Best Fitness: [7.23148292e-06]
1
iteration 1500
Best Fitness: [3.85667429e-06]
1
iteration 1600
Best Fitness: [1.79555445e-06]
1
iteration 1700
Best Fitness: [8.64961844e-07]
1
iteration 1800
Best Fitness: [3.76863208e-07]
1
iteration 1900
Best Fitness: [2.04481094e-07]
1
iteration 2000
Best Fitness: [1.2544946e-07]
1
iteration 2100
Best Fitness: [5.84692858e-08]
1
iteration 2200
Best Fitness: [3.10521468e-08]
1
iteration 2300
Best Fitness: [1.62077426e-08]
1
iteration 2400
Best Fitness: [7.78224285e-09]
1
iteration 2500
Best Fitness: [4.52213182e-09]
1
iteration 2600
Best Fitness: [1.8178215e-09]
1
iteration 2700
Best Fitness: [9.11599522e-10]
1
iteration 2800
Best Fitness: [5.16467985e-10]
1
iteration 2900
Best Fitness: [2.42151273e-10]
1
iteration 2999
Best Fitness: [1.37951159e-10]
1
iteration 0
Best Fitness: [3.20436559e+08]
100
iteration 100
Best Fitness: [0.00360869]
100
iteration 200
Best Fitness: [0.11061296]
1
iteration 300
Best Fitness: [0.02549903]
1
iteration 400
Best Fitness: [0.01209804]
1
iteration 500
Best Fitness: [0.00613598]
1
iteration 600
Best Fitness: [0.00295931]
1
iteration 700
Best Fitness: [0.00108759]
1
iteration 800
Best Fitness: [0.00062461]
1
iteration 900
Best Fitness: [0.00037337]
1
iteration 1000
Best Fitness: [0.00019509]
1
iteration 1100
Best Fitness: [9.09636326e-05]
1
iteration 1200
Best Fitness: [4.62262994e-05]
1
iteration 1300
Best Fitness: [2.48461611e-05]
1
iteration 1400
Best Fitness: [1.33642648e-05]
1
iteration 1500
Best Fitness: [6.58382532e-06]
1
iteration 1600
Best Fitness: [3.56161923e-06]
1
iteration 1700
Best Fitness: [1.60582052e-06]
1
iteration 1800
Best Fitness: [7.13838872e-07]
1
iteration 1900
Best Fitness: [4.89864062e-07]
1
iteration 2000
Best Fitness: [2.53287557e-07]
1
iteration 2100
Best Fitness: [1.37677511e-07]
1
iteration 2200
Best Fitness: [7.04150369e-08]
1
iteration 2300
Best Fitness: [3.9143504e-08]
1
iteration 2400
Best Fitness: [2.29078105e-08]
1
iteration 2500
Best Fitness: [9.45779588e-09]
1
iteration 2600
Best Fitness: [5.13587645e-09]
1
iteration 2700
Best Fitness: [2.60486543e-09]
1
iteration 2800
Best Fitness: [1.65211262e-09]
1
iteration 2900
Best Fitness: [9.4581249e-10]
1
iteration 2999
Best Fitness: [4.92388685e-10]
1
iteration 0
Best Fitness: [4.62055841e+08]
100
iteration 100
Best Fitness: [0.00809455]
100
iteration 200
Best Fitness: [0.02144715]
1
iteration 300
Best Fitness: [0.01268745]
1
iteration 400
Best Fitness: [0.00561427]
1
iteration 500
Best Fitness: [0.00201965]
1
iteration 600
Best Fitness: [0.00118736]
1
iteration 700
Best Fitness: [0.00062583]
1
iteration 800
Best Fitness: [0.00030704]
1
iteration 900
Best Fitness: [0.00017557]
1
iteration 1000
Best Fitness: [9.62433399e-05]
1
iteration 1100
Best Fitness: [5.07154328e-05]
1
iteration 1200
Best Fitness: [2.77140586e-05]
1
iteration 1300
Best Fitness: [1.64803964e-05]
1
iteration 1400
Best Fitness: [8.7575681e-06]
1
iteration 1500
Best Fitness: [4.98150582e-06]
1
iteration 1600
Best Fitness: [2.7831999e-06]
1
iteration 1700
Best Fitness: [1.27244532e-06]
1
iteration 1800
Best Fitness: [7.48854249e-07]
1
iteration 1900
Best Fitness: [3.53886636e-07]
1
iteration 2000
Best Fitness: [1.57421619e-07]
1
iteration 2100
Best Fitness: [8.0984341e-08]
1
iteration 2200
Best Fitness: [3.90818078e-08]
1
iteration 2300
Best Fitness: [1.98400042e-08]
1
iteration 2400
Best Fitness: [8.76543511e-09]
1
iteration 2500
Best Fitness: [4.58781988e-09]
1
iteration 2600
Best Fitness: [3.09144215e-09]
1
iteration 2700
Best Fitness: [1.92136564e-09]
1
iteration 2800
Best Fitness: [1.09379387e-09]
1
iteration 2900
Best Fitness: [5.29877763e-10]
1
iteration 2999
Best Fitness: [3.24365981e-10]
1
iteration 0
Best Fitness: [3.72527306e+08]
100
iteration 100
Best Fitness: [0.00435727]
100
iteration 200
Best Fitness: [0.08935666]
1
iteration 300
Best Fitness: [0.02569594]
1
iteration 400
Best Fitness: [0.00666337]
1
iteration 500
Best Fitness: [0.00409574]
1
iteration 600
Best Fitness: [0.0023292]
1
iteration 700
Best Fitness: [0.00104243]
1
iteration 800
Best Fitness: [0.00047726]
1
iteration 900
Best Fitness: [0.00026362]
1
iteration 1000
Best Fitness: [0.00013577]
1
iteration 1100
Best Fitness: [7.62552556e-05]
1
iteration 1200
Best Fitness: [4.0247111e-05]
1
iteration 1300
Best Fitness: [2.50526686e-05]
1
iteration 1400
Best Fitness: [1.2808467e-05]
1
iteration 1500
Best Fitness: [5.79378679e-06]
1
iteration 1600
Best Fitness: [3.54756518e-06]
1
iteration 1700
Best Fitness: [1.90249224e-06]
1
iteration 1800
Best Fitness: [8.09711193e-07]
1
iteration 1900
Best Fitness: [4.15857985e-07]
1
iteration 2000
Best Fitness: [2.16935382e-07]
1
iteration 2100
Best Fitness: [1.14107989e-07]
1
iteration 2200
Best Fitness: [7.09452084e-08]
1
iteration 2300
Best Fitness: [3.89504485e-08]
1
iteration 2400
Best Fitness: [1.8888884e-08]
1
iteration 2500
Best Fitness: [1.02850561e-08]
1
iteration 2600
Best Fitness: [3.65933925e-09]
1
iteration 2700
Best Fitness: [2.22084921e-09]
1
iteration 2800
Best Fitness: [1.37182206e-09]
1
iteration 2900
Best Fitness: [9.13321978e-10]
1
iteration 2999
Best Fitness: [4.63352979e-10]
1
iteration 0
Best Fitness: [4.08326834e+08]
100
iteration 100
Best Fitness: [0.00752757]
100
iteration 200
Best Fitness: [0.02786696]
1
iteration 300
Best Fitness: [0.00760965]
1
iteration 400
Best Fitness: [0.00382014]
1
iteration 500
Best Fitness: [0.00229253]
1
iteration 600
Best Fitness: [0.0009821]
1
iteration 700
Best Fitness: [0.00056322]
1
iteration 800
Best Fitness: [0.00027697]
1
iteration 900
Best Fitness: [0.00012791]
1
iteration 1000
Best Fitness: [6.27097134e-05]
1
iteration 1100
Best Fitness: [2.89940168e-05]
1
iteration 1200
Best Fitness: [1.76430223e-05]
1
iteration 1300
Best Fitness: [8.45246797e-06]
1
iteration 1400
Best Fitness: [4.10076174e-06]
1
iteration 1500
Best Fitness: [1.8802885e-06]
1
iteration 1600
Best Fitness: [1.09315233e-06]
1
iteration 1700
Best Fitness: [6.36723923e-07]
1
iteration 1800
Best Fitness: [2.98204157e-07]
1
iteration 1900
Best Fitness: [1.18082099e-07]
1
iteration 2000
Best Fitness: [7.80986315e-08]
1
iteration 2100
Best Fitness: [3.85202709e-08]
1
iteration 2200
Best Fitness: [2.34223961e-08]
1
iteration 2300
Best Fitness: [1.11172163e-08]
1
iteration 2400
Best Fitness: [4.68797355e-09]
1
iteration 2500
Best Fitness: [2.00824264e-09]
1
iteration 2600
Best Fitness: [1.09991195e-09]
1
iteration 2700
Best Fitness: [5.65564837e-10]
1
iteration 2800
Best Fitness: [2.7847569e-10]
1
iteration 2900
Best Fitness: [1.57206312e-10]
1
iteration 2999
Best Fitness: [7.64864589e-11]
1
iteration 0
Best Fitness: [3.66572585e+08]
100
iteration 100
Best Fitness: [0.007828]
100
iteration 200
Best Fitness: [0.03920211]
1
iteration 300
Best Fitness: [0.02254749]
1
iteration 400
Best Fitness: [0.01105364]
1
iteration 500
Best Fitness: [0.00289688]
1
iteration 600
Best Fitness: [0.00174467]
1
iteration 700
Best Fitness: [0.00078993]
1
iteration 800
Best Fitness: [0.00041877]
1
iteration 900
Best Fitness: [0.00021583]
1
iteration 1000
Best Fitness: [0.00010827]
1
iteration 1100
Best Fitness: [6.45090856e-05]
1
iteration 1200
Best Fitness: [2.88598207e-05]
1
iteration 1300
Best Fitness: [1.73730689e-05]
1
iteration 1400
Best Fitness: [7.83449497e-06]
1
iteration 1500
Best Fitness: [5.31497206e-06]
1
iteration 1600
Best Fitness: [2.58446132e-06]
1
iteration 1700
Best Fitness: [1.25454758e-06]
1
iteration 1800
Best Fitness: [7.31525588e-07]
1
iteration 1900
Best Fitness: [3.16804133e-07]
1
iteration 2000
Best Fitness: [1.69992551e-07]
1
iteration 2100
Best Fitness: [8.36866586e-08]
1
iteration 2200
Best Fitness: [4.20752374e-08]
1
iteration 2300
Best Fitness: [2.13222126e-08]
1
iteration 2400
Best Fitness: [1.11453615e-08]
1
iteration 2500
Best Fitness: [5.02864998e-09]
1
iteration 2600
Best Fitness: [2.66573232e-09]
1
iteration 2700
Best Fitness: [1.4764603e-09]
1
iteration 2800
Best Fitness: [8.54071449e-10]
1
iteration 2900
Best Fitness: [5.37249251e-10]
1
iteration 2999
Best Fitness: [2.5573635e-10]
1
iteration 0
Best Fitness: [3.03088291e+08]
100
iteration 100
Best Fitness: [0.00546495]
100
iteration 200
Best Fitness: [0.02030559]
1
iteration 300
Best Fitness: [0.00693499]
1
iteration 400
Best Fitness: [0.00371714]
1
iteration 500
Best Fitness: [0.00205341]
1
iteration 600
Best Fitness: [0.00134698]
1
iteration 700
Best Fitness: [0.00088106]
1
iteration 800
Best Fitness: [0.00052903]
1
iteration 900
Best Fitness: [0.00025659]
1
iteration 1000
Best Fitness: [0.00011513]
1
iteration 1100
Best Fitness: [6.83700321e-05]
1
iteration 1200
Best Fitness: [2.78382598e-05]
1
iteration 1300
Best Fitness: [1.46743186e-05]
1
iteration 1400
Best Fitness: [7.42616837e-06]
1
iteration 1500
Best Fitness: [4.94552491e-06]
1
iteration 1600
Best Fitness: [2.60134436e-06]
1
iteration 1700
Best Fitness: [1.34393492e-06]
1
iteration 1800
Best Fitness: [7.3111056e-07]
1
iteration 1900
Best Fitness: [3.91784149e-07]
1
iteration 2000
Best Fitness: [2.17077814e-07]
1
iteration 2100
Best Fitness: [1.18084732e-07]
1
iteration 2200
Best Fitness: [5.64902929e-08]
1
iteration 2300
Best Fitness: [3.07103776e-08]
1
iteration 2400
Best Fitness: [1.24310553e-08]
1
iteration 2500
Best Fitness: [7.00971517e-09]
1
iteration 2600
Best Fitness: [3.12390132e-09]
1
iteration 2700
Best Fitness: [1.57025551e-09]
1
iteration 2800
Best Fitness: [8.12955725e-10]
1
iteration 2900
Best Fitness: [4.25370102e-10]
1
iteration 2999
Best Fitness: [2.30702023e-10]
1
[array([6.25637691e-10]), array([2.97488792e-10]), array([1.45139879e-10]), array([1.37951159e-10]), array([4.92388685e-10]), array([3.24365981e-10]), array([4.63352979e-10]), array([7.64864589e-11]), array([2.5573635e-10]), array([2.30702023e-10])]
iteration 0
Best Fitness: [5.90099858e+147]
100
iteration 100
Best Fitness: [1.42636194]
1
iteration 200
Best Fitness: [0.31051655]
1
iteration 300
Best Fitness: [0.20219963]
1
iteration 400
Best Fitness: [0.2012839]
1
iteration 500
Best Fitness: [0.2012839]
1
iteration 600
Best Fitness: [0.16728023]
1
iteration 700
Best Fitness: [0.08514567]
1
iteration 800
Best Fitness: [0.00807024]
1
iteration 900
Best Fitness: [0.00734906]
1
iteration 1000
Best Fitness: [0.0048505]
1
iteration 1100
Best Fitness: [0.00198687]
1
iteration 1200
Best Fitness: [0.0009271]
1
iteration 1300
Best Fitness: [0.0009271]
1
iteration 1400
Best Fitness: [0.0009271]
1
iteration 1500
Best Fitness: [0.00055121]
1
iteration 1600
Best Fitness: [0.00055121]
1
iteration 1700
Best Fitness: [0.00055121]
1
iteration 1800
Best Fitness: [0.00043663]
1
iteration 1900
Best Fitness: [0.00025468]
1
iteration 2000
Best Fitness: [0.00015881]
1
iteration 2100
Best Fitness: [0.00015881]
1
iteration 2200
Best Fitness: [0.00015881]
1
iteration 2300
Best Fitness: [0.00015881]
1
iteration 2400
Best Fitness: [0.00015881]
1
iteration 2500
Best Fitness: [0.00015881]
1
iteration 2600
Best Fitness: [0.00015881]
1
iteration 2700
Best Fitness: [0.00015881]
1
iteration 2800
Best Fitness: [0.00015881]
1
iteration 2900
Best Fitness: [0.00015881]
1
iteration 2999
Best Fitness: [0.00015881]
1
iteration 0
Best Fitness: [6.00565766e+140]
100
iteration 100
Best Fitness: [0.00029486]
1
iteration 200
Best Fitness: [7.66205843e-06]
1
iteration 300
Best Fitness: [1.2431123e-07]
1
iteration 400
Best Fitness: [6.26591079e-08]
1
iteration 500
Best Fitness: [4.47306528e-08]
1
iteration 600
Best Fitness: [1.38571094e-08]
1
iteration 700
Best Fitness: [1.79875161e-09]
1
iteration 800
Best Fitness: [1.79875161e-09]
1
iteration 900
Best Fitness: [1.48554922e-09]
1
iteration 1000
Best Fitness: [1.48554696e-09]
1
iteration 1100
Best Fitness: [1.48554696e-09]
1
iteration 1200
Best Fitness: [1.45943665e-09]
1
iteration 1300
Best Fitness: [7.31462612e-10]
1
iteration 1400
Best Fitness: [7.31462511e-10]
1
iteration 1500
Best Fitness: [1.69592692e-10]
1
iteration 1600
Best Fitness: [1.53381835e-10]
1
iteration 1700
Best Fitness: [1.36221549e-10]
1
iteration 1800
Best Fitness: [8.28030958e-11]
1
iteration 1900
Best Fitness: [2.72591974e-11]
1
iteration 2000
Best Fitness: [2.70860369e-11]
1
iteration 2100
Best Fitness: [2.70860369e-11]
1
iteration 2200
Best Fitness: [2.70860369e-11]
1
iteration 2300
Best Fitness: [2.70860369e-11]
1
iteration 2400
Best Fitness: [2.70860369e-11]
1
iteration 2500
Best Fitness: [2.70860369e-11]
1
iteration 2600
Best Fitness: [1.89878427e-11]
1
iteration 2700
Best Fitness: [1.09777885e-11]
1
iteration 2800
Best Fitness: [1.09777885e-11]
1
iteration 2900
Best Fitness: [1.09777885e-11]
1
iteration 2999
Best Fitness: [1.09777885e-11]
1
iteration 0
Best Fitness: [3.67857728e+160]
100
iteration 100
Best Fitness: [0.07723766]
1
iteration 200
Best Fitness: [0.00958849]
1
iteration 300
Best Fitness: [0.00293692]
1
iteration 400
Best Fitness: [0.00293692]
1
iteration 500
Best Fitness: [0.00293692]
1
iteration 600
Best Fitness: [0.00293692]
1
iteration 700
Best Fitness: [0.00217659]
1
iteration 800
Best Fitness: [0.00216516]
1
iteration 900
Best Fitness: [0.00216516]
1
iteration 1000
Best Fitness: [0.00216516]
1
iteration 1100
Best Fitness: [0.00200747]
1
iteration 1200
Best Fitness: [0.00177276]
1
iteration 1300
Best Fitness: [0.00086726]
1
iteration 1400
Best Fitness: [0.00061331]
1
iteration 1500
Best Fitness: [0.00061331]
1
iteration 1600
Best Fitness: [0.00061331]
1
iteration 1700
Best Fitness: [0.00061331]
1
iteration 1800
Best Fitness: [0.00061331]
1
iteration 1900
Best Fitness: [0.00061331]
1
iteration 2000
Best Fitness: [0.00061331]
1
iteration 2100
Best Fitness: [0.00060144]
1
iteration 2200
Best Fitness: [0.00059901]
1
iteration 2300
Best Fitness: [0.00059898]
1
iteration 2400
Best Fitness: [0.00059898]
1
iteration 2500
Best Fitness: [0.00059898]
1
iteration 2600
Best Fitness: [0.00059898]
1
iteration 2700
Best Fitness: [0.00059898]
1
iteration 2800
Best Fitness: [0.00059898]
1
iteration 2900
Best Fitness: [0.00059898]
1
iteration 2999
Best Fitness: [0.00059898]
1
iteration 0
Best Fitness: [1.49423993e+146]
100
iteration 100
Best Fitness: [0.09334264]
1
iteration 200
Best Fitness: [0.01735646]
1
iteration 300
Best Fitness: [0.00599504]
1
iteration 400
Best Fitness: [0.00184235]
1
iteration 500
Best Fitness: [0.00135526]
1
iteration 600
Best Fitness: [0.0008057]
1
iteration 700
Best Fitness: [0.00058708]
1
iteration 800
Best Fitness: [0.00051553]
1
iteration 900
Best Fitness: [0.00021777]
1
iteration 1000
Best Fitness: [0.0002174]
1
iteration 1100
Best Fitness: [0.00020943]
1
iteration 1200
Best Fitness: [7.50550295e-05]
1
iteration 1300
Best Fitness: [5.67856312e-06]
1
iteration 1400
Best Fitness: [2.69248903e-06]
1
iteration 1500
Best Fitness: [2.69078922e-06]
1
iteration 1600
Best Fitness: [2.69078922e-06]
1
iteration 1700
Best Fitness: [2.69078922e-06]
1
iteration 1800
Best Fitness: [2.50289755e-06]
1
iteration 1900
Best Fitness: [2.29918411e-06]
1
iteration 2000
Best Fitness: [1.39334026e-06]
1
iteration 2100
Best Fitness: [8.17297149e-07]
1
iteration 2200
Best Fitness: [1.84380336e-07]
1
iteration 2300
Best Fitness: [1.8437626e-07]
1
iteration 2400
Best Fitness: [6.19693784e-08]
1
iteration 2500
Best Fitness: [6.19403199e-08]
1
iteration 2600
Best Fitness: [3.53647761e-08]
1
iteration 2700
Best Fitness: [2.98830635e-08]
1
iteration 2800
Best Fitness: [2.51308929e-08]
1
iteration 2900
Best Fitness: [2.51171097e-08]
1
iteration 2999
Best Fitness: [2.51128588e-08]
1
iteration 0
Best Fitness: [1.03442099e+146]
100
iteration 100
Best Fitness: [306482.42604847]
1
iteration 200
Best Fitness: [1576.66648988]
1
iteration 300
Best Fitness: [1043.55836169]
1
iteration 400
Best Fitness: [39.51083737]
1
iteration 500
Best Fitness: [3.74149605]
1
iteration 600
Best Fitness: [2.50067182]
1
iteration 700
Best Fitness: [1.40380921]
1
iteration 800
Best Fitness: [1.11036908]
1
iteration 900
Best Fitness: [0.59564249]
1
iteration 1000
Best Fitness: [0.59483483]
1
iteration 1100
Best Fitness: [0.59483483]
1
iteration 1200
Best Fitness: [0.59483483]
1
iteration 1300
Best Fitness: [0.36274153]
1
iteration 1400
Best Fitness: [0.06875177]
1
iteration 1500
Best Fitness: [0.04396416]
1
iteration 1600
Best Fitness: [0.02140901]
1
iteration 1700
Best Fitness: [0.0181878]
1
iteration 1800
Best Fitness: [0.0161846]
1
iteration 1900
Best Fitness: [0.01618439]
1
iteration 2000
Best Fitness: [0.01618439]
1
iteration 2100
Best Fitness: [0.01618439]
1
iteration 2200
Best Fitness: [0.01618439]
1
iteration 2300
Best Fitness: [0.01618439]
1
iteration 2400
Best Fitness: [0.01618439]
1
iteration 2500
Best Fitness: [0.01618439]
1
iteration 2600
Best Fitness: [0.01618439]
1
iteration 2700
Best Fitness: [0.01618439]
1
iteration 2800
Best Fitness: [0.01618439]
1
iteration 2900
Best Fitness: [0.01618439]
1
iteration 2999
Best Fitness: [0.01618439]
1
iteration 0
Best Fitness: [3.6243529e+154]
100
iteration 100
Best Fitness: [30.16494451]
1
iteration 200
Best Fitness: [0.77804447]
1
iteration 300
Best Fitness: [0.6926876]
1
iteration 400
Best Fitness: [0.48822905]
1
iteration 500
Best Fitness: [0.36602091]
1
iteration 600
Best Fitness: [0.14147946]
1
iteration 700
Best Fitness: [0.1414157]
1
iteration 800
Best Fitness: [0.1414157]
1
iteration 900
Best Fitness: [0.1414157]
1
iteration 1000
Best Fitness: [0.11511912]
1
iteration 1100
Best Fitness: [0.02664489]
1
iteration 1200
Best Fitness: [0.02465596]
1
iteration 1300
Best Fitness: [0.02465596]
1
iteration 1400
Best Fitness: [0.02465596]
1
iteration 1500
Best Fitness: [0.02465596]
1
iteration 1600
Best Fitness: [0.02465596]
1
iteration 1700
Best Fitness: [0.02465596]
1
iteration 1800
Best Fitness: [0.02465596]
1
iteration 1900
Best Fitness: [0.02465596]
1
iteration 2000
Best Fitness: [0.02465596]
1
iteration 2100
Best Fitness: [0.02465596]
1
iteration 2200
Best Fitness: [0.00853284]
1
iteration 2300
Best Fitness: [0.00577821]
1
iteration 2400
Best Fitness: [0.00516714]
1
iteration 2500
Best Fitness: [0.00516714]
1
iteration 2600
Best Fitness: [0.00516714]
1
iteration 2700
Best Fitness: [0.00516714]
1
iteration 2800
Best Fitness: [0.00516714]
1
iteration 2900
Best Fitness: [0.00516714]
1
iteration 2999
Best Fitness: [0.00516714]
1
iteration 0
Best Fitness: [1.52255786e+154]
100
iteration 100
Best Fitness: [0.00185081]
1
iteration 200
Best Fitness: [3.93374536e-06]
1
iteration 300
Best Fitness: [3.92964538e-06]
1
iteration 400
Best Fitness: [5.74161566e-07]
1
iteration 500
Best Fitness: [5.27759207e-07]
1
iteration 600
Best Fitness: [5.27735736e-07]
1
iteration 700
Best Fitness: [4.25184864e-07]
1
iteration 800
Best Fitness: [4.23441536e-07]
1
iteration 900
Best Fitness: [4.16594807e-07]
1
iteration 1000
Best Fitness: [4.09350091e-07]
1
iteration 1100
Best Fitness: [4.09269118e-07]
1
iteration 1200
Best Fitness: [1.75797359e-07]
1
iteration 1300
Best Fitness: [7.60363066e-08]
1
iteration 1400
Best Fitness: [4.61397083e-09]
1
iteration 1500
Best Fitness: [1.74897113e-09]
1
iteration 1600
Best Fitness: [1.57125223e-09]
1
iteration 1700
Best Fitness: [1.05287883e-09]
1
iteration 1800
Best Fitness: [7.71004233e-10]
1
iteration 1900
Best Fitness: [6.09479123e-10]
1
iteration 2000
Best Fitness: [5.55268022e-10]
1
iteration 2100
Best Fitness: [5.5237732e-10]
1
iteration 2200
Best Fitness: [5.52377316e-10]
1
iteration 2300
Best Fitness: [5.52315574e-10]
1
iteration 2400
Best Fitness: [5.52315551e-10]
1
iteration 2500
Best Fitness: [5.52315551e-10]
1
iteration 2600
Best Fitness: [5.52315551e-10]
1
iteration 2700
Best Fitness: [5.52315551e-10]
1
iteration 2800
Best Fitness: [5.52315551e-10]
1
iteration 2900
Best Fitness: [5.52315551e-10]
1
iteration 2999
Best Fitness: [5.52315551e-10]
1
iteration 0
Best Fitness: [2.62700823e+155]
100
iteration 100
Best Fitness: [1.2210439e+13]
1
iteration 200
Best Fitness: [4.82122549e+09]
1
iteration 300
Best Fitness: [1.37179044e+09]
1
iteration 400
Best Fitness: [96809755.96345992]
1
iteration 500
Best Fitness: [71999663.72240478]
1
iteration 600
Best Fitness: [4197314.50412106]
1
iteration 700
Best Fitness: [110135.6503103]
1
iteration 800
Best Fitness: [32362.6076476]
1
iteration 900
Best Fitness: [22938.10972816]
1
iteration 1000
Best Fitness: [7069.37005176]
1
iteration 1100
Best Fitness: [3025.34422764]
1
iteration 1200
Best Fitness: [2509.50878416]
1
iteration 1300
Best Fitness: [2509.50874924]
1
iteration 1400
Best Fitness: [1757.92576963]
1
iteration 1500
Best Fitness: [1757.92540881]
1
iteration 1600
Best Fitness: [1757.92540881]
1
iteration 1700
Best Fitness: [1757.92540881]
1
iteration 1800
Best Fitness: [1422.81362871]
1
iteration 1900
Best Fitness: [1422.80584176]
1
iteration 2000
Best Fitness: [1422.80584176]
1
iteration 2100
Best Fitness: [1422.80584176]
1
iteration 2200
Best Fitness: [1422.80584176]
1
iteration 2300
Best Fitness: [967.28508345]
1
iteration 2400
Best Fitness: [451.09818568]
1
iteration 2500
Best Fitness: [430.25403872]
1
iteration 2600
Best Fitness: [430.25403872]
1
iteration 2700
Best Fitness: [430.25403872]
1
iteration 2800
Best Fitness: [430.25403872]
1
iteration 2900
Best Fitness: [430.25403872]
1
iteration 2999
Best Fitness: [430.25403872]
1
iteration 0
Best Fitness: [4.30817409e+144]
100
iteration 100
Best Fitness: [8.04387912e+12]
1
iteration 200
Best Fitness: [17947947.41532714]
1
iteration 300
Best Fitness: [7717491.72168041]
1
iteration 400
Best Fitness: [6562169.70706522]
1
iteration 500
Best Fitness: [8794.45883184]
1
iteration 600
Best Fitness: [8794.38179897]
1
iteration 700
Best Fitness: [8794.38179897]
1
iteration 800
Best Fitness: [8794.38179897]
1
iteration 900
Best Fitness: [8794.38179897]
1
iteration 1000
Best Fitness: [8794.38179897]
1
iteration 1100
Best Fitness: [3565.18826289]
1
iteration 1200
Best Fitness: [849.0249764]
1
iteration 1300
Best Fitness: [849.02494181]
1
iteration 1400
Best Fitness: [849.02494181]
1
iteration 1500
Best Fitness: [849.02494181]
1
iteration 1600
Best Fitness: [849.02494181]
1
iteration 1700
Best Fitness: [849.02494181]
1
iteration 1800
Best Fitness: [34.50886962]
1
iteration 1900
Best Fitness: [34.09377523]
1
iteration 2000
Best Fitness: [34.09377523]
1
iteration 2100
Best Fitness: [34.09377523]
1
iteration 2200
Best Fitness: [34.09377523]
1
iteration 2300
Best Fitness: [34.09377523]
1
iteration 2400
Best Fitness: [34.09377523]
1
iteration 2500
Best Fitness: [34.09377523]
1
iteration 2600
Best Fitness: [34.09377523]
1
iteration 2700
Best Fitness: [34.09377523]
1
iteration 2800
Best Fitness: [34.09377523]
1
iteration 2900
Best Fitness: [34.09377523]
1
iteration 2999
Best Fitness: [34.09377523]
1
iteration 0
Best Fitness: [1.08300768e+140]
100
iteration 100
Best Fitness: [4215.18881241]
1
iteration 200
Best Fitness: [66.33563479]
1
iteration 300
Best Fitness: [22.5684868]
1
iteration 400
Best Fitness: [7.68184316]
1
iteration 500
Best Fitness: [7.68182143]
1
iteration 600
Best Fitness: [6.29500483]
1
iteration 700
Best Fitness: [2.18923056]
1
iteration 800
Best Fitness: [1.81893852]
1
iteration 900
Best Fitness: [1.81873379]
1
iteration 1000
Best Fitness: [1.81873379]
1
iteration 1100
Best Fitness: [1.81873379]
1
iteration 1200
Best Fitness: [1.81873379]
1
iteration 1300
Best Fitness: [1.36172988]
1
iteration 1400
Best Fitness: [1.36097366]
1
iteration 1500
Best Fitness: [0.65813503]
1
iteration 1600
Best Fitness: [0.08558299]
1
iteration 1700
Best Fitness: [0.01737174]
1
iteration 1800
Best Fitness: [0.01516945]
1
iteration 1900
Best Fitness: [0.01516945]
1
iteration 2000
Best Fitness: [0.01358751]
1
iteration 2100
Best Fitness: [0.01358751]
1
iteration 2200
Best Fitness: [0.01358751]
1
iteration 2300
Best Fitness: [0.01358751]
1
iteration 2400
Best Fitness: [0.01358751]
1
iteration 2500
Best Fitness: [0.01358751]
1
iteration 2600
Best Fitness: [0.01271158]
1
iteration 2700
Best Fitness: [0.01271121]
1
iteration 2800
Best Fitness: [0.01271121]
1
iteration 2900
Best Fitness: [0.01271121]
1
iteration 2999
Best Fitness: [0.01271121]
1
[array([0.00015881]), array([1.09777885e-11]), array([0.00059898]), array([2.51128588e-08]), array([0.01618439]), array([0.00516714]), array([5.52315551e-10]), array([430.25403872]), array([34.09377523]), array([0.01271121])]
iteration 0
Best Fitness: [494280.52595829]
100
iteration 100
Best Fitness: [462022.74602425]
100
iteration 200
Best Fitness: [439311.32282193]
100
iteration 300
Best Fitness: [420082.07298104]
100
iteration 400
Best Fitness: [403820.16371517]
100
iteration 500
Best Fitness: [390124.89244345]
100
iteration 600
Best Fitness: [378521.79277776]
100
iteration 700
Best Fitness: [368506.39350821]
100
iteration 800
Best Fitness: [359873.15565104]
100
iteration 900
Best Fitness: [352720.5305459]
100
iteration 1000
Best Fitness: [346710.67808914]
100
iteration 1100
Best Fitness: [341498.68316651]
100
iteration 1200
Best Fitness: [336787.72635135]
100
iteration 1300
Best Fitness: [332407.68523292]
100
iteration 1400
Best Fitness: [328357.46806567]
100
iteration 1500
Best Fitness: [324722.33372753]
100
iteration 1600
Best Fitness: [321187.8367828]
100
iteration 1700
Best Fitness: [317959.35173325]
100
iteration 1800
Best Fitness: [315019.93972248]
100
iteration 1900
Best Fitness: [312192.00977423]
100
iteration 2000
Best Fitness: [309490.90924841]
100
iteration 2100
Best Fitness: [306976.28808813]
100
iteration 2200
Best Fitness: [304705.32698228]
100
iteration 2300
Best Fitness: [302576.62109464]
100
iteration 2400
Best Fitness: [300601.94042039]
100
iteration 2500
Best Fitness: [298791.68930826]
100
iteration 2600
Best Fitness: [297124.45478993]
100
iteration 2700
Best Fitness: [295591.59757959]
100
iteration 2800
Best Fitness: [294181.95234563]
100
iteration 2900
Best Fitness: [292860.92504751]
100
iteration 2999
Best Fitness: [291627.40331569]
100
iteration 0
Best Fitness: [363683.82281433]
100
iteration 100
Best Fitness: [310938.42985115]
100
iteration 200
Best Fitness: [279301.46325902]
100
iteration 300
Best Fitness: [256175.83387422]
100
iteration 400
Best Fitness: [237854.08445816]
100
iteration 500
Best Fitness: [223149.80924745]
100
iteration 600
Best Fitness: [210741.20856941]
100
iteration 700
Best Fitness: [199578.68280309]
100
iteration 800
Best Fitness: [190296.60365808]
100
iteration 900
Best Fitness: [182562.21897446]
100
iteration 1000
Best Fitness: [175687.94417767]
100
iteration 1100
Best Fitness: [169509.91990513]
100
iteration 1200
Best Fitness: [163867.10587397]
100
iteration 1300
Best Fitness: [158791.82503116]
100
iteration 1400
Best Fitness: [154032.72448375]
100
iteration 1500
Best Fitness: [149702.64130716]
100
iteration 1600
Best Fitness: [145629.26718197]
100
iteration 1700
Best Fitness: [141907.58067432]
100
iteration 1800
Best Fitness: [138593.79069781]
100
iteration 1900
Best Fitness: [135467.3933786]
100
iteration 2000
Best Fitness: [132713.16203674]
100
iteration 2100
Best Fitness: [130286.43427659]
100
iteration 2200
Best Fitness: [128006.76950296]
100
iteration 2300
Best Fitness: [125914.78021681]
100
iteration 2400
Best Fitness: [123983.09095892]
100
iteration 2500
Best Fitness: [122218.08569069]
100
iteration 2600
Best Fitness: [120620.42116761]
100
iteration 2700
Best Fitness: [119069.7911021]
100
iteration 2800
Best Fitness: [117543.88803242]
100
iteration 2900
Best Fitness: [116042.09120104]
100
iteration 2999
Best Fitness: [114634.00737932]
100
iteration 0
Best Fitness: [508528.82280304]
100
iteration 100
Best Fitness: [468819.48320609]
100
iteration 200
Best Fitness: [444057.63162819]
100
iteration 300
Best Fitness: [424704.59744042]
100
iteration 400
Best Fitness: [406608.84072276]
100
iteration 500
Best Fitness: [391869.50632265]
100
iteration 600
Best Fitness: [378599.88337342]
100
iteration 700
Best Fitness: [366630.40952081]
100
iteration 800
Best Fitness: [357109.15886887]
100
iteration 900
Best Fitness: [349059.94443503]
100
iteration 1000
Best Fitness: [341770.6145641]
100
iteration 1100
Best Fitness: [335445.19580242]
100
iteration 1200
Best Fitness: [329939.80597112]
100
iteration 1300
Best Fitness: [325050.3064581]
100
iteration 1400
Best Fitness: [320645.83998095]
100
iteration 1500
Best Fitness: [316609.02198303]
100
iteration 1600
Best Fitness: [312876.71953548]
100
iteration 1700
Best Fitness: [309387.97525313]
100
iteration 1800
Best Fitness: [305986.15952487]
100
iteration 1900
Best Fitness: [302694.63273288]
99
iteration 2000
Best Fitness: [299567.38611056]
99
iteration 2100
Best Fitness: [296601.81370346]
99
iteration 2200
Best Fitness: [293787.13438288]
99
iteration 2300
Best Fitness: [291108.37304031]
99
iteration 2400
Best Fitness: [288564.50477307]
99
iteration 2500
Best Fitness: [286209.64710217]
99
iteration 2600
Best Fitness: [283959.86876162]
99
iteration 2700
Best Fitness: [281892.50214217]
99
iteration 2800
Best Fitness: [279836.37882406]
99
iteration 2900
Best Fitness: [277865.16146838]
99
iteration 2999
Best Fitness: [275942.57295182]
99
iteration 0
Best Fitness: [413345.053041]
100
iteration 100
Best Fitness: [385680.57315987]
100
iteration 200
Best Fitness: [367546.286019]
100
iteration 300
Best Fitness: [352386.14714323]
100
iteration 400
Best Fitness: [339752.14558659]
100
iteration 500
Best Fitness: [327921.49882196]
100
iteration 600
Best Fitness: [317554.05778239]
100
iteration 700
Best Fitness: [308358.63685608]
100
iteration 800
Best Fitness: [300148.92195292]
100
iteration 900
Best Fitness: [292757.92472573]
100
iteration 1000
Best Fitness: [286058.9179448]
100
iteration 1100
Best Fitness: [279948.35321001]
100
iteration 1200
Best Fitness: [274367.7681438]
100
iteration 1300
Best Fitness: [269288.25311426]
100
iteration 1400
Best Fitness: [264675.75876492]
100
iteration 1500
Best Fitness: [260441.06761442]
100
iteration 1600
Best Fitness: [256487.33537902]
100
iteration 1700
Best Fitness: [252779.50836431]
100
iteration 1800
Best Fitness: [249314.53371359]
100
iteration 1900
Best Fitness: [246112.81635776]
100
iteration 2000
Best Fitness: [243184.65904927]
100
iteration 2100
Best Fitness: [240505.93427721]
100
iteration 2200
Best Fitness: [238012.09272284]
100
iteration 2300
Best Fitness: [235641.68934655]
100
iteration 2400
Best Fitness: [233341.64564935]
100
iteration 2500
Best Fitness: [231126.83913189]
100
iteration 2600
Best Fitness: [229005.28771939]
100
iteration 2700
Best Fitness: [226999.29380488]
100
iteration 2800
Best Fitness: [225123.09378393]
100
iteration 2900
Best Fitness: [223381.99092709]
100
iteration 2999
Best Fitness: [221784.17810496]
100
iteration 0
Best Fitness: [271100.31544175]
100
iteration 100
Best Fitness: [214951.55862843]
100
iteration 200
Best Fitness: [190358.43083857]
100
iteration 300
Best Fitness: [172745.57294112]
100
iteration 400
Best Fitness: [158928.24762784]
100
iteration 500
Best Fitness: [147492.38658876]
100
iteration 600
Best Fitness: [137610.95776604]
100
iteration 700
Best Fitness: [128849.83154217]
100
iteration 800
Best Fitness: [120927.7716137]
100
iteration 900
Best Fitness: [113660.80358035]
100
iteration 1000
Best Fitness: [106949.32179265]
100
iteration 1100
Best Fitness: [100777.25213778]
100
iteration 1200
Best Fitness: [95135.98744549]
100
iteration 1300
Best Fitness: [89956.19467467]
100
iteration 1400
Best Fitness: [85202.44205061]
100
iteration 1500
Best Fitness: [80773.09789862]
100
iteration 1600
Best Fitness: [76602.9586183]
100
iteration 1700
Best Fitness: [72755.500846]
100
iteration 1800
Best Fitness: [69205.59835414]
100
iteration 1900
Best Fitness: [65914.56357943]
100
iteration 2000
Best Fitness: [62791.72980693]
100
iteration 2100
Best Fitness: [59830.2210848]
100
iteration 2200
Best Fitness: [57062.39329806]
100
iteration 2300
Best Fitness: [54468.71234449]
100
iteration 2400
Best Fitness: [52057.86861689]
100
iteration 2500
Best Fitness: [49799.06662093]
100
iteration 2600
Best Fitness: [47679.60936012]
100
iteration 2700
Best Fitness: [45708.11400782]
100
iteration 2800
Best Fitness: [43876.59476781]
100
iteration 2900
Best Fitness: [42134.58489883]
100
iteration 2999
Best Fitness: [40511.72166485]
100
iteration 0
Best Fitness: [556031.35447499]
100
iteration 100
Best Fitness: [520592.41869083]
100
iteration 200
Best Fitness: [498414.40147787]
100
iteration 300
Best Fitness: [480257.79326908]
100
iteration 400
Best Fitness: [465143.75088712]
100
iteration 500
Best Fitness: [452233.39300245]
100
iteration 600
Best Fitness: [439957.26160433]
100
iteration 700
Best Fitness: [428527.69702319]
100
iteration 800
Best Fitness: [418583.16347123]
100
iteration 900
Best Fitness: [409573.51096875]
100
iteration 1000
Best Fitness: [400831.94862877]
100
iteration 1100
Best Fitness: [393332.60553306]
100
iteration 1200
Best Fitness: [386993.77624275]
100
iteration 1300
Best Fitness: [381082.03566146]
100
iteration 1400
Best Fitness: [375188.2283722]
100
iteration 1500
Best Fitness: [369824.31680208]
100
iteration 1600
Best Fitness: [365060.98337342]
100
iteration 1700
Best Fitness: [360857.45829696]
100
iteration 1800
Best Fitness: [357125.49340342]
100
iteration 1900
Best Fitness: [353787.23324767]
100
iteration 2000
Best Fitness: [350735.31137898]
100
iteration 2100
Best Fitness: [347837.41133212]
100
iteration 2200
Best Fitness: [344991.39153011]
100
iteration 2300
Best Fitness: [342260.38604558]
100
iteration 2400
Best Fitness: [339745.24840644]
100
iteration 2500
Best Fitness: [337466.39603026]
100
iteration 2600
Best Fitness: [335371.49244963]
100
iteration 2700
Best Fitness: [333419.44045379]
100
iteration 2800
Best Fitness: [331608.65457015]
100
iteration 2900
Best Fitness: [329846.85096133]
100
iteration 2999
Best Fitness: [328067.33774698]
100
iteration 0
Best Fitness: [398221.23180137]
100
iteration 100
Best Fitness: [361559.71795336]
100
iteration 200
Best Fitness: [337125.00510691]
100
iteration 300
Best Fitness: [319594.46574566]
100
iteration 400
Best Fitness: [303747.32306597]
100
iteration 500
Best Fitness: [291590.32185178]
100
iteration 600
Best Fitness: [279861.50557792]
100
iteration 700
Best Fitness: [270255.49564778]
100
iteration 800
Best Fitness: [261918.11729431]
100
iteration 900
Best Fitness: [254069.71888816]
100
iteration 1000
Best Fitness: [248124.0594587]
100
iteration 1100
Best Fitness: [242994.53510124]
100
iteration 1200
Best Fitness: [238016.40257418]
100
iteration 1300
Best Fitness: [233810.33758604]
100
iteration 1400
Best Fitness: [230298.7651119]
100
iteration 1500
Best Fitness: [227225.74299198]
100
iteration 1600
Best Fitness: [224321.71856077]
100
iteration 1700
Best Fitness: [221747.2374036]
100
iteration 1800
Best Fitness: [219518.47903909]
100
iteration 1900
Best Fitness: [217470.20993264]
100
iteration 2000
Best Fitness: [215548.8824789]
100
iteration 2100
Best Fitness: [213811.01790272]
100
iteration 2200
Best Fitness: [212171.89615839]
100
iteration 2300
Best Fitness: [210593.66984161]
100
iteration 2400
Best Fitness: [209113.17614345]
100
iteration 2500
Best Fitness: [207691.83862656]
100
iteration 2600
Best Fitness: [206316.03455504]
100
iteration 2700
Best Fitness: [205023.71853142]
100
iteration 2800
Best Fitness: [203796.78887628]
100
iteration 2900
Best Fitness: [202604.71384]
100
iteration 2999
Best Fitness: [201481.09908866]
100
iteration 0
Best Fitness: [493032.23899568]
100
iteration 100
Best Fitness: [464149.18036324]
100
iteration 200
Best Fitness: [444941.29472018]
100
iteration 300
Best Fitness: [430194.41973304]
100
iteration 400
Best Fitness: [417902.24733052]
100
iteration 500
Best Fitness: [406288.29999962]
100
iteration 600
Best Fitness: [396233.31128553]
100
iteration 700
Best Fitness: [387583.71243058]
100
iteration 800
Best Fitness: [379973.74463656]
100
iteration 900
Best Fitness: [373084.86533193]
100
iteration 1000
Best Fitness: [366585.4043391]
100
iteration 1100
Best Fitness: [360330.88346627]
100
iteration 1200
Best Fitness: [354439.85773211]
100
iteration 1300
Best Fitness: [349023.00216106]
100
iteration 1400
Best Fitness: [344034.67327306]
100
iteration 1500
Best Fitness: [339401.00322445]
100
iteration 1600
Best Fitness: [335058.97483702]
100
iteration 1700
Best Fitness: [330947.95876043]
100
iteration 1800
Best Fitness: [327004.53091934]
100
iteration 1900
Best Fitness: [323207.20037725]
100
iteration 2000
Best Fitness: [319584.0523335]
100
iteration 2100
Best Fitness: [316173.44594116]
100
iteration 2200
Best Fitness: [313004.68065356]
100
iteration 2300
Best Fitness: [310070.2111661]
100
iteration 2400
Best Fitness: [307353.13500717]
100
iteration 2500
Best Fitness: [304823.42211785]
100
iteration 2600
Best Fitness: [302450.73252313]
100
iteration 2700
Best Fitness: [300190.23433116]
100
iteration 2800
Best Fitness: [298004.70032155]
100
iteration 2900
Best Fitness: [295886.43957171]
100
iteration 2999
Best Fitness: [293876.38178678]
100
iteration 0
Best Fitness: [521135.68965555]
100
iteration 100
Best Fitness: [482878.02726725]
100
iteration 200
Best Fitness: [462774.71082585]
100
iteration 300
Best Fitness: [445163.33306256]
100
iteration 400
Best Fitness: [430370.27500677]
100
iteration 500
Best Fitness: [417348.22929986]
100
iteration 600
Best Fitness: [404887.03738329]
100
iteration 700
Best Fitness: [393506.38626211]
100
iteration 800
Best Fitness: [383767.11812439]
100
iteration 900
Best Fitness: [375316.5063367]
100
iteration 1000
Best Fitness: [367407.58716778]
100
iteration 1100
Best Fitness: [360041.98487356]
100
iteration 1200
Best Fitness: [353657.53625234]
100
iteration 1300
Best Fitness: [348066.04234655]
100
iteration 1400
Best Fitness: [342925.91987702]
100
iteration 1500
Best Fitness: [337751.12728817]
100
iteration 1600
Best Fitness: [332835.46973698]
100
iteration 1700
Best Fitness: [328428.06640585]
100
iteration 1800
Best Fitness: [324560.34811716]
100
iteration 1900
Best Fitness: [321072.04023207]
100
iteration 2000
Best Fitness: [317740.47172745]
100
iteration 2100
Best Fitness: [314231.80230294]
100
iteration 2200
Best Fitness: [311068.80707372]
100
iteration 2300
Best Fitness: [308115.94239683]
100
iteration 2400
Best Fitness: [305432.55822212]
100
iteration 2500
Best Fitness: [303012.82290512]
100
iteration 2600
Best Fitness: [300573.8141535]
100
iteration 2700
Best Fitness: [297801.44401646]
100
iteration 2800
Best Fitness: [295456.81294572]
100
iteration 2900
Best Fitness: [293436.11281908]
100
iteration 2999
Best Fitness: [291561.59091654]
100
iteration 0
Best Fitness: [486380.98303045]
100
iteration 100
Best Fitness: [445276.64885163]
100
iteration 200
Best Fitness: [420652.98605547]
100
iteration 300
Best Fitness: [400908.53582288]
100
iteration 400
Best Fitness: [385588.10438351]
100
iteration 500
Best Fitness: [373698.10969444]
100
iteration 600
Best Fitness: [362671.10790423]
100
iteration 700
Best Fitness: [353220.53651555]
100
iteration 800
Best Fitness: [345195.73094087]
100
iteration 900
Best Fitness: [338315.26819616]
100
iteration 1000
Best Fitness: [332300.54229547]
100
iteration 1100
Best Fitness: [326847.05784084]
100
iteration 1200
Best Fitness: [321639.18333764]
100
iteration 1300
Best Fitness: [316614.13869722]
100
iteration 1400
Best Fitness: [312002.70470924]
100
iteration 1500
Best Fitness: [307850.00909944]
100
iteration 1600
Best Fitness: [304111.94574183]
100
iteration 1700
Best Fitness: [300683.67211834]
100
iteration 1800
Best Fitness: [297433.65284904]
100
iteration 1900
Best Fitness: [294217.44857606]
100
iteration 2000
Best Fitness: [291132.0572513]
100
iteration 2100
Best Fitness: [288330.73410019]
100
iteration 2200
Best Fitness: [285848.95297507]
100
iteration 2300
Best Fitness: [283642.81281833]
100
iteration 2400
Best Fitness: [281676.89631363]
100
iteration 2500
Best Fitness: [279821.45101891]
100
iteration 2600
Best Fitness: [277896.14604981]
100
iteration 2700
Best Fitness: [276290.72873044]
100
iteration 2800
Best Fitness: [274717.9260755]
100
iteration 2900
Best Fitness: [273357.77693288]
100
iteration 2999
Best Fitness: [272067.0933159]
100
[array([291627.40331569]), array([114634.00737932]), array([275942.57295182]), array([221784.17810496]), array([40511.72166485]), array([328067.33774698]), array([201481.09908866]), array([293876.38178678]), array([291561.59091654]), array([272067.0933159])]
iteration 0
Best Fitness: [1016.82526631]
100
iteration 100
Best Fitness: [0.00451507]
100
iteration 200
Best Fitness: [0.00285578]
100
iteration 300
Best Fitness: [0.00179138]
100
iteration 400
Best Fitness: [0.00111693]
100
iteration 500
Best Fitness: [0.00069475]
100
iteration 600
Best Fitness: [0.000429]
100
iteration 700
Best Fitness: [0.00026439]
100
iteration 800
Best Fitness: [0.00016228]
100
iteration 900
Best Fitness: [9.94590025e-05]
100
iteration 1000
Best Fitness: [6.07764955e-05]
100
iteration 1100
Best Fitness: [3.71271886e-05]
100
iteration 1200
Best Fitness: [2.26198462e-05]
100
iteration 1300
Best Fitness: [1.3799143e-05]
100
iteration 1400
Best Fitness: [8.39722119e-06]
100
iteration 1500
Best Fitness: [5.10589419e-06]
100
iteration 1600
Best Fitness: [3.11208059e-06]
100
iteration 1700
Best Fitness: [1.88689446e-06]
4
iteration 1800
Best Fitness: [1.49841529e-06]
1
iteration 1900
Best Fitness: [1.43954596e-06]
1
iteration 2000
Best Fitness: [1.21843214e-06]
1
iteration 2100
Best Fitness: [1.15627925e-06]
1
iteration 2200
Best Fitness: [1.08037702e-06]
1
iteration 2300
Best Fitness: [1.00000572e-06]
1
iteration 2400
Best Fitness: [1.00000572e-06]
1
iteration 2500
Best Fitness: [1.00000572e-06]
1
iteration 2600
Best Fitness: [1.00000572e-06]
1
iteration 2700
Best Fitness: [1.00000572e-06]
1
iteration 2800
Best Fitness: [9.96313629e-07]
1
iteration 2900
Best Fitness: [9.43424567e-07]
1
iteration 2999
Best Fitness: [9.1344928e-07]
1
iteration 0
Best Fitness: [1279.54265866]
100
iteration 100
Best Fitness: [0.00560809]
100
iteration 200
Best Fitness: [0.00323534]
100
iteration 300
Best Fitness: [0.00188644]
100
iteration 400
Best Fitness: [0.00111292]
100
iteration 500
Best Fitness: [0.00066017]
100
iteration 600
Best Fitness: [0.00039409]
100
iteration 700
Best Fitness: [0.00023671]
100
iteration 800
Best Fitness: [0.00014221]
100
iteration 900
Best Fitness: [8.56263902e-05]
100
iteration 1000
Best Fitness: [5.16702607e-05]
100
iteration 1100
Best Fitness: [3.11989007e-05]
100
iteration 1200
Best Fitness: [1.89252112e-05]
100
iteration 1300
Best Fitness: [1.14827138e-05]
100
iteration 1400
Best Fitness: [6.95516433e-06]
100
iteration 1500
Best Fitness: [4.21333034e-06]
100
iteration 1600
Best Fitness: [2.55585828e-06]
100
iteration 1700
Best Fitness: [1.66720209e-06]
1
iteration 1800
Best Fitness: [1.48806379e-06]
1
iteration 1900
Best Fitness: [1.36760533e-06]
1
iteration 2000
Best Fitness: [1.29687599e-06]
1
iteration 2100
Best Fitness: [1.23994297e-06]
1
iteration 2200
Best Fitness: [1.17928798e-06]
1
iteration 2300
Best Fitness: [1.12450183e-06]
1
iteration 2400
Best Fitness: [1.10877414e-06]
1
iteration 2500
Best Fitness: [1.04710928e-06]
1
iteration 2600
Best Fitness: [1.03223941e-06]
1
iteration 2700
Best Fitness: [9.67946185e-07]
1
iteration 2800
Best Fitness: [9.4969098e-07]
1
iteration 2900
Best Fitness: [8.62068725e-07]
1
iteration 2999
Best Fitness: [8.6206872e-07]
1
iteration 0
Best Fitness: [1136.09156153]
100
iteration 100
Best Fitness: [0.22008296]
100
iteration 200
Best Fitness: [0.09008038]
100
iteration 300
Best Fitness: [0.04335281]
100
iteration 400
Best Fitness: [0.02244305]
100
iteration 500
Best Fitness: [0.01220425]
100
iteration 600
Best Fitness: [0.00685941]
100
iteration 700
Best Fitness: [0.00394072]
100
iteration 800
Best Fitness: [0.00229735]
100
iteration 900
Best Fitness: [0.00135046]
100
iteration 1000
Best Fitness: [0.00079946]
100
iteration 1100
Best Fitness: [0.00047562]
100
iteration 1200
Best Fitness: [0.00028472]
100
iteration 1300
Best Fitness: [0.00017112]
100
iteration 1400
Best Fitness: [0.00010293]
100
iteration 1500
Best Fitness: [6.20487711e-05]
100
iteration 1600
Best Fitness: [3.74477478e-05]
100
iteration 1700
Best Fitness: [2.26832775e-05]
100
iteration 1800
Best Fitness: [1.37298874e-05]
100
iteration 1900
Best Fitness: [8.31849765e-06]
100
iteration 2000
Best Fitness: [5.05358464e-06]
100
iteration 2100
Best Fitness: [3.07798021e-06]
100
iteration 2200
Best Fitness: [1.86080092e-06]
96
iteration 2300
Best Fitness: [1.24443169e-06]
1
iteration 2400
Best Fitness: [1.11911295e-06]
1
iteration 2500
Best Fitness: [1.06022537e-06]
1
iteration 2600
Best Fitness: [9.98914276e-07]
1
iteration 2700
Best Fitness: [9.64493526e-07]
1
iteration 2800
Best Fitness: [9.31332479e-07]
1
iteration 2900
Best Fitness: [9.04960548e-07]
1
iteration 2999
Best Fitness: [8.8365382e-07]
1
iteration 0
Best Fitness: [1133.34765221]
100
iteration 100
Best Fitness: [0.05360506]
100
iteration 200
Best Fitness: [0.02733775]
100
iteration 300
Best Fitness: [0.01470012]
100
iteration 400
Best Fitness: [0.00817712]
100
iteration 500
Best Fitness: [0.00466111]
100
iteration 600
Best Fitness: [0.00270272]
100
iteration 700
Best Fitness: [0.00158717]
100
iteration 800
Best Fitness: [0.00093933]
100
iteration 900
Best Fitness: [0.00055945]
100
iteration 1000
Best Fitness: [0.00033508]
100
iteration 1100
Best Fitness: [0.00020056]
100
iteration 1200
Best Fitness: [0.00012077]
100
iteration 1300
Best Fitness: [7.2770112e-05]
100
iteration 1400
Best Fitness: [4.39960516e-05]
100
iteration 1500
Best Fitness: [2.65962494e-05]
100
iteration 1600
Best Fitness: [1.6099548e-05]
100
iteration 1700
Best Fitness: [9.76746567e-06]
100
iteration 1800
Best Fitness: [5.9294189e-06]
100
iteration 1900
Best Fitness: [3.59016471e-06]
100
iteration 2000
Best Fitness: [2.17796992e-06]
100
iteration 2100
Best Fitness: [1.54628268e-06]
1
iteration 2200
Best Fitness: [1.38962633e-06]
1
iteration 2300
Best Fitness: [1.32476038e-06]
1
iteration 2400
Best Fitness: [1.28713492e-06]
1
iteration 2500
Best Fitness: [1.19278371e-06]
1
iteration 2600
Best Fitness: [1.14517991e-06]
1
iteration 2700
Best Fitness: [1.07206152e-06]
1
iteration 2800
Best Fitness: [1.03217369e-06]
1
iteration 2900
Best Fitness: [1.01697879e-06]
1
iteration 2999
Best Fitness: [9.93715348e-07]
1
iteration 0
Best Fitness: [1297.67939019]
100
iteration 100
Best Fitness: [0.13993418]
100
iteration 200
Best Fitness: [0.10263416]
100
iteration 300
Best Fitness: [0.07390732]
100
iteration 400
Best Fitness: [0.05201165]
100
iteration 500
Best Fitness: [0.03596755]
100
iteration 600
Best Fitness: [0.02433892]
100
iteration 700
Best Fitness: [0.01621312]
100
iteration 800
Best Fitness: [0.01064679]
100
iteration 900
Best Fitness: [0.00686615]
100
iteration 1000
Best Fitness: [0.00438738]
100
iteration 1100
Best Fitness: [0.00277445]
100
iteration 1200
Best Fitness: [0.00174354]
100
iteration 1300
Best Fitness: [0.00108781]
100
iteration 1400
Best Fitness: [0.00067464]
100
iteration 1500
Best Fitness: [0.00041771]
100
iteration 1600
Best Fitness: [0.00025635]
100
iteration 1700
Best Fitness: [0.00015735]
100
iteration 1800
Best Fitness: [9.64404205e-05]
100
iteration 1900
Best Fitness: [5.9055169e-05]
100
iteration 2000
Best Fitness: [3.60043623e-05]
100
iteration 2100
Best Fitness: [2.19815001e-05]
100
iteration 2200
Best Fitness: [1.33931517e-05]
100
iteration 2300
Best Fitness: [8.17163378e-06]
100
iteration 2400
Best Fitness: [4.97097708e-06]
100
iteration 2500
Best Fitness: [3.02842823e-06]
100
iteration 2600
Best Fitness: [1.83131744e-06]
95
iteration 2700
Best Fitness: [1.16320964e-06]
1
iteration 2800
Best Fitness: [1.07748085e-06]
1
iteration 2900
Best Fitness: [1.02777351e-06]
1
iteration 2999
Best Fitness: [9.729889e-07]
1
iteration 0
Best Fitness: [1221.38891004]
100
iteration 100
Best Fitness: [10.23998415]
1
iteration 200
Best Fitness: [8.0726352]
1
iteration 300
Best Fitness: [5.69386004]
1
iteration 400
Best Fitness: [5.25734777]
1
iteration 500
Best Fitness: [4.76266195]
1
iteration 600
Best Fitness: [2.94189921]
1
iteration 700
Best Fitness: [2.70222162]
1
iteration 800
Best Fitness: [1.64954951]
1
iteration 900
Best Fitness: [1.09962611]
1
iteration 1000
Best Fitness: [0.82358348]
1
iteration 1100
Best Fitness: [0.58697094]
1
iteration 1200
Best Fitness: [0.47042607]
1
iteration 1300
Best Fitness: [0.40850248]
1
iteration 1400
Best Fitness: [0.34223605]
1
iteration 1500
Best Fitness: [0.26532655]
1
iteration 1600
Best Fitness: [0.20886577]
1
iteration 1700
Best Fitness: [0.17466669]
1
iteration 1800
Best Fitness: [0.1598022]
1
iteration 1900
Best Fitness: [0.15269055]
1
iteration 2000
Best Fitness: [0.1438161]
1
iteration 2100
Best Fitness: [0.14149386]
1
iteration 2200
Best Fitness: [0.14071246]
1
iteration 2300
Best Fitness: [0.14036838]
1
iteration 2400
Best Fitness: [0.14036838]
1
iteration 2500
Best Fitness: [0.14036838]
1
iteration 2600
Best Fitness: [0.14036838]
1
iteration 2700
Best Fitness: [0.14036838]
1
iteration 2800
Best Fitness: [0.14036838]
1
iteration 2900
Best Fitness: [0.14036838]
1
iteration 2999
Best Fitness: [0.14036838]
1
iteration 0
Best Fitness: [1204.54445964]
100
iteration 100
Best Fitness: [0.1353711]
100
iteration 200
Best Fitness: [0.06118863]
100
iteration 300
Best Fitness: [0.0307235]
100
iteration 400
Best Fitness: [0.01628849]
100
iteration 500
Best Fitness: [0.00904084]
100
iteration 600
Best Fitness: [0.00514883]
100
iteration 700
Best Fitness: [0.00298209]
100
iteration 800
Best Fitness: [0.0017404]
100
iteration 900
Best Fitness: [0.00102791]
100
iteration 1000
Best Fitness: [0.0006106]
100
iteration 1100
Best Fitness: [0.00036389]
100
iteration 1200
Best Fitness: [0.00021812]
100
iteration 1300
Best Fitness: [0.00013116]
100
iteration 1400
Best Fitness: [7.89062093e-05]
100
iteration 1500
Best Fitness: [4.76488479e-05]
100
iteration 1600
Best Fitness: [2.88069201e-05]
100
iteration 1700
Best Fitness: [1.74086295e-05]
100
iteration 1800
Best Fitness: [1.05618957e-05]
100
iteration 1900
Best Fitness: [6.40998939e-06]
100
iteration 2000
Best Fitness: [3.89719695e-06]
100
iteration 2100
Best Fitness: [2.36592045e-06]
100
iteration 2200
Best Fitness: [1.41600495e-06]
1
iteration 2300
Best Fitness: [1.21799782e-06]
1
iteration 2400
Best Fitness: [1.21491133e-06]
1
iteration 2500
Best Fitness: [1.08205818e-06]
1
iteration 2600
Best Fitness: [1.05362526e-06]
1
iteration 2700
Best Fitness: [1.00500515e-06]
1
iteration 2800
Best Fitness: [9.98084397e-07]
1
iteration 2900
Best Fitness: [9.4100766e-07]
1
iteration 2999
Best Fitness: [8.30787176e-07]
1
iteration 0
Best Fitness: [954.80533113]
100
iteration 100
Best Fitness: [0.23605269]
100
iteration 200
Best Fitness: [0.18039971]
100
iteration 300
Best Fitness: [0.13502923]
100
iteration 400
Best Fitness: [0.09881411]
100
iteration 500
Best Fitness: [0.07104857]
100
iteration 600
Best Fitness: [0.04994778]
100
iteration 700
Best Fitness: [0.03440878]
100
iteration 800
Best Fitness: [0.02325015]
100
iteration 900
Best Fitness: [0.01545855]
100
iteration 1000
Best Fitness: [0.01012709]
100
iteration 1100
Best Fitness: [0.00653499]
100
iteration 1200
Best Fitness: [0.00416991]
100
iteration 1300
Best Fitness: [0.00263547]
100
iteration 1400
Best Fitness: [0.00165207]
100
iteration 1500
Best Fitness: [0.00102985]
100
iteration 1600
Best Fitness: [0.0006398]
100
iteration 1700
Best Fitness: [0.00039611]
100
iteration 1800
Best Fitness: [0.00024402]
100
iteration 1900
Best Fitness: [0.0001497]
100
iteration 2000
Best Fitness: [9.14820979e-05]
100
iteration 2100
Best Fitness: [5.59094826e-05]
100
iteration 2200
Best Fitness: [3.41093547e-05]
100
iteration 2300
Best Fitness: [2.08505122e-05]
100
iteration 2400
Best Fitness: [1.26823312e-05]
100
iteration 2500
Best Fitness: [7.71395569e-06]
100
iteration 2600
Best Fitness: [4.68866088e-06]
100
iteration 2700
Best Fitness: [2.85084381e-06]
100
iteration 2800
Best Fitness: [1.70730177e-06]
88
iteration 2900
Best Fitness: [1.16360632e-06]
1
iteration 2999
Best Fitness: [1.09488869e-06]
1
iteration 0
Best Fitness: [1254.11862685]
100
iteration 100
Best Fitness: [0.14993185]
100
iteration 200
Best Fitness: [0.06639867]
100
iteration 300
Best Fitness: [0.03312871]
100
iteration 400
Best Fitness: [0.01768764]
100
iteration 500
Best Fitness: [0.00974168]
100
iteration 600
Best Fitness: [0.00552974]
100
iteration 700
Best Fitness: [0.00318905]
100
iteration 800
Best Fitness: [0.00186295]
100
iteration 900
Best Fitness: [0.001099]
100
iteration 1000
Best Fitness: [0.00065416]
100
iteration 1100
Best Fitness: [0.00039115]
100
iteration 1200
Best Fitness: [0.0002349]
100
iteration 1300
Best Fitness: [0.00014117]
100
iteration 1400
Best Fitness: [8.48382285e-05]
100
iteration 1500
Best Fitness: [5.13138871e-05]
100
iteration 1600
Best Fitness: [3.09706698e-05]
100
iteration 1700
Best Fitness: [1.87986189e-05]
100
iteration 1800
Best Fitness: [1.13440974e-05]
100
iteration 1900
Best Fitness: [6.85945439e-06]
100
iteration 2000
Best Fitness: [4.14938276e-06]
100
iteration 2100
Best Fitness: [2.51842031e-06]
100
iteration 2200
Best Fitness: [1.62145155e-06]
1
iteration 2300
Best Fitness: [1.38974608e-06]
1
iteration 2400
Best Fitness: [1.32006006e-06]
1
iteration 2500
Best Fitness: [1.25889791e-06]
1
iteration 2600
Best Fitness: [1.18090705e-06]
1
iteration 2700
Best Fitness: [1.1333993e-06]
1
iteration 2800
Best Fitness: [1.09406719e-06]
1
iteration 2900
Best Fitness: [1.09154358e-06]
1
iteration 2999
Best Fitness: [1.03855892e-06]
1
iteration 0
Best Fitness: [1225.69840478]
100
iteration 100
Best Fitness: [0.45500115]
100
iteration 200
Best Fitness: [0.36729375]
100
iteration 300
Best Fitness: [0.29035344]
100
iteration 400
Best Fitness: [0.22552186]
100
iteration 500
Best Fitness: [0.17206225]
100
iteration 600
Best Fitness: [0.12850376]
100
iteration 700
Best Fitness: [0.09378853]
100
iteration 800
Best Fitness: [0.06696759]
100
iteration 900
Best Fitness: [0.0469313]
100
iteration 1000
Best Fitness: [0.03224572]
100
iteration 1100
Best Fitness: [0.02170598]
100
iteration 1200
Best Fitness: [0.01439318]
100
iteration 1300
Best Fitness: [0.00939644]
100
iteration 1400
Best Fitness: [0.00608196]
100
iteration 1500
Best Fitness: [0.00387626]
100
iteration 1600
Best Fitness: [0.00244653]
100
iteration 1700
Best Fitness: [0.00153121]
100
iteration 1800
Best Fitness: [0.00095122]
100
iteration 1900
Best Fitness: [0.00058849]
100
iteration 2000
Best Fitness: [0.00036274]
100
iteration 2100
Best Fitness: [0.00022318]
100
iteration 2200
Best Fitness: [0.00013694]
100
iteration 2300
Best Fitness: [8.37558086e-05]
100
iteration 2400
Best Fitness: [5.12579558e-05]
100
iteration 2500
Best Fitness: [3.13808631e-05]
100
iteration 2600
Best Fitness: [1.90650415e-05]
100
iteration 2700
Best Fitness: [1.15739673e-05]
100
iteration 2800
Best Fitness: [7.03944847e-06]
100
iteration 2900
Best Fitness: [4.28996274e-06]
100
iteration 2999
Best Fitness: [2.62283586e-06]
100
[array([9.1344928e-07]), array([8.6206872e-07]), array([8.8365382e-07]), array([9.93715348e-07]), array([9.729889e-07]), array([0.14036838]), array([8.30787176e-07]), array([1.09488869e-06]), array([1.03855892e-06]), array([2.62283586e-06])]
iteration 0
Best Fitness: [21.18790512]
100
iteration 100
Best Fitness: [1.64577219e-06]
29
iteration 200
Best Fitness: [0.00347989]
1
iteration 300
Best Fitness: [0.00172806]
1
iteration 400
Best Fitness: [0.00066803]
1
iteration 500
Best Fitness: [0.00033461]
1
iteration 600
Best Fitness: [0.00019859]
1
iteration 700
Best Fitness: [9.80754427e-05]
1
iteration 800
Best Fitness: [5.22968512e-05]
1
iteration 900
Best Fitness: [2.35020988e-05]
1
iteration 1000
Best Fitness: [1.63413536e-05]
1
iteration 1100
Best Fitness: [7.57159981e-06]
1
iteration 1200
Best Fitness: [2.97008721e-06]
1
iteration 1300
Best Fitness: [1.59873384e-06]
1
iteration 1400
Best Fitness: [9.19641446e-07]
1
iteration 1500
Best Fitness: [4.97226567e-07]
1
iteration 1600
Best Fitness: [2.50270039e-07]
1
iteration 1700
Best Fitness: [1.5923187e-07]
1
iteration 1800
Best Fitness: [9.61851736e-08]
1
iteration 1900
Best Fitness: [4.39196324e-08]
1
iteration 2000
Best Fitness: [2.57838337e-08]
1
iteration 2100
Best Fitness: [1.53303805e-08]
1
iteration 2200
Best Fitness: [7.73225217e-09]
1
iteration 2300
Best Fitness: [3.97974986e-09]
1
iteration 2400
Best Fitness: [2.05255724e-09]
1
iteration 2500
Best Fitness: [9.72395497e-10]
1
iteration 2600
Best Fitness: [6.17916385e-10]
1
iteration 2700
Best Fitness: [3.21833227e-10]
1
iteration 2800
Best Fitness: [1.53585589e-10]
1
iteration 2900
Best Fitness: [8.17923507e-11]
1
iteration 2999
Best Fitness: [3.98721056e-11]
1
iteration 0
Best Fitness: [22.63724772]
100
iteration 100
Best Fitness: [2.95802946e-06]
27
iteration 200
Best Fitness: [0.00527152]
1
iteration 300
Best Fitness: [0.00196005]
1
iteration 400
Best Fitness: [0.00113571]
1
iteration 500
Best Fitness: [0.00058599]
1
iteration 600
Best Fitness: [0.00033724]
1
iteration 700
Best Fitness: [0.00016989]
1
iteration 800
Best Fitness: [7.29276279e-05]
1
iteration 900
Best Fitness: [4.11503687e-05]
1
iteration 1000
Best Fitness: [1.94352458e-05]
1
iteration 1100
Best Fitness: [1.15046181e-05]
1
iteration 1200
Best Fitness: [6.65127784e-06]
1
iteration 1300
Best Fitness: [3.52978151e-06]
1
iteration 1400
Best Fitness: [1.82749327e-06]
1
iteration 1500
Best Fitness: [9.34893169e-07]
1
iteration 1600
Best Fitness: [5.09202529e-07]
1
iteration 1700
Best Fitness: [2.01565149e-07]
1
iteration 1800
Best Fitness: [1.18622511e-07]
1
iteration 1900
Best Fitness: [6.81113228e-08]
1
iteration 2000
Best Fitness: [3.41609372e-08]
1
iteration 2100
Best Fitness: [1.9591095e-08]
1
iteration 2200
Best Fitness: [9.36891809e-09]
1
iteration 2300
Best Fitness: [4.87198193e-09]
1
iteration 2400
Best Fitness: [2.45941578e-09]
1
iteration 2500
Best Fitness: [1.46843249e-09]
1
iteration 2600
Best Fitness: [7.54663887e-10]
1
iteration 2700
Best Fitness: [4.05986356e-10]
1
iteration 2800
Best Fitness: [2.22106777e-10]
1
iteration 2900
Best Fitness: [1.12878595e-10]
1
iteration 2999
Best Fitness: [6.3858252e-11]
1
iteration 0
Best Fitness: [21.77524783]
100
iteration 100
Best Fitness: [0.01793084]
1
iteration 200
Best Fitness: [0.00892036]
1
iteration 300
Best Fitness: [0.00322832]
1
iteration 400
Best Fitness: [0.00150685]
1
iteration 500
Best Fitness: [0.00063208]
1
iteration 600
Best Fitness: [0.0003343]
1
iteration 700
Best Fitness: [0.0001832]
1
iteration 800
Best Fitness: [8.66951824e-05]
1
iteration 900
Best Fitness: [5.38650983e-05]
1
iteration 1000
Best Fitness: [2.7163411e-05]
1
iteration 1100
Best Fitness: [1.53700662e-05]
1
iteration 1200
Best Fitness: [6.75215957e-06]
1
iteration 1300
Best Fitness: [3.37185823e-06]
1
iteration 1400
Best Fitness: [2.00868434e-06]
1
iteration 1500
Best Fitness: [9.49094142e-07]
1
iteration 1600
Best Fitness: [5.89811716e-07]
1
iteration 1700
Best Fitness: [3.09078935e-07]
1
iteration 1800
Best Fitness: [1.61841831e-07]
1
iteration 1900
Best Fitness: [7.77376901e-08]
1
iteration 2000
Best Fitness: [4.60301077e-08]
1
iteration 2100
Best Fitness: [2.56137245e-08]
1
iteration 2200
Best Fitness: [1.69377739e-08]
1
iteration 2300
Best Fitness: [1.00951123e-08]
1
iteration 2400
Best Fitness: [4.35855441e-09]
1
iteration 2500
Best Fitness: [2.50336107e-09]
1
iteration 2600
Best Fitness: [1.35173828e-09]
1
iteration 2700
Best Fitness: [6.45147935e-10]
1
iteration 2800
Best Fitness: [3.92113009e-10]
1
iteration 2900
Best Fitness: [1.82412307e-10]
1
iteration 2999
Best Fitness: [1.00664366e-10]
1
iteration 0
Best Fitness: [17.42305605]
100
iteration 100
Best Fitness: [1.63937674e-06]
28
iteration 200
Best Fitness: [0.00243458]
1
iteration 300
Best Fitness: [0.00146551]
1
iteration 400
Best Fitness: [0.00082909]
1
iteration 500
Best Fitness: [0.00039392]
1
iteration 600
Best Fitness: [0.000172]
1
iteration 700
Best Fitness: [0.00010206]
1
iteration 800
Best Fitness: [5.28886605e-05]
1
iteration 900
Best Fitness: [2.63163312e-05]
1
iteration 1000
Best Fitness: [1.47489283e-05]
1
iteration 1100
Best Fitness: [9.93787495e-06]
1
iteration 1200
Best Fitness: [6.30455856e-06]
1
iteration 1300
Best Fitness: [3.36005251e-06]
1
iteration 1400
Best Fitness: [1.75338896e-06]
1
iteration 1500
Best Fitness: [8.7814889e-07]
1
iteration 1600
Best Fitness: [4.87795202e-07]
1
iteration 1700
Best Fitness: [2.38102574e-07]
1
iteration 1800
Best Fitness: [1.33775949e-07]
1
iteration 1900
Best Fitness: [6.9631481e-08]
1
iteration 2000
Best Fitness: [3.72734981e-08]
1
iteration 2100
Best Fitness: [1.77703221e-08]
1
iteration 2200
Best Fitness: [9.77378889e-09]
1
iteration 2300
Best Fitness: [5.35409761e-09]
1
iteration 2400
Best Fitness: [2.38505393e-09]
1
iteration 2500
Best Fitness: [1.6275763e-09]
1
iteration 2600
Best Fitness: [7.54688756e-10]
1
iteration 2700
Best Fitness: [4.27693436e-10]
1
iteration 2800
Best Fitness: [2.5074165e-10]
1
iteration 2900
Best Fitness: [1.07455378e-10]
1
iteration 2999
Best Fitness: [5.94706506e-11]
1
iteration 0
Best Fitness: [21.57479109]
100
iteration 100
Best Fitness: [0.0027334]
3
iteration 200
Best Fitness: [0.01156778]
1
iteration 300
Best Fitness: [0.00289521]
1
iteration 400
Best Fitness: [0.00133336]
1
iteration 500
Best Fitness: [0.00067134]
1
iteration 600
Best Fitness: [0.00033378]
1
iteration 700
Best Fitness: [0.0001684]
1
iteration 800
Best Fitness: [7.84743226e-05]
1
iteration 900
Best Fitness: [3.78661837e-05]
1
iteration 1000
Best Fitness: [1.77730985e-05]
1
iteration 1100
Best Fitness: [1.14800564e-05]
1
iteration 1200
Best Fitness: [6.29166375e-06]
1
iteration 1300
Best Fitness: [3.04121728e-06]
1
iteration 1400
Best Fitness: [1.46607951e-06]
1
iteration 1500
Best Fitness: [8.15567063e-07]
1
iteration 1600
Best Fitness: [3.91804697e-07]
1
iteration 1700
Best Fitness: [2.40369951e-07]
1
iteration 1800
Best Fitness: [1.41656523e-07]
1
iteration 1900
Best Fitness: [6.38344417e-08]
1
iteration 2000
Best Fitness: [3.48714693e-08]
1
iteration 2100
Best Fitness: [1.65702154e-08]
1
iteration 2200
Best Fitness: [8.71049011e-09]
1
iteration 2300
Best Fitness: [4.03005807e-09]
1
iteration 2400
Best Fitness: [2.63953304e-09]
1
iteration 2500
Best Fitness: [1.43937307e-09]
1
iteration 2600
Best Fitness: [9.0555119e-10]
1
iteration 2700
Best Fitness: [4.26963354e-10]
1
iteration 2800
Best Fitness: [2.24176233e-10]
1
iteration 2900
Best Fitness: [1.35898404e-10]
1
iteration 2999
Best Fitness: [6.0607519e-11]
1
iteration 0
Best Fitness: [21.93130645]
100
iteration 100
Best Fitness: [3.94764428e-05]
18
iteration 200
Best Fitness: [0.00459443]
1
iteration 300
Best Fitness: [0.0018055]
1
iteration 400
Best Fitness: [0.00096852]
1
iteration 500
Best Fitness: [0.00050047]
1
iteration 600
Best Fitness: [0.00026178]
1
iteration 700
Best Fitness: [0.00012295]
1
iteration 800
Best Fitness: [6.36067583e-05]
1
iteration 900
Best Fitness: [3.22128743e-05]
1
iteration 1000
Best Fitness: [1.56373832e-05]
1
iteration 1100
Best Fitness: [6.95630191e-06]
1
iteration 1200
Best Fitness: [4.11272059e-06]
1
iteration 1300
Best Fitness: [2.32201352e-06]
1
iteration 1400
Best Fitness: [1.20027762e-06]
1
iteration 1500
Best Fitness: [5.43411273e-07]
1
iteration 1600
Best Fitness: [3.24711282e-07]
1
iteration 1700
Best Fitness: [1.58456841e-07]
1
iteration 1800
Best Fitness: [1.00329132e-07]
1
iteration 1900
Best Fitness: [5.06566593e-08]
1
iteration 2000
Best Fitness: [2.59325432e-08]
1
iteration 2100
Best Fitness: [1.13500072e-08]
1
iteration 2200
Best Fitness: [4.50252458e-09]
1
iteration 2300
Best Fitness: [2.54289567e-09]
1
iteration 2400
Best Fitness: [1.18636478e-09]
1
iteration 2500
Best Fitness: [6.61639632e-10]
1
iteration 2600
Best Fitness: [4.75589346e-10]
1
iteration 2700
Best Fitness: [2.3200819e-10]
1
iteration 2800
Best Fitness: [1.27739597e-10]
1
iteration 2900
Best Fitness: [6.64908129e-11]
1
iteration 2999
Best Fitness: [3.75166564e-11]
1
iteration 0
Best Fitness: [21.57908241]
100
iteration 100
Best Fitness: [4.89165953e-05]
11
iteration 200
Best Fitness: [0.00504514]
1
iteration 300
Best Fitness: [0.00211612]
1
iteration 400
Best Fitness: [0.00072306]
1
iteration 500
Best Fitness: [0.00034276]
1
iteration 600
Best Fitness: [0.00017123]
1
iteration 700
Best Fitness: [6.97192543e-05]
1
iteration 800
Best Fitness: [3.54685784e-05]
1
iteration 900
Best Fitness: [1.96000289e-05]
1
iteration 1000
Best Fitness: [1.09859174e-05]
1
iteration 1100
Best Fitness: [5.69816305e-06]
1
iteration 1200
Best Fitness: [3.73915836e-06]
1
iteration 1300
Best Fitness: [1.79154324e-06]
1
iteration 1400
Best Fitness: [9.37665035e-07]
1
iteration 1500
Best Fitness: [5.57246631e-07]
1
iteration 1600
Best Fitness: [2.9244945e-07]
1
iteration 1700
Best Fitness: [1.35858045e-07]
1
iteration 1800
Best Fitness: [6.79499159e-08]
1
iteration 1900
Best Fitness: [3.86903913e-08]
1
iteration 2000
Best Fitness: [2.67043667e-08]
1
iteration 2100
Best Fitness: [1.48315991e-08]
1
iteration 2200
Best Fitness: [7.28074667e-09]
1
iteration 2300
Best Fitness: [3.71766617e-09]
1
iteration 2400
Best Fitness: [1.79616322e-09]
1
iteration 2500
Best Fitness: [9.52038448e-10]
1
iteration 2600
Best Fitness: [4.6551385e-10]
1
iteration 2700
Best Fitness: [2.48641996e-10]
1
iteration 2800
Best Fitness: [1.38449252e-10]
1
iteration 2900
Best Fitness: [6.09414741e-11]
1
iteration 2999
Best Fitness: [4.08242329e-11]
1
iteration 0
Best Fitness: [14.18905569]
100
iteration 100
Best Fitness: [0.00079103]
6
iteration 200
Best Fitness: [0.00702756]
1
iteration 300
Best Fitness: [0.00261046]
1
iteration 400
Best Fitness: [0.00145785]
1
iteration 500
Best Fitness: [0.00060172]
1
iteration 600
Best Fitness: [0.00031603]
1
iteration 700
Best Fitness: [0.00012257]
1
iteration 800
Best Fitness: [8.9565084e-05]
1
iteration 900
Best Fitness: [6.92283816e-05]
1
iteration 1000
Best Fitness: [4.07441975e-05]
1
iteration 1100
Best Fitness: [2.10550024e-05]
1
iteration 1200
Best Fitness: [1.15924717e-05]
1
iteration 1300
Best Fitness: [7.42261543e-06]
1
iteration 1400
Best Fitness: [5.27950722e-06]
1
iteration 1500
Best Fitness: [2.9349211e-06]
1
iteration 1600
Best Fitness: [1.82780503e-06]
1
iteration 1700
Best Fitness: [9.91868788e-07]
1
iteration 1800
Best Fitness: [5.74500078e-07]
1
iteration 1900
Best Fitness: [2.952861e-07]
1
iteration 2000
Best Fitness: [1.61686598e-07]
1
iteration 2100
Best Fitness: [1.00163424e-07]
1
iteration 2200
Best Fitness: [5.52576012e-08]
1
iteration 2300
Best Fitness: [2.64921169e-08]
1
iteration 2400
Best Fitness: [1.65238987e-08]
1
iteration 2500
Best Fitness: [7.27195371e-09]
1
iteration 2600
Best Fitness: [4.53057858e-09]
1
iteration 2700
Best Fitness: [2.26910757e-09]
1
iteration 2800
Best Fitness: [9.7863051e-10]
1
iteration 2900
Best Fitness: [5.29263744e-10]
1
iteration 2999
Best Fitness: [2.77905698e-10]
1
iteration 0
Best Fitness: [18.94911303]
100
iteration 100
Best Fitness: [2.34912746e-05]
20
iteration 200
Best Fitness: [0.00292094]
1
iteration 300
Best Fitness: [0.00127004]
1
iteration 400
Best Fitness: [0.00050397]
1
iteration 500
Best Fitness: [0.00024966]
1
iteration 600
Best Fitness: [0.00010969]
1
iteration 700
Best Fitness: [6.82533727e-05]
1
iteration 800
Best Fitness: [3.82287674e-05]
1
iteration 900
Best Fitness: [2.28515759e-05]
1
iteration 1000
Best Fitness: [1.26106516e-05]
1
iteration 1100
Best Fitness: [6.45898955e-06]
1
iteration 1200
Best Fitness: [3.8988748e-06]
1
iteration 1300
Best Fitness: [2.06934677e-06]
1
iteration 1400
Best Fitness: [9.69052726e-07]
1
iteration 1500
Best Fitness: [5.5789666e-07]
1
iteration 1600
Best Fitness: [3.44709093e-07]
1
iteration 1700
Best Fitness: [2.23461196e-07]
1
iteration 1800
Best Fitness: [1.22879417e-07]
1
iteration 1900
Best Fitness: [5.65008236e-08]
1
iteration 2000
Best Fitness: [3.12287938e-08]
1
iteration 2100
Best Fitness: [1.38536596e-08]
1
iteration 2200
Best Fitness: [8.83575346e-09]
1
iteration 2300
Best Fitness: [5.23388799e-09]
1
iteration 2400
Best Fitness: [3.26536842e-09]
1
iteration 2500
Best Fitness: [1.98995309e-09]
1
iteration 2600
Best Fitness: [9.23185084e-10]
1
iteration 2700
Best Fitness: [4.23801438e-10]
1
iteration 2800
Best Fitness: [2.19900542e-10]
1
iteration 2900
Best Fitness: [9.90159066e-11]
1
iteration 2999
Best Fitness: [6.69775346e-11]
1
iteration 0
Best Fitness: [17.8558035]
100
iteration 100
Best Fitness: [3.0716447e-06]
26
iteration 200
Best Fitness: [0.00401987]
1
iteration 300
Best Fitness: [0.0017343]
1
iteration 400
Best Fitness: [0.00065142]
1
iteration 500
Best Fitness: [0.00035012]
1
iteration 600
Best Fitness: [0.00019356]
1
iteration 700
Best Fitness: [9.12497787e-05]
1
iteration 800
Best Fitness: [3.8389961e-05]
1
iteration 900
Best Fitness: [2.53802567e-05]
1
iteration 1000
Best Fitness: [1.17115514e-05]
1
iteration 1100
Best Fitness: [7.01669599e-06]
1
iteration 1200
Best Fitness: [4.03913664e-06]
1
iteration 1300
Best Fitness: [2.05015101e-06]
1
iteration 1400
Best Fitness: [1.08517516e-06]
1
iteration 1500
Best Fitness: [5.93706387e-07]
1
iteration 1600
Best Fitness: [2.44051616e-07]
1
iteration 1700
Best Fitness: [1.67433422e-07]
1
iteration 1800
Best Fitness: [8.38777705e-08]
1
iteration 1900
Best Fitness: [4.00319742e-08]
1
iteration 2000
Best Fitness: [2.27714718e-08]
1
iteration 2100
Best Fitness: [1.39864174e-08]
1
iteration 2200
Best Fitness: [8.52233129e-09]
1
iteration 2300
Best Fitness: [4.4186379e-09]
1
iteration 2400
Best Fitness: [2.35237607e-09]
1
iteration 2500
Best Fitness: [1.36391165e-09]
1
iteration 2600
Best Fitness: [6.97033542e-10]
1
iteration 2700
Best Fitness: [4.05641742e-10]
1
iteration 2800
Best Fitness: [1.84861904e-10]
1
iteration 2900
Best Fitness: [8.9698915e-11]
1
iteration 2999
Best Fitness: [5.72164538e-11]
1
[array([3.98721056e-11]), array([6.3858252e-11]), array([1.00664366e-10]), array([5.94706506e-11]), array([6.0607519e-11]), array([3.75166564e-11]), array([4.08242329e-11]), array([2.77905698e-10]), array([6.69775346e-11]), array([5.72164538e-11])]
iteration 0
Best Fitness: [7.04036659]
100
iteration 100
Best Fitness: [0.9658383]
100
iteration 200
Best Fitness: [0.9277318]
100
iteration 300
Best Fitness: [0.92267264]
100
iteration 400
Best Fitness: [0.92135028]
100
iteration 500
Best Fitness: [0.92074041]
100
iteration 600
Best Fitness: [0.92034452]
100
iteration 700
Best Fitness: [0.91999933]
100
iteration 800
Best Fitness: [0.91969341]
100
iteration 900
Best Fitness: [0.91938235]
100
iteration 1000
Best Fitness: [0.91909118]
100
iteration 1100
Best Fitness: [0.91881983]
100
iteration 1200
Best Fitness: [0.91855663]
100
iteration 1300
Best Fitness: [0.91832636]
100
iteration 1400
Best Fitness: [0.92604814]
1
iteration 1500
Best Fitness: [0.92571943]
1
iteration 1600
Best Fitness: [0.92570641]
1
iteration 1700
Best Fitness: [0.92570641]
1
iteration 1800
Best Fitness: [0.92570641]
1
iteration 1900
Best Fitness: [0.92570641]
1
iteration 2000
Best Fitness: [0.92570641]
1
iteration 2100
Best Fitness: [0.92570641]
1
iteration 2200
Best Fitness: [0.92570641]
1
iteration 2300
Best Fitness: [0.92570641]
1
iteration 2400
Best Fitness: [0.92570641]
1
iteration 2500
Best Fitness: [0.92570641]
1
iteration 2600
Best Fitness: [0.92570641]
1
iteration 2700
Best Fitness: [0.92570641]
1
iteration 2800
Best Fitness: [0.92570641]
1
iteration 2900
Best Fitness: [0.92570641]
1
iteration 2999
Best Fitness: [0.92570641]
1
iteration 0
Best Fitness: [9.45480748]
100
iteration 100
Best Fitness: [1.64364055]
100
iteration 200
Best Fitness: [1.52738087]
100
iteration 300
Best Fitness: [1.5241364]
100
iteration 400
Best Fitness: [1.52244743]
100
iteration 500
Best Fitness: [1.52144291]
100
iteration 600
Best Fitness: [1.52080362]
100
iteration 700
Best Fitness: [1.52037767]
100
iteration 800
Best Fitness: [1.5200789]
100
iteration 900
Best Fitness: [1.52811889]
1
iteration 1000
Best Fitness: [1.52776498]
1
iteration 1100
Best Fitness: [1.52776362]
1
iteration 1200
Best Fitness: [1.52776362]
1
iteration 1300
Best Fitness: [1.52776362]
1
iteration 1400
Best Fitness: [1.52776362]
1
iteration 1500
Best Fitness: [1.52776362]
1
iteration 1600
Best Fitness: [1.52776362]
1
iteration 1700
Best Fitness: [1.52776362]
1
iteration 1800
Best Fitness: [1.52776362]
1
iteration 1900
Best Fitness: [1.52776362]
1
iteration 2000
Best Fitness: [1.52776362]
1
iteration 2100
Best Fitness: [1.52776362]
1
iteration 2200
Best Fitness: [1.52776362]
1
iteration 2300
Best Fitness: [1.52776362]
1
iteration 2400
Best Fitness: [1.52776362]
1
iteration 2500
Best Fitness: [1.52776362]
1
iteration 2600
Best Fitness: [1.52776362]
1
iteration 2700
Best Fitness: [1.52776362]
1
iteration 2800
Best Fitness: [1.52776362]
1
iteration 2900
Best Fitness: [1.52776362]
1
iteration 2999
Best Fitness: [1.52776362]
1
iteration 0
Best Fitness: [5.89406908]
100
iteration 100
Best Fitness: [1.88603827]
100
iteration 200
Best Fitness: [1.43211906]
100
iteration 300
Best Fitness: [0.8990842]
100
iteration 400
Best Fitness: [0.89416634]
100
iteration 500
Best Fitness: [0.89310966]
100
iteration 600
Best Fitness: [0.90634437]
1
iteration 700
Best Fitness: [0.9063435]
1
iteration 800
Best Fitness: [0.9063435]
1
iteration 900
Best Fitness: [0.9063435]
1
iteration 1000
Best Fitness: [0.9063435]
1
iteration 1100
Best Fitness: [0.9063435]
1
iteration 1200
Best Fitness: [0.9063435]
1
iteration 1300
Best Fitness: [0.9063435]
1
iteration 1400
Best Fitness: [0.9063435]
1
iteration 1500
Best Fitness: [0.9063435]
1
iteration 1600
Best Fitness: [0.9063435]
1
iteration 1700
Best Fitness: [0.9063435]
1
iteration 1800
Best Fitness: [0.9063435]
1
iteration 1900
Best Fitness: [0.9063435]
1
iteration 2000
Best Fitness: [0.9063435]
1
iteration 2100
Best Fitness: [0.9063435]
1
iteration 2200
Best Fitness: [0.9063435]
1
iteration 2300
Best Fitness: [0.9063435]
1
iteration 2400
Best Fitness: [0.9063435]
1
iteration 2500
Best Fitness: [0.9063435]
1
iteration 2600
Best Fitness: [0.9063435]
1
iteration 2700
Best Fitness: [0.9063435]
1
iteration 2800
Best Fitness: [0.9063435]
1
iteration 2900
Best Fitness: [0.9063435]
1
iteration 2999
Best Fitness: [0.9063435]
1
iteration 0
Best Fitness: [7.8767523]
100
iteration 100
Best Fitness: [3.70916898]
1
iteration 200
Best Fitness: [3.36750359]
1
iteration 300
Best Fitness: [3.36748782]
1
iteration 400
Best Fitness: [3.36748782]
1
iteration 500
Best Fitness: [3.36748782]
1
iteration 600
Best Fitness: [3.36748782]
1
iteration 700
Best Fitness: [3.36748782]
1
iteration 800
Best Fitness: [3.36748782]
1
iteration 900
Best Fitness: [3.36748782]
1
iteration 1000
Best Fitness: [3.36748782]
1
iteration 1100
Best Fitness: [3.36748782]
1
iteration 1200
Best Fitness: [3.36748782]
1
iteration 1300
Best Fitness: [3.36748782]
1
iteration 1400
Best Fitness: [3.36748782]
1
iteration 1500
Best Fitness: [3.36748782]
1
iteration 1600
Best Fitness: [3.36748782]
1
iteration 1700
Best Fitness: [3.36748782]
1
iteration 1800
Best Fitness: [3.36748782]
1
iteration 1900
Best Fitness: [3.36748782]
1
iteration 2000
Best Fitness: [3.36748782]
1
iteration 2100
Best Fitness: [3.36748782]
1
iteration 2200
Best Fitness: [3.36748782]
1
iteration 2300
Best Fitness: [3.36748782]
1
iteration 2400
Best Fitness: [3.36748782]
1
iteration 2500
Best Fitness: [3.36748782]
1
iteration 2600
Best Fitness: [3.36748782]
1
iteration 2700
Best Fitness: [3.36748782]
1
iteration 2800
Best Fitness: [3.36748782]
1
iteration 2900
Best Fitness: [3.36748782]
1
iteration 2999
Best Fitness: [3.36748782]
1
iteration 0
Best Fitness: [6.96768409]
100
iteration 100
Best Fitness: [1.19320934]
2
iteration 200
Best Fitness: [1.26525919]
1
iteration 300
Best Fitness: [1.2638354]
1
iteration 400
Best Fitness: [1.2638354]
1
iteration 500
Best Fitness: [1.2638354]
1
iteration 600
Best Fitness: [1.2638354]
1
iteration 700
Best Fitness: [1.2638354]
1
iteration 800
Best Fitness: [1.2638354]
1
iteration 900
Best Fitness: [1.2638354]
1
iteration 1000
Best Fitness: [1.2638354]
1
iteration 1100
Best Fitness: [1.2638354]
1
iteration 1200
Best Fitness: [1.2638354]
1
iteration 1300
Best Fitness: [1.2638354]
1
iteration 1400
Best Fitness: [1.2638354]
1
iteration 1500
Best Fitness: [1.2638354]
1
iteration 1600
Best Fitness: [1.2638354]
1
iteration 1700
Best Fitness: [1.2638354]
1
iteration 1800
Best Fitness: [1.2638354]
1
iteration 1900
Best Fitness: [1.2638354]
1
iteration 2000
Best Fitness: [1.2638354]
1
iteration 2100
Best Fitness: [1.2638354]
1
iteration 2200
Best Fitness: [1.2638354]
1
iteration 2300
Best Fitness: [1.2638354]
1
iteration 2400
Best Fitness: [1.2638354]
1
iteration 2500
Best Fitness: [1.2638354]
1
iteration 2600
Best Fitness: [1.2638354]
1
iteration 2700
Best Fitness: [1.2638354]
1
iteration 2800
Best Fitness: [1.2638354]
1
iteration 2900
Best Fitness: [1.2638354]
1
iteration 2999
Best Fitness: [1.2638354]
1
iteration 0
Best Fitness: [6.13080687]
100
iteration 100
Best Fitness: [1.03117124]
100
iteration 200
Best Fitness: [0.99119903]
100
iteration 300
Best Fitness: [0.97491666]
100
iteration 400
Best Fitness: [0.96524404]
100
iteration 500
Best Fitness: [0.95929778]
100
iteration 600
Best Fitness: [0.95549777]
100
iteration 700
Best Fitness: [0.95297925]
100
iteration 800
Best Fitness: [0.95124752]
100
iteration 900
Best Fitness: [0.94999853]
100
iteration 1000
Best Fitness: [0.94899762]
100
iteration 1100
Best Fitness: [0.9482258]
100
iteration 1200
Best Fitness: [0.9475789]
100
iteration 1300
Best Fitness: [0.94701442]
100
iteration 1400
Best Fitness: [0.94653936]
100
iteration 1500
Best Fitness: [0.94623246]
100
iteration 1600
Best Fitness: [0.95529289]
1
iteration 1700
Best Fitness: [0.95524224]
1
iteration 1800
Best Fitness: [0.95524224]
1
iteration 1900
Best Fitness: [0.95524224]
1
iteration 2000
Best Fitness: [0.95524224]
1
iteration 2100
Best Fitness: [0.95524224]
1
iteration 2200
Best Fitness: [0.95524224]
1
iteration 2300
Best Fitness: [0.95524224]
1
iteration 2400
Best Fitness: [0.95524224]
1
iteration 2500
Best Fitness: [0.95524224]
1
iteration 2600
Best Fitness: [0.95524224]
1
iteration 2700
Best Fitness: [0.95524224]
1
iteration 2800
Best Fitness: [0.95524224]
1
iteration 2900
Best Fitness: [0.95524224]
1
iteration 2999
Best Fitness: [0.95524224]
1
iteration 0
Best Fitness: [7.83688464]
100
iteration 100
Best Fitness: [1.7147437]
100
iteration 200
Best Fitness: [1.60949551]
100
iteration 300
Best Fitness: [1.47159795]
39
iteration 400
Best Fitness: [1.58245881]
1
iteration 500
Best Fitness: [1.58245643]
1
iteration 600
Best Fitness: [1.58245643]
1
iteration 700
Best Fitness: [1.58245643]
1
iteration 800
Best Fitness: [1.58245643]
1
iteration 900
Best Fitness: [1.58245643]
1
iteration 1000
Best Fitness: [1.58245643]
1
iteration 1100
Best Fitness: [1.58245643]
1
iteration 1200
Best Fitness: [1.58245643]
1
iteration 1300
Best Fitness: [1.58245643]
1
iteration 1400
Best Fitness: [1.58245643]
1
iteration 1500
Best Fitness: [1.58245643]
1
iteration 1600
Best Fitness: [1.58245643]
1
iteration 1700
Best Fitness: [1.58245643]
1
iteration 1800
Best Fitness: [1.58245643]
1
iteration 1900
Best Fitness: [1.58245643]
1
iteration 2000
Best Fitness: [1.58245643]
1
iteration 2100
Best Fitness: [1.58245643]
1
iteration 2200
Best Fitness: [1.58245643]
1
iteration 2300
Best Fitness: [1.58245643]
1
iteration 2400
Best Fitness: [1.58245643]
1
iteration 2500
Best Fitness: [1.58245643]
1
iteration 2600
Best Fitness: [1.58245643]
1
iteration 2700
Best Fitness: [1.58245643]
1
iteration 2800
Best Fitness: [1.58245643]
1
iteration 2900
Best Fitness: [1.58245643]
1
iteration 2999
Best Fitness: [1.58245643]
1
iteration 0
Best Fitness: [7.43912304]
100
iteration 100
Best Fitness: [1.81620947]
100
iteration 200
Best Fitness: [1.66519959]
100
iteration 300
Best Fitness: [1.61113025]
99
iteration 400
Best Fitness: [1.60906987]
99
iteration 500
Best Fitness: [1.60826785]
99
iteration 600
Best Fitness: [1.15835172]
96
iteration 700
Best Fitness: [0.99576924]
88
iteration 800
Best Fitness: [1.05981679]
1
iteration 900
Best Fitness: [1.05976523]
1
iteration 1000
Best Fitness: [1.05976523]
1
iteration 1100
Best Fitness: [1.05976523]
1
iteration 1200
Best Fitness: [1.05976523]
1
iteration 1300
Best Fitness: [1.05976523]
1
iteration 1400
Best Fitness: [1.05976523]
1
iteration 1500
Best Fitness: [1.05976523]
1
iteration 1600
Best Fitness: [1.05976523]
1
iteration 1700
Best Fitness: [1.05976523]
1
iteration 1800
Best Fitness: [1.05976523]
1
iteration 1900
Best Fitness: [1.05976523]
1
iteration 2000
Best Fitness: [1.05976523]
1
iteration 2100
Best Fitness: [1.05976523]
1
iteration 2200
Best Fitness: [1.05976523]
1
iteration 2300
Best Fitness: [1.05976523]
1
iteration 2400
Best Fitness: [1.05976523]
1
iteration 2500
Best Fitness: [1.05976523]
1
iteration 2600
Best Fitness: [1.05976523]
1
iteration 2700
Best Fitness: [1.05976523]
1
iteration 2800
Best Fitness: [1.05976523]
1
iteration 2900
Best Fitness: [1.05976523]
1
iteration 2999
Best Fitness: [1.05976523]
1
iteration 0
Best Fitness: [8.19405742]
100
iteration 100
Best Fitness: [2.07041803]
100
iteration 200
Best Fitness: [2.07644759]
1
iteration 300
Best Fitness: [2.05471396]
1
iteration 400
Best Fitness: [2.05468608]
1
iteration 500
Best Fitness: [2.05468608]
1
iteration 600
Best Fitness: [2.05468608]
1
iteration 700
Best Fitness: [2.05468608]
1
iteration 800
Best Fitness: [2.05468608]
1
iteration 900
Best Fitness: [2.05468608]
1
iteration 1000
Best Fitness: [2.05468608]
1
iteration 1100
Best Fitness: [2.05468608]
1
iteration 1200
Best Fitness: [2.05468608]
1
iteration 1300
Best Fitness: [2.05468608]
1
iteration 1400
Best Fitness: [2.05468608]
1
iteration 1500
Best Fitness: [2.05468608]
1
iteration 1600
Best Fitness: [2.05468608]
1
iteration 1700
Best Fitness: [2.05468608]
1
iteration 1800
Best Fitness: [2.05468608]
1
iteration 1900
Best Fitness: [2.05468608]
1
iteration 2000
Best Fitness: [2.05468608]
1
iteration 2100
Best Fitness: [2.05468608]
1
iteration 2200
Best Fitness: [2.05468608]
1
iteration 2300
Best Fitness: [2.05468608]
1
iteration 2400
Best Fitness: [2.05468608]
1
iteration 2500
Best Fitness: [2.05468608]
1
iteration 2600
Best Fitness: [2.05468608]
1
iteration 2700
Best Fitness: [2.05468608]
1
iteration 2800
Best Fitness: [2.05468608]
1
iteration 2900
Best Fitness: [2.05468608]
1
iteration 2999
Best Fitness: [2.05468608]
1
iteration 0
Best Fitness: [6.34824257]
100
iteration 100
Best Fitness: [1.76532415]
100
iteration 200
Best Fitness: [1.7003584]
100
iteration 300
Best Fitness: [1.65505038]
100
iteration 400
Best Fitness: [1.63875438]
100
iteration 500
Best Fitness: [1.63276202]
100
iteration 600
Best Fitness: [1.62995472]
100
iteration 700
Best Fitness: [1.62823369]
100
iteration 800
Best Fitness: [1.62696131]
100
iteration 900
Best Fitness: [1.63825881]
1
iteration 1000
Best Fitness: [1.6343838]
1
iteration 1100
Best Fitness: [1.6343838]
1
iteration 1200
Best Fitness: [1.6343838]
1
iteration 1300
Best Fitness: [1.6343838]
1
iteration 1400
Best Fitness: [1.6343838]
1
iteration 1500
Best Fitness: [1.6343838]
1
iteration 1600
Best Fitness: [1.6343838]
1
iteration 1700
Best Fitness: [1.6343838]
1
iteration 1800
Best Fitness: [1.6343838]
1
iteration 1900
Best Fitness: [1.6343838]
1
iteration 2000
Best Fitness: [1.6343838]
1
iteration 2100
Best Fitness: [1.6343838]
1
iteration 2200
Best Fitness: [1.6343838]
1
iteration 2300
Best Fitness: [1.6343838]
1
iteration 2400
Best Fitness: [1.6343838]
1
iteration 2500
Best Fitness: [1.6343838]
1
iteration 2600
Best Fitness: [1.6343838]
1
iteration 2700
Best Fitness: [1.6343838]
1
iteration 2800
Best Fitness: [1.6343838]
1
iteration 2900
Best Fitness: [1.6343838]
1
iteration 2999
Best Fitness: [1.6343838]
1
[array([0.92570641]), array([1.52776362]), array([0.9063435]), array([3.36748782]), array([1.2638354]), array([0.95524224]), array([1.58245643]), array([1.05976523]), array([2.05468608]), array([1.6343838])]
iteration 0
Best Fitness: [83.98649494]
100
iteration 100
Best Fitness: [5.65289409e-08]
100
iteration 200
Best Fitness: [0.01073117]
1
iteration 300
Best Fitness: [0.00360607]
1
iteration 400
Best Fitness: [0.001935]
1
iteration 500
Best Fitness: [0.00113505]
1
iteration 600
Best Fitness: [0.00049424]
1
iteration 700
Best Fitness: [0.00027216]
1
iteration 800
Best Fitness: [0.00013648]
1
iteration 900
Best Fitness: [6.29021764e-05]
1
iteration 1000
Best Fitness: [3.30855142e-05]
1
iteration 1100
Best Fitness: [1.509537e-05]
1
iteration 1200
Best Fitness: [9.67950506e-06]
1
iteration 1300
Best Fitness: [5.15511666e-06]
1
iteration 1400
Best Fitness: [2.79437932e-06]
1
iteration 1500
Best Fitness: [1.292657e-06]
1
iteration 1600
Best Fitness: [8.42943109e-07]
1
iteration 1700
Best Fitness: [4.81409239e-07]
1
iteration 1800
Best Fitness: [2.68186319e-07]
1
iteration 1900
Best Fitness: [1.48528905e-07]
1
iteration 2000
Best Fitness: [6.5026807e-08]
1
iteration 2100
Best Fitness: [3.04193236e-08]
1
iteration 2200
Best Fitness: [1.88556447e-08]
1
iteration 2300
Best Fitness: [8.83137085e-09]
1
iteration 2400
Best Fitness: [5.31978876e-09]
1
iteration 2500
Best Fitness: [2.74930552e-09]
1
iteration 2600
Best Fitness: [1.28974111e-09]
1
iteration 2700
Best Fitness: [5.48033246e-10]
1
iteration 2800
Best Fitness: [3.28647525e-10]
1
iteration 2900
Best Fitness: [1.58254238e-10]
1
iteration 2999
Best Fitness: [7.75570573e-11]
1
iteration 0
Best Fitness: [78.35217105]
100
iteration 100
Best Fitness: [7.92693771e-08]
100
iteration 200
Best Fitness: [0.01122678]
1
iteration 300
Best Fitness: [0.00295164]
1
iteration 400
Best Fitness: [0.00091505]
1
iteration 500
Best Fitness: [0.00031884]
1
iteration 600
Best Fitness: [0.00019345]
1
iteration 700
Best Fitness: [0.00014418]
1
iteration 800
Best Fitness: [6.99702371e-05]
1
iteration 900
Best Fitness: [4.1431269e-05]
1
iteration 1000
Best Fitness: [2.35127258e-05]
1
iteration 1100
Best Fitness: [1.30492133e-05]
1
iteration 1200
Best Fitness: [7.1965738e-06]
1
iteration 1300
Best Fitness: [3.72173177e-06]
1
iteration 1400
Best Fitness: [2.22648872e-06]
1
iteration 1500
Best Fitness: [1.69259901e-06]
1
iteration 1600
Best Fitness: [8.02179575e-07]
1
iteration 1700
Best Fitness: [4.89924387e-07]
1
iteration 1800
Best Fitness: [2.58732787e-07]
1
iteration 1900
Best Fitness: [1.40054606e-07]
1
iteration 2000
Best Fitness: [7.54532851e-08]
1
iteration 2100
Best Fitness: [2.72321058e-08]
1
iteration 2200
Best Fitness: [1.59143774e-08]
1
iteration 2300
Best Fitness: [8.00882111e-09]
1
iteration 2400
Best Fitness: [3.46473278e-09]
1
iteration 2500
Best Fitness: [2.10429124e-09]
1
iteration 2600
Best Fitness: [1.02150954e-09]
1
iteration 2700
Best Fitness: [4.92043651e-10]
1
iteration 2800
Best Fitness: [3.38788277e-10]
1
iteration 2900
Best Fitness: [1.54112179e-10]
1
iteration 2999
Best Fitness: [1.03264226e-10]
1
iteration 0
Best Fitness: [85.16299563]
100
iteration 100
Best Fitness: [6.37162128e-08]
100
iteration 200
Best Fitness: [0.00965662]
1
iteration 300
Best Fitness: [0.00428538]
1
iteration 400
Best Fitness: [0.00174086]
1
iteration 500
Best Fitness: [0.00091084]
1
iteration 600
Best Fitness: [0.00039107]
1
iteration 700
Best Fitness: [0.00016926]
1
iteration 800
Best Fitness: [8.23736022e-05]
1
iteration 900
Best Fitness: [5.58467674e-05]
1
iteration 1000
Best Fitness: [2.95411744e-05]
1
iteration 1100
Best Fitness: [1.43356886e-05]
1
iteration 1200
Best Fitness: [8.31958299e-06]
1
iteration 1300
Best Fitness: [3.96795921e-06]
1
iteration 1400
Best Fitness: [2.91000525e-06]
1
iteration 1500
Best Fitness: [1.49000439e-06]
1
iteration 1600
Best Fitness: [9.14130249e-07]
1
iteration 1700
Best Fitness: [4.25019557e-07]
1
iteration 1800
Best Fitness: [2.08149511e-07]
1
iteration 1900
Best Fitness: [1.06683589e-07]
1
iteration 2000
Best Fitness: [5.31387633e-08]
1
iteration 2100
Best Fitness: [2.54044732e-08]
1
iteration 2200
Best Fitness: [1.4097886e-08]
1
iteration 2300
Best Fitness: [7.25697181e-09]
1
iteration 2400
Best Fitness: [3.43745302e-09]
1
iteration 2500
Best Fitness: [2.32738965e-09]
1
iteration 2600
Best Fitness: [1.24989164e-09]
1
iteration 2700
Best Fitness: [6.08449604e-10]
1
iteration 2800
Best Fitness: [2.56091529e-10]
1
iteration 2900
Best Fitness: [1.53397378e-10]
1
iteration 2999
Best Fitness: [7.98414196e-11]
1
iteration 0
Best Fitness: [72.89714455]
100
iteration 100
Best Fitness: [3.2298374e-08]
100
iteration 200
Best Fitness: [0.00441977]
1
iteration 300
Best Fitness: [0.00314382]
1
iteration 400
Best Fitness: [0.00155749]
1
iteration 500
Best Fitness: [0.00089904]
1
iteration 600
Best Fitness: [0.0004024]
1
iteration 700
Best Fitness: [0.00018417]
1
iteration 800
Best Fitness: [8.52078851e-05]
1
iteration 900
Best Fitness: [3.49580334e-05]
1
iteration 1000
Best Fitness: [2.11590474e-05]
1
iteration 1100
Best Fitness: [1.18461131e-05]
1
iteration 1200
Best Fitness: [6.30264907e-06]
1
iteration 1300
Best Fitness: [3.40690696e-06]
1
iteration 1400
Best Fitness: [1.74205794e-06]
1
iteration 1500
Best Fitness: [8.17273689e-07]
1
iteration 1600
Best Fitness: [4.45538438e-07]
1
iteration 1700
Best Fitness: [2.59560621e-07]
1
iteration 1800
Best Fitness: [1.34746529e-07]
1
iteration 1900
Best Fitness: [7.6147718e-08]
1
iteration 2000
Best Fitness: [3.95643447e-08]
1
iteration 2100
Best Fitness: [2.52997798e-08]
1
iteration 2200
Best Fitness: [1.33498911e-08]
1
iteration 2300
Best Fitness: [5.45633312e-09]
1
iteration 2400
Best Fitness: [2.94940849e-09]
1
iteration 2500
Best Fitness: [1.66380952e-09]
1
iteration 2600
Best Fitness: [7.72130792e-10]
1
iteration 2700
Best Fitness: [4.19487627e-10]
1
iteration 2800
Best Fitness: [2.42808768e-10]
1
iteration 2900
Best Fitness: [1.10836245e-10]
1
iteration 2999
Best Fitness: [5.35612946e-11]
1
iteration 0
Best Fitness: [84.67137217]
100
iteration 100
Best Fitness: [5.73913386e-08]
100
iteration 200
Best Fitness: [0.00718424]
1
iteration 300
Best Fitness: [0.00190884]
1
iteration 400
Best Fitness: [0.00101175]
1
iteration 500
Best Fitness: [0.00049012]
1
iteration 600
Best Fitness: [0.00023382]
1
iteration 700
Best Fitness: [0.00014497]
1
iteration 800
Best Fitness: [9.40065298e-05]
1
iteration 900
Best Fitness: [4.08378529e-05]
1
iteration 1000
Best Fitness: [2.30719405e-05]
1
iteration 1100
Best Fitness: [1.04671357e-05]
1
iteration 1200
Best Fitness: [5.58429867e-06]
1
iteration 1300
Best Fitness: [2.77203437e-06]
1
iteration 1400
Best Fitness: [1.50819117e-06]
1
iteration 1500
Best Fitness: [7.58387506e-07]
1
iteration 1600
Best Fitness: [4.24579216e-07]
1
iteration 1700
Best Fitness: [1.80981106e-07]
1
iteration 1800
Best Fitness: [1.02670537e-07]
1
iteration 1900
Best Fitness: [5.37340729e-08]
1
iteration 2000
Best Fitness: [2.69658743e-08]
1
iteration 2100
Best Fitness: [1.40573215e-08]
1
iteration 2200
Best Fitness: [8.52828827e-09]
1
iteration 2300
Best Fitness: [4.83202966e-09]
1
iteration 2400
Best Fitness: [2.61190509e-09]
1
iteration 2500
Best Fitness: [1.41457291e-09]
1
iteration 2600
Best Fitness: [6.71580099e-10]
1
iteration 2700
Best Fitness: [3.27791073e-10]
1
iteration 2800
Best Fitness: [1.68109221e-10]
1
iteration 2900
Best Fitness: [8.36980873e-11]
1
iteration 2999
Best Fitness: [4.81328775e-11]
1
iteration 0
Best Fitness: [83.51342201]
100
iteration 100
Best Fitness: [5.21939534e-08]
100
iteration 200
Best Fitness: [0.00869072]
1
iteration 300
Best Fitness: [0.00296724]
1
iteration 400
Best Fitness: [0.00121957]
1
iteration 500
Best Fitness: [0.00062822]
1
iteration 600
Best Fitness: [0.00026757]
1
iteration 700
Best Fitness: [0.00015031]
1
iteration 800
Best Fitness: [9.34870845e-05]
1
iteration 900
Best Fitness: [3.84021159e-05]
1
iteration 1000
Best Fitness: [1.8221969e-05]
1
iteration 1100
Best Fitness: [1.01014248e-05]
1
iteration 1200
Best Fitness: [6.85722134e-06]
1
iteration 1300
Best Fitness: [3.89863769e-06]
1
iteration 1400
Best Fitness: [2.00883512e-06]
1
iteration 1500
Best Fitness: [1.04784399e-06]
1
iteration 1600
Best Fitness: [6.09364845e-07]
1
iteration 1700
Best Fitness: [2.84368785e-07]
1
iteration 1800
Best Fitness: [1.34276479e-07]
1
iteration 1900
Best Fitness: [8.83806911e-08]
1
iteration 2000
Best Fitness: [4.31062068e-08]
1
iteration 2100
Best Fitness: [1.91515852e-08]
1
iteration 2200
Best Fitness: [1.07695532e-08]
1
iteration 2300
Best Fitness: [6.25317435e-09]
1
iteration 2400
Best Fitness: [3.04081803e-09]
1
iteration 2500
Best Fitness: [1.54911719e-09]
1
iteration 2600
Best Fitness: [8.64111022e-10]
1
iteration 2700
Best Fitness: [4.64906419e-10]
1
iteration 2800
Best Fitness: [1.76536544e-10]
1
iteration 2900
Best Fitness: [8.65548581e-11]
1
iteration 2999
Best Fitness: [5.08472112e-11]
1
iteration 0
Best Fitness: [83.70648264]
100
iteration 100
Best Fitness: [6.44095018e-08]
100
iteration 200
Best Fitness: [0.01530434]
1
iteration 300
Best Fitness: [0.00554569]
1
iteration 400
Best Fitness: [0.00246676]
1
iteration 500
Best Fitness: [0.00113801]
1
iteration 600
Best Fitness: [0.0006269]
1
iteration 700
Best Fitness: [0.00030471]
1
iteration 800
Best Fitness: [0.00017165]
1
iteration 900
Best Fitness: [9.19244871e-05]
1
iteration 1000
Best Fitness: [5.36118441e-05]
1
iteration 1100
Best Fitness: [3.02997225e-05]
1
iteration 1200
Best Fitness: [1.45917309e-05]
1
iteration 1300
Best Fitness: [8.09213535e-06]
1
iteration 1400
Best Fitness: [3.99706637e-06]
1
iteration 1500
Best Fitness: [2.35837768e-06]
1
iteration 1600
Best Fitness: [1.13834054e-06]
1
iteration 1700
Best Fitness: [6.16898191e-07]
1
iteration 1800
Best Fitness: [3.27956323e-07]
1
iteration 1900
Best Fitness: [1.55746029e-07]
1
iteration 2000
Best Fitness: [7.49529563e-08]
1
iteration 2100
Best Fitness: [3.63062851e-08]
1
iteration 2200
Best Fitness: [2.25173377e-08]
1
iteration 2300
Best Fitness: [1.16947971e-08]
1
iteration 2400
Best Fitness: [6.77906753e-09]
1
iteration 2500
Best Fitness: [3.83965901e-09]
1
iteration 2600
Best Fitness: [1.90490344e-09]
1
iteration 2700
Best Fitness: [1.053931e-09]
1
iteration 2800
Best Fitness: [5.17324918e-10]
1
iteration 2900
Best Fitness: [2.83514384e-10]
1
iteration 2999
Best Fitness: [1.43399252e-10]
1
iteration 0
Best Fitness: [91.14414997]
100
iteration 100
Best Fitness: [8.2512297e-08]
100
iteration 200
Best Fitness: [0.00317368]
1
iteration 300
Best Fitness: [0.00162985]
1
iteration 400
Best Fitness: [0.00068582]
1
iteration 500
Best Fitness: [0.00037204]
1
iteration 600
Best Fitness: [0.00017364]
1
iteration 700
Best Fitness: [0.00010597]
1
iteration 800
Best Fitness: [6.88980886e-05]
1
iteration 900
Best Fitness: [3.2232361e-05]
1
iteration 1000
Best Fitness: [1.864151e-05]
1
iteration 1100
Best Fitness: [1.13851327e-05]
1
iteration 1200
Best Fitness: [7.02506037e-06]
1
iteration 1300
Best Fitness: [3.5200801e-06]
1
iteration 1400
Best Fitness: [1.73226262e-06]
1
iteration 1500
Best Fitness: [9.04010281e-07]
1
iteration 1600
Best Fitness: [5.20120471e-07]
1
iteration 1700
Best Fitness: [3.00023071e-07]
1
iteration 1800
Best Fitness: [1.60296115e-07]
1
iteration 1900
Best Fitness: [8.66581794e-08]
1
iteration 2000
Best Fitness: [4.54787288e-08]
1
iteration 2100
Best Fitness: [2.01843777e-08]
1
iteration 2200
Best Fitness: [1.32971877e-08]
1
iteration 2300
Best Fitness: [7.79971969e-09]
1
iteration 2400
Best Fitness: [3.93135449e-09]
1
iteration 2500
Best Fitness: [1.78092907e-09]
1
iteration 2600
Best Fitness: [1.08106942e-09]
1
iteration 2700
Best Fitness: [5.8773962e-10]
1
iteration 2800
Best Fitness: [3.40074502e-10]
1
iteration 2900
Best Fitness: [1.59254639e-10]
1
iteration 2999
Best Fitness: [9.26955729e-11]
1
iteration 0
Best Fitness: [93.20281365]
100
iteration 100
Best Fitness: [8.19108462e-08]
100
iteration 200
Best Fitness: [0.00434323]
1
iteration 300
Best Fitness: [0.00278543]
1
iteration 400
Best Fitness: [0.00132913]
1
iteration 500
Best Fitness: [0.00062783]
1
iteration 600
Best Fitness: [0.00028847]
1
iteration 700
Best Fitness: [0.00011764]
1
iteration 800
Best Fitness: [6.60938187e-05]
1
iteration 900
Best Fitness: [4.09641853e-05]
1
iteration 1000
Best Fitness: [2.1141287e-05]
1
iteration 1100
Best Fitness: [1.07926265e-05]
1
iteration 1200
Best Fitness: [5.7959809e-06]
1
iteration 1300
Best Fitness: [3.15156135e-06]
1
iteration 1400
Best Fitness: [1.46131743e-06]
1
iteration 1500
Best Fitness: [6.72415619e-07]
1
iteration 1600
Best Fitness: [3.91160353e-07]
1
iteration 1700
Best Fitness: [1.87300266e-07]
1
iteration 1800
Best Fitness: [1.18874714e-07]
1
iteration 1900
Best Fitness: [5.0685398e-08]
1
iteration 2000
Best Fitness: [2.99912651e-08]
1
iteration 2100
Best Fitness: [1.34650116e-08]
1
iteration 2200
Best Fitness: [7.74373201e-09]
1
iteration 2300
Best Fitness: [3.729109e-09]
1
iteration 2400
Best Fitness: [2.32053412e-09]
1
iteration 2500
Best Fitness: [1.14619807e-09]
1
iteration 2600
Best Fitness: [4.4776732e-10]
1
iteration 2700
Best Fitness: [2.78800431e-10]
1
iteration 2800
Best Fitness: [1.4168535e-10]
1
iteration 2900
Best Fitness: [6.31307042e-11]
1
iteration 2999
Best Fitness: [3.52784604e-11]
1
iteration 0
Best Fitness: [91.58605171]
100
iteration 100
Best Fitness: [154.7532879]
1
iteration 200
Best Fitness: [152.40027494]
1
iteration 300
Best Fitness: [152.40027494]
1
iteration 400
Best Fitness: [152.40027494]
1
iteration 500
Best Fitness: [152.40027494]
1
iteration 600
Best Fitness: [152.40027494]
1
iteration 700
Best Fitness: [152.40027494]
1
iteration 800
Best Fitness: [152.40027494]
1
iteration 900
Best Fitness: [152.40027494]
1
iteration 1000
Best Fitness: [152.40027494]
1
iteration 1100
Best Fitness: [152.40027494]
1
iteration 1200
Best Fitness: [152.40027494]
1
iteration 1300
Best Fitness: [152.40027494]
1
iteration 1400
Best Fitness: [152.40027494]
1
iteration 1500
Best Fitness: [152.40027494]
1
iteration 1600
Best Fitness: [152.40027494]
1
iteration 1700
Best Fitness: [152.40027494]
1
iteration 1800
Best Fitness: [152.40027494]
1
iteration 1900
Best Fitness: [152.40027494]
1
iteration 2000
Best Fitness: [152.40027494]
1
iteration 2100
Best Fitness: [152.40027494]
1
iteration 2200
Best Fitness: [152.40027494]
1
iteration 2300
Best Fitness: [152.40027494]
1
iteration 2400
Best Fitness: [152.40027494]
1
iteration 2500
Best Fitness: [152.40027494]
1
iteration 2600
Best Fitness: [152.40027494]
1
iteration 2700
Best Fitness: [152.40027494]
1
iteration 2800
Best Fitness: [152.40027494]
1
iteration 2900
Best Fitness: [152.40027494]
1
iteration 2999
Best Fitness: [152.40027494]
1
[array([7.75570573e-11]), array([1.03264226e-10]), array([7.98414196e-11]), array([5.35612946e-11]), array([4.81328775e-11]), array([5.08472112e-11]), array([1.43399252e-10]), array([9.26955729e-11]), array([3.52784604e-11]), array([152.40027494])]
iteration 0
Best Fitness: [21.94522775]
100
iteration 100
Best Fitness: [1.76591678e-06]
31
iteration 200
Best Fitness: [0.00333966]
1
iteration 300
Best Fitness: [0.00124812]
1
iteration 400
Best Fitness: [0.00054928]
1
iteration 500
Best Fitness: [0.00022]
1
iteration 600
Best Fitness: [0.00012165]
1
iteration 700
Best Fitness: [8.2716904e-05]
1
iteration 800
Best Fitness: [4.31161852e-05]
1
iteration 900
Best Fitness: [2.36069867e-05]
1
iteration 1000
Best Fitness: [1.05526755e-05]
1
iteration 1100
Best Fitness: [5.76432799e-06]
1
iteration 1200
Best Fitness: [2.81058314e-06]
1
iteration 1300
Best Fitness: [1.49516909e-06]
1
iteration 1400
Best Fitness: [8.73378546e-07]
1
iteration 1500
Best Fitness: [5.10766204e-07]
1
iteration 1600
Best Fitness: [3.05113097e-07]
1
iteration 1700
Best Fitness: [1.44444906e-07]
1
iteration 1800
Best Fitness: [6.62445725e-08]
1
iteration 1900
Best Fitness: [3.48693412e-08]
1
iteration 2000
Best Fitness: [2.06091819e-08]
1
iteration 2100
Best Fitness: [1.20072752e-08]
1
iteration 2200
Best Fitness: [6.18350704e-09]
1
iteration 2300
Best Fitness: [3.56669538e-09]
1
iteration 2400
Best Fitness: [1.89794136e-09]
1
iteration 2500
Best Fitness: [9.99245131e-10]
1
iteration 2600
Best Fitness: [4.80978812e-10]
1
iteration 2700
Best Fitness: [2.6939162e-10]
1
iteration 2800
Best Fitness: [1.15552012e-10]
1
iteration 2900
Best Fitness: [6.57358612e-11]
1
iteration 2999
Best Fitness: [3.93800548e-11]
1
iteration 0
Best Fitness: [18.35457686]
100
iteration 100
Best Fitness: [9.65814101e-07]
36
iteration 200
Best Fitness: [0.00170274]
1
iteration 300
Best Fitness: [0.00123078]
1
iteration 400
Best Fitness: [0.00047657]
1
iteration 500
Best Fitness: [0.00024698]
1
iteration 600
Best Fitness: [0.00011832]
1
iteration 700
Best Fitness: [6.90188285e-05]
1
iteration 800
Best Fitness: [3.62257552e-05]
1
iteration 900
Best Fitness: [1.55835676e-05]
1
iteration 1000
Best Fitness: [8.32485499e-06]
1
iteration 1100
Best Fitness: [4.87561895e-06]
1
iteration 1200
Best Fitness: [2.34767334e-06]
1
iteration 1300
Best Fitness: [1.28542222e-06]
1
iteration 1400
Best Fitness: [5.36252092e-07]
1
iteration 1500
Best Fitness: [3.29503983e-07]
1
iteration 1600
Best Fitness: [1.79434824e-07]
1
iteration 1700
Best Fitness: [7.77495508e-08]
1
iteration 1800
Best Fitness: [3.70997295e-08]
1
iteration 1900
Best Fitness: [2.19651195e-08]
1
iteration 2000
Best Fitness: [1.04146043e-08]
1
iteration 2100
Best Fitness: [5.01898434e-09]
1
iteration 2200
Best Fitness: [2.86132362e-09]
1
iteration 2300
Best Fitness: [1.33344003e-09]
1
iteration 2400
Best Fitness: [5.95003158e-10]
1
iteration 2500
Best Fitness: [3.46993545e-10]
1
iteration 2600
Best Fitness: [1.83781879e-10]
1
iteration 2700
Best Fitness: [8.15205681e-11]
1
iteration 2800
Best Fitness: [4.24158486e-11]
1
iteration 2900
Best Fitness: [1.9548807e-11]
1
iteration 2999
Best Fitness: [1.37756473e-11]
1
iteration 0
Best Fitness: [23.13698631]
100
iteration 100
Best Fitness: [1.72889739e-05]
19
iteration 200
Best Fitness: [0.00610214]
1
iteration 300
Best Fitness: [0.0031763]
1
iteration 400
Best Fitness: [0.00103183]
1
iteration 500
Best Fitness: [0.00051628]
1
iteration 600
Best Fitness: [0.0003196]
1
iteration 700
Best Fitness: [0.00017143]
1
iteration 800
Best Fitness: [8.31804649e-05]
1
iteration 900
Best Fitness: [5.20907938e-05]
1
iteration 1000
Best Fitness: [2.25883438e-05]
1
iteration 1100
Best Fitness: [1.26644923e-05]
1
iteration 1200
Best Fitness: [7.31794484e-06]
1
iteration 1300
Best Fitness: [3.6350271e-06]
1
iteration 1400
Best Fitness: [1.61837309e-06]
1
iteration 1500
Best Fitness: [1.07054233e-06]
1
iteration 1600
Best Fitness: [5.03212743e-07]
1
iteration 1700
Best Fitness: [2.49164911e-07]
1
iteration 1800
Best Fitness: [1.47275903e-07]
1
iteration 1900
Best Fitness: [7.84034064e-08]
1
iteration 2000
Best Fitness: [3.95916668e-08]
1
iteration 2100
Best Fitness: [2.1862899e-08]
1
iteration 2200
Best Fitness: [1.29683677e-08]
1
iteration 2300
Best Fitness: [7.97216693e-09]
1
iteration 2400
Best Fitness: [4.56900651e-09]
1
iteration 2500
Best Fitness: [2.48413912e-09]
1
iteration 2600
Best Fitness: [1.30977895e-09]
1
iteration 2700
Best Fitness: [5.7830718e-10]
1
iteration 2800
Best Fitness: [3.04059e-10]
1
iteration 2900
Best Fitness: [1.59207758e-10]
1
iteration 2999
Best Fitness: [7.19797555e-11]
1
iteration 0
Best Fitness: [21.94906866]
100
iteration 100
Best Fitness: [2.4640888e-06]
26
iteration 200
Best Fitness: [0.00215226]
1
iteration 300
Best Fitness: [0.00120154]
1
iteration 400
Best Fitness: [0.00058505]
1
iteration 500
Best Fitness: [0.00025813]
1
iteration 600
Best Fitness: [0.00011894]
1
iteration 700
Best Fitness: [6.08584435e-05]
1
iteration 800
Best Fitness: [2.61540685e-05]
1
iteration 900
Best Fitness: [1.37683995e-05]
1
iteration 1000
Best Fitness: [6.89776562e-06]
1
iteration 1100
Best Fitness: [3.70913939e-06]
1
iteration 1200
Best Fitness: [2.01357227e-06]
1
iteration 1300
Best Fitness: [1.19181515e-06]
1
iteration 1400
Best Fitness: [6.0627454e-07]
1
iteration 1500
Best Fitness: [3.18894571e-07]
1
iteration 1600
Best Fitness: [1.97427752e-07]
1
iteration 1700
Best Fitness: [1.01882e-07]
1
iteration 1800
Best Fitness: [4.77359929e-08]
1
iteration 1900
Best Fitness: [2.55240504e-08]
1
iteration 2000
Best Fitness: [1.10670566e-08]
1
iteration 2100
Best Fitness: [6.38184083e-09]
1
iteration 2200
Best Fitness: [3.05067793e-09]
1
iteration 2300
Best Fitness: [1.95000283e-09]
1
iteration 2400
Best Fitness: [7.19202475e-10]
1
iteration 2500
Best Fitness: [4.50974369e-10]
1
iteration 2600
Best Fitness: [3.2691716e-10]
1
iteration 2700
Best Fitness: [1.76706649e-10]
1
iteration 2800
Best Fitness: [9.08801923e-11]
1
iteration 2900
Best Fitness: [4.7958082e-11]
1
iteration 2999
Best Fitness: [2.21689334e-11]
1
iteration 0
Best Fitness: [19.4608064]
100
iteration 100
Best Fitness: [1.29554863e-06]
32
iteration 200
Best Fitness: [0.00530742]
1
iteration 300
Best Fitness: [0.00171405]
1
iteration 400
Best Fitness: [0.00075264]
1
iteration 500
Best Fitness: [0.00039651]
1
iteration 600
Best Fitness: [0.00019023]
1
iteration 700
Best Fitness: [0.00010617]
1
iteration 800
Best Fitness: [5.47838233e-05]
1
iteration 900
Best Fitness: [2.63684063e-05]
1
iteration 1000
Best Fitness: [1.25751506e-05]
1
iteration 1100
Best Fitness: [7.58417873e-06]
1
iteration 1200
Best Fitness: [3.785697e-06]
1
iteration 1300
Best Fitness: [2.00533924e-06]
1
iteration 1400
Best Fitness: [1.20194306e-06]
1
iteration 1500
Best Fitness: [6.29311611e-07]
1
iteration 1600
Best Fitness: [3.16806942e-07]
1
iteration 1700
Best Fitness: [1.877739e-07]
1
iteration 1800
Best Fitness: [9.77293038e-08]
1
iteration 1900
Best Fitness: [5.04222921e-08]
1
iteration 2000
Best Fitness: [2.23836878e-08]
1
iteration 2100
Best Fitness: [1.32961446e-08]
1
iteration 2200
Best Fitness: [7.64111796e-09]
1
iteration 2300
Best Fitness: [4.60878802e-09]
1
iteration 2400
Best Fitness: [1.95832506e-09]
1
iteration 2500
Best Fitness: [1.11973897e-09]
1
iteration 2600
Best Fitness: [6.49380993e-10]
1
iteration 2700
Best Fitness: [3.09958281e-10]
1
iteration 2800
Best Fitness: [1.73479009e-10]
1
iteration 2900
Best Fitness: [7.80442377e-11]
1
iteration 2999
Best Fitness: [4.21671587e-11]
1
iteration 0
Best Fitness: [16.78234936]
100
iteration 100
Best Fitness: [0.0232801]
2
iteration 200
Best Fitness: [0.03006784]
1
iteration 300
Best Fitness: [0.01930233]
1
iteration 400
Best Fitness: [0.01271729]
1
iteration 500
Best Fitness: [0.00539202]
1
iteration 600
Best Fitness: [0.00287081]
1
iteration 700
Best Fitness: [0.00152163]
1
iteration 800
Best Fitness: [0.00062568]
1
iteration 900
Best Fitness: [0.00038058]
1
iteration 1000
Best Fitness: [0.00018351]
1
iteration 1100
Best Fitness: [0.00010193]
1
iteration 1200
Best Fitness: [6.35979743e-05]
1
iteration 1300
Best Fitness: [3.93449341e-05]
1
iteration 1400
Best Fitness: [2.61267554e-05]
1
iteration 1500
Best Fitness: [1.55696841e-05]
1
iteration 1600
Best Fitness: [9.493758e-06]
1
iteration 1700
Best Fitness: [4.31025144e-06]
1
iteration 1800
Best Fitness: [2.11775188e-06]
1
iteration 1900
Best Fitness: [9.12083904e-07]
1
iteration 2000
Best Fitness: [4.26618211e-07]
1
iteration 2100
Best Fitness: [2.89365518e-07]
1
iteration 2200
Best Fitness: [1.59914181e-07]
1
iteration 2300
Best Fitness: [8.9547596e-08]
1
iteration 2400
Best Fitness: [4.49800783e-08]
1
iteration 2500
Best Fitness: [2.20453007e-08]
1
iteration 2600
Best Fitness: [1.07418465e-08]
1
iteration 2700
Best Fitness: [6.08959461e-09]
1
iteration 2800
Best Fitness: [3.3915093e-09]
1
iteration 2900
Best Fitness: [1.65983316e-09]
1
iteration 2999
Best Fitness: [7.7543838e-10]
1
iteration 0
Best Fitness: [23.91998832]
100
iteration 100
Best Fitness: [0.11692547]
1
iteration 200
Best Fitness: [0.02233391]
1
iteration 300
Best Fitness: [0.01058953]
1
iteration 400
Best Fitness: [0.00350379]
1
iteration 500
Best Fitness: [0.00186255]
1
iteration 600
Best Fitness: [0.00107605]
1
iteration 700
Best Fitness: [0.00056012]
1
iteration 800
Best Fitness: [0.00029198]
1
iteration 900
Best Fitness: [0.00015072]
1
iteration 1000
Best Fitness: [8.06458359e-05]
1
iteration 1100
Best Fitness: [3.28996952e-05]
1
iteration 1200
Best Fitness: [1.99291646e-05]
1
iteration 1300
Best Fitness: [9.59979701e-06]
1
iteration 1400
Best Fitness: [5.48798557e-06]
1
iteration 1500
Best Fitness: [2.96948188e-06]
1
iteration 1600
Best Fitness: [1.64531938e-06]
1
iteration 1700
Best Fitness: [8.22917125e-07]
1
iteration 1800
Best Fitness: [4.06141456e-07]
1
iteration 1900
Best Fitness: [2.13642563e-07]
1
iteration 2000
Best Fitness: [1.29404691e-07]
1
iteration 2100
Best Fitness: [5.51878063e-08]
1
iteration 2200
Best Fitness: [3.46435645e-08]
1
iteration 2300
Best Fitness: [1.45432111e-08]
1
iteration 2400
Best Fitness: [8.21055934e-09]
1
iteration 2500
Best Fitness: [3.77129261e-09]
1
iteration 2600
Best Fitness: [2.22061658e-09]
1
iteration 2700
Best Fitness: [9.98973348e-10]
1
iteration 2800
Best Fitness: [5.31782618e-10]
1
iteration 2900
Best Fitness: [2.84233082e-10]
1
iteration 2999
Best Fitness: [1.49555035e-10]
1
iteration 0
Best Fitness: [23.88133547]
100
iteration 100
Best Fitness: [9.07360203e-06]
20
iteration 200
Best Fitness: [0.00378049]
1
iteration 300
Best Fitness: [0.0021295]
1
iteration 400
Best Fitness: [0.00100383]
1
iteration 500
Best Fitness: [0.00042737]
1
iteration 600
Best Fitness: [0.00023625]
1
iteration 700
Best Fitness: [0.00014175]
1
iteration 800
Best Fitness: [6.69807462e-05]
1
iteration 900
Best Fitness: [3.72809397e-05]
1
iteration 1000
Best Fitness: [1.95639086e-05]
1
iteration 1100
Best Fitness: [9.60218368e-06]
1
iteration 1200
Best Fitness: [6.45288037e-06]
1
iteration 1300
Best Fitness: [3.1236185e-06]
1
iteration 1400
Best Fitness: [1.71800073e-06]
1
iteration 1500
Best Fitness: [9.94406566e-07]
1
iteration 1600
Best Fitness: [5.03437196e-07]
1
iteration 1700
Best Fitness: [2.99856147e-07]
1
iteration 1800
Best Fitness: [1.47668251e-07]
1
iteration 1900
Best Fitness: [8.56427569e-08]
1
iteration 2000
Best Fitness: [4.93751831e-08]
1
iteration 2100
Best Fitness: [3.01286747e-08]
1
iteration 2200
Best Fitness: [1.41767647e-08]
1
iteration 2300
Best Fitness: [7.43905026e-09]
1
iteration 2400
Best Fitness: [4.157096e-09]
1
iteration 2500
Best Fitness: [2.33363373e-09]
1
iteration 2600
Best Fitness: [1.34445344e-09]
1
iteration 2700
Best Fitness: [7.13322734e-10]
1
iteration 2800
Best Fitness: [3.74292597e-10]
1
iteration 2900
Best Fitness: [2.13642437e-10]
1
iteration 2999
Best Fitness: [1.36047618e-10]
1
iteration 0
Best Fitness: [14.9326863]
100
iteration 100
Best Fitness: [3.63086057e-06]
27
iteration 200
Best Fitness: [0.00624877]
1
iteration 300
Best Fitness: [0.00147284]
1
iteration 400
Best Fitness: [0.00058798]
1
iteration 500
Best Fitness: [0.00036204]
1
iteration 600
Best Fitness: [0.00018962]
1
iteration 700
Best Fitness: [0.00011296]
1
iteration 800
Best Fitness: [5.22263447e-05]
1
iteration 900
Best Fitness: [2.47058805e-05]
1
iteration 1000
Best Fitness: [1.28164498e-05]
1
iteration 1100
Best Fitness: [7.19546051e-06]
1
iteration 1200
Best Fitness: [2.92545396e-06]
1
iteration 1300
Best Fitness: [1.51080272e-06]
1
iteration 1400
Best Fitness: [9.44044865e-07]
1
iteration 1500
Best Fitness: [4.76500459e-07]
1
iteration 1600
Best Fitness: [2.46053961e-07]
1
iteration 1700
Best Fitness: [1.36564047e-07]
1
iteration 1800
Best Fitness: [6.7439025e-08]
1
iteration 1900
Best Fitness: [3.99715532e-08]
1
iteration 2000
Best Fitness: [1.98768664e-08]
1
iteration 2100
Best Fitness: [9.45454381e-09]
1
iteration 2200
Best Fitness: [5.48724977e-09]
1
iteration 2300
Best Fitness: [3.20961391e-09]
1
iteration 2400
Best Fitness: [1.99548644e-09]
1
iteration 2500
Best Fitness: [9.17646403e-10]
1
iteration 2600
Best Fitness: [5.38950218e-10]
1
iteration 2700
Best Fitness: [3.19879234e-10]
1
iteration 2800
Best Fitness: [1.43778323e-10]
1
iteration 2900
Best Fitness: [6.78976875e-11]
1
iteration 2999
Best Fitness: [3.68149955e-11]
1
iteration 0
Best Fitness: [26.86207538]
100
iteration 100
Best Fitness: [4.57658895e-06]
24
iteration 200
Best Fitness: [0.00699152]
1
iteration 300
Best Fitness: [0.00289123]
1
iteration 400
Best Fitness: [0.00131639]
1
iteration 500
Best Fitness: [0.00057761]
1
iteration 600
Best Fitness: [0.00035765]
1
iteration 700
Best Fitness: [0.00022064]
1
iteration 800
Best Fitness: [0.00011495]
1
iteration 900
Best Fitness: [6.05951828e-05]
1
iteration 1000
Best Fitness: [4.23541971e-05]
1
iteration 1100
Best Fitness: [2.25371754e-05]
1
iteration 1200
Best Fitness: [1.11785618e-05]
1
iteration 1300
Best Fitness: [6.4163093e-06]
1
iteration 1400
Best Fitness: [2.48238889e-06]
1
iteration 1500
Best Fitness: [1.00008276e-06]
1
iteration 1600
Best Fitness: [6.59223035e-07]
1
iteration 1700
Best Fitness: [3.78990704e-07]
1
iteration 1800
Best Fitness: [2.07781751e-07]
1
iteration 1900
Best Fitness: [1.14315696e-07]
1
iteration 2000
Best Fitness: [5.86214544e-08]
1
iteration 2100
Best Fitness: [3.50677656e-08]
1
iteration 2200
Best Fitness: [1.41174876e-08]
1
iteration 2300
Best Fitness: [8.05186495e-09]
1
iteration 2400
Best Fitness: [6.05266059e-09]
1
iteration 2500
Best Fitness: [3.82849485e-09]
1
iteration 2600
Best Fitness: [2.06162554e-09]
1
iteration 2700
Best Fitness: [1.1327046e-09]
1
iteration 2800
Best Fitness: [6.11384721e-10]
1
iteration 2900
Best Fitness: [3.17289306e-10]
1
iteration 2999
Best Fitness: [1.5788082e-10]
1
[array([3.93800548e-11]), array([1.37756473e-11]), array([7.19797555e-11]), array([2.21689334e-11]), array([4.21671587e-11]), array([7.7543838e-10]), array([1.49555035e-10]), array([1.36047618e-10]), array([3.68149955e-11]), array([1.5788082e-10])]
iteration 0
Best Fitness: [12.75068767]
100
iteration 100
Best Fitness: [0.00036598]
2
iteration 200
Best Fitness: [0.00089693]
1
iteration 300
Best Fitness: [0.00037777]
1
iteration 400
Best Fitness: [0.00017966]
1
iteration 500
Best Fitness: [7.77479674e-05]
1
iteration 600
Best Fitness: [3.73841662e-05]
1
iteration 700
Best Fitness: [2.17769404e-05]
1
iteration 800
Best Fitness: [1.10875315e-05]
1
iteration 900
Best Fitness: [6.14990018e-06]
1
iteration 1000
Best Fitness: [3.31234347e-06]
1
iteration 1100
Best Fitness: [1.50790366e-06]
1
iteration 1200
Best Fitness: [9.02084484e-07]
1
iteration 1300
Best Fitness: [4.49429657e-07]
1
iteration 1400
Best Fitness: [2.02980028e-07]
1
iteration 1500
Best Fitness: [1.35267709e-07]
1
iteration 1600
Best Fitness: [6.64361714e-08]
1
iteration 1700
Best Fitness: [4.32845514e-08]
1
iteration 1800
Best Fitness: [2.24131997e-08]
1
iteration 1900
Best Fitness: [1.22723608e-08]
1
iteration 2000
Best Fitness: [6.0791042e-09]
1
iteration 2100
Best Fitness: [2.87156209e-09]
1
iteration 2200
Best Fitness: [1.41348553e-09]
1
iteration 2300
Best Fitness: [7.99600331e-10]
1
iteration 2400
Best Fitness: [4.10680999e-10]
1
iteration 2500
Best Fitness: [2.3702088e-10]
1
iteration 2600
Best Fitness: [1.06781434e-10]
1
iteration 2700
Best Fitness: [5.4362899e-11]
1
iteration 2800
Best Fitness: [3.28400234e-11]
1
iteration 2900
Best Fitness: [1.60810389e-11]
1
iteration 2999
Best Fitness: [8.39374019e-12]
1
iteration 0
Best Fitness: [10.53380614]
100
iteration 100
Best Fitness: [0.00050656]
2
iteration 200
Best Fitness: [0.0007594]
1
iteration 300
Best Fitness: [0.00022273]
1
iteration 400
Best Fitness: [0.00010938]
1
iteration 500
Best Fitness: [5.31340762e-05]
1
iteration 600
Best Fitness: [2.57265375e-05]
1
iteration 700
Best Fitness: [1.18741736e-05]
1
iteration 800
Best Fitness: [7.21095367e-06]
1
iteration 900
Best Fitness: [3.71305005e-06]
1
iteration 1000
Best Fitness: [1.78505508e-06]
1
iteration 1100
Best Fitness: [9.69112378e-07]
1
iteration 1200
Best Fitness: [4.89824575e-07]
1
iteration 1300
Best Fitness: [2.59541687e-07]
1
iteration 1400
Best Fitness: [1.37772481e-07]
1
iteration 1500
Best Fitness: [7.57862927e-08]
1
iteration 1600
Best Fitness: [4.54239245e-08]
1
iteration 1700
Best Fitness: [2.28349507e-08]
1
iteration 1800
Best Fitness: [1.22553924e-08]
1
iteration 1900
Best Fitness: [5.54469235e-09]
1
iteration 2000
Best Fitness: [3.57680663e-09]
1
iteration 2100
Best Fitness: [1.50538473e-09]
1
iteration 2200
Best Fitness: [9.86691682e-10]
1
iteration 2300
Best Fitness: [5.61633079e-10]
1
iteration 2400
Best Fitness: [3.22704567e-10]
1
iteration 2500
Best Fitness: [1.69184047e-10]
1
iteration 2600
Best Fitness: [9.1509544e-11]
1
iteration 2700
Best Fitness: [3.70401242e-11]
1
iteration 2800
Best Fitness: [1.80152299e-11]
1
iteration 2900
Best Fitness: [1.18880598e-11]
1
iteration 2999
Best Fitness: [5.99650223e-12]
1
iteration 0
Best Fitness: [8.42726246]
100
iteration 100
Best Fitness: [0.00023866]
4
iteration 200
Best Fitness: [0.00068468]
1
iteration 300
Best Fitness: [0.0003426]
1
iteration 400
Best Fitness: [0.00014521]
1
iteration 500
Best Fitness: [7.43155661e-05]
1
iteration 600
Best Fitness: [3.76766839e-05]
1
iteration 700
Best Fitness: [2.02554184e-05]
1
iteration 800
Best Fitness: [9.51114928e-06]
1
iteration 900
Best Fitness: [4.70656107e-06]
1
iteration 1000
Best Fitness: [2.81905171e-06]
1
iteration 1100
Best Fitness: [1.33990588e-06]
1
iteration 1200
Best Fitness: [7.74865291e-07]
1
iteration 1300
Best Fitness: [4.14580252e-07]
1
iteration 1400
Best Fitness: [1.98706118e-07]
1
iteration 1500
Best Fitness: [1.44638101e-07]
1
iteration 1600
Best Fitness: [8.11732396e-08]
1
iteration 1700
Best Fitness: [4.07467835e-08]
1
iteration 1800
Best Fitness: [1.98388855e-08]
1
iteration 1900
Best Fitness: [1.22466415e-08]
1
iteration 2000
Best Fitness: [6.26330222e-09]
1
iteration 2100
Best Fitness: [3.19708747e-09]
1
iteration 2200
Best Fitness: [1.64459457e-09]
1
iteration 2300
Best Fitness: [7.94553833e-10]
1
iteration 2400
Best Fitness: [3.93858462e-10]
1
iteration 2500
Best Fitness: [2.04908461e-10]
1
iteration 2600
Best Fitness: [1.01206333e-10]
1
iteration 2700
Best Fitness: [4.6233325e-11]
1
iteration 2800
Best Fitness: [2.81821141e-11]
1
iteration 2900
Best Fitness: [1.38435798e-11]
1
iteration 2999
Best Fitness: [6.36580706e-12]
1
iteration 0
Best Fitness: [8.84090949]
100
iteration 100
Best Fitness: [0.00026538]
3
iteration 200
Best Fitness: [0.00058701]
1
iteration 300
Best Fitness: [0.00024352]
1
iteration 400
Best Fitness: [9.23977833e-05]
1
iteration 500
Best Fitness: [4.55294186e-05]
1
iteration 600
Best Fitness: [2.29169714e-05]
1
iteration 700
Best Fitness: [1.3608394e-05]
1
iteration 800
Best Fitness: [6.22449528e-06]
1
iteration 900
Best Fitness: [3.26345567e-06]
1
iteration 1000
Best Fitness: [2.0371975e-06]
1
iteration 1100
Best Fitness: [1.00125797e-06]
1
iteration 1200
Best Fitness: [5.58940439e-07]
1
iteration 1300
Best Fitness: [2.92894865e-07]
1
iteration 1400
Best Fitness: [1.27014088e-07]
1
iteration 1500
Best Fitness: [5.57065412e-08]
1
iteration 1600
Best Fitness: [3.38310598e-08]
1
iteration 1700
Best Fitness: [2.01080945e-08]
1
iteration 1800
Best Fitness: [1.07686338e-08]
1
iteration 1900
Best Fitness: [5.53436067e-09]
1
iteration 2000
Best Fitness: [2.69796388e-09]
1
iteration 2100
Best Fitness: [1.53481636e-09]
1
iteration 2200
Best Fitness: [7.89779189e-10]
1
iteration 2300
Best Fitness: [3.84786261e-10]
1
iteration 2400
Best Fitness: [1.84188587e-10]
1
iteration 2500
Best Fitness: [9.65339424e-11]
1
iteration 2600
Best Fitness: [4.7560823e-11]
1
iteration 2700
Best Fitness: [2.4727178e-11]
1
iteration 2800
Best Fitness: [1.36255e-11]
1
iteration 2900
Best Fitness: [7.08831311e-12]
1
iteration 2999
Best Fitness: [4.10030867e-12]
1
iteration 0
Best Fitness: [14.7779795]
100
iteration 100
Best Fitness: [0.00019764]
3
iteration 200
Best Fitness: [0.00037963]
1
iteration 300
Best Fitness: [0.00017275]
1
iteration 400
Best Fitness: [6.73637318e-05]
1
iteration 500
Best Fitness: [4.19108752e-05]
1
iteration 600
Best Fitness: [2.16223278e-05]
1
iteration 700
Best Fitness: [1.06967205e-05]
1
iteration 800
Best Fitness: [6.50309207e-06]
1
iteration 900
Best Fitness: [3.52550165e-06]
1
iteration 1000
Best Fitness: [1.91138756e-06]
1
iteration 1100
Best Fitness: [9.42064503e-07]
1
iteration 1200
Best Fitness: [4.93953387e-07]
1
iteration 1300
Best Fitness: [2.83691731e-07]
1
iteration 1400
Best Fitness: [1.64443538e-07]
1
iteration 1500
Best Fitness: [8.17189687e-08]
1
iteration 1600
Best Fitness: [4.90036228e-08]
1
iteration 1700
Best Fitness: [2.30046653e-08]
1
iteration 1800
Best Fitness: [1.39966971e-08]
1
iteration 1900
Best Fitness: [7.45603191e-09]
1
iteration 2000
Best Fitness: [4.25546754e-09]
1
iteration 2100
Best Fitness: [1.71159077e-09]
1
iteration 2200
Best Fitness: [1.00660841e-09]
1
iteration 2300
Best Fitness: [5.91806314e-10]
1
iteration 2400
Best Fitness: [3.3260596e-10]
1
iteration 2500
Best Fitness: [1.50395732e-10]
1
iteration 2600
Best Fitness: [8.56477162e-11]
1
iteration 2700
Best Fitness: [4.52157235e-11]
1
iteration 2800
Best Fitness: [2.03242601e-11]
1
iteration 2900
Best Fitness: [1.10062025e-11]
1
iteration 2999
Best Fitness: [5.28795669e-12]
1
iteration 0
Best Fitness: [10.14732041]
100
iteration 100
Best Fitness: [0.00065479]
2
iteration 200
Best Fitness: [0.00040305]
1
iteration 300
Best Fitness: [0.00022332]
1
iteration 400
Best Fitness: [9.8185299e-05]
1
iteration 500
Best Fitness: [4.82239349e-05]
1
iteration 600
Best Fitness: [2.76311678e-05]
1
iteration 700
Best Fitness: [1.47731776e-05]
1
iteration 800
Best Fitness: [8.91335873e-06]
1
iteration 900
Best Fitness: [5.12281705e-06]
1
iteration 1000
Best Fitness: [2.67473e-06]
1
iteration 1100
Best Fitness: [1.42449932e-06]
1
iteration 1200
Best Fitness: [7.54042365e-07]
1
iteration 1300
Best Fitness: [4.42281866e-07]
1
iteration 1400
Best Fitness: [2.03016286e-07]
1
iteration 1500
Best Fitness: [1.17031221e-07]
1
iteration 1600
Best Fitness: [5.93286698e-08]
1
iteration 1700
Best Fitness: [3.52636086e-08]
1
iteration 1800
Best Fitness: [1.69786839e-08]
1
iteration 1900
Best Fitness: [9.39136843e-09]
1
iteration 2000
Best Fitness: [5.00787078e-09]
1
iteration 2100
Best Fitness: [1.98804909e-09]
1
iteration 2200
Best Fitness: [1.1649902e-09]
1
iteration 2300
Best Fitness: [5.47923334e-10]
1
iteration 2400
Best Fitness: [2.75523149e-10]
1
iteration 2500
Best Fitness: [1.44010481e-10]
1
iteration 2600
Best Fitness: [7.52677513e-11]
1
iteration 2700
Best Fitness: [3.55653251e-11]
1
iteration 2800
Best Fitness: [1.62380584e-11]
1
iteration 2900
Best Fitness: [8.04029871e-12]
1
iteration 2999
Best Fitness: [4.32103332e-12]
1
iteration 0
Best Fitness: [8.75717766]
100
iteration 100
Best Fitness: [0.00068541]
2
iteration 200
Best Fitness: [0.00035269]
1
iteration 300
Best Fitness: [0.00019069]
1
iteration 400
Best Fitness: [8.42843291e-05]
1
iteration 500
Best Fitness: [3.66920526e-05]
1
iteration 600
Best Fitness: [2.23244076e-05]
1
iteration 700
Best Fitness: [1.03633989e-05]
1
iteration 800
Best Fitness: [5.17246013e-06]
1
iteration 900
Best Fitness: [2.64148887e-06]
1
iteration 1000
Best Fitness: [1.2691242e-06]
1
iteration 1100
Best Fitness: [6.35406042e-07]
1
iteration 1200
Best Fitness: [3.67142542e-07]
1
iteration 1300
Best Fitness: [2.19938551e-07]
1
iteration 1400
Best Fitness: [1.17225796e-07]
1
iteration 1500
Best Fitness: [6.37198826e-08]
1
iteration 1600
Best Fitness: [3.14688619e-08]
1
iteration 1700
Best Fitness: [1.77393029e-08]
1
iteration 1800
Best Fitness: [1.00078056e-08]
1
iteration 1900
Best Fitness: [3.77765269e-09]
1
iteration 2000
Best Fitness: [2.21800644e-09]
1
iteration 2100
Best Fitness: [1.37446095e-09]
1
iteration 2200
Best Fitness: [8.09593677e-10]
1
iteration 2300
Best Fitness: [4.6475292e-10]
1
iteration 2400
Best Fitness: [2.41729148e-10]
1
iteration 2500
Best Fitness: [1.28966323e-10]
1
iteration 2600
Best Fitness: [8.11972323e-11]
1
iteration 2700
Best Fitness: [4.37009896e-11]
1
iteration 2800
Best Fitness: [2.38552953e-11]
1
iteration 2900
Best Fitness: [1.3703072e-11]
1
iteration 2999
Best Fitness: [7.77822781e-12]
1
iteration 0
Best Fitness: [6.80287765]
100
iteration 100
Best Fitness: [0.00080167]
1
iteration 200
Best Fitness: [0.00057343]
1
iteration 300
Best Fitness: [0.00033445]
1
iteration 400
Best Fitness: [0.0001524]
1
iteration 500
Best Fitness: [7.60402071e-05]
1
iteration 600
Best Fitness: [3.35969836e-05]
1
iteration 700
Best Fitness: [2.08762521e-05]
1
iteration 800
Best Fitness: [1.07247342e-05]
1
iteration 900
Best Fitness: [4.31119003e-06]
1
iteration 1000
Best Fitness: [2.72259098e-06]
1
iteration 1100
Best Fitness: [1.21569022e-06]
1
iteration 1200
Best Fitness: [6.35050724e-07]
1
iteration 1300
Best Fitness: [3.91816427e-07]
1
iteration 1400
Best Fitness: [1.73695978e-07]
1
iteration 1500
Best Fitness: [9.67082383e-08]
1
iteration 1600
Best Fitness: [5.73748594e-08]
1
iteration 1700
Best Fitness: [3.11589125e-08]
1
iteration 1800
Best Fitness: [1.42413023e-08]
1
iteration 1900
Best Fitness: [8.06477341e-09]
1
iteration 2000
Best Fitness: [4.46244692e-09]
1
iteration 2100
Best Fitness: [1.98543796e-09]
1
iteration 2200
Best Fitness: [9.19711795e-10]
1
iteration 2300
Best Fitness: [5.36880974e-10]
1
iteration 2400
Best Fitness: [2.37485298e-10]
1
iteration 2500
Best Fitness: [1.36388354e-10]
1
iteration 2600
Best Fitness: [7.67110464e-11]
1
iteration 2700
Best Fitness: [4.34472857e-11]
1
iteration 2800
Best Fitness: [2.0568699e-11]
1
iteration 2900
Best Fitness: [1.06828086e-11]
1
iteration 2999
Best Fitness: [5.30029181e-12]
1
iteration 0
Best Fitness: [14.15622608]
100
iteration 100
Best Fitness: [0.0001309]
4
iteration 200
Best Fitness: [0.00049333]
1
iteration 300
Best Fitness: [0.00026732]
1
iteration 400
Best Fitness: [8.86287696e-05]
1
iteration 500
Best Fitness: [5.20955911e-05]
1
iteration 600
Best Fitness: [2.80562266e-05]
1
iteration 700
Best Fitness: [1.61269725e-05]
1
iteration 800
Best Fitness: [8.93375156e-06]
1
iteration 900
Best Fitness: [5.02491845e-06]
1
iteration 1000
Best Fitness: [2.40654944e-06]
1
iteration 1100
Best Fitness: [1.47782177e-06]
1
iteration 1200
Best Fitness: [8.44590403e-07]
1
iteration 1300
Best Fitness: [3.29494311e-07]
1
iteration 1400
Best Fitness: [2.01010265e-07]
1
iteration 1500
Best Fitness: [1.02342638e-07]
1
iteration 1600
Best Fitness: [6.09321649e-08]
1
iteration 1700
Best Fitness: [2.98111053e-08]
1
iteration 1800
Best Fitness: [1.71512092e-08]
1
iteration 1900
Best Fitness: [9.86464931e-09]
1
iteration 2000
Best Fitness: [4.6884015e-09]
1
iteration 2100
Best Fitness: [2.83755919e-09]
1
iteration 2200
Best Fitness: [1.35123028e-09]
1
iteration 2300
Best Fitness: [7.3010299e-10]
1
iteration 2400
Best Fitness: [3.71229008e-10]
1
iteration 2500
Best Fitness: [2.22215855e-10]
1
iteration 2600
Best Fitness: [1.03390653e-10]
1
iteration 2700
Best Fitness: [5.22309089e-11]
1
iteration 2800
Best Fitness: [2.94042698e-11]
1
iteration 2900
Best Fitness: [1.28099975e-11]
1
iteration 2999
Best Fitness: [9.27891295e-12]
1
iteration 0
Best Fitness: [8.37767372]
100
iteration 100
Best Fitness: [0.00081434]
2
iteration 200
Best Fitness: [0.00146329]
1
iteration 300
Best Fitness: [0.00060918]
1
iteration 400
Best Fitness: [0.00022184]
1
iteration 500
Best Fitness: [0.00010714]
1
iteration 600
Best Fitness: [4.84788558e-05]
1
iteration 700
Best Fitness: [2.94146263e-05]
1
iteration 800
Best Fitness: [1.3393551e-05]
1
iteration 900
Best Fitness: [7.99084047e-06]
1
iteration 1000
Best Fitness: [3.51201664e-06]
1
iteration 1100
Best Fitness: [2.38312314e-06]
1
iteration 1200
Best Fitness: [1.28710717e-06]
1
iteration 1300
Best Fitness: [6.91672e-07]
1
iteration 1400
Best Fitness: [2.62296558e-07]
1
iteration 1500
Best Fitness: [1.31480875e-07]
1
iteration 1600
Best Fitness: [7.8062897e-08]
1
iteration 1700
Best Fitness: [3.55321542e-08]
1
iteration 1800
Best Fitness: [1.73513685e-08]
1
iteration 1900
Best Fitness: [9.52956168e-09]
1
iteration 2000
Best Fitness: [4.18563985e-09]
1
iteration 2100
Best Fitness: [2.46241178e-09]
1
iteration 2200
Best Fitness: [9.94835464e-10]
1
iteration 2300
Best Fitness: [4.8704416e-10]
1
iteration 2400
Best Fitness: [3.1677676e-10]
1
iteration 2500
Best Fitness: [1.62032964e-10]
1
iteration 2600
Best Fitness: [9.37233322e-11]
1
iteration 2700
Best Fitness: [4.83051391e-11]
1
iteration 2800
Best Fitness: [2.8046551e-11]
1
iteration 2900
Best Fitness: [1.42857587e-11]
1
iteration 2999
Best Fitness: [8.43680746e-12]
1
[array([8.39374019e-12]), array([5.99650223e-12]), array([6.36580706e-12]), array([4.10030867e-12]), array([5.28795669e-12]), array([4.32103332e-12]), array([7.77822781e-12]), array([5.30029181e-12]), array([9.27891295e-12]), array([8.43680746e-12])]
iteration 0
Best Fitness: [90.775199]
100
iteration 100
Best Fitness: [0.0015343]
100
iteration 200
Best Fitness: [5.54311737]
1
iteration 300
Best Fitness: [5.5091583]
1
iteration 400
Best Fitness: [5.50915048]
1
iteration 500
Best Fitness: [5.50915048]
1
iteration 600
Best Fitness: [5.50915048]
1
iteration 700
Best Fitness: [5.50915048]
1
iteration 800
Best Fitness: [5.50915048]
1
iteration 900
Best Fitness: [5.50915048]
1
iteration 1000
Best Fitness: [5.50915048]
1
iteration 1100
Best Fitness: [5.50915048]
1
iteration 1200
Best Fitness: [5.50915048]
1
iteration 1300
Best Fitness: [5.50915048]
1
iteration 1400
Best Fitness: [5.50915048]
1
iteration 1500
Best Fitness: [5.50915048]
1
iteration 1600
Best Fitness: [5.50915048]
1
iteration 1700
Best Fitness: [5.50915048]
1
iteration 1800
Best Fitness: [5.50915048]
1
iteration 1900
Best Fitness: [5.50915048]
1
iteration 2000
Best Fitness: [5.50915048]
1
iteration 2100
Best Fitness: [5.50915048]
1
iteration 2200
Best Fitness: [5.50915048]
1
iteration 2300
Best Fitness: [5.50915048]
1
iteration 2400
Best Fitness: [5.50915048]
1
iteration 2500
Best Fitness: [5.50915048]
1
iteration 2600
Best Fitness: [5.50915048]
1
iteration 2700
Best Fitness: [5.50915048]
1
iteration 2800
Best Fitness: [5.50915048]
1
iteration 2900
Best Fitness: [5.50915048]
1
iteration 2999
Best Fitness: [5.50915048]
1
iteration 0
Best Fitness: [90.07180324]
100
iteration 100
Best Fitness: [34.94998405]
1
iteration 200
Best Fitness: [33.41243413]
1
iteration 300
Best Fitness: [33.41239783]
1
iteration 400
Best Fitness: [33.41239783]
1
iteration 500
Best Fitness: [33.41239783]
1
iteration 600
Best Fitness: [33.41239783]
1
iteration 700
Best Fitness: [33.41239783]
1
iteration 800
Best Fitness: [33.41239783]
1
iteration 900
Best Fitness: [33.41239783]
1
iteration 1000
Best Fitness: [33.41239783]
1
iteration 1100
Best Fitness: [33.41239783]
1
iteration 1200
Best Fitness: [33.41239783]
1
iteration 1300
Best Fitness: [33.41239783]
1
iteration 1400
Best Fitness: [33.41239783]
1
iteration 1500
Best Fitness: [33.41239783]
1
iteration 1600
Best Fitness: [33.41239783]
1
iteration 1700
Best Fitness: [33.41239783]
1
iteration 1800
Best Fitness: [33.41239783]
1
iteration 1900
Best Fitness: [33.41239783]
1
iteration 2000
Best Fitness: [33.41239783]
1
iteration 2100
Best Fitness: [33.41239783]
1
iteration 2200
Best Fitness: [33.41239783]
1
iteration 2300
Best Fitness: [33.41239783]
1
iteration 2400
Best Fitness: [33.41239783]
1
iteration 2500
Best Fitness: [33.41239783]
1
iteration 2600
Best Fitness: [33.41239783]
1
iteration 2700
Best Fitness: [33.41239783]
1
iteration 2800
Best Fitness: [33.41239783]
1
iteration 2900
Best Fitness: [33.41239783]
1
iteration 2999
Best Fitness: [33.41239783]
1
iteration 0
Best Fitness: [72.31638853]
100
iteration 100
Best Fitness: [0.00144491]
100
iteration 200
Best Fitness: [7.54914966]
1
iteration 300
Best Fitness: [7.27922725]
1
iteration 400
Best Fitness: [7.27922724]
1
iteration 500
Best Fitness: [7.27922724]
1
iteration 600
Best Fitness: [7.27922724]
1
iteration 700
Best Fitness: [7.27922724]
1
iteration 800
Best Fitness: [7.27922724]
1
iteration 900
Best Fitness: [7.27922724]
1
iteration 1000
Best Fitness: [7.27922724]
1
iteration 1100
Best Fitness: [7.27922724]
1
iteration 1200
Best Fitness: [7.27922724]
1
iteration 1300
Best Fitness: [7.27922724]
1
iteration 1400
Best Fitness: [7.27922724]
1
iteration 1500
Best Fitness: [7.27922724]
1
iteration 1600
Best Fitness: [7.27922724]
1
iteration 1700
Best Fitness: [7.27922724]
1
iteration 1800
Best Fitness: [7.27922724]
1
iteration 1900
Best Fitness: [7.27922724]
1
iteration 2000
Best Fitness: [7.27922724]
1
iteration 2100
Best Fitness: [7.27922724]
1
iteration 2200
Best Fitness: [7.27922724]
1
iteration 2300
Best Fitness: [7.27922724]
1
iteration 2400
Best Fitness: [7.27922724]
1
iteration 2500
Best Fitness: [7.27922724]
1
iteration 2600
Best Fitness: [7.27922724]
1
iteration 2700
Best Fitness: [7.27922724]
1
iteration 2800
Best Fitness: [7.27922724]
1
iteration 2900
Best Fitness: [7.27922724]
1
iteration 2999
Best Fitness: [7.27922724]
1
iteration 0
Best Fitness: [107.75677867]
100
iteration 100
Best Fitness: [30.582554]
1
iteration 200
Best Fitness: [29.9444088]
1
iteration 300
Best Fitness: [29.903363]
1
iteration 400
Best Fitness: [29.903363]
1
iteration 500
Best Fitness: [29.903363]
1
iteration 600
Best Fitness: [29.903363]
1
iteration 700
Best Fitness: [29.903363]
1
iteration 800
Best Fitness: [29.903363]
1
iteration 900
Best Fitness: [29.903363]
1
iteration 1000
Best Fitness: [29.903363]
1
iteration 1100
Best Fitness: [29.903363]
1
iteration 1200
Best Fitness: [29.903363]
1
iteration 1300
Best Fitness: [29.903363]
1
iteration 1400
Best Fitness: [29.903363]
1
iteration 1500
Best Fitness: [29.903363]
1
iteration 1600
Best Fitness: [29.903363]
1
iteration 1700
Best Fitness: [29.903363]
1
iteration 1800
Best Fitness: [29.903363]
1
iteration 1900
Best Fitness: [29.903363]
1
iteration 2000
Best Fitness: [29.903363]
1
iteration 2100
Best Fitness: [29.903363]
1
iteration 2200
Best Fitness: [29.903363]
1
iteration 2300
Best Fitness: [29.903363]
1
iteration 2400
Best Fitness: [29.903363]
1
iteration 2500
Best Fitness: [29.903363]
1
iteration 2600
Best Fitness: [29.903363]
1
iteration 2700
Best Fitness: [29.903363]
1
iteration 2800
Best Fitness: [29.903363]
1
iteration 2900
Best Fitness: [29.903363]
1
iteration 2999
Best Fitness: [29.903363]
1
iteration 0
Best Fitness: [97.12778895]
100
iteration 100
Best Fitness: [0.13535986]
40
iteration 200
Best Fitness: [11.80827959]
1
iteration 300
Best Fitness: [11.63030556]
1
iteration 400
Best Fitness: [11.63030556]
1
iteration 500
Best Fitness: [11.63030556]
1
iteration 600
Best Fitness: [11.63030556]
1
iteration 700
Best Fitness: [11.63030556]
1
iteration 800
Best Fitness: [11.63030556]
1
iteration 900
Best Fitness: [11.63030556]
1
iteration 1000
Best Fitness: [11.63030556]
1
iteration 1100
Best Fitness: [11.63030556]
1
iteration 1200
Best Fitness: [11.63030556]
1
iteration 1300
Best Fitness: [11.63030556]
1
iteration 1400
Best Fitness: [11.63030556]
1
iteration 1500
Best Fitness: [11.63030556]
1
iteration 1600
Best Fitness: [11.63030556]
1
iteration 1700
Best Fitness: [11.63030556]
1
iteration 1800
Best Fitness: [11.63030556]
1
iteration 1900
Best Fitness: [11.63030556]
1
iteration 2000
Best Fitness: [11.63030556]
1
iteration 2100
Best Fitness: [11.63030556]
1
iteration 2200
Best Fitness: [11.63030556]
1
iteration 2300
Best Fitness: [11.63030556]
1
iteration 2400
Best Fitness: [11.63030556]
1
iteration 2500
Best Fitness: [11.63030556]
1
iteration 2600
Best Fitness: [11.63030556]
1
iteration 2700
Best Fitness: [11.63030556]
1
iteration 2800
Best Fitness: [11.63030556]
1
iteration 2900
Best Fitness: [11.63030556]
1
iteration 2999
Best Fitness: [11.63030556]
1
iteration 0
Best Fitness: [77.28457019]
100
iteration 100
Best Fitness: [0.00139965]
100
iteration 200
Best Fitness: [5.53666322]
1
iteration 300
Best Fitness: [5.00837294]
1
iteration 400
Best Fitness: [5.0083729]
1
iteration 500
Best Fitness: [5.0083729]
1
iteration 600
Best Fitness: [5.0083729]
1
iteration 700
Best Fitness: [5.0083729]
1
iteration 800
Best Fitness: [5.0083729]
1
iteration 900
Best Fitness: [5.0083729]
1
iteration 1000
Best Fitness: [5.0083729]
1
iteration 1100
Best Fitness: [5.0083729]
1
iteration 1200
Best Fitness: [5.0083729]
1
iteration 1300
Best Fitness: [5.0083729]
1
iteration 1400
Best Fitness: [5.0083729]
1
iteration 1500
Best Fitness: [5.0083729]
1
iteration 1600
Best Fitness: [5.0083729]
1
iteration 1700
Best Fitness: [5.0083729]
1
iteration 1800
Best Fitness: [5.0083729]
1
iteration 1900
Best Fitness: [5.0083729]
1
iteration 2000
Best Fitness: [5.0083729]
1
iteration 2100
Best Fitness: [5.0083729]
1
iteration 2200
Best Fitness: [5.0083729]
1
iteration 2300
Best Fitness: [5.0083729]
1
iteration 2400
Best Fitness: [5.0083729]
1
iteration 2500
Best Fitness: [5.0083729]
1
iteration 2600
Best Fitness: [5.0083729]
1
iteration 2700
Best Fitness: [5.0083729]
1
iteration 2800
Best Fitness: [5.0083729]
1
iteration 2900
Best Fitness: [5.0083729]
1
iteration 2999
Best Fitness: [5.0083729]
1
iteration 0
Best Fitness: [98.9655698]
100
iteration 100
Best Fitness: [18.79481666]
1
iteration 200
Best Fitness: [17.18561729]
1
iteration 300
Best Fitness: [17.18522603]
1
iteration 400
Best Fitness: [17.18522603]
1
iteration 500
Best Fitness: [17.18522603]
1
iteration 600
Best Fitness: [17.18522603]
1
iteration 700
Best Fitness: [17.18522603]
1
iteration 800
Best Fitness: [17.18522603]
1
iteration 900
Best Fitness: [17.18522603]
1
iteration 1000
Best Fitness: [17.18522603]
1
iteration 1100
Best Fitness: [17.18522603]
1
iteration 1200
Best Fitness: [17.18522603]
1
iteration 1300
Best Fitness: [17.18522603]
1
iteration 1400
Best Fitness: [17.18522603]
1
iteration 1500
Best Fitness: [17.18522603]
1
iteration 1600
Best Fitness: [17.18522603]
1
iteration 1700
Best Fitness: [17.18522603]
1
iteration 1800
Best Fitness: [17.18522603]
1
iteration 1900
Best Fitness: [17.18522603]
1
iteration 2000
Best Fitness: [17.18522603]
1
iteration 2100
Best Fitness: [17.18522603]
1
iteration 2200
Best Fitness: [17.18522603]
1
iteration 2300
Best Fitness: [17.18522603]
1
iteration 2400
Best Fitness: [17.18522603]
1
iteration 2500
Best Fitness: [17.18522603]
1
iteration 2600
Best Fitness: [17.18522603]
1
iteration 2700
Best Fitness: [17.18522603]
1
iteration 2800
Best Fitness: [17.18522603]
1
iteration 2900
Best Fitness: [17.18522603]
1
iteration 2999
Best Fitness: [17.18522603]
1
iteration 0
Best Fitness: [77.86878845]
100
iteration 100
Best Fitness: [49.43515134]
1
iteration 200
Best Fitness: [48.04396516]
1
iteration 300
Best Fitness: [48.03062758]
1
iteration 400
Best Fitness: [48.03062757]
1
iteration 500
Best Fitness: [48.03062757]
1
iteration 600
Best Fitness: [48.03062757]
1
iteration 700
Best Fitness: [48.03062757]
1
iteration 800
Best Fitness: [48.03062757]
1
iteration 900
Best Fitness: [48.03062757]
1
iteration 1000
Best Fitness: [48.03062757]
1
iteration 1100
Best Fitness: [48.03062757]
1
iteration 1200
Best Fitness: [48.03062757]
1
iteration 1300
Best Fitness: [48.03062757]
1
iteration 1400
Best Fitness: [48.03062757]
1
iteration 1500
Best Fitness: [48.03062757]
1
iteration 1600
Best Fitness: [48.03062757]
1
iteration 1700
Best Fitness: [48.03062757]
1
iteration 1800
Best Fitness: [48.03062757]
1
iteration 1900
Best Fitness: [48.03062757]
1
iteration 2000
Best Fitness: [48.03062757]
1
iteration 2100
Best Fitness: [48.03062757]
1
iteration 2200
Best Fitness: [48.03062757]
1
iteration 2300
Best Fitness: [48.03062757]
1
iteration 2400
Best Fitness: [48.03062757]
1
iteration 2500
Best Fitness: [48.03062757]
1
iteration 2600
Best Fitness: [48.03062757]
1
iteration 2700
Best Fitness: [48.03062757]
1
iteration 2800
Best Fitness: [48.03062757]
1
iteration 2900
Best Fitness: [48.03062757]
1
iteration 2999
Best Fitness: [48.03062757]
1
iteration 0
Best Fitness: [101.25659364]
100
iteration 100
Best Fitness: [1309.32605164]
1
iteration 200
Best Fitness: [1276.96996643]
1
iteration 300
Best Fitness: [1276.96996643]
1
iteration 400
Best Fitness: [1276.96996643]
1
iteration 500
Best Fitness: [1276.96996643]
1
iteration 600
Best Fitness: [1276.96996643]
1
iteration 700
Best Fitness: [1276.96996643]
1
iteration 800
Best Fitness: [1276.96996643]
1
iteration 900
Best Fitness: [1276.96996643]
1
iteration 1000
Best Fitness: [1276.96996643]
1
iteration 1100
Best Fitness: [1276.96996643]
1
iteration 1200
Best Fitness: [1276.96996643]
1
iteration 1300
Best Fitness: [1276.96996643]
1
iteration 1400
Best Fitness: [1276.96996643]
1
iteration 1500
Best Fitness: [1276.96996643]
1
iteration 1600
Best Fitness: [1276.96996643]
1
iteration 1700
Best Fitness: [1276.96996643]
1
iteration 1800
Best Fitness: [1276.96996643]
1
iteration 1900
Best Fitness: [1276.96996643]
1
iteration 2000
Best Fitness: [1276.96996643]
1
iteration 2100
Best Fitness: [1276.96996643]
1
iteration 2200
Best Fitness: [1276.96996643]
1
iteration 2300
Best Fitness: [1276.96996643]
1
iteration 2400
Best Fitness: [1276.96996643]
1
iteration 2500
Best Fitness: [1276.96996643]
1
iteration 2600
Best Fitness: [1276.96996643]
1
iteration 2700
Best Fitness: [1276.96996643]
1
iteration 2800
Best Fitness: [1276.96996643]
1
iteration 2900
Best Fitness: [1276.96996643]
1
iteration 2999
Best Fitness: [1276.96996643]
1
iteration 0
Best Fitness: [87.84522734]
100
iteration 100
Best Fitness: [27.67569734]
1
iteration 200
Best Fitness: [27.55503078]
1
iteration 300
Best Fitness: [27.5435567]
1
iteration 400
Best Fitness: [27.5435567]
1
iteration 500
Best Fitness: [27.5435567]
1
iteration 600
Best Fitness: [27.5435567]
1
iteration 700
Best Fitness: [27.5435567]
1
iteration 800
Best Fitness: [27.5435567]
1
iteration 900
Best Fitness: [27.5435567]
1
iteration 1000
Best Fitness: [27.5435567]
1
iteration 1100
Best Fitness: [27.5435567]
1
iteration 1200
Best Fitness: [27.5435567]
1
iteration 1300
Best Fitness: [27.5435567]
1
iteration 1400
Best Fitness: [27.5435567]
1
iteration 1500
Best Fitness: [27.5435567]
1
iteration 1600
Best Fitness: [27.5435567]
1
iteration 1700
Best Fitness: [27.5435567]
1
iteration 1800
Best Fitness: [27.5435567]
1
iteration 1900
Best Fitness: [27.5435567]
1
iteration 2000
Best Fitness: [27.5435567]
1
iteration 2100
Best Fitness: [27.5435567]
1
iteration 2200
Best Fitness: [27.5435567]
1
iteration 2300
Best Fitness: [27.5435567]
1
iteration 2400
Best Fitness: [27.5435567]
1
iteration 2500
Best Fitness: [27.5435567]
1
iteration 2600
Best Fitness: [27.5435567]
1
iteration 2700
Best Fitness: [27.5435567]
1
iteration 2800
Best Fitness: [27.5435567]
1
iteration 2900
Best Fitness: [27.5435567]
1
iteration 2999
Best Fitness: [27.5435567]
1
[array([5.50915048]), array([33.41239783]), array([7.27922724]), array([29.903363]), array([11.63030556]), array([5.0083729]), array([17.18522603]), array([48.03062757]), array([1276.96996643]), array([27.5435567])]
iteration 0
Best Fitness: [3236291.33660439]
100
iteration 100
Best Fitness: [2905.22000945]
1
iteration 200
Best Fitness: [1080.48377209]
1
iteration 300
Best Fitness: [442.53413484]
1
iteration 400
Best Fitness: [162.63898612]
1
iteration 500
Best Fitness: [76.65402697]
1
iteration 600
Best Fitness: [44.80587414]
1
iteration 700
Best Fitness: [27.29498542]
1
iteration 800
Best Fitness: [12.32337907]
1
iteration 900
Best Fitness: [6.72936567]
1
iteration 1000
Best Fitness: [3.50100134]
1
iteration 1100
Best Fitness: [1.68603161]
1
iteration 1200
Best Fitness: [0.98295677]
1
iteration 1300
Best Fitness: [0.44686116]
1
iteration 1400
Best Fitness: [0.26063505]
1
iteration 1500
Best Fitness: [0.16031279]
1
iteration 1600
Best Fitness: [0.08848227]
1
iteration 1700
Best Fitness: [0.03722137]
1
iteration 1800
Best Fitness: [0.01921767]
1
iteration 1900
Best Fitness: [0.01189853]
1
iteration 2000
Best Fitness: [0.00545924]
1
iteration 2100
Best Fitness: [0.00238709]
1
iteration 2200
Best Fitness: [0.00133993]
1
iteration 2300
Best Fitness: [0.00076907]
1
iteration 2400
Best Fitness: [0.0003041]
1
iteration 2500
Best Fitness: [0.00017714]
1
iteration 2600
Best Fitness: [0.0001044]
1
iteration 2700
Best Fitness: [4.55467949e-05]
1
iteration 2800
Best Fitness: [3.10053469e-05]
1
iteration 2900
Best Fitness: [1.45398296e-05]
1
iteration 2999
Best Fitness: [5.17086427e-06]
1
iteration 0
Best Fitness: [2130574.53501395]
100
iteration 100
Best Fitness: [0.87425555]
5
iteration 200
Best Fitness: [4.86841389]
1
iteration 300
Best Fitness: [1.21512083]
1
iteration 400
Best Fitness: [0.52518398]
1
iteration 500
Best Fitness: [0.23775556]
1
iteration 600
Best Fitness: [0.10784557]
1
iteration 700
Best Fitness: [0.06112729]
1
iteration 800
Best Fitness: [0.02729246]
1
iteration 900
Best Fitness: [0.01568705]
1
iteration 1000
Best Fitness: [0.00852766]
1
iteration 1100
Best Fitness: [0.00429753]
1
iteration 1200
Best Fitness: [0.00215237]
1
iteration 1300
Best Fitness: [0.00122443]
1
iteration 1400
Best Fitness: [0.0004989]
1
iteration 1500
Best Fitness: [0.00030483]
1
iteration 1600
Best Fitness: [0.00018676]
1
iteration 1700
Best Fitness: [9.23014257e-05]
1
iteration 1800
Best Fitness: [4.37652524e-05]
1
iteration 1900
Best Fitness: [2.47450587e-05]
1
iteration 2000
Best Fitness: [1.1200098e-05]
1
iteration 2100
Best Fitness: [7.07422185e-06]
1
iteration 2200
Best Fitness: [3.67522057e-06]
1
iteration 2300
Best Fitness: [1.71014997e-06]
1
iteration 2400
Best Fitness: [8.85560926e-07]
1
iteration 2500
Best Fitness: [3.68765151e-07]
1
iteration 2600
Best Fitness: [2.35600101e-07]
1
iteration 2700
Best Fitness: [1.14887526e-07]
1
iteration 2800
Best Fitness: [5.03828971e-08]
1
iteration 2900
Best Fitness: [3.21661846e-08]
1
iteration 2999
Best Fitness: [1.58315338e-08]
1
iteration 0
Best Fitness: [2420454.4882503]
100
iteration 100
Best Fitness: [868086.66823126]
1
iteration 200
Best Fitness: [279194.52673428]
1
iteration 300
Best Fitness: [91676.28827805]
1
iteration 400
Best Fitness: [44664.96904511]
1
iteration 500
Best Fitness: [19237.62544463]
1
iteration 600
Best Fitness: [9890.00837833]
1
iteration 700
Best Fitness: [5093.45605981]
1
iteration 800
Best Fitness: [2650.28253978]
1
iteration 900
Best Fitness: [1408.99081901]
1
iteration 1000
Best Fitness: [719.85520717]
1
iteration 1100
Best Fitness: [330.01491291]
1
iteration 1200
Best Fitness: [168.35526357]
1
iteration 1300
Best Fitness: [100.24771817]
1
iteration 1400
Best Fitness: [43.93827796]
1
iteration 1500
Best Fitness: [21.40389139]
1
iteration 1600
Best Fitness: [12.67149799]
1
iteration 1700
Best Fitness: [6.37909039]
1
iteration 1800
Best Fitness: [3.19063974]
1
iteration 1900
Best Fitness: [1.8372527]
1
iteration 2000
Best Fitness: [1.15797658]
1
iteration 2100
Best Fitness: [0.56139474]
1
iteration 2200
Best Fitness: [0.26804172]
1
iteration 2300
Best Fitness: [0.12048925]
1
iteration 2400
Best Fitness: [0.06609423]
1
iteration 2500
Best Fitness: [0.04559167]
1
iteration 2600
Best Fitness: [0.02261119]
1
iteration 2700
Best Fitness: [0.01018329]
1
iteration 2800
Best Fitness: [0.00683546]
1
iteration 2900
Best Fitness: [0.00316496]
1
iteration 2999
Best Fitness: [0.00166094]
1
iteration 0
Best Fitness: [2969257.37649569]
100
iteration 100
Best Fitness: [32.86664133]
1
iteration 200
Best Fitness: [5.46037362]
1
iteration 300
Best Fitness: [1.98794538]
1
iteration 400
Best Fitness: [0.99378398]
1
iteration 500
Best Fitness: [0.47764244]
1
iteration 600
Best Fitness: [0.16794062]
1
iteration 700
Best Fitness: [0.09738452]
1
iteration 800
Best Fitness: [0.05358292]
1
iteration 900
Best Fitness: [0.02847024]
1
iteration 1000
Best Fitness: [0.0175072]
1
iteration 1100
Best Fitness: [0.00819009]
1
iteration 1200
Best Fitness: [0.00372442]
1
iteration 1300
Best Fitness: [0.00179514]
1
iteration 1400
Best Fitness: [0.00087115]
1
iteration 1500
Best Fitness: [0.00045867]
1
iteration 1600
Best Fitness: [0.00025031]
1
iteration 1700
Best Fitness: [0.00011885]
1
iteration 1800
Best Fitness: [5.83345068e-05]
1
iteration 1900
Best Fitness: [3.79114249e-05]
1
iteration 2000
Best Fitness: [2.5427916e-05]
1
iteration 2100
Best Fitness: [1.48727718e-05]
1
iteration 2200
Best Fitness: [8.4116243e-06]
1
iteration 2300
Best Fitness: [4.42029508e-06]
1
iteration 2400
Best Fitness: [2.41779319e-06]
1
iteration 2500
Best Fitness: [1.00555712e-06]
1
iteration 2600
Best Fitness: [5.45932401e-07]
1
iteration 2700
Best Fitness: [2.75633659e-07]
1
iteration 2800
Best Fitness: [1.60874393e-07]
1
iteration 2900
Best Fitness: [8.32534972e-08]
1
iteration 2999
Best Fitness: [5.42362935e-08]
1
iteration 0
Best Fitness: [4801803.42899998]
100
iteration 100
Best Fitness: [35681.63125198]
1
iteration 200
Best Fitness: [9010.39067818]
1
iteration 300
Best Fitness: [2988.07125767]
1
iteration 400
Best Fitness: [995.69008751]
1
iteration 500
Best Fitness: [458.33501574]
1
iteration 600
Best Fitness: [273.68156426]
1
iteration 700
Best Fitness: [158.19250883]
1
iteration 800
Best Fitness: [72.64373901]
1
iteration 900
Best Fitness: [34.96612997]
1
iteration 1000
Best Fitness: [16.68633167]
1
iteration 1100
Best Fitness: [9.355765]
1
iteration 1200
Best Fitness: [5.7581317]
1
iteration 1300
Best Fitness: [2.67533476]
1
iteration 1400
Best Fitness: [1.29651048]
1
iteration 1500
Best Fitness: [0.81750075]
1
iteration 1600
Best Fitness: [0.48931757]
1
iteration 1700
Best Fitness: [0.24708149]
1
iteration 1800
Best Fitness: [0.12197671]
1
iteration 1900
Best Fitness: [0.05900638]
1
iteration 2000
Best Fitness: [0.02550228]
1
iteration 2100
Best Fitness: [0.0133407]
1
iteration 2200
Best Fitness: [0.00797479]
1
iteration 2300
Best Fitness: [0.00303494]
1
iteration 2400
Best Fitness: [0.00189478]
1
iteration 2500
Best Fitness: [0.00086965]
1
iteration 2600
Best Fitness: [0.00049861]
1
iteration 2700
Best Fitness: [0.00027553]
1
iteration 2800
Best Fitness: [0.00012085]
1
iteration 2900
Best Fitness: [5.64201567e-05]
1
iteration 2999
Best Fitness: [2.68083288e-05]
1
iteration 0
Best Fitness: [3590146.97123386]
100
iteration 100
Best Fitness: [149.12130737]
1
iteration 200
Best Fitness: [36.43161011]
1
iteration 300
Best Fitness: [13.59695053]
1
iteration 400
Best Fitness: [7.37323142]
1
iteration 500
Best Fitness: [3.23752418]
1
iteration 600
Best Fitness: [1.47067384]
1
iteration 700
Best Fitness: [0.78722455]
1
iteration 800
Best Fitness: [0.35159967]
1
iteration 900
Best Fitness: [0.22122728]
1
iteration 1000
Best Fitness: [0.11978393]
1
iteration 1100
Best Fitness: [0.05505458]
1
iteration 1200
Best Fitness: [0.0311784]
1
iteration 1300
Best Fitness: [0.01596298]
1
iteration 1400
Best Fitness: [0.00846061]
1
iteration 1500
Best Fitness: [0.0050545]
1
iteration 1600
Best Fitness: [0.00264587]
1
iteration 1700
Best Fitness: [0.00125712]
1
iteration 1800
Best Fitness: [0.00072616]
1
iteration 1900
Best Fitness: [0.00036001]
1
iteration 2000
Best Fitness: [0.00020289]
1
iteration 2100
Best Fitness: [0.00010431]
1
iteration 2200
Best Fitness: [6.12167446e-05]
1
iteration 2300
Best Fitness: [2.97841563e-05]
1
iteration 2400
Best Fitness: [1.26437426e-05]
1
iteration 2500
Best Fitness: [6.96804929e-06]
1
iteration 2600
Best Fitness: [4.24622017e-06]
1
iteration 2700
Best Fitness: [2.22315316e-06]
1
iteration 2800
Best Fitness: [1.16454406e-06]
1
iteration 2900
Best Fitness: [6.58180814e-07]
1
iteration 2999
Best Fitness: [3.51246438e-07]
1
iteration 0
Best Fitness: [6785432.4027296]
100
iteration 100
Best Fitness: [1.29780172e-05]
100
iteration 200
Best Fitness: [0.01418751]
1
iteration 300
Best Fitness: [0.00443506]
1
iteration 400
Best Fitness: [0.00144784]
1
iteration 500
Best Fitness: [0.00067998]
1
iteration 600
Best Fitness: [0.00031757]
1
iteration 700
Best Fitness: [0.00015777]
1
iteration 800
Best Fitness: [9.68718431e-05]
1
iteration 900
Best Fitness: [4.55970741e-05]
1
iteration 1000
Best Fitness: [2.83123876e-05]
1
iteration 1100
Best Fitness: [1.18594187e-05]
1
iteration 1200
Best Fitness: [6.18773621e-06]
1
iteration 1300
Best Fitness: [3.43870343e-06]
1
iteration 1400
Best Fitness: [1.63805053e-06]
1
iteration 1500
Best Fitness: [8.21392192e-07]
1
iteration 1600
Best Fitness: [4.28792286e-07]
1
iteration 1700
Best Fitness: [2.50261756e-07]
1
iteration 1800
Best Fitness: [1.27476063e-07]
1
iteration 1900
Best Fitness: [7.2420502e-08]
1
iteration 2000
Best Fitness: [3.98347987e-08]
1
iteration 2100
Best Fitness: [2.03593463e-08]
1
iteration 2200
Best Fitness: [1.04639309e-08]
1
iteration 2300
Best Fitness: [4.63694576e-09]
1
iteration 2400
Best Fitness: [2.26338116e-09]
1
iteration 2500
Best Fitness: [1.05119818e-09]
1
iteration 2600
Best Fitness: [5.73833073e-10]
1
iteration 2700
Best Fitness: [3.69261112e-10]
1
iteration 2800
Best Fitness: [1.61284912e-10]
1
iteration 2900
Best Fitness: [9.04758523e-11]
1
iteration 2999
Best Fitness: [5.03296926e-11]
1
iteration 0
Best Fitness: [5524260.54737432]
100
iteration 100
Best Fitness: [2.00475413e-05]
99
iteration 200
Best Fitness: [0.01197998]
1
iteration 300
Best Fitness: [0.00266312]
1
iteration 400
Best Fitness: [0.00091769]
1
iteration 500
Best Fitness: [0.00050562]
1
iteration 600
Best Fitness: [0.00020756]
1
iteration 700
Best Fitness: [9.24635968e-05]
1
iteration 800
Best Fitness: [5.98036676e-05]
1
iteration 900
Best Fitness: [2.87589139e-05]
1
iteration 1000
Best Fitness: [1.25150901e-05]
1
iteration 1100
Best Fitness: [6.42020237e-06]
1
iteration 1200
Best Fitness: [3.68542655e-06]
1
iteration 1300
Best Fitness: [1.69380864e-06]
1
iteration 1400
Best Fitness: [9.86999996e-07]
1
iteration 1500
Best Fitness: [4.95700689e-07]
1
iteration 1600
Best Fitness: [3.34437508e-07]
1
iteration 1700
Best Fitness: [1.85495956e-07]
1
iteration 1800
Best Fitness: [1.14131567e-07]
1
iteration 1900
Best Fitness: [5.94342583e-08]
1
iteration 2000
Best Fitness: [2.83182673e-08]
1
iteration 2100
Best Fitness: [1.3546111e-08]
1
iteration 2200
Best Fitness: [7.07896236e-09]
1
iteration 2300
Best Fitness: [4.43786216e-09]
1
iteration 2400
Best Fitness: [2.86901076e-09]
1
iteration 2500
Best Fitness: [1.34537019e-09]
1
iteration 2600
Best Fitness: [6.0312431e-10]
1
iteration 2700
Best Fitness: [3.16932348e-10]
1
iteration 2800
Best Fitness: [1.82861578e-10]
1
iteration 2900
Best Fitness: [9.07863567e-11]
1
iteration 2999
Best Fitness: [5.10314534e-11]
1
iteration 0
Best Fitness: [2669863.48440781]
100
iteration 100
Best Fitness: [1.05623457e-05]
100
iteration 200
Best Fitness: [0.00093928]
1
iteration 300
Best Fitness: [0.00069862]
1
iteration 400
Best Fitness: [0.00031441]
1
iteration 500
Best Fitness: [0.00015819]
1
iteration 600
Best Fitness: [6.23427922e-05]
1
iteration 700
Best Fitness: [2.69376098e-05]
1
iteration 800
Best Fitness: [1.55969184e-05]
1
iteration 900
Best Fitness: [6.78445466e-06]
1
iteration 1000
Best Fitness: [3.37461138e-06]
1
iteration 1100
Best Fitness: [1.81933226e-06]
1
iteration 1200
Best Fitness: [1.0360633e-06]
1
iteration 1300
Best Fitness: [5.6850487e-07]
1
iteration 1400
Best Fitness: [2.75677765e-07]
1
iteration 1500
Best Fitness: [1.38914927e-07]
1
iteration 1600
Best Fitness: [8.17636705e-08]
1
iteration 1700
Best Fitness: [4.21343898e-08]
1
iteration 1800
Best Fitness: [2.01653582e-08]
1
iteration 1900
Best Fitness: [9.5191048e-09]
1
iteration 2000
Best Fitness: [3.60460565e-09]
1
iteration 2100
Best Fitness: [1.93915575e-09]
1
iteration 2200
Best Fitness: [1.29571495e-09]
1
iteration 2300
Best Fitness: [8.0993514e-10]
1
iteration 2400
Best Fitness: [4.87233618e-10]
1
iteration 2500
Best Fitness: [2.36490531e-10]
1
iteration 2600
Best Fitness: [1.13906798e-10]
1
iteration 2700
Best Fitness: [5.6884537e-11]
1
iteration 2800
Best Fitness: [3.78678127e-11]
1
iteration 2900
Best Fitness: [2.11009716e-11]
1
iteration 2999
Best Fitness: [1.22130212e-11]
1
iteration 0
Best Fitness: [1602177.45942483]
100
iteration 100
Best Fitness: [1963658.68568539]
1
iteration 200
Best Fitness: [552349.05429343]
1
iteration 300
Best Fitness: [242898.06500846]
1
iteration 400
Best Fitness: [131508.77935542]
1
iteration 500
Best Fitness: [49167.95431423]
1
iteration 600
Best Fitness: [32569.47291411]
1
iteration 700
Best Fitness: [13744.63429121]
1
iteration 800
Best Fitness: [7005.07696858]
1
iteration 900
Best Fitness: [3747.06898862]
1
iteration 1000
Best Fitness: [2264.7175066]
1
iteration 1100
Best Fitness: [1313.3296842]
1
iteration 1200
Best Fitness: [689.81414634]
1
iteration 1300
Best Fitness: [379.76207874]
1
iteration 1400
Best Fitness: [184.77364554]
1
iteration 1500
Best Fitness: [88.97840362]
1
iteration 1600
Best Fitness: [45.20414118]
1
iteration 1700
Best Fitness: [23.11178405]
1
iteration 1800
Best Fitness: [13.53238884]
1
iteration 1900
Best Fitness: [6.97591249]
1
iteration 2000
Best Fitness: [3.84693032]
1
iteration 2100
Best Fitness: [1.57617579]
1
iteration 2200
Best Fitness: [0.94312183]
1
iteration 2300
Best Fitness: [0.48451938]
1
iteration 2400
Best Fitness: [0.26116306]
1
iteration 2500
Best Fitness: [0.11993624]
1
iteration 2600
Best Fitness: [0.07187783]
1
iteration 2700
Best Fitness: [0.04603242]
1
iteration 2800
Best Fitness: [0.0219707]
1
iteration 2900
Best Fitness: [0.01199199]
1
iteration 2999
Best Fitness: [0.0062886]
1
[array([5.17086427e-06]), array([1.58315338e-08]), array([0.00166094]), array([5.42362935e-08]), array([2.68083288e-05]), array([3.51246438e-07]), array([5.03296926e-11]), array([5.10314534e-11]), array([1.22130212e-11]), array([0.0062886])]
iteration 0
Best Fitness: [412863.17389511]
100
iteration 100
Best Fitness: [265.43643915]
1
iteration 200
Best Fitness: [103.39729689]
1
iteration 300
Best Fitness: [52.19803898]
1
iteration 400
Best Fitness: [26.37159664]
1
iteration 500
Best Fitness: [13.95311312]
1
iteration 600
Best Fitness: [6.2735056]
1
iteration 700
Best Fitness: [3.38567418]
1
iteration 800
Best Fitness: [1.7208733]
1
iteration 900
Best Fitness: [0.87645804]
1
iteration 1000
Best Fitness: [0.56194096]
1
iteration 1100
Best Fitness: [0.25715474]
1
iteration 1200
Best Fitness: [0.10760717]
1
iteration 1300
Best Fitness: [0.05523807]
1
iteration 1400
Best Fitness: [0.02585091]
1
iteration 1500
Best Fitness: [0.01402642]
1
iteration 1600
Best Fitness: [0.00778513]
1
iteration 1700
Best Fitness: [0.00360794]
1
iteration 1800
Best Fitness: [0.00232023]
1
iteration 1900
Best Fitness: [0.00139412]
1
iteration 2000
Best Fitness: [0.00074435]
1
iteration 2100
Best Fitness: [0.00034761]
1
iteration 2200
Best Fitness: [0.00015503]
1
iteration 2300
Best Fitness: [9.58054573e-05]
1
iteration 2400
Best Fitness: [3.94649155e-05]
1
iteration 2500
Best Fitness: [1.90050255e-05]
1
iteration 2600
Best Fitness: [1.0663098e-05]
1
iteration 2700
Best Fitness: [5.7364966e-06]
1
iteration 2800
Best Fitness: [2.97918292e-06]
1
iteration 2900
Best Fitness: [1.63455326e-06]
1
iteration 2999
Best Fitness: [9.07970214e-07]
1
iteration 0
Best Fitness: [40358.85037564]
100
iteration 100
Best Fitness: [278.74486494]
1
iteration 200
Best Fitness: [137.30932858]
1
iteration 300
Best Fitness: [74.50000866]
1
iteration 400
Best Fitness: [44.1394917]
1
iteration 500
Best Fitness: [19.86444034]
1
iteration 600
Best Fitness: [10.99734386]
1
iteration 700
Best Fitness: [4.7689044]
1
iteration 800
Best Fitness: [2.87094994]
1
iteration 900
Best Fitness: [1.55296493]
1
iteration 1000
Best Fitness: [0.83370212]
1
iteration 1100
Best Fitness: [0.36431571]
1
iteration 1200
Best Fitness: [0.23161195]
1
iteration 1300
Best Fitness: [0.09856084]
1
iteration 1400
Best Fitness: [0.0501748]
1
iteration 1500
Best Fitness: [0.02373609]
1
iteration 1600
Best Fitness: [0.01519861]
1
iteration 1700
Best Fitness: [0.00828232]
1
iteration 1800
Best Fitness: [0.00445031]
1
iteration 1900
Best Fitness: [0.00253864]
1
iteration 2000
Best Fitness: [0.00121322]
1
iteration 2100
Best Fitness: [0.00062133]
1
iteration 2200
Best Fitness: [0.00030584]
1
iteration 2300
Best Fitness: [0.00014664]
1
iteration 2400
Best Fitness: [7.67586108e-05]
1
iteration 2500
Best Fitness: [3.72462576e-05]
1
iteration 2600
Best Fitness: [2.03780446e-05]
1
iteration 2700
Best Fitness: [1.15390543e-05]
1
iteration 2800
Best Fitness: [6.05178589e-06]
1
iteration 2900
Best Fitness: [3.55887959e-06]
1
iteration 2999
Best Fitness: [2.04674243e-06]
1
iteration 0
Best Fitness: [552828.00462667]
100
iteration 100
Best Fitness: [68.19679331]
1
iteration 200
Best Fitness: [31.98007248]
1
iteration 300
Best Fitness: [12.99502751]
1
iteration 400
Best Fitness: [6.31586939]
1
iteration 500
Best Fitness: [3.53115233]
1
iteration 600
Best Fitness: [1.91779858]
1
iteration 700
Best Fitness: [0.80373128]
1
iteration 800
Best Fitness: [0.53061553]
1
iteration 900
Best Fitness: [0.27834025]
1
iteration 1000
Best Fitness: [0.13761274]
1
iteration 1100
Best Fitness: [0.06583488]
1
iteration 1200
Best Fitness: [0.04032149]
1
iteration 1300
Best Fitness: [0.01937801]
1
iteration 1400
Best Fitness: [0.01114449]
1
iteration 1500
Best Fitness: [0.00666879]
1
iteration 1600
Best Fitness: [0.00332436]
1
iteration 1700
Best Fitness: [0.00147723]
1
iteration 1800
Best Fitness: [0.00076272]
1
iteration 1900
Best Fitness: [0.00038882]
1
iteration 2000
Best Fitness: [0.00017697]
1
iteration 2100
Best Fitness: [0.00010354]
1
iteration 2200
Best Fitness: [6.43650386e-05]
1
iteration 2300
Best Fitness: [3.25535716e-05]
1
iteration 2400
Best Fitness: [1.74437814e-05]
1
iteration 2500
Best Fitness: [8.90383013e-06]
1
iteration 2600
Best Fitness: [4.69157293e-06]
1
iteration 2700
Best Fitness: [2.23870362e-06]
1
iteration 2800
Best Fitness: [1.04312545e-06]
1
iteration 2900
Best Fitness: [4.85595929e-07]
1
iteration 2999
Best Fitness: [3.33870337e-07]
1
iteration 0
Best Fitness: [5141.59700002]
100
iteration 100
Best Fitness: [13.9754814]
1
iteration 200
Best Fitness: [7.4456029]
1
iteration 300
Best Fitness: [3.63367868]
1
iteration 400
Best Fitness: [1.71194583]
1
iteration 500
Best Fitness: [0.69614047]
1
iteration 600
Best Fitness: [0.368137]
1
iteration 700
Best Fitness: [0.17322343]
1
iteration 800
Best Fitness: [0.09472816]
1
iteration 900
Best Fitness: [0.05689291]
1
iteration 1000
Best Fitness: [0.02734114]
1
iteration 1100
Best Fitness: [0.01543696]
1
iteration 1200
Best Fitness: [0.00790994]
1
iteration 1300
Best Fitness: [0.00395788]
1
iteration 1400
Best Fitness: [0.00195767]
1
iteration 1500
Best Fitness: [0.00109738]
1
iteration 1600
Best Fitness: [0.00053843]
1
iteration 1700
Best Fitness: [0.00030093]
1
iteration 1800
Best Fitness: [0.00013124]
1
iteration 1900
Best Fitness: [7.79194133e-05]
1
iteration 2000
Best Fitness: [4.55446422e-05]
1
iteration 2100
Best Fitness: [2.73542559e-05]
1
iteration 2200
Best Fitness: [1.38236456e-05]
1
iteration 2300
Best Fitness: [6.01584472e-06]
1
iteration 2400
Best Fitness: [2.55875294e-06]
1
iteration 2500
Best Fitness: [1.23419363e-06]
1
iteration 2600
Best Fitness: [7.76331346e-07]
1
iteration 2700
Best Fitness: [3.92334543e-07]
1
iteration 2800
Best Fitness: [1.96748836e-07]
1
iteration 2900
Best Fitness: [1.0356234e-07]
1
iteration 2999
Best Fitness: [5.67431635e-08]
1
iteration 0
Best Fitness: [3901.09606288]
100
iteration 100
Best Fitness: [449.43001652]
1
iteration 200
Best Fitness: [201.53487877]
1
iteration 300
Best Fitness: [101.29065865]
1
iteration 400
Best Fitness: [45.76585847]
1
iteration 500
Best Fitness: [23.91020505]
1
iteration 600
Best Fitness: [7.09883809]
1
iteration 700
Best Fitness: [4.42360662]
1
iteration 800
Best Fitness: [2.69594215]
1
iteration 900
Best Fitness: [1.3505846]
1
iteration 1000
Best Fitness: [0.76660904]
1
iteration 1100
Best Fitness: [0.45070108]
1
iteration 1200
Best Fitness: [0.22815307]
1
iteration 1300
Best Fitness: [0.10538849]
1
iteration 1400
Best Fitness: [0.05651013]
1
iteration 1500
Best Fitness: [0.03200459]
1
iteration 1600
Best Fitness: [0.0182745]
1
iteration 1700
Best Fitness: [0.01042391]
1
iteration 1800
Best Fitness: [0.00587927]
1
iteration 1900
Best Fitness: [0.00267507]
1
iteration 2000
Best Fitness: [0.00127178]
1
iteration 2100
Best Fitness: [0.00068776]
1
iteration 2200
Best Fitness: [0.00029602]
1
iteration 2300
Best Fitness: [0.00016346]
1
iteration 2400
Best Fitness: [7.38575489e-05]
1
iteration 2500
Best Fitness: [4.51757871e-05]
1
iteration 2600
Best Fitness: [2.24429856e-05]
1
iteration 2700
Best Fitness: [1.15254475e-05]
1
iteration 2800
Best Fitness: [5.75573133e-06]
1
iteration 2900
Best Fitness: [3.40131078e-06]
1
iteration 2999
Best Fitness: [1.91665995e-06]
1
iteration 0
Best Fitness: [117478.21625615]
100
iteration 100
Best Fitness: [181.83033085]
1
iteration 200
Best Fitness: [122.47408967]
1
iteration 300
Best Fitness: [54.91108399]
1
iteration 400
Best Fitness: [24.62257724]
1
iteration 500
Best Fitness: [14.94956938]
1
iteration 600
Best Fitness: [7.20106734]
1
iteration 700
Best Fitness: [3.54053251]
1
iteration 800
Best Fitness: [1.96980455]
1
iteration 900
Best Fitness: [1.1211001]
1
iteration 1000
Best Fitness: [0.51883461]
1
iteration 1100
Best Fitness: [0.33753493]
1
iteration 1200
Best Fitness: [0.14128962]
1
iteration 1300
Best Fitness: [0.06263933]
1
iteration 1400
Best Fitness: [0.03791744]
1
iteration 1500
Best Fitness: [0.01199398]
1
iteration 1600
Best Fitness: [0.0066434]
1
iteration 1700
Best Fitness: [0.00518353]
1
iteration 1800
Best Fitness: [0.00292119]
1
iteration 1900
Best Fitness: [0.00147049]
1
iteration 2000
Best Fitness: [0.00079257]
1
iteration 2100
Best Fitness: [0.00043417]
1
iteration 2200
Best Fitness: [0.00021583]
1
iteration 2300
Best Fitness: [0.00010646]
1
iteration 2400
Best Fitness: [5.40824252e-05]
1
iteration 2500
Best Fitness: [2.47005784e-05]
1
iteration 2600
Best Fitness: [1.45823164e-05]
1
iteration 2700
Best Fitness: [7.97576259e-06]
1
iteration 2800
Best Fitness: [4.3644807e-06]
1
iteration 2900
Best Fitness: [2.13485398e-06]
1
iteration 2999
Best Fitness: [1.06355462e-06]
1
iteration 0
Best Fitness: [1512107.28835804]
100
iteration 100
Best Fitness: [348.06129423]
1
iteration 200
Best Fitness: [202.79978208]
1
iteration 300
Best Fitness: [92.25274778]
1
iteration 400
Best Fitness: [42.63948526]
1
iteration 500
Best Fitness: [28.77907663]
1
iteration 600
Best Fitness: [13.64763331]
1
iteration 700
Best Fitness: [8.42336013]
1
iteration 800
Best Fitness: [4.27397935]
1
iteration 900
Best Fitness: [2.24313606]
1
iteration 1000
Best Fitness: [1.18511156]
1
iteration 1100
Best Fitness: [0.50145654]
1
iteration 1200
Best Fitness: [0.30685611]
1
iteration 1300
Best Fitness: [0.13555142]
1
iteration 1400
Best Fitness: [0.0829646]
1
iteration 1500
Best Fitness: [0.04687042]
1
iteration 1600
Best Fitness: [0.02549125]
1
iteration 1700
Best Fitness: [0.0121329]
1
iteration 1800
Best Fitness: [0.00742243]
1
iteration 1900
Best Fitness: [0.00359984]
1
iteration 2000
Best Fitness: [0.00186875]
1
iteration 2100
Best Fitness: [0.00082509]
1
iteration 2200
Best Fitness: [0.00044586]
1
iteration 2300
Best Fitness: [0.00022648]
1
iteration 2400
Best Fitness: [0.00012546]
1
iteration 2500
Best Fitness: [5.73969381e-05]
1
iteration 2600
Best Fitness: [2.78213042e-05]
1
iteration 2700
Best Fitness: [1.61283596e-05]
1
iteration 2800
Best Fitness: [8.00189997e-06]
1
iteration 2900
Best Fitness: [4.24786997e-06]
1
iteration 2999
Best Fitness: [2.54531175e-06]
1
iteration 0
Best Fitness: [258093.58619717]
100
iteration 100
Best Fitness: [15.90207727]
1
iteration 200
Best Fitness: [5.70425059]
1
iteration 300
Best Fitness: [3.07098298]
1
iteration 400
Best Fitness: [1.16130274]
1
iteration 500
Best Fitness: [0.76331291]
1
iteration 600
Best Fitness: [0.37150562]
1
iteration 700
Best Fitness: [0.20645073]
1
iteration 800
Best Fitness: [0.09567979]
1
iteration 900
Best Fitness: [0.05407169]
1
iteration 1000
Best Fitness: [0.02272187]
1
iteration 1100
Best Fitness: [0.01251141]
1
iteration 1200
Best Fitness: [0.00742997]
1
iteration 1300
Best Fitness: [0.00406698]
1
iteration 1400
Best Fitness: [0.00173943]
1
iteration 1500
Best Fitness: [0.00094283]
1
iteration 1600
Best Fitness: [0.00049444]
1
iteration 1700
Best Fitness: [0.00029372]
1
iteration 1800
Best Fitness: [0.00014357]
1
iteration 1900
Best Fitness: [7.91155962e-05]
1
iteration 2000
Best Fitness: [4.17325909e-05]
1
iteration 2100
Best Fitness: [2.33233737e-05]
1
iteration 2200
Best Fitness: [1.297239e-05]
1
iteration 2300
Best Fitness: [7.0647764e-06]
1
iteration 2400
Best Fitness: [3.63251599e-06]
1
iteration 2500
Best Fitness: [1.62625438e-06]
1
iteration 2600
Best Fitness: [8.54621188e-07]
1
iteration 2700
Best Fitness: [3.78348678e-07]
1
iteration 2800
Best Fitness: [2.40565361e-07]
1
iteration 2900
Best Fitness: [1.17500807e-07]
1
iteration 2999
Best Fitness: [6.66156364e-08]
1
iteration 0
Best Fitness: [52171.55714457]
100
iteration 100
Best Fitness: [16.67084227]
1
iteration 200
Best Fitness: [5.70131715]
1
iteration 300
Best Fitness: [2.33971265]
1
iteration 400
Best Fitness: [1.29411493]
1
iteration 500
Best Fitness: [0.67851967]
1
iteration 600
Best Fitness: [0.35809201]
1
iteration 700
Best Fitness: [0.17810935]
1
iteration 800
Best Fitness: [0.10457018]
1
iteration 900
Best Fitness: [0.05340166]
1
iteration 1000
Best Fitness: [0.03197725]
1
iteration 1100
Best Fitness: [0.01539035]
1
iteration 1200
Best Fitness: [0.00936038]
1
iteration 1300
Best Fitness: [0.00513617]
1
iteration 1400
Best Fitness: [0.0028837]
1
iteration 1500
Best Fitness: [0.0016183]
1
iteration 1600
Best Fitness: [0.00077473]
1
iteration 1700
Best Fitness: [0.00040212]
1
iteration 1800
Best Fitness: [0.00023081]
1
iteration 1900
Best Fitness: [9.64916186e-05]
1
iteration 2000
Best Fitness: [5.15665579e-05]
1
iteration 2100
Best Fitness: [2.60711354e-05]
1
iteration 2200
Best Fitness: [1.45753558e-05]
1
iteration 2300
Best Fitness: [8.30848106e-06]
1
iteration 2400
Best Fitness: [4.05906764e-06]
1
iteration 2500
Best Fitness: [2.13156595e-06]
1
iteration 2600
Best Fitness: [1.07328286e-06]
1
iteration 2700
Best Fitness: [6.50829422e-07]
1
iteration 2800
Best Fitness: [3.83017303e-07]
1
iteration 2900
Best Fitness: [1.70617342e-07]
1
iteration 2999
Best Fitness: [1.05282808e-07]
1
iteration 0
Best Fitness: [54634.04297707]
100
iteration 100
Best Fitness: [861.57473284]
1
iteration 200
Best Fitness: [414.00509612]
1
iteration 300
Best Fitness: [216.21886417]
1
iteration 400
Best Fitness: [123.37091907]
1
iteration 500
Best Fitness: [55.12536441]
1
iteration 600
Best Fitness: [34.56328425]
1
iteration 700
Best Fitness: [17.04603346]
1
iteration 800
Best Fitness: [8.61084718]
1
iteration 900
Best Fitness: [4.39014813]
1
iteration 1000
Best Fitness: [2.4211099]
1
iteration 1100
Best Fitness: [1.31726133]
1
iteration 1200
Best Fitness: [0.60399436]
1
iteration 1300
Best Fitness: [0.35615481]
1
iteration 1400
Best Fitness: [0.17833942]
1
iteration 1500
Best Fitness: [0.08696779]
1
iteration 1600
Best Fitness: [0.04730789]
1
iteration 1700
Best Fitness: [0.02457565]
1
iteration 1800
Best Fitness: [0.01129516]
1
iteration 1900
Best Fitness: [0.00540435]
1
iteration 2000
Best Fitness: [0.00328046]
1
iteration 2100
Best Fitness: [0.00177065]
1
iteration 2200
Best Fitness: [0.00085591]
1
iteration 2300
Best Fitness: [0.0004718]
1
iteration 2400
Best Fitness: [0.00024635]
1
iteration 2500
Best Fitness: [0.00012744]
1
iteration 2600
Best Fitness: [6.627867e-05]
1
iteration 2700
Best Fitness: [3.73354772e-05]
1
iteration 2800
Best Fitness: [1.81368254e-05]
1
iteration 2900
Best Fitness: [9.5155034e-06]
1
iteration 2999
Best Fitness: [4.62797793e-06]
1
[array([9.07970214e-07]), array([2.04674243e-06]), array([3.33870337e-07]), array([5.67431635e-08]), array([1.91665995e-06]), array([1.06355462e-06]), array([2.54531175e-06]), array([6.66156364e-08]), array([1.05282808e-07]), array([4.62797793e-06])]
iteration 0
Best Fitness: [10.32932665]
100
iteration 100
Best Fitness: [1.36026195e-05]
100
iteration 200
Best Fitness: [6.26403277e-05]
1
iteration 300
Best Fitness: [3.4155158e-05]
1
iteration 400
Best Fitness: [1.72105964e-05]
1
iteration 500
Best Fitness: [1.17211852e-05]
1
iteration 600
Best Fitness: [8.56619625e-06]
1
iteration 700
Best Fitness: [6.295501e-06]
1
iteration 800
Best Fitness: [4.30484233e-06]
1
iteration 900
Best Fitness: [3.13748091e-06]
1
iteration 1000
Best Fitness: [2.19829066e-06]
1
iteration 1100
Best Fitness: [1.72137193e-06]
1
iteration 1200
Best Fitness: [1.24913096e-06]
1
iteration 1300
Best Fitness: [9.58185606e-07]
1
iteration 1400
Best Fitness: [6.3762462e-07]
1
iteration 1500
Best Fitness: [4.76842278e-07]
1
iteration 1600
Best Fitness: [3.40602171e-07]
1
iteration 1700
Best Fitness: [2.54311886e-07]
1
iteration 1800
Best Fitness: [1.65432102e-07]
1
iteration 1900
Best Fitness: [1.32387552e-07]
1
iteration 2000
Best Fitness: [9.31769084e-08]
1
iteration 2100
Best Fitness: [6.75831306e-08]
1
iteration 2200
Best Fitness: [4.72350554e-08]
1
iteration 2300
Best Fitness: [3.2890672e-08]
1
iteration 2400
Best Fitness: [2.20517973e-08]
1
iteration 2500
Best Fitness: [1.7505823e-08]
1
iteration 2600
Best Fitness: [1.16575376e-08]
1
iteration 2700
Best Fitness: [9.05785358e-09]
1
iteration 2800
Best Fitness: [6.49892984e-09]
1
iteration 2900
Best Fitness: [4.80169549e-09]
1
iteration 2999
Best Fitness: [3.47651197e-09]
1
iteration 0
Best Fitness: [18.78277305]
100
iteration 100
Best Fitness: [1.48266741e-05]
100
iteration 200
Best Fitness: [5.36113911e-05]
1
iteration 300
Best Fitness: [3.46460988e-05]
1
iteration 400
Best Fitness: [1.93999972e-05]
1
iteration 500
Best Fitness: [1.26948167e-05]
1
iteration 600
Best Fitness: [9.01967245e-06]
1
iteration 700
Best Fitness: [6.28292954e-06]
1
iteration 800
Best Fitness: [4.89267286e-06]
1
iteration 900
Best Fitness: [3.62462884e-06]
1
iteration 1000
Best Fitness: [2.70589464e-06]
1
iteration 1100
Best Fitness: [1.91009088e-06]
1
iteration 1200
Best Fitness: [1.47504298e-06]
1
iteration 1300
Best Fitness: [1.14104834e-06]
1
iteration 1400
Best Fitness: [7.45764162e-07]
1
iteration 1500
Best Fitness: [5.2468954e-07]
1
iteration 1600
Best Fitness: [3.78835509e-07]
1
iteration 1700
Best Fitness: [2.87524099e-07]
1
iteration 1800
Best Fitness: [1.88290116e-07]
1
iteration 1900
Best Fitness: [1.55558525e-07]
1
iteration 2000
Best Fitness: [1.10674869e-07]
1
iteration 2100
Best Fitness: [7.89837249e-08]
1
iteration 2200
Best Fitness: [5.63390299e-08]
1
iteration 2300
Best Fitness: [3.92221975e-08]
1
iteration 2400
Best Fitness: [2.86295543e-08]
1
iteration 2500
Best Fitness: [2.09559308e-08]
1
iteration 2600
Best Fitness: [1.48295958e-08]
1
iteration 2700
Best Fitness: [1.09754805e-08]
1
iteration 2800
Best Fitness: [8.40550074e-09]
1
iteration 2900
Best Fitness: [5.76746872e-09]
1
iteration 2999
Best Fitness: [4.37374981e-09]
1
iteration 0
Best Fitness: [18.71916252]
100
iteration 100
Best Fitness: [1.50080798e-05]
100
iteration 200
Best Fitness: [5.00041861e-05]
1
iteration 300
Best Fitness: [2.77228788e-05]
1
iteration 400
Best Fitness: [1.63868373e-05]
1
iteration 500
Best Fitness: [1.33074065e-05]
1
iteration 600
Best Fitness: [9.34957827e-06]
1
iteration 700
Best Fitness: [6.70141607e-06]
1
iteration 800
Best Fitness: [5.26674262e-06]
1
iteration 900
Best Fitness: [3.88560809e-06]
1
iteration 1000
Best Fitness: [2.70941971e-06]
1
iteration 1100
Best Fitness: [2.0001409e-06]
1
iteration 1200
Best Fitness: [1.44334977e-06]
1
iteration 1300
Best Fitness: [1.04294722e-06]
1
iteration 1400
Best Fitness: [6.99800026e-07]
1
iteration 1500
Best Fitness: [4.58124326e-07]
1
iteration 1600
Best Fitness: [3.3833064e-07]
1
iteration 1700
Best Fitness: [2.48743927e-07]
1
iteration 1800
Best Fitness: [1.94125907e-07]
1
iteration 1900
Best Fitness: [1.32864014e-07]
1
iteration 2000
Best Fitness: [9.99845509e-08]
1
iteration 2100
Best Fitness: [7.55463216e-08]
1
iteration 2200
Best Fitness: [5.49651884e-08]
1
iteration 2300
Best Fitness: [3.91856614e-08]
1
iteration 2400
Best Fitness: [2.55703161e-08]
1
iteration 2500
Best Fitness: [1.76520847e-08]
1
iteration 2600
Best Fitness: [1.38450891e-08]
1
iteration 2700
Best Fitness: [1.0260774e-08]
1
iteration 2800
Best Fitness: [7.59120811e-09]
1
iteration 2900
Best Fitness: [5.64742608e-09]
1
iteration 2999
Best Fitness: [4.15251167e-09]
1
iteration 0
Best Fitness: [14.69861182]
100
iteration 100
Best Fitness: [1.35597583e-05]
100
iteration 200
Best Fitness: [8.67036612e-05]
1
iteration 300
Best Fitness: [6.1104012e-05]
1
iteration 400
Best Fitness: [4.19223045e-05]
1
iteration 500
Best Fitness: [2.74551282e-05]
1
iteration 600
Best Fitness: [1.87247572e-05]
1
iteration 700
Best Fitness: [1.39027474e-05]
1
iteration 800
Best Fitness: [9.56527799e-06]
1
iteration 900
Best Fitness: [7.69087944e-06]
1
iteration 1000
Best Fitness: [5.38225909e-06]
1
iteration 1100
Best Fitness: [3.70574506e-06]
1
iteration 1200
Best Fitness: [2.68405435e-06]
1
iteration 1300
Best Fitness: [1.94783933e-06]
1
iteration 1400
Best Fitness: [1.41851218e-06]
1
iteration 1500
Best Fitness: [9.98084936e-07]
1
iteration 1600
Best Fitness: [7.08657531e-07]
1
iteration 1700
Best Fitness: [4.93778014e-07]
1
iteration 1800
Best Fitness: [3.63935645e-07]
1
iteration 1900
Best Fitness: [2.52493291e-07]
1
iteration 2000
Best Fitness: [1.80372635e-07]
1
iteration 2100
Best Fitness: [1.39264998e-07]
1
iteration 2200
Best Fitness: [1.02438364e-07]
1
iteration 2300
Best Fitness: [7.04299379e-08]
1
iteration 2400
Best Fitness: [5.31847957e-08]
1
iteration 2500
Best Fitness: [3.92134507e-08]
1
iteration 2600
Best Fitness: [2.54022656e-08]
1
iteration 2700
Best Fitness: [2.02126107e-08]
1
iteration 2800
Best Fitness: [1.38519209e-08]
1
iteration 2900
Best Fitness: [1.1634921e-08]
1
iteration 2999
Best Fitness: [8.76912454e-09]
1
iteration 0
Best Fitness: [18.25892906]
100
iteration 100
Best Fitness: [1.92662227e-05]
100
iteration 200
Best Fitness: [5.08948839e-05]
1
iteration 300
Best Fitness: [2.93381679e-05]
1
iteration 400
Best Fitness: [1.79459481e-05]
1
iteration 500
Best Fitness: [1.3888894e-05]
1
iteration 600
Best Fitness: [9.85828395e-06]
1
iteration 700
Best Fitness: [8.01820136e-06]
1
iteration 800
Best Fitness: [5.47101748e-06]
1
iteration 900
Best Fitness: [3.63068505e-06]
1
iteration 1000
Best Fitness: [2.73779125e-06]
1
iteration 1100
Best Fitness: [1.98366306e-06]
1
iteration 1200
Best Fitness: [1.37475237e-06]
1
iteration 1300
Best Fitness: [1.0311479e-06]
1
iteration 1400
Best Fitness: [7.80188455e-07]
1
iteration 1500
Best Fitness: [5.92314219e-07]
1
iteration 1600
Best Fitness: [4.14501312e-07]
1
iteration 1700
Best Fitness: [3.07506472e-07]
1
iteration 1800
Best Fitness: [2.12212197e-07]
1
iteration 1900
Best Fitness: [1.60026062e-07]
1
iteration 2000
Best Fitness: [1.2078699e-07]
1
iteration 2100
Best Fitness: [8.70507333e-08]
1
iteration 2200
Best Fitness: [6.69867757e-08]
1
iteration 2300
Best Fitness: [5.14553951e-08]
1
iteration 2400
Best Fitness: [3.8083638e-08]
1
iteration 2500
Best Fitness: [2.77099343e-08]
1
iteration 2600
Best Fitness: [1.88800979e-08]
1
iteration 2700
Best Fitness: [1.38570475e-08]
1
iteration 2800
Best Fitness: [8.87747875e-09]
1
iteration 2900
Best Fitness: [7.06695902e-09]
1
iteration 2999
Best Fitness: [5.16338661e-09]
1
iteration 0
Best Fitness: [14.47602947]
100
iteration 100
Best Fitness: [1.43593251e-05]
100
iteration 200
Best Fitness: [0.00011731]
1
iteration 300
Best Fitness: [5.99759666e-05]
1
iteration 400
Best Fitness: [3.73611743e-05]
1
iteration 500
Best Fitness: [2.37709548e-05]
1
iteration 600
Best Fitness: [1.70413481e-05]
1
iteration 700
Best Fitness: [1.21529347e-05]
1
iteration 800
Best Fitness: [8.84346146e-06]
1
iteration 900
Best Fitness: [6.68023043e-06]
1
iteration 1000
Best Fitness: [4.52392061e-06]
1
iteration 1100
Best Fitness: [3.39233753e-06]
1
iteration 1200
Best Fitness: [2.19181274e-06]
1
iteration 1300
Best Fitness: [1.70719379e-06]
1
iteration 1400
Best Fitness: [1.26553418e-06]
1
iteration 1500
Best Fitness: [8.47070993e-07]
1
iteration 1600
Best Fitness: [6.56058984e-07]
1
iteration 1700
Best Fitness: [5.01157349e-07]
1
iteration 1800
Best Fitness: [3.41260478e-07]
1
iteration 1900
Best Fitness: [2.43839534e-07]
1
iteration 2000
Best Fitness: [1.80036512e-07]
1
iteration 2100
Best Fitness: [1.23224453e-07]
1
iteration 2200
Best Fitness: [9.09952438e-08]
1
iteration 2300
Best Fitness: [6.70592404e-08]
1
iteration 2400
Best Fitness: [4.38779435e-08]
1
iteration 2500
Best Fitness: [3.26267373e-08]
1
iteration 2600
Best Fitness: [2.14648144e-08]
1
iteration 2700
Best Fitness: [1.57878479e-08]
1
iteration 2800
Best Fitness: [1.18312511e-08]
1
iteration 2900
Best Fitness: [8.2253071e-09]
1
iteration 2999
Best Fitness: [5.85758686e-09]
1
iteration 0
Best Fitness: [14.77489815]
100
iteration 100
Best Fitness: [1.5092597e-05]
100
iteration 200
Best Fitness: [2.79393464e-05]
1
iteration 300
Best Fitness: [1.99612313e-05]
1
iteration 400
Best Fitness: [1.38814877e-05]
1
iteration 500
Best Fitness: [9.01193251e-06]
1
iteration 600
Best Fitness: [6.1154179e-06]
1
iteration 700
Best Fitness: [4.17516162e-06]
1
iteration 800
Best Fitness: [3.3289977e-06]
1
iteration 900
Best Fitness: [2.52062626e-06]
1
iteration 1000
Best Fitness: [1.68864133e-06]
1
iteration 1100
Best Fitness: [1.35625503e-06]
1
iteration 1200
Best Fitness: [1.04523808e-06]
1
iteration 1300
Best Fitness: [7.31271339e-07]
1
iteration 1400
Best Fitness: [5.20295128e-07]
1
iteration 1500
Best Fitness: [3.84588042e-07]
1
iteration 1600
Best Fitness: [2.69225538e-07]
1
iteration 1700
Best Fitness: [2.10370733e-07]
1
iteration 1800
Best Fitness: [1.50540096e-07]
1
iteration 1900
Best Fitness: [1.02797383e-07]
1
iteration 2000
Best Fitness: [7.58944769e-08]
1
iteration 2100
Best Fitness: [5.43458012e-08]
1
iteration 2200
Best Fitness: [3.95584974e-08]
1
iteration 2300
Best Fitness: [2.7923218e-08]
1
iteration 2400
Best Fitness: [2.15348313e-08]
1
iteration 2500
Best Fitness: [1.53273736e-08]
1
iteration 2600
Best Fitness: [1.07877445e-08]
1
iteration 2700
Best Fitness: [8.20774959e-09]
1
iteration 2800
Best Fitness: [6.00247363e-09]
1
iteration 2900
Best Fitness: [3.95730071e-09]
1
iteration 2999
Best Fitness: [2.44827492e-09]
1
iteration 0
Best Fitness: [14.36235798]
100
iteration 100
Best Fitness: [1.24550956e-05]
100
iteration 200
Best Fitness: [4.98575659e-05]
1
iteration 300
Best Fitness: [3.71835615e-05]
1
iteration 400
Best Fitness: [2.68945028e-05]
1
iteration 500
Best Fitness: [2.00337234e-05]
1
iteration 600
Best Fitness: [1.41526076e-05]
1
iteration 700
Best Fitness: [9.51286527e-06]
1
iteration 800
Best Fitness: [6.19889804e-06]
1
iteration 900
Best Fitness: [4.80301243e-06]
1
iteration 1000
Best Fitness: [3.55001356e-06]
1
iteration 1100
Best Fitness: [2.58102634e-06]
1
iteration 1200
Best Fitness: [1.83051604e-06]
1
iteration 1300
Best Fitness: [1.33021842e-06]
1
iteration 1400
Best Fitness: [8.70806023e-07]
1
iteration 1500
Best Fitness: [6.98649327e-07]
1
iteration 1600
Best Fitness: [5.11974861e-07]
1
iteration 1700
Best Fitness: [3.28493791e-07]
1
iteration 1800
Best Fitness: [2.78194197e-07]
1
iteration 1900
Best Fitness: [2.01417319e-07]
1
iteration 2000
Best Fitness: [1.36778113e-07]
1
iteration 2100
Best Fitness: [1.01730624e-07]
1
iteration 2200
Best Fitness: [7.72502351e-08]
1
iteration 2300
Best Fitness: [5.32601701e-08]
1
iteration 2400
Best Fitness: [3.56012788e-08]
1
iteration 2500
Best Fitness: [2.67492308e-08]
1
iteration 2600
Best Fitness: [1.92678766e-08]
1
iteration 2700
Best Fitness: [1.32802502e-08]
1
iteration 2800
Best Fitness: [1.01442308e-08]
1
iteration 2900
Best Fitness: [6.56849197e-09]
1
iteration 2999
Best Fitness: [5.20781684e-09]
1
iteration 0
Best Fitness: [18.61733719]
100
iteration 100
Best Fitness: [1.47718206e-05]
100
iteration 200
Best Fitness: [7.10170194e-05]
1
iteration 300
Best Fitness: [3.54939183e-05]
1
iteration 400
Best Fitness: [2.83291302e-05]
1
iteration 500
Best Fitness: [1.75330504e-05]
1
iteration 600
Best Fitness: [1.38420944e-05]
1
iteration 700
Best Fitness: [9.13307731e-06]
1
iteration 800
Best Fitness: [6.68363387e-06]
1
iteration 900
Best Fitness: [4.54059485e-06]
1
iteration 1000
Best Fitness: [3.57794532e-06]
1
iteration 1100
Best Fitness: [2.51282612e-06]
1
iteration 1200
Best Fitness: [1.83309006e-06]
1
iteration 1300
Best Fitness: [1.38275272e-06]
1
iteration 1400
Best Fitness: [9.91217995e-07]
1
iteration 1500
Best Fitness: [6.86619665e-07]
1
iteration 1600
Best Fitness: [5.16755325e-07]
1
iteration 1700
Best Fitness: [3.8452723e-07]
1
iteration 1800
Best Fitness: [2.78364241e-07]
1
iteration 1900
Best Fitness: [2.03912379e-07]
1
iteration 2000
Best Fitness: [1.37703236e-07]
1
iteration 2100
Best Fitness: [9.55133186e-08]
1
iteration 2200
Best Fitness: [7.85152641e-08]
1
iteration 2300
Best Fitness: [5.42365197e-08]
1
iteration 2400
Best Fitness: [3.86433254e-08]
1
iteration 2500
Best Fitness: [2.84363293e-08]
1
iteration 2600
Best Fitness: [1.9379041e-08]
1
iteration 2700
Best Fitness: [1.50735535e-08]
1
iteration 2800
Best Fitness: [1.11267764e-08]
1
iteration 2900
Best Fitness: [8.46490211e-09]
1
iteration 2999
Best Fitness: [5.67277114e-09]
1
iteration 0
Best Fitness: [15.53898882]
100
iteration 100
Best Fitness: [1.26828367e-05]
100
iteration 200
Best Fitness: [9.27192337e-05]
1
iteration 300
Best Fitness: [5.65191647e-05]
1
iteration 400
Best Fitness: [3.76948088e-05]
1
iteration 500
Best Fitness: [2.19376085e-05]
1
iteration 600
Best Fitness: [1.42398129e-05]
1
iteration 700
Best Fitness: [1.04227249e-05]
1
iteration 800
Best Fitness: [7.23060357e-06]
1
iteration 900
Best Fitness: [5.41617822e-06]
1
iteration 1000
Best Fitness: [4.01843992e-06]
1
iteration 1100
Best Fitness: [2.90059095e-06]
1
iteration 1200
Best Fitness: [2.11250615e-06]
1
iteration 1300
Best Fitness: [1.31268475e-06]
1
iteration 1400
Best Fitness: [1.05765077e-06]
1
iteration 1500
Best Fitness: [8.07857081e-07]
1
iteration 1600
Best Fitness: [6.12774578e-07]
1
iteration 1700
Best Fitness: [4.2939622e-07]
1
iteration 1800
Best Fitness: [3.25397633e-07]
1
iteration 1900
Best Fitness: [2.26597799e-07]
1
iteration 2000
Best Fitness: [1.63008935e-07]
1
iteration 2100
Best Fitness: [1.2467724e-07]
1
iteration 2200
Best Fitness: [8.95188106e-08]
1
iteration 2300
Best Fitness: [5.97549961e-08]
1
iteration 2400
Best Fitness: [4.55494704e-08]
1
iteration 2500
Best Fitness: [2.96154217e-08]
1
iteration 2600
Best Fitness: [2.12630593e-08]
1
iteration 2700
Best Fitness: [1.5776767e-08]
1
iteration 2800
Best Fitness: [1.11596212e-08]
1
iteration 2900
Best Fitness: [8.19640578e-09]
1
iteration 2999
Best Fitness: [5.85611604e-09]
1
[array([3.47651197e-09]), array([4.37374981e-09]), array([4.15251167e-09]), array([8.76912454e-09]), array([5.16338661e-09]), array([5.85758686e-09]), array([2.44827492e-09]), array([5.20781684e-09]), array([5.67277114e-09]), array([5.85611604e-09])]
iteration 0
Best Fitness: [11.70076143]
100
iteration 100
Best Fitness: [0.01086671]
100
iteration 200
Best Fitness: [5.86117892e-08]
100
iteration 300
Best Fitness: [0.00028959]
1
iteration 400
Best Fitness: [0.00022692]
1
iteration 500
Best Fitness: [0.00017756]
1
iteration 600
Best Fitness: [0.00014134]
1
iteration 700
Best Fitness: [0.00010098]
1
iteration 800
Best Fitness: [6.59955326e-05]
1
iteration 900
Best Fitness: [3.60494349e-05]
1
iteration 1000
Best Fitness: [1.68275488e-05]
1
iteration 1100
Best Fitness: [7.87634508e-06]
1
iteration 1200
Best Fitness: [3.99321701e-06]
1
iteration 1300
Best Fitness: [2.14295736e-06]
1
iteration 1400
Best Fitness: [1.10814923e-06]
1
iteration 1500
Best Fitness: [6.7499397e-07]
1
iteration 1600
Best Fitness: [3.18610887e-07]
1
iteration 1700
Best Fitness: [1.64061817e-07]
1
iteration 1800
Best Fitness: [7.46120747e-08]
1
iteration 1900
Best Fitness: [4.71297028e-08]
1
iteration 2000
Best Fitness: [2.43064733e-08]
1
iteration 2100
Best Fitness: [1.42971999e-08]
1
iteration 2200
Best Fitness: [6.6502821e-09]
1
iteration 2300
Best Fitness: [3.3970764e-09]
1
iteration 2400
Best Fitness: [1.69944769e-09]
1
iteration 2500
Best Fitness: [1.03483444e-09]
1
iteration 2600
Best Fitness: [5.36516609e-10]
1
iteration 2700
Best Fitness: [2.77026402e-10]
1
iteration 2800
Best Fitness: [1.59701585e-10]
1
iteration 2900
Best Fitness: [7.42090833e-11]
1
iteration 2999
Best Fitness: [3.21165317e-11]
1
iteration 0
Best Fitness: [12.64785063]
100
iteration 100
Best Fitness: [0.01174737]
100
iteration 200
Best Fitness: [0.01132151]
1
iteration 300
Best Fitness: [0.00956822]
1
iteration 400
Best Fitness: [0.00831161]
1
iteration 500
Best Fitness: [0.00722273]
1
iteration 600
Best Fitness: [0.0066503]
1
iteration 700
Best Fitness: [0.00572535]
1
iteration 800
Best Fitness: [0.00491214]
1
iteration 900
Best Fitness: [0.00406885]
1
iteration 1000
Best Fitness: [0.00318694]
1
iteration 1100
Best Fitness: [0.00252122]
1
iteration 1200
Best Fitness: [0.00218091]
1
iteration 1300
Best Fitness: [0.00181888]
1
iteration 1400
Best Fitness: [0.00144391]
1
iteration 1500
Best Fitness: [0.00125503]
1
iteration 1600
Best Fitness: [0.00106922]
1
iteration 1700
Best Fitness: [0.00093401]
1
iteration 1800
Best Fitness: [0.00075195]
1
iteration 1900
Best Fitness: [0.00069631]
1
iteration 2000
Best Fitness: [0.0005635]
1
iteration 2100
Best Fitness: [0.00044883]
1
iteration 2200
Best Fitness: [0.0003522]
1
iteration 2300
Best Fitness: [0.00024806]
1
iteration 2400
Best Fitness: [0.00019862]
1
iteration 2500
Best Fitness: [0.00014426]
1
iteration 2600
Best Fitness: [9.66668535e-05]
1
iteration 2700
Best Fitness: [5.5433485e-05]
1
iteration 2800
Best Fitness: [2.95813151e-05]
1
iteration 2900
Best Fitness: [1.27624161e-05]
1
iteration 2999
Best Fitness: [6.64597167e-06]
1
iteration 0
Best Fitness: [11.60788536]
100
iteration 100
Best Fitness: [0.01130749]
100
iteration 200
Best Fitness: [4.09996233e-08]
100
iteration 300
Best Fitness: [0.00032548]
1
iteration 400
Best Fitness: [0.00030809]
1
iteration 500
Best Fitness: [0.00026391]
1
iteration 600
Best Fitness: [0.00023331]
1
iteration 700
Best Fitness: [0.00017416]
1
iteration 800
Best Fitness: [0.000121]
1
iteration 900
Best Fitness: [8.67974315e-05]
1
iteration 1000
Best Fitness: [4.84727076e-05]
1
iteration 1100
Best Fitness: [2.72132381e-05]
1
iteration 1200
Best Fitness: [1.30812917e-05]
1
iteration 1300
Best Fitness: [5.98916708e-06]
1
iteration 1400
Best Fitness: [3.13051851e-06]
1
iteration 1500
Best Fitness: [1.75042504e-06]
1
iteration 1600
Best Fitness: [7.59094178e-07]
1
iteration 1700
Best Fitness: [4.7824102e-07]
1
iteration 1800
Best Fitness: [2.35862672e-07]
1
iteration 1900
Best Fitness: [1.25022524e-07]
1
iteration 2000
Best Fitness: [6.35190247e-08]
1
iteration 2100
Best Fitness: [3.6315015e-08]
1
iteration 2200
Best Fitness: [1.26358941e-08]
1
iteration 2300
Best Fitness: [7.7452853e-09]
1
iteration 2400
Best Fitness: [2.96725489e-09]
1
iteration 2500
Best Fitness: [1.79548465e-09]
1
iteration 2600
Best Fitness: [8.28691782e-10]
1
iteration 2700
Best Fitness: [4.96697794e-10]
1
iteration 2800
Best Fitness: [3.46432216e-10]
1
iteration 2900
Best Fitness: [1.60639502e-10]
1
iteration 2999
Best Fitness: [9.58380042e-11]
1
iteration 0
Best Fitness: [11.96847093]
100
iteration 100
Best Fitness: [0.01069977]
100
iteration 200
Best Fitness: [6.41667839e-08]
100
iteration 300
Best Fitness: [0.0003332]
1
iteration 400
Best Fitness: [0.00028056]
1
iteration 500
Best Fitness: [0.00023325]
1
iteration 600
Best Fitness: [0.00016816]
1
iteration 700
Best Fitness: [0.00013402]
1
iteration 800
Best Fitness: [8.59830668e-05]
1
iteration 900
Best Fitness: [5.76038129e-05]
1
iteration 1000
Best Fitness: [3.33422264e-05]
1
iteration 1100
Best Fitness: [1.69096556e-05]
1
iteration 1200
Best Fitness: [9.46624206e-06]
1
iteration 1300
Best Fitness: [4.89359303e-06]
1
iteration 1400
Best Fitness: [2.68328822e-06]
1
iteration 1500
Best Fitness: [1.39326619e-06]
1
iteration 1600
Best Fitness: [8.70300397e-07]
1
iteration 1700
Best Fitness: [5.07488295e-07]
1
iteration 1800
Best Fitness: [2.6023929e-07]
1
iteration 1900
Best Fitness: [1.29464127e-07]
1
iteration 2000
Best Fitness: [8.44393355e-08]
1
iteration 2100
Best Fitness: [4.47984405e-08]
1
iteration 2200
Best Fitness: [2.35984317e-08]
1
iteration 2300
Best Fitness: [1.38478242e-08]
1
iteration 2400
Best Fitness: [5.95139227e-09]
1
iteration 2500
Best Fitness: [3.11516146e-09]
1
iteration 2600
Best Fitness: [1.72840942e-09]
1
iteration 2700
Best Fitness: [8.36507752e-10]
1
iteration 2800
Best Fitness: [5.90688387e-10]
1
iteration 2900
Best Fitness: [2.78362222e-10]
1
iteration 2999
Best Fitness: [1.52340363e-10]
1
iteration 0
Best Fitness: [11.47228721]
100
iteration 100
Best Fitness: [0.01145035]
100
iteration 200
Best Fitness: [6.2996719e-08]
100
iteration 300
Best Fitness: [0.00025683]
1
iteration 400
Best Fitness: [0.00020327]
1
iteration 500
Best Fitness: [0.00016433]
1
iteration 600
Best Fitness: [0.00011522]
1
iteration 700
Best Fitness: [7.44655758e-05]
1
iteration 800
Best Fitness: [4.53069933e-05]
1
iteration 900
Best Fitness: [2.44850185e-05]
1
iteration 1000
Best Fitness: [1.47553304e-05]
1
iteration 1100
Best Fitness: [7.63680177e-06]
1
iteration 1200
Best Fitness: [4.68123633e-06]
1
iteration 1300
Best Fitness: [2.75111549e-06]
1
iteration 1400
Best Fitness: [1.40781449e-06]
1
iteration 1500
Best Fitness: [6.3375208e-07]
1
iteration 1600
Best Fitness: [3.5399222e-07]
1
iteration 1700
Best Fitness: [1.38800857e-07]
1
iteration 1800
Best Fitness: [7.62816512e-08]
1
iteration 1900
Best Fitness: [3.91262347e-08]
1
iteration 2000
Best Fitness: [1.7799465e-08]
1
iteration 2100
Best Fitness: [9.42176825e-09]
1
iteration 2200
Best Fitness: [5.23345989e-09]
1
iteration 2300
Best Fitness: [3.12920179e-09]
1
iteration 2400
Best Fitness: [1.84655846e-09]
1
iteration 2500
Best Fitness: [9.38740641e-10]
1
iteration 2600
Best Fitness: [5.36772404e-10]
1
iteration 2700
Best Fitness: [3.15537818e-10]
1
iteration 2800
Best Fitness: [1.77919901e-10]
1
iteration 2900
Best Fitness: [9.69464509e-11]
1
iteration 2999
Best Fitness: [4.42241799e-11]
1
iteration 0
Best Fitness: [13.00832384]
100
iteration 100
Best Fitness: [0.01402155]
99
iteration 200
Best Fitness: [0.08674764]
1
iteration 300
Best Fitness: [0.07448948]
1
iteration 400
Best Fitness: [0.06185113]
1
iteration 500
Best Fitness: [0.05444825]
1
iteration 600
Best Fitness: [0.0441101]
1
iteration 700
Best Fitness: [0.03753243]
1
iteration 800
Best Fitness: [0.0297519]
1
iteration 900
Best Fitness: [0.02402916]
1
iteration 1000
Best Fitness: [0.02028343]
1
iteration 1100
Best Fitness: [0.0155066]
1
iteration 1200
Best Fitness: [0.01319903]
1
iteration 1300
Best Fitness: [0.01094726]
1
iteration 1400
Best Fitness: [0.00908783]
1
iteration 1500
Best Fitness: [0.00753357]
1
iteration 1600
Best Fitness: [0.00635755]
1
iteration 1700
Best Fitness: [0.00492324]
1
iteration 1800
Best Fitness: [0.00410036]
1
iteration 1900
Best Fitness: [0.00385419]
1
iteration 2000
Best Fitness: [0.00323221]
1
iteration 2100
Best Fitness: [0.00285031]
1
iteration 2200
Best Fitness: [0.00211357]
1
iteration 2300
Best Fitness: [0.00173901]
1
iteration 2400
Best Fitness: [0.00139506]
1
iteration 2500
Best Fitness: [0.00123965]
1
iteration 2600
Best Fitness: [0.00105044]
1
iteration 2700
Best Fitness: [0.00080843]
1
iteration 2800
Best Fitness: [0.00062908]
1
iteration 2900
Best Fitness: [0.00046446]
1
iteration 2999
Best Fitness: [0.00036266]
1
iteration 0
Best Fitness: [11.09459956]
100
iteration 100
Best Fitness: [0.01039268]
100
iteration 200
Best Fitness: [8.20623711e-08]
100
iteration 300
Best Fitness: [0.00029193]
1
iteration 400
Best Fitness: [0.00026737]
1
iteration 500
Best Fitness: [0.00023581]
1
iteration 600
Best Fitness: [0.00017069]
1
iteration 700
Best Fitness: [0.00012144]
1
iteration 800
Best Fitness: [6.41619117e-05]
1
iteration 900
Best Fitness: [3.47446382e-05]
1
iteration 1000
Best Fitness: [2.12175047e-05]
1
iteration 1100
Best Fitness: [1.13146484e-05]
1
iteration 1200
Best Fitness: [6.22974957e-06]
1
iteration 1300
Best Fitness: [2.75074012e-06]
1
iteration 1400
Best Fitness: [1.43965087e-06]
1
iteration 1500
Best Fitness: [8.07592301e-07]
1
iteration 1600
Best Fitness: [3.51038437e-07]
1
iteration 1700
Best Fitness: [2.29225719e-07]
1
iteration 1800
Best Fitness: [1.15294938e-07]
1
iteration 1900
Best Fitness: [6.1739172e-08]
1
iteration 2000
Best Fitness: [2.56586361e-08]
1
iteration 2100
Best Fitness: [1.69509065e-08]
1
iteration 2200
Best Fitness: [6.96903157e-09]
1
iteration 2300
Best Fitness: [3.68453357e-09]
1
iteration 2400
Best Fitness: [2.36818209e-09]
1
iteration 2500
Best Fitness: [1.43151624e-09]
1
iteration 2600
Best Fitness: [6.53074039e-10]
1
iteration 2700
Best Fitness: [3.61723096e-10]
1
iteration 2800
Best Fitness: [2.07876383e-10]
1
iteration 2900
Best Fitness: [9.41895451e-11]
1
iteration 2999
Best Fitness: [5.13296072e-11]
1
iteration 0
Best Fitness: [12.90317335]
100
iteration 100
Best Fitness: [0.0106688]
100
iteration 200
Best Fitness: [8.75682247e-08]
100
iteration 300
Best Fitness: [0.00023747]
1
iteration 400
Best Fitness: [0.0002288]
1
iteration 500
Best Fitness: [0.0001914]
1
iteration 600
Best Fitness: [0.00016026]
1
iteration 700
Best Fitness: [0.00013076]
1
iteration 800
Best Fitness: [7.78354877e-05]
1
iteration 900
Best Fitness: [4.50440891e-05]
1
iteration 1000
Best Fitness: [2.25871795e-05]
1
iteration 1100
Best Fitness: [8.87806533e-06]
1
iteration 1200
Best Fitness: [4.50423082e-06]
1
iteration 1300
Best Fitness: [2.47493543e-06]
1
iteration 1400
Best Fitness: [1.62989329e-06]
1
iteration 1500
Best Fitness: [8.38396176e-07]
1
iteration 1600
Best Fitness: [3.70641573e-07]
1
iteration 1700
Best Fitness: [2.07043712e-07]
1
iteration 1800
Best Fitness: [1.19771641e-07]
1
iteration 1900
Best Fitness: [5.99284817e-08]
1
iteration 2000
Best Fitness: [3.13224291e-08]
1
iteration 2100
Best Fitness: [1.59829767e-08]
1
iteration 2200
Best Fitness: [7.61326646e-09]
1
iteration 2300
Best Fitness: [3.84656573e-09]
1
iteration 2400
Best Fitness: [2.41962539e-09]
1
iteration 2500
Best Fitness: [1.23591803e-09]
1
iteration 2600
Best Fitness: [5.95747451e-10]
1
iteration 2700
Best Fitness: [4.16946477e-10]
1
iteration 2800
Best Fitness: [1.82865278e-10]
1
iteration 2900
Best Fitness: [9.98170435e-11]
1
iteration 2999
Best Fitness: [5.46833689e-11]
1
iteration 0
Best Fitness: [11.71666989]
100
iteration 100
Best Fitness: [0.01229066]
100
iteration 200
Best Fitness: [8.51389927e-08]
100
iteration 300
Best Fitness: [0.00023014]
1
iteration 400
Best Fitness: [0.00018398]
1
iteration 500
Best Fitness: [0.00013927]
1
iteration 600
Best Fitness: [8.54210961e-05]
1
iteration 700
Best Fitness: [6.439395e-05]
1
iteration 800
Best Fitness: [3.20422911e-05]
1
iteration 900
Best Fitness: [2.13003518e-05]
1
iteration 1000
Best Fitness: [9.17657923e-06]
1
iteration 1100
Best Fitness: [4.95659418e-06]
1
iteration 1200
Best Fitness: [2.52257567e-06]
1
iteration 1300
Best Fitness: [1.40161833e-06]
1
iteration 1400
Best Fitness: [6.49115577e-07]
1
iteration 1500
Best Fitness: [3.44918931e-07]
1
iteration 1600
Best Fitness: [1.93289964e-07]
1
iteration 1700
Best Fitness: [1.0945061e-07]
1
iteration 1800
Best Fitness: [5.0749577e-08]
1
iteration 1900
Best Fitness: [2.39805047e-08]
1
iteration 2000
Best Fitness: [1.19362085e-08]
1
iteration 2100
Best Fitness: [6.6934831e-09]
1
iteration 2200
Best Fitness: [3.73856324e-09]
1
iteration 2300
Best Fitness: [1.93855954e-09]
1
iteration 2400
Best Fitness: [1.09719167e-09]
1
iteration 2500
Best Fitness: [5.09231768e-10]
1
iteration 2600
Best Fitness: [2.7384317e-10]
1
iteration 2700
Best Fitness: [1.27556632e-10]
1
iteration 2800
Best Fitness: [5.5848659e-11]
1
iteration 2900
Best Fitness: [2.73132628e-11]
1
iteration 2999
Best Fitness: [1.46940238e-11]
1
iteration 0
Best Fitness: [11.22629965]
100
iteration 100
Best Fitness: [0.01165418]
100
iteration 200
Best Fitness: [8.37167136e-08]
100
iteration 300
Best Fitness: [0.00024224]
1
iteration 400
Best Fitness: [0.00019997]
1
iteration 500
Best Fitness: [0.00017242]
1
iteration 600
Best Fitness: [0.00010345]
1
iteration 700
Best Fitness: [6.53779586e-05]
1
iteration 800
Best Fitness: [4.18154909e-05]
1
iteration 900
Best Fitness: [1.89187904e-05]
1
iteration 1000
Best Fitness: [8.9457636e-06]
1
iteration 1100
Best Fitness: [4.86439171e-06]
1
iteration 1200
Best Fitness: [2.12202326e-06]
1
iteration 1300
Best Fitness: [1.17139578e-06]
1
iteration 1400
Best Fitness: [6.83442607e-07]
1
iteration 1500
Best Fitness: [4.21931219e-07]
1
iteration 1600
Best Fitness: [2.47369627e-07]
1
iteration 1700
Best Fitness: [1.13172263e-07]
1
iteration 1800
Best Fitness: [5.69220617e-08]
1
iteration 1900
Best Fitness: [2.96554958e-08]
1
iteration 2000
Best Fitness: [1.77298602e-08]
1
iteration 2100
Best Fitness: [1.05395657e-08]
1
iteration 2200
Best Fitness: [5.56909185e-09]
1
iteration 2300
Best Fitness: [3.43797524e-09]
1
iteration 2400
Best Fitness: [1.72101977e-09]
1
iteration 2500
Best Fitness: [9.00257646e-10]
1
iteration 2600
Best Fitness: [5.17445642e-10]
1
iteration 2700
Best Fitness: [2.65572453e-10]
1
iteration 2800
Best Fitness: [1.17353238e-10]
1
iteration 2900
Best Fitness: [6.39488462e-11]
1
iteration 2999
Best Fitness: [2.96722646e-11]
1
[array([3.21165317e-11]), array([6.64597167e-06]), array([9.58380042e-11]), array([1.52340363e-10]), array([4.42241799e-11]), array([0.00036266]), array([5.13296072e-11]), array([5.46833689e-11]), array([1.46940238e-11]), array([2.96722646e-11])]
iteration 0
Best Fitness: [1.42355371]
100
iteration 100
Best Fitness: [0.01610018]
1
iteration 200
Best Fitness: [0.01408161]
1
iteration 300
Best Fitness: [0.01394852]
1
iteration 400
Best Fitness: [0.01382835]
1
iteration 500
Best Fitness: [0.01334819]
1
iteration 600
Best Fitness: [0.01316934]
1
iteration 700
Best Fitness: [0.00887759]
1
iteration 800
Best Fitness: [0.00887759]
1
iteration 900
Best Fitness: [0.00887759]
1
iteration 1000
Best Fitness: [0.00384358]
1
iteration 1100
Best Fitness: [0.00384225]
1
iteration 1200
Best Fitness: [0.00344701]
1
iteration 1300
Best Fitness: [0.00337133]
1
iteration 1400
Best Fitness: [0.00300283]
1
iteration 1500
Best Fitness: [0.00300255]
1
iteration 1600
Best Fitness: [0.00300255]
1
iteration 1700
Best Fitness: [0.00254548]
1
iteration 1800
Best Fitness: [0.00252584]
1
iteration 1900
Best Fitness: [0.00243978]
1
iteration 2000
Best Fitness: [0.00187308]
1
iteration 2100
Best Fitness: [0.00187308]
1
iteration 2200
Best Fitness: [0.00187308]
1
iteration 2300
Best Fitness: [0.00187308]
1
iteration 2400
Best Fitness: [0.00187308]
1
iteration 2500
Best Fitness: [0.00187308]
1
iteration 2600
Best Fitness: [0.00187308]
1
iteration 2700
Best Fitness: [0.00145762]
1
iteration 2800
Best Fitness: [0.00143828]
1
iteration 2900
Best Fitness: [0.00143828]
1
iteration 2999
Best Fitness: [0.00135107]
1
iteration 0
Best Fitness: [1.01196382]
100
iteration 100
Best Fitness: [0.82437722]
1
iteration 200
Best Fitness: [0.54077775]
1
iteration 300
Best Fitness: [0.44753551]
1
iteration 400
Best Fitness: [0.39265717]
1
iteration 500
Best Fitness: [0.38389713]
1
iteration 600
Best Fitness: [0.33945807]
1
iteration 700
Best Fitness: [0.31955378]
1
iteration 800
Best Fitness: [0.31294025]
1
iteration 900
Best Fitness: [0.28284991]
1
iteration 1000
Best Fitness: [0.23912214]
1
iteration 1100
Best Fitness: [0.23692365]
1
iteration 1200
Best Fitness: [0.23692365]
1
iteration 1300
Best Fitness: [0.23692365]
1
iteration 1400
Best Fitness: [0.23442164]
1
iteration 1500
Best Fitness: [0.23249454]
1
iteration 1600
Best Fitness: [0.23249454]
1
iteration 1700
Best Fitness: [0.18990314]
1
iteration 1800
Best Fitness: [0.14921086]
1
iteration 1900
Best Fitness: [0.14862227]
1
iteration 2000
Best Fitness: [0.14862227]
1
iteration 2100
Best Fitness: [0.14304804]
1
iteration 2200
Best Fitness: [0.1390902]
1
iteration 2300
Best Fitness: [0.13301612]
1
iteration 2400
Best Fitness: [0.1110646]
1
iteration 2500
Best Fitness: [0.10692991]
1
iteration 2600
Best Fitness: [0.08533519]
1
iteration 2700
Best Fitness: [0.07998803]
1
iteration 2800
Best Fitness: [0.06926767]
1
iteration 2900
Best Fitness: [0.05028711]
1
iteration 2999
Best Fitness: [0.04100111]
1
iteration 0
Best Fitness: [1.24178314]
100
iteration 100
Best Fitness: [2.24991883]
1
iteration 200
Best Fitness: [1.47908908]
1
iteration 300
Best Fitness: [0.98075372]
1
iteration 400
Best Fitness: [0.64598038]
1
iteration 500
Best Fitness: [0.58969715]
1
iteration 600
Best Fitness: [0.47921909]
1
iteration 700
Best Fitness: [0.40143878]
1
iteration 800
Best Fitness: [0.39717462]
1
iteration 900
Best Fitness: [0.32929584]
1
iteration 1000
Best Fitness: [0.23969391]
1
iteration 1100
Best Fitness: [0.19803713]
1
iteration 1200
Best Fitness: [0.15718023]
1
iteration 1300
Best Fitness: [0.13894915]
1
iteration 1400
Best Fitness: [0.13528731]
1
iteration 1500
Best Fitness: [0.13451419]
1
iteration 1600
Best Fitness: [0.13451419]
1
iteration 1700
Best Fitness: [0.13451419]
1
iteration 1800
Best Fitness: [0.12431568]
1
iteration 1900
Best Fitness: [0.1223503]
1
iteration 2000
Best Fitness: [0.12114844]
1
iteration 2100
Best Fitness: [0.12114844]
1
iteration 2200
Best Fitness: [0.12114844]
1
iteration 2300
Best Fitness: [0.12114844]
1
iteration 2400
Best Fitness: [0.10346177]
1
iteration 2500
Best Fitness: [0.08148733]
1
iteration 2600
Best Fitness: [0.08148538]
1
iteration 2700
Best Fitness: [0.08148538]
1
iteration 2800
Best Fitness: [0.08148538]
1
iteration 2900
Best Fitness: [0.08148538]
1
iteration 2999
Best Fitness: [0.07389497]
1
iteration 0
Best Fitness: [1.47082573]
100
iteration 100
Best Fitness: [0.34325263]
1
iteration 200
Best Fitness: [0.28564736]
1
iteration 300
Best Fitness: [0.22429835]
1
iteration 400
Best Fitness: [0.1925402]
1
iteration 500
Best Fitness: [0.15593724]
1
iteration 600
Best Fitness: [0.09998288]
1
iteration 700
Best Fitness: [0.0552479]
1
iteration 800
Best Fitness: [0.03768763]
1
iteration 900
Best Fitness: [0.02156432]
1
iteration 1000
Best Fitness: [0.01807501]
1
iteration 1100
Best Fitness: [0.01563426]
1
iteration 1200
Best Fitness: [0.01563322]
1
iteration 1300
Best Fitness: [0.01563322]
1
iteration 1400
Best Fitness: [0.01539422]
1
iteration 1500
Best Fitness: [0.01508214]
1
iteration 1600
Best Fitness: [0.01443109]
1
iteration 1700
Best Fitness: [0.01374036]
1
iteration 1800
Best Fitness: [0.01374036]
1
iteration 1900
Best Fitness: [0.01267749]
1
iteration 2000
Best Fitness: [0.01267747]
1
iteration 2100
Best Fitness: [0.01233139]
1
iteration 2200
Best Fitness: [0.0082661]
1
iteration 2300
Best Fitness: [0.00451998]
1
iteration 2400
Best Fitness: [0.00291438]
1
iteration 2500
Best Fitness: [0.00233492]
1
iteration 2600
Best Fitness: [0.00225304]
1
iteration 2700
Best Fitness: [0.00210445]
1
iteration 2800
Best Fitness: [0.00153587]
1
iteration 2900
Best Fitness: [0.00095243]
1
iteration 2999
Best Fitness: [0.00069449]
1
iteration 0
Best Fitness: [1.37339547]
100
iteration 100
Best Fitness: [0.50236734]
1
iteration 200
Best Fitness: [0.29422595]
1
iteration 300
Best Fitness: [0.25267291]
1
iteration 400
Best Fitness: [0.21137528]
1
iteration 500
Best Fitness: [0.18323681]
1
iteration 600
Best Fitness: [0.15372403]
1
iteration 700
Best Fitness: [0.14610594]
1
iteration 800
Best Fitness: [0.12599264]
1
iteration 900
Best Fitness: [0.11830623]
1
iteration 1000
Best Fitness: [0.11830623]
1
iteration 1100
Best Fitness: [0.11830623]
1
iteration 1200
Best Fitness: [0.10398096]
1
iteration 1300
Best Fitness: [0.08922118]
1
iteration 1400
Best Fitness: [0.08922113]
1
iteration 1500
Best Fitness: [0.08716182]
1
iteration 1600
Best Fitness: [0.07472502]
1
iteration 1700
Best Fitness: [0.06249548]
1
iteration 1800
Best Fitness: [0.06036908]
1
iteration 1900
Best Fitness: [0.05165931]
1
iteration 2000
Best Fitness: [0.05165874]
1
iteration 2100
Best Fitness: [0.05165874]
1
iteration 2200
Best Fitness: [0.04846304]
1
iteration 2300
Best Fitness: [0.04376082]
1
iteration 2400
Best Fitness: [0.0415121]
1
iteration 2500
Best Fitness: [0.04151202]
1
iteration 2600
Best Fitness: [0.04151202]
1
iteration 2700
Best Fitness: [0.04151202]
1
iteration 2800
Best Fitness: [0.03273124]
1
iteration 2900
Best Fitness: [0.03148772]
1
iteration 2999
Best Fitness: [0.03148772]
1
iteration 0
Best Fitness: [1.46188556]
100
iteration 100
Best Fitness: [1.64207827]
1
iteration 200
Best Fitness: [1.23558408]
1
iteration 300
Best Fitness: [0.84208495]
1
iteration 400
Best Fitness: [0.6979302]
1
iteration 500
Best Fitness: [0.62157728]
1
iteration 600
Best Fitness: [0.42844163]
1
iteration 700
Best Fitness: [0.34870738]
1
iteration 800
Best Fitness: [0.34619262]
1
iteration 900
Best Fitness: [0.34619262]
1
iteration 1000
Best Fitness: [0.34619262]
1
iteration 1100
Best Fitness: [0.34189139]
1
iteration 1200
Best Fitness: [0.29893653]
1
iteration 1300
Best Fitness: [0.29697544]
1
iteration 1400
Best Fitness: [0.25991825]
1
iteration 1500
Best Fitness: [0.23040204]
1
iteration 1600
Best Fitness: [0.22314616]
1
iteration 1700
Best Fitness: [0.20861945]
1
iteration 1800
Best Fitness: [0.20859254]
1
iteration 1900
Best Fitness: [0.20764832]
1
iteration 2000
Best Fitness: [0.18941487]
1
iteration 2100
Best Fitness: [0.18928275]
1
iteration 2200
Best Fitness: [0.18670382]
1
iteration 2300
Best Fitness: [0.16698182]
1
iteration 2400
Best Fitness: [0.15821386]
1
iteration 2500
Best Fitness: [0.1573783]
1
iteration 2600
Best Fitness: [0.15617521]
1
iteration 2700
Best Fitness: [0.15338342]
1
iteration 2800
Best Fitness: [0.14589209]
1
iteration 2900
Best Fitness: [0.13419103]
1
iteration 2999
Best Fitness: [0.11483998]
1
iteration 0
Best Fitness: [1.35789719]
100
iteration 100
Best Fitness: [0.44485258]
1
iteration 200
Best Fitness: [0.28718196]
1
iteration 300
Best Fitness: [0.20618388]
1
iteration 400
Best Fitness: [0.15743986]
1
iteration 500
Best Fitness: [0.13690605]
1
iteration 600
Best Fitness: [0.12941676]
1
iteration 700
Best Fitness: [0.12731141]
1
iteration 800
Best Fitness: [0.12730116]
1
iteration 900
Best Fitness: [0.12456083]
1
iteration 1000
Best Fitness: [0.12455262]
1
iteration 1100
Best Fitness: [0.11522709]
1
iteration 1200
Best Fitness: [0.10647398]
1
iteration 1300
Best Fitness: [0.09627982]
1
iteration 1400
Best Fitness: [0.09599284]
1
iteration 1500
Best Fitness: [0.0863021]
1
iteration 1600
Best Fitness: [0.0851026]
1
iteration 1700
Best Fitness: [0.0851026]
1
iteration 1800
Best Fitness: [0.0798226]
1
iteration 1900
Best Fitness: [0.06427553]
1
iteration 2000
Best Fitness: [0.05415855]
1
iteration 2100
Best Fitness: [0.05415713]
1
iteration 2200
Best Fitness: [0.0534837]
1
iteration 2300
Best Fitness: [0.0534837]
1
iteration 2400
Best Fitness: [0.03491469]
1
iteration 2500
Best Fitness: [0.0331907]
1
iteration 2600
Best Fitness: [0.02928241]
1
iteration 2700
Best Fitness: [0.02758974]
1
iteration 2800
Best Fitness: [0.02699961]
1
iteration 2900
Best Fitness: [0.02187035]
1
iteration 2999
Best Fitness: [0.0203917]
1
iteration 0
Best Fitness: [1.20526996]
100
iteration 100
Best Fitness: [0.18432726]
1
iteration 200
Best Fitness: [0.10595922]
1
iteration 300
Best Fitness: [0.10317731]
1
iteration 400
Best Fitness: [0.08797565]
1
iteration 500
Best Fitness: [0.07843106]
1
iteration 600
Best Fitness: [0.07031695]
1
iteration 700
Best Fitness: [0.06777083]
1
iteration 800
Best Fitness: [0.06741103]
1
iteration 900
Best Fitness: [0.06741103]
1
iteration 1000
Best Fitness: [0.06741103]
1
iteration 1100
Best Fitness: [0.06741103]
1
iteration 1200
Best Fitness: [0.06691639]
1
iteration 1300
Best Fitness: [0.06276231]
1
iteration 1400
Best Fitness: [0.06276231]
1
iteration 1500
Best Fitness: [0.06276231]
1
iteration 1600
Best Fitness: [0.06276231]
1
iteration 1700
Best Fitness: [0.05962052]
1
iteration 1800
Best Fitness: [0.05873292]
1
iteration 1900
Best Fitness: [0.05491331]
1
iteration 2000
Best Fitness: [0.05491331]
1
iteration 2100
Best Fitness: [0.04817516]
1
iteration 2200
Best Fitness: [0.04817482]
1
iteration 2300
Best Fitness: [0.04555021]
1
iteration 2400
Best Fitness: [0.04555011]
1
iteration 2500
Best Fitness: [0.04540852]
1
iteration 2600
Best Fitness: [0.04397687]
1
iteration 2700
Best Fitness: [0.04352706]
1
iteration 2800
Best Fitness: [0.04279026]
1
iteration 2900
Best Fitness: [0.04098277]
1
iteration 2999
Best Fitness: [0.03998121]
1
iteration 0
Best Fitness: [1.42050539]
100
iteration 100
Best Fitness: [0.88526712]
1
iteration 200
Best Fitness: [0.5762267]
1
iteration 300
Best Fitness: [0.50605522]
1
iteration 400
Best Fitness: [0.35064419]
1
iteration 500
Best Fitness: [0.29743067]
1
iteration 600
Best Fitness: [0.26310407]
1
iteration 700
Best Fitness: [0.25585647]
1
iteration 800
Best Fitness: [0.20748563]
1
iteration 900
Best Fitness: [0.19624462]
1
iteration 1000
Best Fitness: [0.17437266]
1
iteration 1100
Best Fitness: [0.16155916]
1
iteration 1200
Best Fitness: [0.15118012]
1
iteration 1300
Best Fitness: [0.1173337]
1
iteration 1400
Best Fitness: [0.09290724]
1
iteration 1500
Best Fitness: [0.08316383]
1
iteration 1600
Best Fitness: [0.08307775]
1
iteration 1700
Best Fitness: [0.07239858]
1
iteration 1800
Best Fitness: [0.06354386]
1
iteration 1900
Best Fitness: [0.06354386]
1
iteration 2000
Best Fitness: [0.05974497]
1
iteration 2100
Best Fitness: [0.05384387]
1
iteration 2200
Best Fitness: [0.04111392]
1
iteration 2300
Best Fitness: [0.03948515]
1
iteration 2400
Best Fitness: [0.02894016]
1
iteration 2500
Best Fitness: [0.0288977]
1
iteration 2600
Best Fitness: [0.02599401]
1
iteration 2700
Best Fitness: [0.02088656]
1
iteration 2800
Best Fitness: [0.02004105]
1
iteration 2900
Best Fitness: [0.01891448]
1
iteration 2999
Best Fitness: [0.01861842]
1
iteration 0
Best Fitness: [1.17458371]
100
iteration 100
Best Fitness: [1.26040997]
1
iteration 200
Best Fitness: [1.0244984]
1
iteration 300
Best Fitness: [0.75391935]
1
iteration 400
Best Fitness: [0.51214969]
1
iteration 500
Best Fitness: [0.41511786]
1
iteration 600
Best Fitness: [0.40082143]
1
iteration 700
Best Fitness: [0.40082143]
1
iteration 800
Best Fitness: [0.39047541]
1
iteration 900
Best Fitness: [0.36467772]
1
iteration 1000
Best Fitness: [0.35945113]
1
iteration 1100
Best Fitness: [0.35945113]
1
iteration 1200
Best Fitness: [0.3239919]
1
iteration 1300
Best Fitness: [0.30838708]
1
iteration 1400
Best Fitness: [0.27801317]
1
iteration 1500
Best Fitness: [0.26528964]
1
iteration 1600
Best Fitness: [0.26528964]
1
iteration 1700
Best Fitness: [0.25469462]
1
iteration 1800
Best Fitness: [0.23870238]
1
iteration 1900
Best Fitness: [0.22157694]
1
iteration 2000
Best Fitness: [0.22157694]
1
iteration 2100
Best Fitness: [0.22157694]
1
iteration 2200
Best Fitness: [0.20697442]
1
iteration 2300
Best Fitness: [0.18647796]
1
iteration 2400
Best Fitness: [0.18647796]
1
iteration 2500
Best Fitness: [0.18647796]
1
iteration 2600
Best Fitness: [0.18647796]
1
iteration 2700
Best Fitness: [0.1833826]
1
iteration 2800
Best Fitness: [0.13231774]
1
iteration 2900
Best Fitness: [0.1108982]
1
iteration 2999
Best Fitness: [0.10666867]
1
[array([0.00135107]), array([0.04100111]), array([0.07389497]), array([0.00069449]), array([0.03148772]), array([0.11483998]), array([0.0203917]), array([0.03998121]), array([0.01861842]), array([0.10666867])]
iteration 0
Best Fitness: [7.10446445e-06]
100
iteration 100
Best Fitness: [0.00025592]
1
iteration 200
Best Fitness: [0.00023908]
1
iteration 300
Best Fitness: [0.00023908]
1
iteration 400
Best Fitness: [0.00023908]
1
iteration 500
Best Fitness: [0.00023908]
1
iteration 600
Best Fitness: [0.00023908]
1
iteration 700
Best Fitness: [0.00023908]
1
iteration 800
Best Fitness: [0.00023908]
1
iteration 900
Best Fitness: [0.00023908]
1
iteration 1000
Best Fitness: [0.00023908]
1
iteration 1100
Best Fitness: [0.00023908]
1
iteration 1200
Best Fitness: [0.00023908]
1
iteration 1300
Best Fitness: [0.00023908]
1
iteration 1400
Best Fitness: [0.00017783]
1
iteration 1500
Best Fitness: [0.00017674]
1
iteration 1600
Best Fitness: [0.00017674]
1
iteration 1700
Best Fitness: [0.00017674]
1
iteration 1800
Best Fitness: [0.00017674]
1
iteration 1900
Best Fitness: [0.00017674]
1
iteration 2000
Best Fitness: [0.00017674]
1
iteration 2100
Best Fitness: [0.00017674]
1
iteration 2200
Best Fitness: [0.00017674]
1
iteration 2300
Best Fitness: [0.00017674]
1
iteration 2400
Best Fitness: [0.00017674]
1
iteration 2500
Best Fitness: [0.00017674]
1
iteration 2600
Best Fitness: [0.00017674]
1
iteration 2700
Best Fitness: [0.00017674]
1
iteration 2800
Best Fitness: [0.00017674]
1
iteration 2900
Best Fitness: [0.00017674]
1
iteration 2999
Best Fitness: [0.00017674]
1
iteration 0
Best Fitness: [4.09223099e-05]
100
iteration 100
Best Fitness: [0.]
1
iteration 200
Best Fitness: [0.]
1
iteration 300
Best Fitness: [0.]
1
iteration 400
Best Fitness: [0.]
1
iteration 500
Best Fitness: [0.]
1
iteration 600
Best Fitness: [0.]
1
iteration 700
Best Fitness: [0.]
1
iteration 800
Best Fitness: [0.]
1
iteration 900
Best Fitness: [0.]
1
iteration 1000
Best Fitness: [0.]
1
iteration 1100
Best Fitness: [0.]
1
iteration 1200
Best Fitness: [0.]
1
iteration 1300
Best Fitness: [0.]
1
iteration 1400
Best Fitness: [0.]
1
iteration 1500
Best Fitness: [0.]
1
iteration 1600
Best Fitness: [0.]
1
iteration 1700
Best Fitness: [0.]
1
iteration 1800
Best Fitness: [0.]
1
iteration 1900
Best Fitness: [0.]
1
iteration 2000
Best Fitness: [0.]
1
iteration 2100
Best Fitness: [0.]
1
iteration 2200
Best Fitness: [0.]
1
iteration 2300
Best Fitness: [0.]
1
iteration 2400
Best Fitness: [0.]
1
iteration 2500
Best Fitness: [0.]
1
iteration 2600
Best Fitness: [0.]
1
iteration 2700
Best Fitness: [0.]
1
iteration 2800
Best Fitness: [0.]
1
iteration 2900
Best Fitness: [0.]
1
iteration 2999
Best Fitness: [0.]
1
iteration 0
Best Fitness: [6.33061483e-05]
100
iteration 100
Best Fitness: [0.00026545]
1
iteration 200
Best Fitness: [0.00022235]
1
iteration 300
Best Fitness: [0.00022235]
1
iteration 400
Best Fitness: [0.00022235]
1
iteration 500
Best Fitness: [0.00022235]
1
iteration 600
Best Fitness: [0.00022235]
1
iteration 700
Best Fitness: [0.00022235]
1
iteration 800
Best Fitness: [0.00022235]
1
iteration 900
Best Fitness: [0.00022235]
1
iteration 1000
Best Fitness: [0.00022235]
1
iteration 1100
Best Fitness: [0.00022235]
1
iteration 1200
Best Fitness: [0.00022235]
1
iteration 1300
Best Fitness: [0.00022235]
1
iteration 1400
Best Fitness: [0.00022235]
1
iteration 1500
Best Fitness: [0.00022235]
1
iteration 1600
Best Fitness: [0.00022235]
1
iteration 1700
Best Fitness: [0.00022235]
1
iteration 1800
Best Fitness: [0.00022235]
1
iteration 1900
Best Fitness: [0.00022235]
1
iteration 2000
Best Fitness: [0.00022235]
1
iteration 2100
Best Fitness: [0.00022235]
1
iteration 2200
Best Fitness: [0.00022235]
1
iteration 2300
Best Fitness: [0.00022235]
1
iteration 2400
Best Fitness: [0.00022235]
1
iteration 2500
Best Fitness: [0.00022235]
1
iteration 2600
Best Fitness: [0.00022235]
1
iteration 2700
Best Fitness: [0.00022235]
1
iteration 2800
Best Fitness: [0.00022235]
1
iteration 2900
Best Fitness: [0.00022235]
1
iteration 2999
Best Fitness: [0.00022235]
1
iteration 0
Best Fitness: [7.7695631e-06]
100
iteration 100
Best Fitness: [4.48595586e-06]
1
iteration 200
Best Fitness: [4.41264907e-06]
1
iteration 300
Best Fitness: [4.41262574e-06]
1
iteration 400
Best Fitness: [4.41262574e-06]
1
iteration 500
Best Fitness: [4.41262574e-06]
1
iteration 600
Best Fitness: [4.41262574e-06]
1
iteration 700
Best Fitness: [4.41262574e-06]
1
iteration 800
Best Fitness: [4.41262574e-06]
1
iteration 900
Best Fitness: [4.41262574e-06]
1
iteration 1000
Best Fitness: [4.41262574e-06]
1
iteration 1100
Best Fitness: [4.41262574e-06]
1
iteration 1200
Best Fitness: [4.41262574e-06]
1
iteration 1300
Best Fitness: [4.41262574e-06]
1
iteration 1400
Best Fitness: [4.41262574e-06]
1
iteration 1500
Best Fitness: [4.41262574e-06]
1
iteration 1600
Best Fitness: [4.41262574e-06]
1
iteration 1700
Best Fitness: [4.41262574e-06]
1
iteration 1800
Best Fitness: [4.41262574e-06]
1
iteration 1900
Best Fitness: [4.41262574e-06]
1
iteration 2000
Best Fitness: [4.41262574e-06]
1
iteration 2100
Best Fitness: [4.41262574e-06]
1
iteration 2200
Best Fitness: [4.41262574e-06]
1
iteration 2300
Best Fitness: [4.41262574e-06]
1
iteration 2400
Best Fitness: [4.41262574e-06]
1
iteration 2500
Best Fitness: [4.41262574e-06]
1
iteration 2600
Best Fitness: [4.41262574e-06]
1
iteration 2700
Best Fitness: [4.41262574e-06]
1
iteration 2800
Best Fitness: [4.41262574e-06]
1
iteration 2900
Best Fitness: [4.41262574e-06]
1
iteration 2999
Best Fitness: [4.41262574e-06]
1
iteration 0
Best Fitness: [4.70880442e-06]
100
iteration 100
Best Fitness: [9.19461973e-05]
1
iteration 200
Best Fitness: [9.03729972e-05]
1
iteration 300
Best Fitness: [9.03728657e-05]
1
iteration 400
Best Fitness: [9.03728657e-05]
1
iteration 500
Best Fitness: [9.03728657e-05]
1
iteration 600
Best Fitness: [9.03728657e-05]
1
iteration 700
Best Fitness: [9.03728657e-05]
1
iteration 800
Best Fitness: [9.03728657e-05]
1
iteration 900
Best Fitness: [9.03728657e-05]
1
iteration 1000
Best Fitness: [9.03728657e-05]
1
iteration 1100
Best Fitness: [9.03728657e-05]
1
iteration 1200
Best Fitness: [9.03728657e-05]
1
iteration 1300
Best Fitness: [9.03728657e-05]
1
iteration 1400
Best Fitness: [9.03728657e-05]
1
iteration 1500
Best Fitness: [9.03728657e-05]
1
iteration 1600
Best Fitness: [9.03728657e-05]
1
iteration 1700
Best Fitness: [9.03728657e-05]
1
iteration 1800
Best Fitness: [9.03728657e-05]
1
iteration 1900
Best Fitness: [9.03728657e-05]
1
iteration 2000
Best Fitness: [9.03728657e-05]
1
iteration 2100
Best Fitness: [9.03728657e-05]
1
iteration 2200
Best Fitness: [9.03728657e-05]
1
iteration 2300
Best Fitness: [9.03728657e-05]
1
iteration 2400
Best Fitness: [9.03728657e-05]
1
iteration 2500
Best Fitness: [9.03728657e-05]
1
iteration 2600
Best Fitness: [9.03728657e-05]
1
iteration 2700
Best Fitness: [9.03728657e-05]
1
iteration 2800
Best Fitness: [9.03728657e-05]
1
iteration 2900
Best Fitness: [9.03728657e-05]
1
iteration 2999
Best Fitness: [9.03728657e-05]
1
iteration 0
Best Fitness: [5.22545974e-05]
100
iteration 100
Best Fitness: [7.56836886e-05]
1
iteration 200
Best Fitness: [7.56836169e-05]
1
iteration 300
Best Fitness: [7.56836169e-05]
1
iteration 400
Best Fitness: [7.56836169e-05]
1
iteration 500
Best Fitness: [7.56836169e-05]
1
iteration 600
Best Fitness: [7.56836169e-05]
1
iteration 700
Best Fitness: [7.56836169e-05]
1
iteration 800
Best Fitness: [7.56836169e-05]
1
iteration 900
Best Fitness: [7.56836169e-05]
1
iteration 1000
Best Fitness: [7.56836169e-05]
1
iteration 1100
Best Fitness: [7.56836169e-05]
1
iteration 1200
Best Fitness: [7.56836169e-05]
1
iteration 1300
Best Fitness: [7.56836169e-05]
1
iteration 1400
Best Fitness: [7.56836169e-05]
1
iteration 1500
Best Fitness: [7.56836169e-05]
1
iteration 1600
Best Fitness: [7.56836169e-05]
1
iteration 1700
Best Fitness: [7.56836169e-05]
1
iteration 1800
Best Fitness: [7.56836169e-05]
1
iteration 1900
Best Fitness: [7.56836169e-05]
1
iteration 2000
Best Fitness: [7.56836169e-05]
1
iteration 2100
Best Fitness: [7.56836169e-05]
1
iteration 2200
Best Fitness: [7.56836169e-05]
1
iteration 2300
Best Fitness: [7.56836169e-05]
1
iteration 2400
Best Fitness: [7.56836169e-05]
1
iteration 2500
Best Fitness: [7.56836169e-05]
1
iteration 2600
Best Fitness: [7.56836169e-05]
1
iteration 2700
Best Fitness: [7.56836169e-05]
1
iteration 2800
Best Fitness: [7.56836169e-05]
1
iteration 2900
Best Fitness: [7.56836169e-05]
1
iteration 2999
Best Fitness: [7.56836169e-05]
1
iteration 0
Best Fitness: [5.55751791e-05]
100
iteration 100
Best Fitness: [3.91972102e-09]
1
iteration 200
Best Fitness: [1.15630942e-12]
1
iteration 300
Best Fitness: [0.]
1
iteration 400
Best Fitness: [0.]
1
iteration 500
Best Fitness: [0.]
1
iteration 600
Best Fitness: [0.]
1
iteration 700
Best Fitness: [0.]
1
iteration 800
Best Fitness: [0.]
1
iteration 900
Best Fitness: [0.]
1
iteration 1000
Best Fitness: [0.]
1
iteration 1100
Best Fitness: [0.]
1
iteration 1200
Best Fitness: [0.]
1
iteration 1300
Best Fitness: [0.]
1
iteration 1400
Best Fitness: [0.]
1
iteration 1500
Best Fitness: [0.]
1
iteration 1600
Best Fitness: [0.]
1
iteration 1700
Best Fitness: [0.]
1
iteration 1800
Best Fitness: [0.]
1
iteration 1900
Best Fitness: [0.]
1
iteration 2000
Best Fitness: [0.]
1
iteration 2100
Best Fitness: [0.]
1
iteration 2200
Best Fitness: [0.]
1
iteration 2300
Best Fitness: [0.]
1
iteration 2400
Best Fitness: [0.]
1
iteration 2500
Best Fitness: [0.]
1
iteration 2600
Best Fitness: [0.]
1
iteration 2700
Best Fitness: [0.]
1
iteration 2800
Best Fitness: [0.]
1
iteration 2900
Best Fitness: [0.]
1
iteration 2999
Best Fitness: [0.]
1
iteration 0
Best Fitness: [5.8442132e-05]
100
iteration 100
Best Fitness: [0.00011136]
1
iteration 200
Best Fitness: [0.00011118]
1
iteration 300
Best Fitness: [0.00011118]
1
iteration 400
Best Fitness: [0.00011118]
1
iteration 500
Best Fitness: [0.00011118]
1
iteration 600
Best Fitness: [0.00011118]
1
iteration 700
Best Fitness: [0.00011118]
1
iteration 800
Best Fitness: [0.00011118]
1
iteration 900
Best Fitness: [0.00011118]
1
iteration 1000
Best Fitness: [0.00011118]
1
iteration 1100
Best Fitness: [0.00011118]
1
iteration 1200
Best Fitness: [0.00011118]
1
iteration 1300
Best Fitness: [0.00011118]
1
iteration 1400
Best Fitness: [0.00011118]
1
iteration 1500
Best Fitness: [0.00011118]
1
iteration 1600
Best Fitness: [0.00011118]
1
iteration 1700
Best Fitness: [0.00011118]
1
iteration 1800
Best Fitness: [0.00011118]
1
iteration 1900
Best Fitness: [0.00011118]
1
iteration 2000
Best Fitness: [0.00011118]
1
iteration 2100
Best Fitness: [0.00011118]
1
iteration 2200
Best Fitness: [0.00011118]
1
iteration 2300
Best Fitness: [0.00011118]
1
iteration 2400
Best Fitness: [0.00011118]
1
iteration 2500
Best Fitness: [0.00011118]
1
iteration 2600
Best Fitness: [0.00011118]
1
iteration 2700
Best Fitness: [0.00011118]
1
iteration 2800
Best Fitness: [0.00011118]
1
iteration 2900
Best Fitness: [0.00011118]
1
iteration 2999
Best Fitness: [0.00011118]
1
iteration 0
Best Fitness: [3.61809336e-06]
100
iteration 100
Best Fitness: [0.0003086]
1
iteration 200
Best Fitness: [0.00030828]
1
iteration 300
Best Fitness: [0.00030828]
1
iteration 400
Best Fitness: [0.00030828]
1
iteration 500
Best Fitness: [0.00030828]
1
iteration 600
Best Fitness: [0.00030828]
1
iteration 700
Best Fitness: [0.00030828]
1
iteration 800
Best Fitness: [0.00030828]
1
iteration 900
Best Fitness: [0.00030828]
1
iteration 1000
Best Fitness: [0.00030828]
1
iteration 1100
Best Fitness: [0.00030828]
1
iteration 1200
Best Fitness: [0.00030828]
1
iteration 1300
Best Fitness: [0.00030828]
1
iteration 1400
Best Fitness: [0.00030828]
1
iteration 1500
Best Fitness: [0.00030828]
1
iteration 1600
Best Fitness: [0.00030828]
1
iteration 1700
Best Fitness: [0.00030828]
1
iteration 1800
Best Fitness: [0.00030828]
1
iteration 1900
Best Fitness: [0.00030828]
1
iteration 2000
Best Fitness: [0.00030828]
1
iteration 2100
Best Fitness: [0.00030828]
1
iteration 2200
Best Fitness: [0.00030828]
1
iteration 2300
Best Fitness: [0.00030828]
1
iteration 2400
Best Fitness: [0.00030828]
1
iteration 2500
Best Fitness: [0.00030828]
1
iteration 2600
Best Fitness: [0.00030828]
1
iteration 2700
Best Fitness: [0.00030828]
1
iteration 2800
Best Fitness: [0.00030828]
1
iteration 2900
Best Fitness: [0.00030828]
1
iteration 2999
Best Fitness: [0.00030828]
1
iteration 0
Best Fitness: [3.95071008e-05]
100
iteration 100
Best Fitness: [2.47062591e-05]
1
iteration 200
Best Fitness: [2.4306766e-05]
1
iteration 300
Best Fitness: [2.43067568e-05]
1
iteration 400
Best Fitness: [2.43067568e-05]
1
iteration 500
Best Fitness: [2.43067568e-05]
1
iteration 600
Best Fitness: [2.43067568e-05]
1
iteration 700
Best Fitness: [2.43067568e-05]
1
iteration 800
Best Fitness: [2.43067568e-05]
1
iteration 900
Best Fitness: [2.43067568e-05]
1
iteration 1000
Best Fitness: [2.43067568e-05]
1
iteration 1100
Best Fitness: [2.43067568e-05]
1
iteration 1200
Best Fitness: [2.43067568e-05]
1
iteration 1300
Best Fitness: [2.43067568e-05]
1
iteration 1400
Best Fitness: [2.43067568e-05]
1
iteration 1500
Best Fitness: [2.43067568e-05]
1
iteration 1600
Best Fitness: [2.43067568e-05]
1
iteration 1700
Best Fitness: [2.43067568e-05]
1
iteration 1800
Best Fitness: [2.43067568e-05]
1
iteration 1900
Best Fitness: [2.43067568e-05]
1
iteration 2000
Best Fitness: [2.43067568e-05]
1
iteration 2100
Best Fitness: [2.43067568e-05]
1
iteration 2200
Best Fitness: [2.43067568e-05]
1
iteration 2300
Best Fitness: [2.43067568e-05]
1
iteration 2400
Best Fitness: [2.43067568e-05]
1
iteration 2500
Best Fitness: [2.43067568e-05]
1
iteration 2600
Best Fitness: [2.43067568e-05]
1
iteration 2700
Best Fitness: [2.43067568e-05]
1
iteration 2800
Best Fitness: [2.43067568e-05]
1
iteration 2900
Best Fitness: [2.43067568e-05]
1
iteration 2999
Best Fitness: [2.43067568e-05]
1
[array([0.00017674]), array([0.]), array([0.00022235]), array([4.41262574e-06]), array([9.03728657e-05]), array([7.56836169e-05]), array([0.]), array([0.00011118]), array([0.00030828]), array([2.43067568e-05])]
iteration 0
Best Fitness: [0.61655741]
100
iteration 100
Best Fitness: [0.90703466]
1
iteration 200
Best Fitness: [0.71881159]
1
iteration 300
Best Fitness: [0.69543227]
1
iteration 400
Best Fitness: [0.69068842]
1
iteration 500
Best Fitness: [0.69068842]
1
iteration 600
Best Fitness: [0.69068842]
1
iteration 700
Best Fitness: [0.69068842]
1
iteration 800
Best Fitness: [0.69068842]
1
iteration 900
Best Fitness: [0.69068842]
1
iteration 1000
Best Fitness: [0.69068842]
1
iteration 1100
Best Fitness: [0.69068842]
1
iteration 1200
Best Fitness: [0.69068842]
1
iteration 1300
Best Fitness: [0.69068842]
1
iteration 1400
Best Fitness: [0.69068842]
1
iteration 1500
Best Fitness: [0.69068842]
1
iteration 1600
Best Fitness: [0.69068842]
1
iteration 1700
Best Fitness: [0.69068842]
1
iteration 1800
Best Fitness: [0.69068842]
1
iteration 1900
Best Fitness: [0.69068842]
1
iteration 2000
Best Fitness: [0.69068842]
1
iteration 2100
Best Fitness: [0.69068842]
1
iteration 2200
Best Fitness: [0.69068842]
1
iteration 2300
Best Fitness: [0.69068842]
1
iteration 2400
Best Fitness: [0.69068842]
1
iteration 2500
Best Fitness: [0.69068842]
1
iteration 2600
Best Fitness: [0.69068842]
1
iteration 2700
Best Fitness: [0.69068842]
1
iteration 2800
Best Fitness: [0.69068842]
1
iteration 2900
Best Fitness: [0.69068842]
1
iteration 2999
Best Fitness: [0.69068842]
1
iteration 0
Best Fitness: [0.41838469]
100
iteration 100
Best Fitness: [0.98992634]
1
iteration 200
Best Fitness: [0.73601467]
1
iteration 300
Best Fitness: [0.71594883]
1
iteration 400
Best Fitness: [0.7098697]
1
iteration 500
Best Fitness: [0.7098697]
1
iteration 600
Best Fitness: [0.7098697]
1
iteration 700
Best Fitness: [0.7098697]
1
iteration 800
Best Fitness: [0.7098697]
1
iteration 900
Best Fitness: [0.7098697]
1
iteration 1000
Best Fitness: [0.7098697]
1
iteration 1100
Best Fitness: [0.7098697]
1
iteration 1200
Best Fitness: [0.7098697]
1
iteration 1300
Best Fitness: [0.7098697]
1
iteration 1400
Best Fitness: [0.7098697]
1
iteration 1500
Best Fitness: [0.7098697]
1
iteration 1600
Best Fitness: [0.7098697]
1
iteration 1700
Best Fitness: [0.7098697]
1
iteration 1800
Best Fitness: [0.7098697]
1
iteration 1900
Best Fitness: [0.7098697]
1
iteration 2000
Best Fitness: [0.7098697]
1
iteration 2100
Best Fitness: [0.7098697]
1
iteration 2200
Best Fitness: [0.7098697]
1
iteration 2300
Best Fitness: [0.7098697]
1
iteration 2400
Best Fitness: [0.7098697]
1
iteration 2500
Best Fitness: [0.7098697]
1
iteration 2600
Best Fitness: [0.7098697]
1
iteration 2700
Best Fitness: [0.7098697]
1
iteration 2800
Best Fitness: [0.7098697]
1
iteration 2900
Best Fitness: [0.7098697]
1
iteration 2999
Best Fitness: [0.7098697]
1
iteration 0
Best Fitness: [0.67746942]
100
iteration 100
Best Fitness: [0.93774549]
1
iteration 200
Best Fitness: [0.74013704]
1
iteration 300
Best Fitness: [0.71070468]
1
iteration 400
Best Fitness: [0.70984744]
1
iteration 500
Best Fitness: [0.69126235]
1
iteration 600
Best Fitness: [0.68097996]
1
iteration 700
Best Fitness: [0.67859805]
1
iteration 800
Best Fitness: [0.67848892]
1
iteration 900
Best Fitness: [0.67848892]
1
iteration 1000
Best Fitness: [0.67848892]
1
iteration 1100
Best Fitness: [0.67848892]
1
iteration 1200
Best Fitness: [0.67848892]
1
iteration 1300
Best Fitness: [0.67848892]
1
iteration 1400
Best Fitness: [0.67848892]
1
iteration 1500
Best Fitness: [0.67848892]
1
iteration 1600
Best Fitness: [0.67848892]
1
iteration 1700
Best Fitness: [0.67848892]
1
iteration 1800
Best Fitness: [0.67848892]
1
iteration 1900
Best Fitness: [0.67848892]
1
iteration 2000
Best Fitness: [0.67848892]
1
iteration 2100
Best Fitness: [0.67848892]
1
iteration 2200
Best Fitness: [0.67848892]
1
iteration 2300
Best Fitness: [0.67848892]
1
iteration 2400
Best Fitness: [0.67848892]
1
iteration 2500
Best Fitness: [0.67848892]
1
iteration 2600
Best Fitness: [0.67848892]
1
iteration 2700
Best Fitness: [0.67848892]
1
iteration 2800
Best Fitness: [0.67848892]
1
iteration 2900
Best Fitness: [0.67848892]
1
iteration 2999
Best Fitness: [0.67848892]
1
iteration 0
Best Fitness: [0.52038852]
100
iteration 100
Best Fitness: [0.90933843]
1
iteration 200
Best Fitness: [0.76966043]
1
iteration 300
Best Fitness: [0.70159135]
1
iteration 400
Best Fitness: [0.70029131]
1
iteration 500
Best Fitness: [0.70029131]
1
iteration 600
Best Fitness: [0.70029131]
1
iteration 700
Best Fitness: [0.70029131]
1
iteration 800
Best Fitness: [0.70029131]
1
iteration 900
Best Fitness: [0.70029131]
1
iteration 1000
Best Fitness: [0.70029131]
1
iteration 1100
Best Fitness: [0.70029131]
1
iteration 1200
Best Fitness: [0.70029131]
1
iteration 1300
Best Fitness: [0.70029131]
1
iteration 1400
Best Fitness: [0.70029131]
1
iteration 1500
Best Fitness: [0.70029131]
1
iteration 1600
Best Fitness: [0.70029131]
1
iteration 1700
Best Fitness: [0.70029131]
1
iteration 1800
Best Fitness: [0.70029131]
1
iteration 1900
Best Fitness: [0.70029131]
1
iteration 2000
Best Fitness: [0.70029131]
1
iteration 2100
Best Fitness: [0.70029131]
1
iteration 2200
Best Fitness: [0.70029131]
1
iteration 2300
Best Fitness: [0.70029131]
1
iteration 2400
Best Fitness: [0.70029131]
1
iteration 2500
Best Fitness: [0.70029131]
1
iteration 2600
Best Fitness: [0.70029131]
1
iteration 2700
Best Fitness: [0.70029131]
1
iteration 2800
Best Fitness: [0.70029131]
1
iteration 2900
Best Fitness: [0.70029131]
1
iteration 2999
Best Fitness: [0.70029131]
1
iteration 0
Best Fitness: [0.64057694]
100
iteration 100
Best Fitness: [0.97762574]
1
iteration 200
Best Fitness: [0.72935192]
1
iteration 300
Best Fitness: [0.70992698]
1
iteration 400
Best Fitness: [0.70860796]
1
iteration 500
Best Fitness: [0.70860796]
1
iteration 600
Best Fitness: [0.70860796]
1
iteration 700
Best Fitness: [0.70860796]
1
iteration 800
Best Fitness: [0.70860796]
1
iteration 900
Best Fitness: [0.70860796]
1
iteration 1000
Best Fitness: [0.70860796]
1
iteration 1100
Best Fitness: [0.70860796]
1
iteration 1200
Best Fitness: [0.70860796]
1
iteration 1300
Best Fitness: [0.70860796]
1
iteration 1400
Best Fitness: [0.70860796]
1
iteration 1500
Best Fitness: [0.70860796]
1
iteration 1600
Best Fitness: [0.70860796]
1
iteration 1700
Best Fitness: [0.70860796]
1
iteration 1800
Best Fitness: [0.70860796]
1
iteration 1900
Best Fitness: [0.70860796]
1
iteration 2000
Best Fitness: [0.70860796]
1
iteration 2100
Best Fitness: [0.70860796]
1
iteration 2200
Best Fitness: [0.70860796]
1
iteration 2300
Best Fitness: [0.70860796]
1
iteration 2400
Best Fitness: [0.70860796]
1
iteration 2500
Best Fitness: [0.70860796]
1
iteration 2600
Best Fitness: [0.70860796]
1
iteration 2700
Best Fitness: [0.70860796]
1
iteration 2800
Best Fitness: [0.70860796]
1
iteration 2900
Best Fitness: [0.70860796]
1
iteration 2999
Best Fitness: [0.70860796]
1
iteration 0
Best Fitness: [0.4957103]
100
iteration 100
Best Fitness: [0.91555154]
1
iteration 200
Best Fitness: [0.71968583]
1
iteration 300
Best Fitness: [0.70588852]
1
iteration 400
Best Fitness: [0.70403699]
1
iteration 500
Best Fitness: [0.70403699]
1
iteration 600
Best Fitness: [0.70403699]
1
iteration 700
Best Fitness: [0.70403699]
1
iteration 800
Best Fitness: [0.70403699]
1
iteration 900
Best Fitness: [0.70403699]
1
iteration 1000
Best Fitness: [0.70403699]
1
iteration 1100
Best Fitness: [0.70403699]
1
iteration 1200
Best Fitness: [0.70403699]
1
iteration 1300
Best Fitness: [0.70403699]
1
iteration 1400
Best Fitness: [0.70403699]
1
iteration 1500
Best Fitness: [0.70403699]
1
iteration 1600
Best Fitness: [0.70403699]
1
iteration 1700
Best Fitness: [0.70403699]
1
iteration 1800
Best Fitness: [0.70403699]
1
iteration 1900
Best Fitness: [0.70403699]
1
iteration 2000
Best Fitness: [0.70403699]
1
iteration 2100
Best Fitness: [0.70403699]
1
iteration 2200
Best Fitness: [0.70403699]
1
iteration 2300
Best Fitness: [0.70403699]
1
iteration 2400
Best Fitness: [0.70403699]
1
iteration 2500
Best Fitness: [0.70403699]
1
iteration 2600
Best Fitness: [0.70403699]
1
iteration 2700
Best Fitness: [0.70403699]
1
iteration 2800
Best Fitness: [0.70403699]
1
iteration 2900
Best Fitness: [0.70403699]
1
iteration 2999
Best Fitness: [0.70403699]
1
iteration 0
Best Fitness: [0.51590367]
100
iteration 100
Best Fitness: [0.87911377]
1
iteration 200
Best Fitness: [0.6319057]
1
iteration 300
Best Fitness: [0.61631453]
1
iteration 400
Best Fitness: [0.61504637]
1
iteration 500
Best Fitness: [0.61504637]
1
iteration 600
Best Fitness: [0.61504637]
1
iteration 700
Best Fitness: [0.61504637]
1
iteration 800
Best Fitness: [0.61504637]
1
iteration 900
Best Fitness: [0.61504637]
1
iteration 1000
Best Fitness: [0.61504637]
1
iteration 1100
Best Fitness: [0.61504637]
1
iteration 1200
Best Fitness: [0.61504637]
1
iteration 1300
Best Fitness: [0.61504637]
1
iteration 1400
Best Fitness: [0.61504637]
1
iteration 1500
Best Fitness: [0.61504637]
1
iteration 1600
Best Fitness: [0.61504637]
1
iteration 1700
Best Fitness: [0.61504637]
1
iteration 1800
Best Fitness: [0.61504637]
1
iteration 1900
Best Fitness: [0.61504637]
1
iteration 2000
Best Fitness: [0.61504637]
1
iteration 2100
Best Fitness: [0.61504637]
1
iteration 2200
Best Fitness: [0.61504637]
1
iteration 2300
Best Fitness: [0.61504637]
1
iteration 2400
Best Fitness: [0.61504637]
1
iteration 2500
Best Fitness: [0.61504637]
1
iteration 2600
Best Fitness: [0.61504637]
1
iteration 2700
Best Fitness: [0.61504637]
1
iteration 2800
Best Fitness: [0.61504637]
1
iteration 2900
Best Fitness: [0.61504637]
1
iteration 2999
Best Fitness: [0.61504637]
1
iteration 0
Best Fitness: [0.4649143]
100
iteration 100
Best Fitness: [0.81535971]
1
iteration 200
Best Fitness: [0.7145083]
1
iteration 300
Best Fitness: [0.67043634]
1
iteration 400
Best Fitness: [0.66355802]
1
iteration 500
Best Fitness: [0.66355802]
1
iteration 600
Best Fitness: [0.66355802]
1
iteration 700
Best Fitness: [0.66355802]
1
iteration 800
Best Fitness: [0.66355802]
1
iteration 900
Best Fitness: [0.66355802]
1
iteration 1000
Best Fitness: [0.66355802]
1
iteration 1100
Best Fitness: [0.66355802]
1
iteration 1200
Best Fitness: [0.66355802]
1
iteration 1300
Best Fitness: [0.66355802]
1
iteration 1400
Best Fitness: [0.66355802]
1
iteration 1500
Best Fitness: [0.66355802]
1
iteration 1600
Best Fitness: [0.65221202]
1
iteration 1700
Best Fitness: [0.64616048]
1
iteration 1800
Best Fitness: [0.64313474]
1
iteration 1900
Best Fitness: [0.64313474]
1
iteration 2000
Best Fitness: [0.64313474]
1
iteration 2100
Best Fitness: [0.64313474]
1
iteration 2200
Best Fitness: [0.64313474]
1
iteration 2300
Best Fitness: [0.64313474]
1
iteration 2400
Best Fitness: [0.64313474]
1
iteration 2500
Best Fitness: [0.64313474]
1
iteration 2600
Best Fitness: [0.64313474]
1
iteration 2700
Best Fitness: [0.64313474]
1
iteration 2800
Best Fitness: [0.64313474]
1
iteration 2900
Best Fitness: [0.64313474]
1
iteration 2999
Best Fitness: [0.64313474]
1
iteration 0
Best Fitness: [0.4947794]
100
iteration 100
Best Fitness: [0.92499606]
1
iteration 200
Best Fitness: [0.73447732]
1
iteration 300
Best Fitness: [0.68873329]
1
iteration 400
Best Fitness: [0.68700558]
1
iteration 500
Best Fitness: [0.68700558]
1
iteration 600
Best Fitness: [0.68700558]
1
iteration 700
Best Fitness: [0.68700558]
1
iteration 800
Best Fitness: [0.68700558]
1
iteration 900
Best Fitness: [0.68700558]
1
iteration 1000
Best Fitness: [0.68700558]
1
iteration 1100
Best Fitness: [0.68700558]
1
iteration 1200
Best Fitness: [0.68700558]
1
iteration 1300
Best Fitness: [0.68700558]
1
iteration 1400
Best Fitness: [0.68700558]
1
iteration 1500
Best Fitness: [0.68700558]
1
iteration 1600
Best Fitness: [0.68700558]
1
iteration 1700
Best Fitness: [0.68700558]
1
iteration 1800
Best Fitness: [0.68700558]
1
iteration 1900
Best Fitness: [0.68700558]
1
iteration 2000
Best Fitness: [0.68700558]
1
iteration 2100
Best Fitness: [0.68700558]
1
iteration 2200
Best Fitness: [0.68700558]
1
iteration 2300
Best Fitness: [0.68700558]
1
iteration 2400
Best Fitness: [0.68700558]
1
iteration 2500
Best Fitness: [0.68700558]
1
iteration 2600
Best Fitness: [0.68700558]
1
iteration 2700
Best Fitness: [0.68700558]
1
iteration 2800
Best Fitness: [0.68700558]
1
iteration 2900
Best Fitness: [0.68700558]
1
iteration 2999
Best Fitness: [0.68700558]
1
iteration 0
Best Fitness: [0.4835233]
100
iteration 100
Best Fitness: [0.80963952]
1
iteration 200
Best Fitness: [0.71612678]
1
iteration 300
Best Fitness: [0.70780553]
1
iteration 400
Best Fitness: [0.69088087]
1
iteration 500
Best Fitness: [0.68962509]
1
iteration 600
Best Fitness: [0.68962509]
1
iteration 700
Best Fitness: [0.68962509]
1
iteration 800
Best Fitness: [0.68962509]
1
iteration 900
Best Fitness: [0.68962509]
1
iteration 1000
Best Fitness: [0.68962509]
1
iteration 1100
Best Fitness: [0.68962509]
1
iteration 1200
Best Fitness: [0.68962509]
1
iteration 1300
Best Fitness: [0.68962509]
1
iteration 1400
Best Fitness: [0.68962509]
1
iteration 1500
Best Fitness: [0.68962509]
1
iteration 1600
Best Fitness: [0.68962509]
1
iteration 1700
Best Fitness: [0.68962509]
1
iteration 1800
Best Fitness: [0.68962509]
1
iteration 1900
Best Fitness: [0.68962509]
1
iteration 2000
Best Fitness: [0.68962509]
1
iteration 2100
Best Fitness: [0.68962509]
1
iteration 2200
Best Fitness: [0.68962509]
1
iteration 2300
Best Fitness: [0.68962509]
1
iteration 2400
Best Fitness: [0.68962509]
1
iteration 2500
Best Fitness: [0.68962509]
1
iteration 2600
Best Fitness: [0.68962509]
1
iteration 2700
Best Fitness: [0.68962509]
1
iteration 2800
Best Fitness: [0.68962509]
1
iteration 2900
Best Fitness: [0.68962509]
1
iteration 2999
Best Fitness: [0.68962509]
1
[array([0.69068842]), array([0.7098697]), array([0.67848892]), array([0.70029131]), array([0.70860796]), array([0.70403699]), array([0.61504637]), array([0.64313474]), array([0.68700558]), array([0.68962509])]
iteration 0
Best Fitness: [0.47178987]
100
iteration 100
Best Fitness: [0.34434153]
1
iteration 200
Best Fitness: [0.23560934]
1
iteration 300
Best Fitness: [0.22653383]
1
iteration 400
Best Fitness: [0.22244627]
1
iteration 500
Best Fitness: [0.22235775]
1
iteration 600
Best Fitness: [0.22235775]
1
iteration 700
Best Fitness: [0.22235775]
1
iteration 800
Best Fitness: [0.22235775]
1
iteration 900
Best Fitness: [0.22235775]
1
iteration 1000
Best Fitness: [0.22235775]
1
iteration 1100
Best Fitness: [0.22235775]
1
iteration 1200
Best Fitness: [0.22235775]
1
iteration 1300
Best Fitness: [0.22235775]
1
iteration 1400
Best Fitness: [0.22235775]
1
iteration 1500
Best Fitness: [0.22235775]
1
iteration 1600
Best Fitness: [0.22235775]
1
iteration 1700
Best Fitness: [0.22235775]
1
iteration 1800
Best Fitness: [0.22235775]
1
iteration 1900
Best Fitness: [0.22235775]
1
iteration 2000
Best Fitness: [0.22235775]
1
iteration 2100
Best Fitness: [0.22235775]
1
iteration 2200
Best Fitness: [0.22235775]
1
iteration 2300
Best Fitness: [0.22235775]
1
iteration 2400
Best Fitness: [0.22235775]
1
iteration 2500
Best Fitness: [0.22235775]
1
iteration 2600
Best Fitness: [0.22235775]
1
iteration 2700
Best Fitness: [0.22235775]
1
iteration 2800
Best Fitness: [0.22235775]
1
iteration 2900
Best Fitness: [0.22235775]
1
iteration 2999
Best Fitness: [0.22235775]
1
iteration 0
Best Fitness: [0.47791046]
100
iteration 100
Best Fitness: [0.48086001]
1
iteration 200
Best Fitness: [0.23819899]
1
iteration 300
Best Fitness: [0.22453091]
1
iteration 400
Best Fitness: [0.22442386]
1
iteration 500
Best Fitness: [0.21770251]
1
iteration 600
Best Fitness: [0.21761681]
1
iteration 700
Best Fitness: [0.21761403]
1
iteration 800
Best Fitness: [0.21761403]
1
iteration 900
Best Fitness: [0.21761403]
1
iteration 1000
Best Fitness: [0.21761403]
1
iteration 1100
Best Fitness: [0.21761403]
1
iteration 1200
Best Fitness: [0.21761403]
1
iteration 1300
Best Fitness: [0.21761403]
1
iteration 1400
Best Fitness: [0.21761403]
1
iteration 1500
Best Fitness: [0.21761403]
1
iteration 1600
Best Fitness: [0.21761403]
1
iteration 1700
Best Fitness: [0.21761403]
1
iteration 1800
Best Fitness: [0.21761403]
1
iteration 1900
Best Fitness: [0.21761403]
1
iteration 2000
Best Fitness: [0.21761403]
1
iteration 2100
Best Fitness: [0.21761403]
1
iteration 2200
Best Fitness: [0.21761403]
1
iteration 2300
Best Fitness: [0.21761403]
1
iteration 2400
Best Fitness: [0.21761403]
1
iteration 2500
Best Fitness: [0.21761403]
1
iteration 2600
Best Fitness: [0.21761403]
1
iteration 2700
Best Fitness: [0.21761403]
1
iteration 2800
Best Fitness: [0.21761403]
1
iteration 2900
Best Fitness: [0.21761403]
1
iteration 2999
Best Fitness: [0.21761403]
1
iteration 0
Best Fitness: [0.51075855]
100
iteration 100
Best Fitness: [0.33984954]
1
iteration 200
Best Fitness: [0.22263115]
1
iteration 300
Best Fitness: [0.20372728]
1
iteration 400
Best Fitness: [0.20371788]
1
iteration 500
Best Fitness: [0.20371788]
1
iteration 600
Best Fitness: [0.20371788]
1
iteration 700
Best Fitness: [0.20371788]
1
iteration 800
Best Fitness: [0.20371788]
1
iteration 900
Best Fitness: [0.20371788]
1
iteration 1000
Best Fitness: [0.20371788]
1
iteration 1100
Best Fitness: [0.20371788]
1
iteration 1200
Best Fitness: [0.20371788]
1
iteration 1300
Best Fitness: [0.20371788]
1
iteration 1400
Best Fitness: [0.20371788]
1
iteration 1500
Best Fitness: [0.20371788]
1
iteration 1600
Best Fitness: [0.20371788]
1
iteration 1700
Best Fitness: [0.20371788]
1
iteration 1800
Best Fitness: [0.20371788]
1
iteration 1900
Best Fitness: [0.20371788]
1
iteration 2000
Best Fitness: [0.20371788]
1
iteration 2100
Best Fitness: [0.20371788]
1
iteration 2200
Best Fitness: [0.20371788]
1
iteration 2300
Best Fitness: [0.20371788]
1
iteration 2400
Best Fitness: [0.20371788]
1
iteration 2500
Best Fitness: [0.20371788]
1
iteration 2600
Best Fitness: [0.20371788]
1
iteration 2700
Best Fitness: [0.20371788]
1
iteration 2800
Best Fitness: [0.20371788]
1
iteration 2900
Best Fitness: [0.20371788]
1
iteration 2999
Best Fitness: [0.20371788]
1
iteration 0
Best Fitness: [0.48785346]
100
iteration 100
Best Fitness: [0.54593127]
1
iteration 200
Best Fitness: [0.2329627]
1
iteration 300
Best Fitness: [0.23171518]
1
iteration 400
Best Fitness: [0.22139601]
1
iteration 500
Best Fitness: [0.22109456]
1
iteration 600
Best Fitness: [0.22109456]
1
iteration 700
Best Fitness: [0.22109456]
1
iteration 800
Best Fitness: [0.22109456]
1
iteration 900
Best Fitness: [0.22109456]
1
iteration 1000
Best Fitness: [0.22109456]
1
iteration 1100
Best Fitness: [0.22109456]
1
iteration 1200
Best Fitness: [0.22109456]
1
iteration 1300
Best Fitness: [0.22109456]
1
iteration 1400
Best Fitness: [0.22109456]
1
iteration 1500
Best Fitness: [0.22109456]
1
iteration 1600
Best Fitness: [0.22109456]
1
iteration 1700
Best Fitness: [0.22109456]
1
iteration 1800
Best Fitness: [0.22109456]
1
iteration 1900
Best Fitness: [0.22109456]
1
iteration 2000
Best Fitness: [0.22109456]
1
iteration 2100
Best Fitness: [0.22109456]
1
iteration 2200
Best Fitness: [0.22109456]
1
iteration 2300
Best Fitness: [0.22109456]
1
iteration 2400
Best Fitness: [0.22109456]
1
iteration 2500
Best Fitness: [0.22109456]
1
iteration 2600
Best Fitness: [0.22109456]
1
iteration 2700
Best Fitness: [0.22109456]
1
iteration 2800
Best Fitness: [0.22109456]
1
iteration 2900
Best Fitness: [0.22109456]
1
iteration 2999
Best Fitness: [0.22109456]
1
iteration 0
Best Fitness: [0.46537619]
100
iteration 100
Best Fitness: [0.32325746]
1
iteration 200
Best Fitness: [0.21913907]
1
iteration 300
Best Fitness: [0.21811365]
1
iteration 400
Best Fitness: [0.2171787]
1
iteration 500
Best Fitness: [0.21686294]
1
iteration 600
Best Fitness: [0.21686103]
1
iteration 700
Best Fitness: [0.21686103]
1
iteration 800
Best Fitness: [0.21686103]
1
iteration 900
Best Fitness: [0.21686103]
1
iteration 1000
Best Fitness: [0.21686103]
1
iteration 1100
Best Fitness: [0.21686103]
1
iteration 1200
Best Fitness: [0.21686103]
1
iteration 1300
Best Fitness: [0.21686103]
1
iteration 1400
Best Fitness: [0.21686103]
1
iteration 1500
Best Fitness: [0.21686103]
1
iteration 1600
Best Fitness: [0.21686103]
1
iteration 1700
Best Fitness: [0.21686103]
1
iteration 1800
Best Fitness: [0.21686103]
1
iteration 1900
Best Fitness: [0.21686103]
1
iteration 2000
Best Fitness: [0.21686103]
1
iteration 2100
Best Fitness: [0.21686103]
1
iteration 2200
Best Fitness: [0.21686103]
1
iteration 2300
Best Fitness: [0.21686103]
1
iteration 2400
Best Fitness: [0.21686103]
1
iteration 2500
Best Fitness: [0.21686103]
1
iteration 2600
Best Fitness: [0.21686103]
1
iteration 2700
Best Fitness: [0.21686103]
1
iteration 2800
Best Fitness: [0.21686103]
1
iteration 2900
Best Fitness: [0.21686103]
1
iteration 2999
Best Fitness: [0.21686103]
1
iteration 0
Best Fitness: [0.48824905]
100
iteration 100
Best Fitness: [0.45799696]
1
iteration 200
Best Fitness: [0.2174012]
1
iteration 300
Best Fitness: [0.21427197]
1
iteration 400
Best Fitness: [0.21426112]
1
iteration 500
Best Fitness: [0.21426112]
1
iteration 600
Best Fitness: [0.21426112]
1
iteration 700
Best Fitness: [0.21426112]
1
iteration 800
Best Fitness: [0.21426112]
1
iteration 900
Best Fitness: [0.21426112]
1
iteration 1000
Best Fitness: [0.21426112]
1
iteration 1100
Best Fitness: [0.21426112]
1
iteration 1200
Best Fitness: [0.21426112]
1
iteration 1300
Best Fitness: [0.21426112]
1
iteration 1400
Best Fitness: [0.21426112]
1
iteration 1500
Best Fitness: [0.21426112]
1
iteration 1600
Best Fitness: [0.21426112]
1
iteration 1700
Best Fitness: [0.21426112]
1
iteration 1800
Best Fitness: [0.21426112]
1
iteration 1900
Best Fitness: [0.21426112]
1
iteration 2000
Best Fitness: [0.21426112]
1
iteration 2100
Best Fitness: [0.21426112]
1
iteration 2200
Best Fitness: [0.21426112]
1
iteration 2300
Best Fitness: [0.21426112]
1
iteration 2400
Best Fitness: [0.21426112]
1
iteration 2500
Best Fitness: [0.21426112]
1
iteration 2600
Best Fitness: [0.21426112]
1
iteration 2700
Best Fitness: [0.21426112]
1
iteration 2800
Best Fitness: [0.21426112]
1
iteration 2900
Best Fitness: [0.21426112]
1
iteration 2999
Best Fitness: [0.21426112]
1
iteration 0
Best Fitness: [0.50958189]
100
iteration 100
Best Fitness: [0.3669601]
1
iteration 200
Best Fitness: [0.25662018]
1
iteration 300
Best Fitness: [0.23657268]
1
iteration 400
Best Fitness: [0.23648431]
1
iteration 500
Best Fitness: [0.23648431]
1
iteration 600
Best Fitness: [0.23648431]
1
iteration 700
Best Fitness: [0.23648431]
1
iteration 800
Best Fitness: [0.23648431]
1
iteration 900
Best Fitness: [0.23648431]
1
iteration 1000
Best Fitness: [0.23648431]
1
iteration 1100
Best Fitness: [0.23648431]
1
iteration 1200
Best Fitness: [0.23648431]
1
iteration 1300
Best Fitness: [0.23648431]
1
iteration 1400
Best Fitness: [0.23648431]
1
iteration 1500
Best Fitness: [0.23648431]
1
iteration 1600
Best Fitness: [0.23648431]
1
iteration 1700
Best Fitness: [0.23648431]
1
iteration 1800
Best Fitness: [0.23648431]
1
iteration 1900
Best Fitness: [0.23648431]
1
iteration 2000
Best Fitness: [0.23648431]
1
iteration 2100
Best Fitness: [0.23648431]
1
iteration 2200
Best Fitness: [0.23648431]
1
iteration 2300
Best Fitness: [0.23648431]
1
iteration 2400
Best Fitness: [0.23648431]
1
iteration 2500
Best Fitness: [0.23648431]
1
iteration 2600
Best Fitness: [0.23648431]
1
iteration 2700
Best Fitness: [0.23648431]
1
iteration 2800
Best Fitness: [0.23648431]
1
iteration 2900
Best Fitness: [0.23648431]
1
iteration 2999
Best Fitness: [0.23648431]
1
iteration 0
Best Fitness: [0.51723477]
100
iteration 100
Best Fitness: [0.49001768]
1
iteration 200
Best Fitness: [0.21718436]
1
iteration 300
Best Fitness: [0.20696908]
1
iteration 400
Best Fitness: [0.20692752]
1
iteration 500
Best Fitness: [0.20692752]
1
iteration 600
Best Fitness: [0.20692752]
1
iteration 700
Best Fitness: [0.20692752]
1
iteration 800
Best Fitness: [0.20692752]
1
iteration 900
Best Fitness: [0.20692752]
1
iteration 1000
Best Fitness: [0.20692752]
1
iteration 1100
Best Fitness: [0.20692752]
1
iteration 1200
Best Fitness: [0.20692752]
1
iteration 1300
Best Fitness: [0.20692752]
1
iteration 1400
Best Fitness: [0.20692752]
1
iteration 1500
Best Fitness: [0.20692752]
1
iteration 1600
Best Fitness: [0.20692752]
1
iteration 1700
Best Fitness: [0.20692752]
1
iteration 1800
Best Fitness: [0.20692752]
1
iteration 1900
Best Fitness: [0.20692752]
1
iteration 2000
Best Fitness: [0.20692752]
1
iteration 2100
Best Fitness: [0.20692752]
1
iteration 2200
Best Fitness: [0.20692752]
1
iteration 2300
Best Fitness: [0.20692752]
1
iteration 2400
Best Fitness: [0.20692752]
1
iteration 2500
Best Fitness: [0.20692752]
1
iteration 2600
Best Fitness: [0.20692752]
1
iteration 2700
Best Fitness: [0.20692752]
1
iteration 2800
Best Fitness: [0.20692752]
1
iteration 2900
Best Fitness: [0.20692752]
1
iteration 2999
Best Fitness: [0.20692752]
1
iteration 0
Best Fitness: [0.53548221]
100
iteration 100
Best Fitness: [0.48493742]
1
iteration 200
Best Fitness: [0.24237579]
1
iteration 300
Best Fitness: [0.23633717]
1
iteration 400
Best Fitness: [0.23633117]
1
iteration 500
Best Fitness: [0.23633117]
1
iteration 600
Best Fitness: [0.23633117]
1
iteration 700
Best Fitness: [0.23633117]
1
iteration 800
Best Fitness: [0.23633117]
1
iteration 900
Best Fitness: [0.23633117]
1
iteration 1000
Best Fitness: [0.23633117]
1
iteration 1100
Best Fitness: [0.23633117]
1
iteration 1200
Best Fitness: [0.23633117]
1
iteration 1300
Best Fitness: [0.23633117]
1
iteration 1400
Best Fitness: [0.23633117]
1
iteration 1500
Best Fitness: [0.23633117]
1
iteration 1600
Best Fitness: [0.23633117]
1
iteration 1700
Best Fitness: [0.23633117]
1
iteration 1800
Best Fitness: [0.23633117]
1
iteration 1900
Best Fitness: [0.23633117]
1
iteration 2000
Best Fitness: [0.23633117]
1
iteration 2100
Best Fitness: [0.23633117]
1
iteration 2200
Best Fitness: [0.23633117]
1
iteration 2300
Best Fitness: [0.23633117]
1
iteration 2400
Best Fitness: [0.23633117]
1
iteration 2500
Best Fitness: [0.23633117]
1
iteration 2600
Best Fitness: [0.23633117]
1
iteration 2700
Best Fitness: [0.23633117]
1
iteration 2800
Best Fitness: [0.23633117]
1
iteration 2900
Best Fitness: [0.23633117]
1
iteration 2999
Best Fitness: [0.23633117]
1
iteration 0
Best Fitness: [0.49877284]
100
iteration 100
Best Fitness: [0.40762513]
1
iteration 200
Best Fitness: [0.22555338]
1
iteration 300
Best Fitness: [0.2206318]
1
iteration 400
Best Fitness: [0.22060146]
1
iteration 500
Best Fitness: [0.21305133]
1
iteration 600
Best Fitness: [0.2130172]
1
iteration 700
Best Fitness: [0.21299979]
1
iteration 800
Best Fitness: [0.21299979]
1
iteration 900
Best Fitness: [0.21299979]
1
iteration 1000
Best Fitness: [0.21299979]
1
iteration 1100
Best Fitness: [0.21299979]
1
iteration 1200
Best Fitness: [0.21299979]
1
iteration 1300
Best Fitness: [0.21299979]
1
iteration 1400
Best Fitness: [0.21299979]
1
iteration 1500
Best Fitness: [0.21299979]
1
iteration 1600
Best Fitness: [0.21299979]
1
iteration 1700
Best Fitness: [0.21299979]
1
iteration 1800
Best Fitness: [0.21299979]
1
iteration 1900
Best Fitness: [0.21299979]
1
iteration 2000
Best Fitness: [0.21299979]
1
iteration 2100
Best Fitness: [0.21299979]
1
iteration 2200
Best Fitness: [0.21299979]
1
iteration 2300
Best Fitness: [0.21299979]
1
iteration 2400
Best Fitness: [0.21299979]
1
iteration 2500
Best Fitness: [0.21299979]
1
iteration 2600
Best Fitness: [0.21299979]
1
iteration 2700
Best Fitness: [0.21299979]
1
iteration 2800
Best Fitness: [0.21299979]
1
iteration 2900
Best Fitness: [0.21299979]
1
iteration 2999
Best Fitness: [0.21299979]
1
[array([0.22235775]), array([0.21761403]), array([0.20371788]), array([0.22109456]), array([0.21686103]), array([0.21426112]), array([0.23648431]), array([0.20692752]), array([0.23633117]), array([0.21299979])]
iteration 0
Best Fitness: [13854.881805]
100
iteration 100
Best Fitness: [36.10895565]
1
iteration 200
Best Fitness: [32.72158276]
1
iteration 300
Best Fitness: [31.77328186]
1
iteration 400
Best Fitness: [28.76866395]
1
iteration 500
Best Fitness: [28.70609086]
1
iteration 600
Best Fitness: [28.70609086]
1
iteration 700
Best Fitness: [27.69223144]
1
iteration 800
Best Fitness: [27.69086494]
1
iteration 900
Best Fitness: [27.69086494]
1
iteration 1000
Best Fitness: [27.69086494]
1
iteration 1100
Best Fitness: [27.69086494]
1
iteration 1200
Best Fitness: [27.69086494]
1
iteration 1300
Best Fitness: [27.69086494]
1
iteration 1400
Best Fitness: [27.69086494]
1
iteration 1500
Best Fitness: [27.69086494]
1
iteration 1600
Best Fitness: [27.69086494]
1
iteration 1700
Best Fitness: [27.69086494]
1
iteration 1800
Best Fitness: [27.69086494]
1
iteration 1900
Best Fitness: [27.69086494]
1
iteration 2000
Best Fitness: [27.69086494]
1
iteration 2100
Best Fitness: [27.69086494]
1
iteration 2200
Best Fitness: [27.69086494]
1
iteration 2300
Best Fitness: [27.69086494]
1
iteration 2400
Best Fitness: [27.69086494]
1
iteration 2500
Best Fitness: [27.69086494]
1
iteration 2600
Best Fitness: [27.69086494]
1
iteration 2700
Best Fitness: [27.69086494]
1
iteration 2800
Best Fitness: [27.69086494]
1
iteration 2900
Best Fitness: [27.69086494]
1
iteration 2999
Best Fitness: [27.69086494]
1
iteration 0
Best Fitness: [15317.52728038]
100
iteration 100
Best Fitness: [0.56223584]
100
iteration 200
Best Fitness: [0.54205447]
100
iteration 300
Best Fitness: [0.52340744]
100
iteration 400
Best Fitness: [0.52272603]
100
iteration 500
Best Fitness: [0.52241233]
100
iteration 600
Best Fitness: [0.52223178]
100
iteration 700
Best Fitness: [0.52211414]
100
iteration 800
Best Fitness: [0.52203065]
100
iteration 900
Best Fitness: [0.52196724]
100
iteration 1000
Best Fitness: [0.5219166]
100
iteration 1100
Best Fitness: [0.52187504]
100
iteration 1200
Best Fitness: [0.52184056]
100
iteration 1300
Best Fitness: [0.52181172]
100
iteration 1400
Best Fitness: [0.5217879]
100
iteration 1500
Best Fitness: [0.5217685]
100
iteration 1600
Best Fitness: [0.5217528]
100
iteration 1700
Best Fitness: [0.52174016]
100
iteration 1800
Best Fitness: [0.52172983]
100
iteration 1900
Best Fitness: [0.52172128]
100
iteration 2000
Best Fitness: [0.52171405]
100
iteration 2100
Best Fitness: [0.52170778]
100
iteration 2200
Best Fitness: [0.52170221]
100
iteration 2300
Best Fitness: [0.52169715]
100
iteration 2400
Best Fitness: [0.52169244]
100
iteration 2500
Best Fitness: [0.52168805]
100
iteration 2600
Best Fitness: [0.52168391]
100
iteration 2700
Best Fitness: [0.52168002]
100
iteration 2800
Best Fitness: [0.52167642]
100
iteration 2900
Best Fitness: [0.5216731]
100
iteration 2999
Best Fitness: [0.52167009]
100
iteration 0
Best Fitness: [5198.68099002]
100
iteration 100
Best Fitness: [3.5715953]
1
iteration 200
Best Fitness: [3.32911692]
1
iteration 300
Best Fitness: [3.32911691]
1
iteration 400
Best Fitness: [3.32911691]
1
iteration 500
Best Fitness: [3.32911691]
1
iteration 600
Best Fitness: [3.32911691]
1
iteration 700
Best Fitness: [3.32911691]
1
iteration 800
Best Fitness: [3.32911691]
1
iteration 900
Best Fitness: [3.32911691]
1
iteration 1000
Best Fitness: [3.32911691]
1
iteration 1100
Best Fitness: [3.32911691]
1
iteration 1200
Best Fitness: [3.32911691]
1
iteration 1300
Best Fitness: [3.32911691]
1
iteration 1400
Best Fitness: [3.32911691]
1
iteration 1500
Best Fitness: [3.32911691]
1
iteration 1600
Best Fitness: [3.32911691]
1
iteration 1700
Best Fitness: [3.32911691]
1
iteration 1800
Best Fitness: [3.32911691]
1
iteration 1900
Best Fitness: [3.32911691]
1
iteration 2000
Best Fitness: [3.32911691]
1
iteration 2100
Best Fitness: [3.32911691]
1
iteration 2200
Best Fitness: [3.32911691]
1
iteration 2300
Best Fitness: [3.32911691]
1
iteration 2400
Best Fitness: [3.32911691]
1
iteration 2500
Best Fitness: [3.32911691]
1
iteration 2600
Best Fitness: [3.32911691]
1
iteration 2700
Best Fitness: [3.32911691]
1
iteration 2800
Best Fitness: [3.32911691]
1
iteration 2900
Best Fitness: [3.32911691]
1
iteration 2999
Best Fitness: [3.32911691]
1
iteration 0
Best Fitness: [2135.88670238]
100
iteration 100
Best Fitness: [39.97354066]
1
iteration 200
Best Fitness: [39.1686037]
1
iteration 300
Best Fitness: [39.16860359]
1
iteration 400
Best Fitness: [38.8667403]
1
iteration 500
Best Fitness: [33.49913539]
1
iteration 600
Best Fitness: [33.49913497]
1
iteration 700
Best Fitness: [33.49913497]
1
iteration 800
Best Fitness: [33.49913497]
1
iteration 900
Best Fitness: [33.49913497]
1
iteration 1000
Best Fitness: [33.49913497]
1
iteration 1100
Best Fitness: [33.49913497]
1
iteration 1200
Best Fitness: [33.49913497]
1
iteration 1300
Best Fitness: [33.49913497]
1
iteration 1400
Best Fitness: [33.49913497]
1
iteration 1500
Best Fitness: [33.49913497]
1
iteration 1600
Best Fitness: [32.47692538]
1
iteration 1700
Best Fitness: [32.10745638]
1
iteration 1800
Best Fitness: [32.10745638]
1
iteration 1900
Best Fitness: [32.10745638]
1
iteration 2000
Best Fitness: [32.10745638]
1
iteration 2100
Best Fitness: [32.10745638]
1
iteration 2200
Best Fitness: [32.10745638]
1
iteration 2300
Best Fitness: [32.10745638]
1
iteration 2400
Best Fitness: [32.10745638]
1
iteration 2500
Best Fitness: [32.10745638]
1
iteration 2600
Best Fitness: [32.10745638]
1
iteration 2700
Best Fitness: [32.10745638]
1
iteration 2800
Best Fitness: [32.10745638]
1
iteration 2900
Best Fitness: [32.10745638]
1
iteration 2999
Best Fitness: [32.10745638]
1
iteration 0
Best Fitness: [173.23713892]
100
iteration 100
Best Fitness: [54.52166873]
1
iteration 200
Best Fitness: [52.38144163]
1
iteration 300
Best Fitness: [49.49369919]
1
iteration 400
Best Fitness: [49.28826682]
1
iteration 500
Best Fitness: [46.59440815]
1
iteration 600
Best Fitness: [44.48522692]
1
iteration 700
Best Fitness: [44.48522692]
1
iteration 800
Best Fitness: [44.48522692]
1
iteration 900
Best Fitness: [44.48522692]
1
iteration 1000
Best Fitness: [39.28797777]
1
iteration 1100
Best Fitness: [39.28790383]
1
iteration 1200
Best Fitness: [39.28790383]
1
iteration 1300
Best Fitness: [39.28790383]
1
iteration 1400
Best Fitness: [39.28790383]
1
iteration 1500
Best Fitness: [39.28790383]
1
iteration 1600
Best Fitness: [39.28790383]
1
iteration 1700
Best Fitness: [39.28790383]
1
iteration 1800
Best Fitness: [39.28790383]
1
iteration 1900
Best Fitness: [39.28790383]
1
iteration 2000
Best Fitness: [39.28790383]
1
iteration 2100
Best Fitness: [39.28790383]
1
iteration 2200
Best Fitness: [39.28790383]
1
iteration 2300
Best Fitness: [39.28790383]
1
iteration 2400
Best Fitness: [39.28790383]
1
iteration 2500
Best Fitness: [39.28790383]
1
iteration 2600
Best Fitness: [39.28790383]
1
iteration 2700
Best Fitness: [39.28790383]
1
iteration 2800
Best Fitness: [39.28790383]
1
iteration 2900
Best Fitness: [39.28790383]
1
iteration 2999
Best Fitness: [39.28790383]
1
iteration 0
Best Fitness: [305.96818434]
100
iteration 100
Best Fitness: [0.98253088]
97
iteration 200
Best Fitness: [0.96836699]
97
iteration 300
Best Fitness: [0.96463163]
97
iteration 400
Best Fitness: [0.96288795]
97
iteration 500
Best Fitness: [0.96190935]
97
iteration 600
Best Fitness: [0.96097453]
97
iteration 700
Best Fitness: [0.96020734]
97
iteration 800
Best Fitness: [0.95954615]
97
iteration 900
Best Fitness: [0.95906572]
97
iteration 1000
Best Fitness: [0.95860445]
97
iteration 1100
Best Fitness: [0.95813653]
97
iteration 1200
Best Fitness: [0.95774937]
97
iteration 1300
Best Fitness: [0.95744154]
97
iteration 1400
Best Fitness: [0.9572008]
97
iteration 1500
Best Fitness: [0.95700933]
97
iteration 1600
Best Fitness: [0.95685111]
97
iteration 1700
Best Fitness: [0.95671709]
97
iteration 1800
Best Fitness: [0.9566013]
97
iteration 1900
Best Fitness: [0.95649664]
97
iteration 2000
Best Fitness: [0.95640221]
97
iteration 2100
Best Fitness: [0.95631508]
97
iteration 2200
Best Fitness: [0.95623488]
97
iteration 2300
Best Fitness: [0.95616155]
97
iteration 2400
Best Fitness: [0.95609262]
97
iteration 2500
Best Fitness: [0.9560284]
97
iteration 2600
Best Fitness: [0.95596804]
97
iteration 2700
Best Fitness: [0.9559117]
97
iteration 2800
Best Fitness: [0.95585868]
97
iteration 2900
Best Fitness: [0.95580922]
97
iteration 2999
Best Fitness: [0.95576275]
97
iteration 0
Best Fitness: [3598.16800902]
100
iteration 100
Best Fitness: [1.48302555]
100
iteration 200
Best Fitness: [1.47602771]
100
iteration 300
Best Fitness: [1.47326526]
100
iteration 400
Best Fitness: [1.47154116]
100
iteration 500
Best Fitness: [1.47024444]
100
iteration 600
Best Fitness: [1.46918976]
100
iteration 700
Best Fitness: [1.46829767]
100
iteration 800
Best Fitness: [1.46754044]
100
iteration 900
Best Fitness: [1.4668966]
100
iteration 1000
Best Fitness: [1.46634304]
100
iteration 1100
Best Fitness: [1.4658705]
100
iteration 1200
Best Fitness: [1.46546117]
100
iteration 1300
Best Fitness: [1.46510282]
100
iteration 1400
Best Fitness: [1.46478375]
100
iteration 1500
Best Fitness: [1.4644963]
100
iteration 1600
Best Fitness: [1.46423228]
100
iteration 1700
Best Fitness: [1.4639893]
100
iteration 1800
Best Fitness: [1.46376309]
100
iteration 1900
Best Fitness: [1.46355034]
100
iteration 2000
Best Fitness: [1.46334862]
100
iteration 2100
Best Fitness: [1.46315741]
100
iteration 2200
Best Fitness: [1.4629755]
100
iteration 2300
Best Fitness: [1.46280193]
100
iteration 2400
Best Fitness: [1.46263551]
100
iteration 2500
Best Fitness: [1.46247462]
100
iteration 2600
Best Fitness: [1.46232024]
100
iteration 2700
Best Fitness: [1.46217093]
100
iteration 2800
Best Fitness: [1.46202727]
100
iteration 2900
Best Fitness: [1.46188799]
100
iteration 2999
Best Fitness: [1.46175347]
100
iteration 0
Best Fitness: [335.6691465]
100
iteration 100
Best Fitness: [26.32893935]
1
iteration 200
Best Fitness: [25.55661598]
1
iteration 300
Best Fitness: [25.5566155]
1
iteration 400
Best Fitness: [25.5566155]
1
iteration 500
Best Fitness: [25.5566155]
1
iteration 600
Best Fitness: [23.36999983]
1
iteration 700
Best Fitness: [23.36999982]
1
iteration 800
Best Fitness: [23.36999982]
1
iteration 900
Best Fitness: [23.36999982]
1
iteration 1000
Best Fitness: [23.36999982]
1
iteration 1100
Best Fitness: [23.36999982]
1
iteration 1200
Best Fitness: [23.36999982]
1
iteration 1300
Best Fitness: [23.36999982]
1
iteration 1400
Best Fitness: [23.36999982]
1
iteration 1500
Best Fitness: [23.36999982]
1
iteration 1600
Best Fitness: [23.36999982]
1
iteration 1700
Best Fitness: [23.36999982]
1
iteration 1800
Best Fitness: [22.52146758]
1
iteration 1900
Best Fitness: [22.52142388]
1
iteration 2000
Best Fitness: [22.52142388]
1
iteration 2100
Best Fitness: [22.52142388]
1
iteration 2200
Best Fitness: [22.52142388]
1
iteration 2300
Best Fitness: [22.52142388]
1
iteration 2400
Best Fitness: [22.52142388]
1
iteration 2500
Best Fitness: [22.52142388]
1
iteration 2600
Best Fitness: [22.52142388]
1
iteration 2700
Best Fitness: [22.52142388]
1
iteration 2800
Best Fitness: [22.52142388]
1
iteration 2900
Best Fitness: [22.52142388]
1
iteration 2999
Best Fitness: [22.52142388]
1
iteration 0
Best Fitness: [1988.39180595]
100
iteration 100
Best Fitness: [11.43256252]
1
iteration 200
Best Fitness: [8.96747159]
1
iteration 300
Best Fitness: [8.89791279]
1
iteration 400
Best Fitness: [8.89791279]
1
iteration 500
Best Fitness: [8.89791279]
1
iteration 600
Best Fitness: [8.89791279]
1
iteration 700
Best Fitness: [8.89791279]
1
iteration 800
Best Fitness: [8.89791279]
1
iteration 900
Best Fitness: [8.89791279]
1
iteration 1000
Best Fitness: [8.89791279]
1
iteration 1100
Best Fitness: [8.89791279]
1
iteration 1200
Best Fitness: [8.89791279]
1
iteration 1300
Best Fitness: [8.89791279]
1
iteration 1400
Best Fitness: [8.89791279]
1
iteration 1500
Best Fitness: [8.89791279]
1
iteration 1600
Best Fitness: [8.89791279]
1
iteration 1700
Best Fitness: [8.89791279]
1
iteration 1800
Best Fitness: [8.89791279]
1
iteration 1900
Best Fitness: [8.89791279]
1
iteration 2000
Best Fitness: [8.89791279]
1
iteration 2100
Best Fitness: [8.89791279]
1
iteration 2200
Best Fitness: [8.89791279]
1
iteration 2300
Best Fitness: [8.89791279]
1
iteration 2400
Best Fitness: [8.89791279]
1
iteration 2500
Best Fitness: [8.89791279]
1
iteration 2600
Best Fitness: [8.89791279]
1
iteration 2700
Best Fitness: [8.89791279]
1
iteration 2800
Best Fitness: [8.89791279]
1
iteration 2900
Best Fitness: [8.89791279]
1
iteration 2999
Best Fitness: [8.89791279]
1
iteration 0
Best Fitness: [169.59591807]
100
iteration 100
Best Fitness: [1.4221499]
99
iteration 200
Best Fitness: [1.35860106]
99
iteration 300
Best Fitness: [1.35557743]
99
iteration 400
Best Fitness: [1.35502881]
99
iteration 500
Best Fitness: [1.35476528]
99
iteration 600
Best Fitness: [1.35461812]
99
iteration 700
Best Fitness: [1.3545274]
99
iteration 800
Best Fitness: [1.35446778]
99
iteration 900
Best Fitness: [1.35442918]
99
iteration 1000
Best Fitness: [1.35439886]
99
iteration 1100
Best Fitness: [1.3543764]
99
iteration 1200
Best Fitness: [1.35435936]
99
iteration 1300
Best Fitness: [1.35434613]
99
iteration 1400
Best Fitness: [1.35433563]
99
iteration 1500
Best Fitness: [1.35432719]
99
iteration 1600
Best Fitness: [1.35432036]
99
iteration 1700
Best Fitness: [1.35431472]
99
iteration 1800
Best Fitness: [1.35430998]
99
iteration 1900
Best Fitness: [1.35430601]
99
iteration 2000
Best Fitness: [1.35430263]
99
iteration 2100
Best Fitness: [1.35429974]
99
iteration 2200
Best Fitness: [1.35429724]
99
iteration 2300
Best Fitness: [1.35429507]
99
iteration 2400
Best Fitness: [1.35429317]
99
iteration 2500
Best Fitness: [1.35429149]
99
iteration 2600
Best Fitness: [1.35429001]
99
iteration 2700
Best Fitness: [1.35428869]
99
iteration 2800
Best Fitness: [1.35428751]
99
iteration 2900
Best Fitness: [1.35428645]
99
iteration 2999
Best Fitness: [1.35428612]
1
[array([27.69086494]), array([0.52167009]), array([3.32911691]), array([32.10745638]), array([39.28790383]), array([0.95576275]), array([1.46175347]), array([22.52142388]), array([8.89791279]), array([1.35428612])]
iteration 0
Best Fitness: [5.31785804]
100
iteration 100
Best Fitness: [3.67405781e-05]
100
iteration 200
Best Fitness: [6.35956371e-06]
1
iteration 300
Best Fitness: [6.14737256e-06]
1
iteration 400
Best Fitness: [6.02910084e-06]
1
iteration 500
Best Fitness: [6.02910073e-06]
1
iteration 600
Best Fitness: [5.8966695e-06]
1
iteration 700
Best Fitness: [5.41423346e-06]
1
iteration 800
Best Fitness: [4.74272514e-06]
1
iteration 900
Best Fitness: [4.6585413e-06]
1
iteration 1000
Best Fitness: [4.03881338e-06]
1
iteration 1100
Best Fitness: [3.07613853e-06]
1
iteration 1200
Best Fitness: [2.48554749e-06]
1
iteration 1300
Best Fitness: [2.334579e-06]
1
iteration 1400
Best Fitness: [2.17769415e-06]
1
iteration 1500
Best Fitness: [1.93148226e-06]
1
iteration 1600
Best Fitness: [1.8062485e-06]
1
iteration 1700
Best Fitness: [1.64257523e-06]
1
iteration 1800
Best Fitness: [1.42668649e-06]
1
iteration 1900
Best Fitness: [1.30367489e-06]
1
iteration 2000
Best Fitness: [1.15666539e-06]
1
iteration 2100
Best Fitness: [9.12596518e-07]
1
iteration 2200
Best Fitness: [8.38289579e-07]
1
iteration 2300
Best Fitness: [6.73974221e-07]
1
iteration 2400
Best Fitness: [5.64210861e-07]
1
iteration 2500
Best Fitness: [5.18638002e-07]
1
iteration 2600
Best Fitness: [4.55953342e-07]
1
iteration 2700
Best Fitness: [3.9123987e-07]
1
iteration 2800
Best Fitness: [3.51921849e-07]
1
iteration 2900
Best Fitness: [2.86119353e-07]
1
iteration 2999
Best Fitness: [2.4798538e-07]
1
iteration 0
Best Fitness: [4.96212969]
100
iteration 100
Best Fitness: [3.83978301e-05]
100
iteration 200
Best Fitness: [5.28873958e-06]
1
iteration 300
Best Fitness: [4.82287098e-06]
1
iteration 400
Best Fitness: [4.00632046e-06]
1
iteration 500
Best Fitness: [3.45606164e-06]
1
iteration 600
Best Fitness: [3.45605923e-06]
1
iteration 700
Best Fitness: [3.08813818e-06]
1
iteration 800
Best Fitness: [2.37553032e-06]
1
iteration 900
Best Fitness: [2.0634538e-06]
1
iteration 1000
Best Fitness: [1.47953917e-06]
1
iteration 1100
Best Fitness: [1.15961444e-06]
1
iteration 1200
Best Fitness: [8.27377443e-07]
1
iteration 1300
Best Fitness: [6.83788334e-07]
1
iteration 1400
Best Fitness: [6.20912694e-07]
1
iteration 1500
Best Fitness: [5.46285259e-07]
1
iteration 1600
Best Fitness: [4.6498253e-07]
1
iteration 1700
Best Fitness: [4.34642279e-07]
1
iteration 1800
Best Fitness: [3.7923845e-07]
1
iteration 1900
Best Fitness: [3.16055227e-07]
1
iteration 2000
Best Fitness: [2.62566135e-07]
1
iteration 2100
Best Fitness: [2.11987901e-07]
1
iteration 2200
Best Fitness: [1.77957274e-07]
1
iteration 2300
Best Fitness: [1.53851573e-07]
1
iteration 2400
Best Fitness: [1.18134585e-07]
1
iteration 2500
Best Fitness: [8.78126252e-08]
1
iteration 2600
Best Fitness: [6.75820787e-08]
1
iteration 2700
Best Fitness: [5.2707733e-08]
1
iteration 2800
Best Fitness: [3.95764679e-08]
1
iteration 2900
Best Fitness: [2.95344101e-08]
1
iteration 2999
Best Fitness: [1.96208779e-08]
1
iteration 0
Best Fitness: [4.33224143]
100
iteration 100
Best Fitness: [4.84853426e-05]
100
iteration 200
Best Fitness: [7.63200678e-06]
1
iteration 300
Best Fitness: [7.23093823e-06]
1
iteration 400
Best Fitness: [6.60472087e-06]
1
iteration 500
Best Fitness: [6.06605451e-06]
1
iteration 600
Best Fitness: [5.45679667e-06]
1
iteration 700
Best Fitness: [5.01543649e-06]
1
iteration 800
Best Fitness: [4.71336206e-06]
1
iteration 900
Best Fitness: [3.80956925e-06]
1
iteration 1000
Best Fitness: [3.35671134e-06]
1
iteration 1100
Best Fitness: [2.81818159e-06]
1
iteration 1200
Best Fitness: [2.59310032e-06]
1
iteration 1300
Best Fitness: [2.21363451e-06]
1
iteration 1400
Best Fitness: [1.64984418e-06]
1
iteration 1500
Best Fitness: [1.22220796e-06]
1
iteration 1600
Best Fitness: [1.08910336e-06]
1
iteration 1700
Best Fitness: [9.01012777e-07]
1
iteration 1800
Best Fitness: [7.33133532e-07]
1
iteration 1900
Best Fitness: [6.67767815e-07]
1
iteration 2000
Best Fitness: [5.91038288e-07]
1
iteration 2100
Best Fitness: [4.87507564e-07]
1
iteration 2200
Best Fitness: [4.23837386e-07]
1
iteration 2300
Best Fitness: [3.42221937e-07]
1
iteration 2400
Best Fitness: [2.69894154e-07]
1
iteration 2500
Best Fitness: [2.22924403e-07]
1
iteration 2600
Best Fitness: [1.95788129e-07]
1
iteration 2700
Best Fitness: [1.5543391e-07]
1
iteration 2800
Best Fitness: [1.30843214e-07]
1
iteration 2900
Best Fitness: [1.06283448e-07]
1
iteration 2999
Best Fitness: [9.31601973e-08]
1
iteration 0
Best Fitness: [4.23354522]
100
iteration 100
Best Fitness: [4.23040671e-05]
100
iteration 200
Best Fitness: [4.76965563e-06]
1
iteration 300
Best Fitness: [3.60740676e-06]
1
iteration 400
Best Fitness: [3.26095502e-06]
1
iteration 500
Best Fitness: [2.6003536e-06]
1
iteration 600
Best Fitness: [2.11573406e-06]
1
iteration 700
Best Fitness: [1.39324572e-06]
1
iteration 800
Best Fitness: [1.16119007e-06]
1
iteration 900
Best Fitness: [8.72270688e-07]
1
iteration 1000
Best Fitness: [7.08857473e-07]
1
iteration 1100
Best Fitness: [6.14076573e-07]
1
iteration 1200
Best Fitness: [5.12589348e-07]
1
iteration 1300
Best Fitness: [4.47663936e-07]
1
iteration 1400
Best Fitness: [4.13090329e-07]
1
iteration 1500
Best Fitness: [3.63057171e-07]
1
iteration 1600
Best Fitness: [3.00582526e-07]
1
iteration 1700
Best Fitness: [2.71090182e-07]
1
iteration 1800
Best Fitness: [2.24857026e-07]
1
iteration 1900
Best Fitness: [1.86879924e-07]
1
iteration 2000
Best Fitness: [1.57756161e-07]
1
iteration 2100
Best Fitness: [1.29167529e-07]
1
iteration 2200
Best Fitness: [1.09682639e-07]
1
iteration 2300
Best Fitness: [9.32084668e-08]
1
iteration 2400
Best Fitness: [7.7755517e-08]
1
iteration 2500
Best Fitness: [6.97198444e-08]
1
iteration 2600
Best Fitness: [4.94010214e-08]
1
iteration 2700
Best Fitness: [3.75050156e-08]
1
iteration 2800
Best Fitness: [2.4712226e-08]
1
iteration 2900
Best Fitness: [1.4727836e-08]
1
iteration 2999
Best Fitness: [9.47393951e-09]
1
iteration 0
Best Fitness: [3.4188457]
100
iteration 100
Best Fitness: [4.7377526e-05]
100
iteration 200
Best Fitness: [9.46245179e-06]
1
iteration 300
Best Fitness: [8.94960373e-06]
1
iteration 400
Best Fitness: [8.48551027e-06]
1
iteration 500
Best Fitness: [6.87796768e-06]
1
iteration 600
Best Fitness: [6.64024817e-06]
1
iteration 700
Best Fitness: [5.44863016e-06]
1
iteration 800
Best Fitness: [4.4702093e-06]
1
iteration 900
Best Fitness: [4.14556289e-06]
1
iteration 1000
Best Fitness: [3.99441815e-06]
1
iteration 1100
Best Fitness: [3.57981009e-06]
1
iteration 1200
Best Fitness: [3.24106484e-06]
1
iteration 1300
Best Fitness: [2.55220246e-06]
1
iteration 1400
Best Fitness: [2.25091318e-06]
1
iteration 1500
Best Fitness: [1.88181772e-06]
1
iteration 1600
Best Fitness: [1.73788492e-06]
1
iteration 1700
Best Fitness: [1.38246983e-06]
1
iteration 1800
Best Fitness: [1.16267276e-06]
1
iteration 1900
Best Fitness: [9.98115615e-07]
1
iteration 2000
Best Fitness: [8.04812064e-07]
1
iteration 2100
Best Fitness: [7.10964287e-07]
1
iteration 2200
Best Fitness: [6.28232267e-07]
1
iteration 2300
Best Fitness: [5.76746989e-07]
1
iteration 2400
Best Fitness: [4.92309723e-07]
1
iteration 2500
Best Fitness: [4.31817617e-07]
1
iteration 2600
Best Fitness: [3.4967467e-07]
1
iteration 2700
Best Fitness: [2.88950874e-07]
1
iteration 2800
Best Fitness: [2.56328695e-07]
1
iteration 2900
Best Fitness: [2.14146424e-07]
1
iteration 2999
Best Fitness: [1.59537313e-07]
1
iteration 0
Best Fitness: [5.74234073]
100
iteration 100
Best Fitness: [3.24190292e-05]
100
iteration 200
Best Fitness: [4.93949224e-06]
1
iteration 300
Best Fitness: [4.34933003e-06]
1
iteration 400
Best Fitness: [3.92298815e-06]
1
iteration 500
Best Fitness: [3.24834002e-06]
1
iteration 600
Best Fitness: [2.4353512e-06]
1
iteration 700
Best Fitness: [1.84135172e-06]
1
iteration 800
Best Fitness: [1.5416855e-06]
1
iteration 900
Best Fitness: [1.23938951e-06]
1
iteration 1000
Best Fitness: [9.77786441e-07]
1
iteration 1100
Best Fitness: [7.30535205e-07]
1
iteration 1200
Best Fitness: [6.23339442e-07]
1
iteration 1300
Best Fitness: [5.30665043e-07]
1
iteration 1400
Best Fitness: [4.54839547e-07]
1
iteration 1500
Best Fitness: [3.80824458e-07]
1
iteration 1600
Best Fitness: [3.37928266e-07]
1
iteration 1700
Best Fitness: [2.70981038e-07]
1
iteration 1800
Best Fitness: [2.23969252e-07]
1
iteration 1900
Best Fitness: [1.92216975e-07]
1
iteration 2000
Best Fitness: [1.71305736e-07]
1
iteration 2100
Best Fitness: [1.50331909e-07]
1
iteration 2200
Best Fitness: [1.26210969e-07]
1
iteration 2300
Best Fitness: [1.09226707e-07]
1
iteration 2400
Best Fitness: [1.00299759e-07]
1
iteration 2500
Best Fitness: [8.60160983e-08]
1
iteration 2600
Best Fitness: [6.10463736e-08]
1
iteration 2700
Best Fitness: [5.43921592e-08]
1
iteration 2800
Best Fitness: [2.93557699e-08]
1
iteration 2900
Best Fitness: [1.91812002e-08]
1
iteration 2999
Best Fitness: [1.38776266e-08]
1
iteration 0
Best Fitness: [3.57658527]
100
iteration 100
Best Fitness: [3.65374217e-05]
100
iteration 200
Best Fitness: [0.00229201]
1
iteration 300
Best Fitness: [0.00212693]
1
iteration 400
Best Fitness: [0.00201169]
1
iteration 500
Best Fitness: [0.00192798]
1
iteration 600
Best Fitness: [0.00192784]
1
iteration 700
Best Fitness: [0.00192784]
1
iteration 800
Best Fitness: [0.00192784]
1
iteration 900
Best Fitness: [0.00192784]
1
iteration 1000
Best Fitness: [0.00166686]
1
iteration 1100
Best Fitness: [0.00165996]
1
iteration 1200
Best Fitness: [0.00165996]
1
iteration 1300
Best Fitness: [0.00165996]
1
iteration 1400
Best Fitness: [0.00165996]
1
iteration 1500
Best Fitness: [0.00159221]
1
iteration 1600
Best Fitness: [0.00159141]
1
iteration 1700
Best Fitness: [0.0015318]
1
iteration 1800
Best Fitness: [0.00153057]
1
iteration 1900
Best Fitness: [0.00153057]
1
iteration 2000
Best Fitness: [0.00153057]
1
iteration 2100
Best Fitness: [0.00153057]
1
iteration 2200
Best Fitness: [0.00153057]
1
iteration 2300
Best Fitness: [0.00153057]
1
iteration 2400
Best Fitness: [0.0014097]
1
iteration 2500
Best Fitness: [0.00130799]
1
iteration 2600
Best Fitness: [0.00122871]
1
iteration 2700
Best Fitness: [0.00122869]
1
iteration 2800
Best Fitness: [0.00120269]
1
iteration 2900
Best Fitness: [0.00120269]
1
iteration 2999
Best Fitness: [0.00120269]
1
iteration 0
Best Fitness: [5.89096513]
100
iteration 100
Best Fitness: [3.8149084e-05]
100
iteration 200
Best Fitness: [6.08682523e-06]
1
iteration 300
Best Fitness: [5.62575105e-06]
1
iteration 400
Best Fitness: [5.44237923e-06]
1
iteration 500
Best Fitness: [3.98710927e-06]
1
iteration 600
Best Fitness: [3.23584612e-06]
1
iteration 700
Best Fitness: [2.39550074e-06]
1
iteration 800
Best Fitness: [1.83633153e-06]
1
iteration 900
Best Fitness: [1.54472372e-06]
1
iteration 1000
Best Fitness: [1.28673386e-06]
1
iteration 1100
Best Fitness: [1.14080859e-06]
1
iteration 1200
Best Fitness: [9.66869651e-07]
1
iteration 1300
Best Fitness: [8.4399521e-07]
1
iteration 1400
Best Fitness: [7.60544795e-07]
1
iteration 1500
Best Fitness: [6.50574068e-07]
1
iteration 1600
Best Fitness: [5.56618786e-07]
1
iteration 1700
Best Fitness: [4.83045239e-07]
1
iteration 1800
Best Fitness: [4.38897735e-07]
1
iteration 1900
Best Fitness: [3.78767567e-07]
1
iteration 2000
Best Fitness: [3.40188022e-07]
1
iteration 2100
Best Fitness: [3.11300911e-07]
1
iteration 2200
Best Fitness: [2.64841809e-07]
1
iteration 2300
Best Fitness: [2.24043402e-07]
1
iteration 2400
Best Fitness: [1.81710466e-07]
1
iteration 2500
Best Fitness: [1.58718104e-07]
1
iteration 2600
Best Fitness: [1.31857549e-07]
1
iteration 2700
Best Fitness: [1.20216261e-07]
1
iteration 2800
Best Fitness: [1.08501358e-07]
1
iteration 2900
Best Fitness: [9.50385673e-08]
1
iteration 2999
Best Fitness: [8.63752244e-08]
1
iteration 0
Best Fitness: [4.70995157]
100
iteration 100
Best Fitness: [0.07533521]
1
iteration 200
Best Fitness: [0.0686491]
1
iteration 300
Best Fitness: [0.06102673]
1
iteration 400
Best Fitness: [0.05908827]
1
iteration 500
Best Fitness: [0.05908827]
1
iteration 600
Best Fitness: [0.05668354]
1
iteration 700
Best Fitness: [0.05645788]
1
iteration 800
Best Fitness: [0.05645788]
1
iteration 900
Best Fitness: [0.05645788]
1
iteration 1000
Best Fitness: [0.05645788]
1
iteration 1100
Best Fitness: [0.05645788]
1
iteration 1200
Best Fitness: [0.05645788]
1
iteration 1300
Best Fitness: [0.05410809]
1
iteration 1400
Best Fitness: [0.05408762]
1
iteration 1500
Best Fitness: [0.05408762]
1
iteration 1600
Best Fitness: [0.05408762]
1
iteration 1700
Best Fitness: [0.05408762]
1
iteration 1800
Best Fitness: [0.05408762]
1
iteration 1900
Best Fitness: [0.05408762]
1
iteration 2000
Best Fitness: [0.05358034]
1
iteration 2100
Best Fitness: [0.05358033]
1
iteration 2200
Best Fitness: [0.05356674]
1
iteration 2300
Best Fitness: [0.04807541]
1
iteration 2400
Best Fitness: [0.04807541]
1
iteration 2500
Best Fitness: [0.04807541]
1
iteration 2600
Best Fitness: [0.04619677]
1
iteration 2700
Best Fitness: [0.04619209]
1
iteration 2800
Best Fitness: [0.04619209]
1
iteration 2900
Best Fitness: [0.04619209]
1
iteration 2999
Best Fitness: [0.04619209]
1
iteration 0
Best Fitness: [3.7797045]
100
iteration 100
Best Fitness: [4.31966063]
1
iteration 200
Best Fitness: [3.87203857]
1
iteration 300
Best Fitness: [3.54464566]
1
iteration 400
Best Fitness: [3.44907342]
1
iteration 500
Best Fitness: [3.24466362]
1
iteration 600
Best Fitness: [2.92777783]
1
iteration 700
Best Fitness: [2.82483999]
1
iteration 800
Best Fitness: [2.76430901]
1
iteration 900
Best Fitness: [2.68045423]
1
iteration 1000
Best Fitness: [2.57578824]
1
iteration 1100
Best Fitness: [2.52236452]
1
iteration 1200
Best Fitness: [2.52214476]
1
iteration 1300
Best Fitness: [2.52214476]
1
iteration 1400
Best Fitness: [2.52214476]
1
iteration 1500
Best Fitness: [2.52214476]
1
iteration 1600
Best Fitness: [2.52214476]
1
iteration 1700
Best Fitness: [2.52214476]
1
iteration 1800
Best Fitness: [2.52214476]
1
iteration 1900
Best Fitness: [2.52214476]
1
iteration 2000
Best Fitness: [2.52214476]
1
iteration 2100
Best Fitness: [2.52214476]
1
iteration 2200
Best Fitness: [2.42039937]
1
iteration 2300
Best Fitness: [2.42039937]
1
iteration 2400
Best Fitness: [2.29816898]
1
iteration 2500
Best Fitness: [2.2980636]
1
iteration 2600
Best Fitness: [2.2980636]
1
iteration 2700
Best Fitness: [2.2980636]
1
iteration 2800
Best Fitness: [2.23220191]
1
iteration 2900
Best Fitness: [2.13288086]
1
iteration 2999
Best Fitness: [2.04578274]
1
[array([2.4798538e-07]), array([1.96208779e-08]), array([9.31601973e-08]), array([9.47393951e-09]), array([1.59537313e-07]), array([1.38776266e-08]), array([0.00120269]), array([8.63752244e-08]), array([0.04619209]), array([2.04578274])]
