iteration 0
Best Fitness: [2.06162798e+12]
1
iteration 100
Best Fitness: [1.09039877e+08]
1
iteration 200
Best Fitness: [14791.52264048]
1
iteration 300
Best Fitness: [2.27379235]
1
iteration 400
Best Fitness: [0.00018152]
1
iteration 500
Best Fitness: [3.41120986e-08]
1
iteration 600
Best Fitness: [3.5920123e-12]
1
iteration 700
Best Fitness: [2.40862369e-16]
2
iteration 800
Best Fitness: [1.64875542e-20]
1
iteration 900
Best Fitness: [1.6222512e-24]
1
iteration 1000
Best Fitness: [1.2107468e-28]
1
iteration 1100
Best Fitness: [3.27751639e-32]
1
iteration 1200
Best Fitness: [3.009852e-36]
1
iteration 1300
Best Fitness: [4.96828292e-40]
1
iteration 1400
Best Fitness: [4.3269221e-44]
2
iteration 1500
Best Fitness: [1.6573889e-48]
1
iteration 1600
Best Fitness: [1.7602775e-52]
1
iteration 1700
Best Fitness: [5.40832824e-56]
1
iteration 1800
Best Fitness: [4.80826371e-60]
1
iteration 1900
Best Fitness: [6.02435919e-64]
1
iteration 2000
Best Fitness: [7.67558526e-68]
1
iteration 2100
Best Fitness: [5.46053742e-72]
2
iteration 2200
Best Fitness: [5.33659133e-76]
1
iteration 2300
Best Fitness: [3.86147333e-80]
1
iteration 2400
Best Fitness: [7.01910091e-84]
1
iteration 2500
Best Fitness: [7.45234523e-88]
1
iteration 2600
Best Fitness: [9.10817255e-92]
1
iteration 2700
Best Fitness: [1.31994951e-95]
1
iteration 2800
Best Fitness: [1.24878701e-99]
2
iteration 2900
Best Fitness: [5.23868683e-104]
1
iteration 2999
Best Fitness: [8.61579278e-108]
1
iteration 0
Best Fitness: [2.29022951e+12]
1
iteration 100
Best Fitness: [1.18628413e+08]
1
iteration 200
Best Fitness: [20554.29089685]
1
iteration 300
Best Fitness: [2.57289395]
1
iteration 400
Best Fitness: [0.00021615]
1
iteration 500
Best Fitness: [1.71862705e-08]
1
iteration 600
Best Fitness: [3.29987271e-12]
1
iteration 700
Best Fitness: [2.79118948e-16]
2
iteration 800
Best Fitness: [1.27678655e-20]
1
iteration 900
Best Fitness: [1.44517304e-24]
1
iteration 1000
Best Fitness: [2.80624648e-28]
1
iteration 1100
Best Fitness: [3.88031584e-32]
1
iteration 1200
Best Fitness: [5.46537805e-36]
1
iteration 1300
Best Fitness: [3.91290361e-40]
1
iteration 1400
Best Fitness: [4.13482877e-44]
2
iteration 1500
Best Fitness: [2.34666319e-48]
1
iteration 1600
Best Fitness: [2.92068107e-52]
1
iteration 1700
Best Fitness: [3.03266657e-56]
1
iteration 1800
Best Fitness: [4.68517475e-60]
1
iteration 1900
Best Fitness: [4.46668802e-64]
1
iteration 2000
Best Fitness: [5.67148116e-68]
1
iteration 2100
Best Fitness: [3.84686781e-72]
2
iteration 2200
Best Fitness: [2.24891363e-76]
1
iteration 2300
Best Fitness: [4.16065732e-80]
1
iteration 2400
Best Fitness: [6.84238776e-84]
1
iteration 2500
Best Fitness: [6.88503963e-88]
1
iteration 2600
Best Fitness: [1.02991143e-91]
1
iteration 2700
Best Fitness: [1.06224049e-95]
1
iteration 2800
Best Fitness: [9.82167233e-100]
2
iteration 2900
Best Fitness: [2.75444091e-104]
1
iteration 2999
Best Fitness: [2.91818675e-108]
1
iteration 0
Best Fitness: [2.17765618e+12]
1
iteration 100
Best Fitness: [1.7919944e+08]
1
iteration 200
Best Fitness: [19630.84324457]
1
iteration 300
Best Fitness: [2.56097304]
1
iteration 400
Best Fitness: [0.00027091]
1
iteration 500
Best Fitness: [2.36336867e-08]
1
iteration 600
Best Fitness: [5.7898532e-12]
1
iteration 700
Best Fitness: [2.38652891e-16]
2
iteration 800
Best Fitness: [9.62898264e-21]
1
iteration 900
Best Fitness: [1.62965473e-24]
1
iteration 1000
Best Fitness: [1.37191758e-28]
1
iteration 1100
Best Fitness: [2.27247636e-32]
1
iteration 1200
Best Fitness: [2.47947254e-36]
1
iteration 1300
Best Fitness: [3.41823227e-40]
1
iteration 1400
Best Fitness: [2.83744194e-44]
2
iteration 1500
Best Fitness: [1.93271594e-48]
1
iteration 1600
Best Fitness: [2.48312305e-52]
1
iteration 1700
Best Fitness: [3.61071121e-56]
1
iteration 1800
Best Fitness: [3.54509201e-60]
1
iteration 1900
Best Fitness: [4.60634544e-64]
1
iteration 2000
Best Fitness: [7.85601383e-68]
1
iteration 2100
Best Fitness: [4.98971011e-72]
2
iteration 2200
Best Fitness: [2.82659549e-76]
1
iteration 2300
Best Fitness: [3.53921007e-80]
1
iteration 2400
Best Fitness: [3.75302489e-84]
1
iteration 2500
Best Fitness: [3.42778998e-88]
1
iteration 2600
Best Fitness: [5.23127525e-92]
1
iteration 2700
Best Fitness: [8.63205206e-96]
1
iteration 2800
Best Fitness: [8.1304988e-100]
2
iteration 2900
Best Fitness: [2.42803414e-104]
1
iteration 2999
Best Fitness: [6.25866676e-108]
1
iteration 0
Best Fitness: [2.12437429e+12]
1
iteration 100
Best Fitness: [1.68178467e+08]
1
iteration 200
Best Fitness: [21498.68077742]
1
iteration 300
Best Fitness: [2.64149192]
1
iteration 400
Best Fitness: [0.00032956]
1
iteration 500
Best Fitness: [2.19665727e-08]
1
iteration 600
Best Fitness: [2.88178833e-12]
1
iteration 700
Best Fitness: [3.69626854e-16]
2
iteration 800
Best Fitness: [1.97773364e-20]
1
iteration 900
Best Fitness: [1.26012438e-24]
1
iteration 1000
Best Fitness: [1.53160328e-28]
1
iteration 1100
Best Fitness: [1.88372902e-32]
1
iteration 1200
Best Fitness: [2.2337505e-36]
1
iteration 1300
Best Fitness: [3.1363127e-40]
1
iteration 1400
Best Fitness: [2.95917262e-44]
2
iteration 1500
Best Fitness: [2.00393366e-48]
1
iteration 1600
Best Fitness: [1.99860374e-52]
1
iteration 1700
Best Fitness: [2.83930214e-56]
1
iteration 1800
Best Fitness: [4.70927054e-60]
1
iteration 1900
Best Fitness: [2.94052633e-64]
1
iteration 2000
Best Fitness: [4.26807923e-68]
1
iteration 2100
Best Fitness: [5.77227449e-72]
2
iteration 2200
Best Fitness: [1.89614375e-76]
1
iteration 2300
Best Fitness: [2.79706109e-80]
1
iteration 2400
Best Fitness: [2.16703009e-84]
1
iteration 2500
Best Fitness: [4.39546536e-88]
1
iteration 2600
Best Fitness: [6.61405254e-92]
1
iteration 2700
Best Fitness: [1.06712708e-95]
1
iteration 2800
Best Fitness: [6.13073856e-100]
2
iteration 2900
Best Fitness: [2.94501074e-104]
1
iteration 2999
Best Fitness: [4.06244722e-108]
1
iteration 0
Best Fitness: [2.12373741e+12]
1
iteration 100
Best Fitness: [1.81220862e+08]
1
iteration 200
Best Fitness: [14902.8342843]
1
iteration 300
Best Fitness: [2.34382903]
1
iteration 400
Best Fitness: [0.00028649]
1
iteration 500
Best Fitness: [2.8446286e-08]
1
iteration 600
Best Fitness: [3.02663267e-12]
1
iteration 700
Best Fitness: [2.33265313e-16]
2
iteration 800
Best Fitness: [1.25706789e-20]
1
iteration 900
Best Fitness: [1.20876369e-24]
1
iteration 1000
Best Fitness: [1.98871018e-28]
1
iteration 1100
Best Fitness: [2.45604973e-32]
1
iteration 1200
Best Fitness: [1.66715674e-36]
1
iteration 1300
Best Fitness: [4.40875918e-40]
1
iteration 1400
Best Fitness: [4.79186426e-44]
2
iteration 1500
Best Fitness: [2.14692854e-48]
1
iteration 1600
Best Fitness: [2.51778517e-52]
1
iteration 1700
Best Fitness: [3.58332657e-56]
1
iteration 1800
Best Fitness: [4.29551686e-60]
1
iteration 1900
Best Fitness: [2.83572471e-64]
1
iteration 2000
Best Fitness: [5.58502579e-68]
1
iteration 2100
Best Fitness: [2.66979124e-72]
2
iteration 2200
Best Fitness: [1.68419265e-76]
1
iteration 2300
Best Fitness: [2.81826271e-80]
1
iteration 2400
Best Fitness: [3.95884686e-84]
1
iteration 2500
Best Fitness: [2.4767305e-88]
1
iteration 2600
Best Fitness: [6.15920247e-92]
1
iteration 2700
Best Fitness: [5.11344689e-96]
1
iteration 2800
Best Fitness: [5.17977397e-100]
2
iteration 2900
Best Fitness: [2.48504763e-104]
1
iteration 2999
Best Fitness: [3.37994589e-108]
1
iteration 0
Best Fitness: [1.9742595e+12]
1
iteration 100
Best Fitness: [1.0342466e+08]
1
iteration 200
Best Fitness: [15660.18052756]
1
iteration 300
Best Fitness: [2.68017201]
1
iteration 400
Best Fitness: [0.00027701]
1
iteration 500
Best Fitness: [2.85134777e-08]
1
iteration 600
Best Fitness: [5.23033678e-12]
1
iteration 700
Best Fitness: [4.67321187e-16]
2
iteration 800
Best Fitness: [2.96026008e-20]
1
iteration 900
Best Fitness: [4.34063593e-24]
1
iteration 1000
Best Fitness: [3.7007805e-28]
1
iteration 1100
Best Fitness: [3.13005195e-32]
1
iteration 1200
Best Fitness: [4.92228857e-36]
1
iteration 1300
Best Fitness: [1.02001202e-39]
1
iteration 1400
Best Fitness: [5.07515386e-44]
2
iteration 1500
Best Fitness: [1.48723442e-48]
1
iteration 1600
Best Fitness: [4.20940733e-52]
1
iteration 1700
Best Fitness: [4.19322308e-56]
1
iteration 1800
Best Fitness: [7.38369525e-60]
1
iteration 1900
Best Fitness: [1.00735156e-63]
1
iteration 2000
Best Fitness: [1.27072287e-67]
1
iteration 2100
Best Fitness: [9.55738876e-72]
2
iteration 2200
Best Fitness: [5.49636699e-76]
1
iteration 2300
Best Fitness: [1.027324e-79]
1
iteration 2400
Best Fitness: [1.3333598e-83]
1
iteration 2500
Best Fitness: [8.76256252e-88]
1
iteration 2600
Best Fitness: [1.45603416e-91]
1
iteration 2700
Best Fitness: [1.45674187e-95]
1
iteration 2800
Best Fitness: [1.67642354e-99]
2
iteration 2900
Best Fitness: [7.90786673e-104]
1
iteration 2999
Best Fitness: [7.31872589e-108]
1
iteration 0
Best Fitness: [2.19603323e+12]
1
iteration 100
Best Fitness: [1.1597929e+08]
1
iteration 200
Best Fitness: [29573.33426481]
1
iteration 300
Best Fitness: [1.01733917]
1
iteration 400
Best Fitness: [0.00021284]
1
iteration 500
Best Fitness: [2.11008116e-08]
1
iteration 600
Best Fitness: [2.89215381e-12]
1
iteration 700
Best Fitness: [3.03855869e-16]
2
iteration 800
Best Fitness: [1.97187635e-20]
1
iteration 900
Best Fitness: [1.41537865e-24]
1
iteration 1000
Best Fitness: [1.43967932e-28]
1
iteration 1100
Best Fitness: [1.74144147e-32]
1
iteration 1200
Best Fitness: [3.42583535e-36]
1
iteration 1300
Best Fitness: [3.78976976e-40]
1
iteration 1400
Best Fitness: [4.18707021e-44]
2
iteration 1500
Best Fitness: [5.94238132e-49]
1
iteration 1600
Best Fitness: [1.23577421e-52]
1
iteration 1700
Best Fitness: [1.46763919e-56]
1
iteration 1800
Best Fitness: [3.32232872e-60]
1
iteration 1900
Best Fitness: [1.06235519e-64]
1
iteration 2000
Best Fitness: [4.41870348e-68]
1
iteration 2100
Best Fitness: [3.2599562e-72]
2
iteration 2200
Best Fitness: [2.04078063e-76]
1
iteration 2300
Best Fitness: [1.65490585e-80]
1
iteration 2400
Best Fitness: [2.12331109e-84]
1
iteration 2500
Best Fitness: [6.41772213e-88]
1
iteration 2600
Best Fitness: [5.08733057e-92]
1
iteration 2700
Best Fitness: [6.42657301e-96]
1
iteration 2800
Best Fitness: [6.31924472e-100]
2
iteration 2900
Best Fitness: [3.27504487e-104]
1
iteration 2999
Best Fitness: [4.64993616e-108]
1
iteration 0
Best Fitness: [2.17530761e+12]
1
iteration 100
Best Fitness: [1.48883943e+08]
1
iteration 200
Best Fitness: [15866.11512012]
1
iteration 300
Best Fitness: [1.30999977]
1
iteration 400
Best Fitness: [0.00013457]
1
iteration 500
Best Fitness: [2.03879286e-08]
1
iteration 600
Best Fitness: [3.7667747e-12]
1
iteration 700
Best Fitness: [1.91155627e-16]
2
iteration 800
Best Fitness: [8.73160024e-21]
1
iteration 900
Best Fitness: [1.19214261e-24]
1
iteration 1000
Best Fitness: [1.83846056e-28]
1
iteration 1100
Best Fitness: [1.70543886e-32]
1
iteration 1200
Best Fitness: [2.26155619e-36]
1
iteration 1300
Best Fitness: [2.40966872e-40]
1
iteration 1400
Best Fitness: [1.64323199e-44]
2
iteration 1500
Best Fitness: [9.28662102e-49]
1
iteration 1600
Best Fitness: [1.81995549e-52]
1
iteration 1700
Best Fitness: [2.25361708e-56]
1
iteration 1800
Best Fitness: [2.34337684e-60]
1
iteration 1900
Best Fitness: [2.61329553e-64]
1
iteration 2000
Best Fitness: [2.64204567e-68]
1
iteration 2100
Best Fitness: [3.08192608e-72]
2
iteration 2200
Best Fitness: [1.7915444e-76]
1
iteration 2300
Best Fitness: [4.02993039e-80]
1
iteration 2400
Best Fitness: [3.55433529e-84]
1
iteration 2500
Best Fitness: [3.31391045e-88]
1
iteration 2600
Best Fitness: [2.84635752e-92]
1
iteration 2700
Best Fitness: [2.84444558e-96]
1
iteration 2800
Best Fitness: [2.59404015e-100]
2
iteration 2900
Best Fitness: [1.45104921e-104]
1
iteration 2999
Best Fitness: [3.00010274e-108]
1
iteration 0
Best Fitness: [2.23740454e+12]
1
iteration 100
Best Fitness: [1.25072496e+08]
1
iteration 200
Best Fitness: [15594.63697248]
1
iteration 300
Best Fitness: [2.14355677]
1
iteration 400
Best Fitness: [0.00019495]
1
iteration 500
Best Fitness: [4.29649491e-08]
1
iteration 600
Best Fitness: [4.27616676e-12]
1
iteration 700
Best Fitness: [3.49358136e-16]
2
iteration 800
Best Fitness: [2.11440446e-20]
1
iteration 900
Best Fitness: [2.79428979e-24]
1
iteration 1000
Best Fitness: [3.8346314e-28]
1
iteration 1100
Best Fitness: [3.68290282e-32]
1
iteration 1200
Best Fitness: [3.81425182e-36]
1
iteration 1300
Best Fitness: [5.76235068e-40]
1
iteration 1400
Best Fitness: [3.28236737e-44]
2
iteration 1500
Best Fitness: [4.00551902e-48]
1
iteration 1600
Best Fitness: [5.10472095e-52]
1
iteration 1700
Best Fitness: [6.37765205e-56]
1
iteration 1800
Best Fitness: [3.79837716e-60]
1
iteration 1900
Best Fitness: [5.24094794e-64]
1
iteration 2000
Best Fitness: [3.80112595e-68]
1
iteration 2100
Best Fitness: [4.73896703e-72]
2
iteration 2200
Best Fitness: [2.22577092e-76]
1
iteration 2300
Best Fitness: [4.33339069e-80]
1
iteration 2400
Best Fitness: [3.13477615e-84]
1
iteration 2500
Best Fitness: [4.72379699e-88]
1
iteration 2600
Best Fitness: [5.66584724e-92]
1
iteration 2700
Best Fitness: [4.74910489e-96]
1
iteration 2800
Best Fitness: [4.59598167e-100]
2
iteration 2900
Best Fitness: [3.12938146e-104]
1
iteration 2999
Best Fitness: [2.66045763e-108]
1
iteration 0
Best Fitness: [2.34387129e+12]
1
iteration 100
Best Fitness: [1.51377061e+08]
1
iteration 200
Best Fitness: [23035.71604732]
1
iteration 300
Best Fitness: [2.17231615]
1
iteration 400
Best Fitness: [0.00024159]
1
iteration 500
Best Fitness: [2.56449616e-08]
1
iteration 600
Best Fitness: [2.72293814e-12]
1
iteration 700
Best Fitness: [3.59482599e-16]
2
iteration 800
Best Fitness: [1.98643197e-20]
1
iteration 900
Best Fitness: [2.1651549e-24]
1
iteration 1000
Best Fitness: [2.65104847e-28]
1
iteration 1100
Best Fitness: [3.99285945e-32]
1
iteration 1200
Best Fitness: [8.08844031e-36]
1
iteration 1300
Best Fitness: [5.35127794e-40]
1
iteration 1400
Best Fitness: [5.01943189e-44]
2
iteration 1500
Best Fitness: [2.52932189e-48]
1
iteration 1600
Best Fitness: [4.1606511e-52]
1
iteration 1700
Best Fitness: [5.96863714e-56]
1
iteration 1800
Best Fitness: [5.85180021e-60]
1
iteration 1900
Best Fitness: [6.51110319e-64]
1
iteration 2000
Best Fitness: [1.12677943e-67]
1
iteration 2100
Best Fitness: [9.14203427e-72]
2
iteration 2200
Best Fitness: [4.3297365e-76]
1
iteration 2300
Best Fitness: [4.77168832e-80]
1
iteration 2400
Best Fitness: [9.05128151e-84]
1
iteration 2500
Best Fitness: [9.81253326e-88]
1
iteration 2600
Best Fitness: [8.11147186e-92]
1
iteration 2700
Best Fitness: [1.14914812e-95]
1
iteration 2800
Best Fitness: [1.19320402e-99]
2
iteration 2900
Best Fitness: [2.61201466e-104]
1
iteration 2999
Best Fitness: [5.0451984e-108]
1
[array([8.61579278e-108]), array([2.91818675e-108]), array([6.25866676e-108]), array([4.06244722e-108]), array([3.37994589e-108]), array([7.31872589e-108]), array([4.64993616e-108]), array([3.00010274e-108]), array([2.66045763e-108]), array([5.0451984e-108])]
iteration 0
Best Fitness: [1.53207902e+168]
1
iteration 100
Best Fitness: [3.42189696e+13]
1
iteration 200
Best Fitness: [0.00083044]
1
iteration 300
Best Fitness: [4.5927471e-09]
1
iteration 400
Best Fitness: [3.1502619e-13]
1
iteration 500
Best Fitness: [1.52164274e-17]
1
iteration 600
Best Fitness: [1.26525343e-23]
1
iteration 700
Best Fitness: [1.56737732e-27]
2
iteration 800
Best Fitness: [5.01936608e-32]
1
iteration 900
Best Fitness: [5.24304274e-36]
1
iteration 1000
Best Fitness: [1.16779776e-40]
1
iteration 1100
Best Fitness: [1.79820043e-44]
1
iteration 1200
Best Fitness: [4.68503399e-48]
1
iteration 1300
Best Fitness: [3.8949428e-51]
1
iteration 1400
Best Fitness: [4.22308003e-55]
2
iteration 1500
Best Fitness: [3.79069734e-60]
1
iteration 1600
Best Fitness: [6.24752429e-64]
1
iteration 1700
Best Fitness: [3.46621692e-68]
1
iteration 1800
Best Fitness: [4.62025218e-72]
1
iteration 1900
Best Fitness: [6.89807833e-76]
1
iteration 2000
Best Fitness: [2.95626038e-80]
1
iteration 2100
Best Fitness: [9.79876524e-84]
2
iteration 2200
Best Fitness: [7.72853898e-89]
1
iteration 2300
Best Fitness: [4.40276164e-92]
1
iteration 2400
Best Fitness: [9.52880344e-97]
1
iteration 2500
Best Fitness: [4.20044736e-100]
1
iteration 2600
Best Fitness: [1.21197892e-103]
1
iteration 2700
Best Fitness: [8.15189365e-109]
1
iteration 2800
Best Fitness: [7.11981719e-113]
2
iteration 2900
Best Fitness: [5.48756061e-118]
1
iteration 2999
Best Fitness: [6.60566391e-122]
1
iteration 0
Best Fitness: [1.20788779e+171]
1
iteration 100
Best Fitness: [4.33773903e+15]
1
iteration 200
Best Fitness: [0.00031875]
1
iteration 300
Best Fitness: [1.19011868e-08]
1
iteration 400
Best Fitness: [8.90641445e-14]
1
iteration 500
Best Fitness: [5.23313904e-18]
1
iteration 600
Best Fitness: [1.15612267e-21]
1
iteration 700
Best Fitness: [1.11924106e-26]
2
iteration 800
Best Fitness: [3.9438653e-32]
1
iteration 900
Best Fitness: [1.62956848e-37]
1
iteration 1000
Best Fitness: [5.39054302e-39]
1
iteration 1100
Best Fitness: [1.107088e-42]
1
iteration 1200
Best Fitness: [4.04896416e-48]
1
iteration 1300
Best Fitness: [4.53280818e-51]
1
iteration 1400
Best Fitness: [4.47901511e-54]
2
iteration 1500
Best Fitness: [6.05921735e-59]
1
iteration 1600
Best Fitness: [6.09840113e-64]
1
iteration 1700
Best Fitness: [1.09595426e-67]
1
iteration 1800
Best Fitness: [3.1218109e-70]
1
iteration 1900
Best Fitness: [2.08545533e-74]
1
iteration 2000
Best Fitness: [4.20234523e-79]
1
iteration 2100
Best Fitness: [2.02029732e-82]
2
iteration 2200
Best Fitness: [3.77667497e-87]
1
iteration 2300
Best Fitness: [1.28946165e-92]
1
iteration 2400
Best Fitness: [1.00903264e-95]
1
iteration 2500
Best Fitness: [5.17893733e-100]
1
iteration 2600
Best Fitness: [6.13945265e-105]
1
iteration 2700
Best Fitness: [6.15747136e-108]
1
iteration 2800
Best Fitness: [1.1588998e-111]
2
iteration 2900
Best Fitness: [6.5941882e-116]
1
iteration 2999
Best Fitness: [1.73526595e-119]
1
iteration 0
Best Fitness: [1.41508361e+169]
1
iteration 100
Best Fitness: [4.81348751e+16]
1
iteration 200
Best Fitness: [0.00364154]
1
iteration 300
Best Fitness: [2.14331644e-08]
1
iteration 400
Best Fitness: [1.10863619e-13]
1
iteration 500
Best Fitness: [6.27918575e-17]
1
iteration 600
Best Fitness: [8.00960916e-22]
1
iteration 700
Best Fitness: [1.15677879e-25]
2
iteration 800
Best Fitness: [2.58443955e-31]
1
iteration 900
Best Fitness: [5.46272943e-35]
1
iteration 1000
Best Fitness: [1.73346572e-38]
1
iteration 1100
Best Fitness: [5.05710015e-43]
1
iteration 1200
Best Fitness: [1.67477157e-47]
1
iteration 1300
Best Fitness: [3.68759864e-50]
1
iteration 1400
Best Fitness: [3.75119005e-55]
2
iteration 1500
Best Fitness: [1.11268659e-58]
1
iteration 1600
Best Fitness: [1.3406593e-64]
1
iteration 1700
Best Fitness: [2.55019662e-67]
1
iteration 1800
Best Fitness: [2.31864286e-71]
1
iteration 1900
Best Fitness: [4.51941231e-75]
1
iteration 2000
Best Fitness: [5.62722787e-80]
1
iteration 2100
Best Fitness: [8.26483875e-84]
2
iteration 2200
Best Fitness: [5.92531044e-89]
1
iteration 2300
Best Fitness: [6.77837106e-93]
1
iteration 2400
Best Fitness: [3.33155469e-96]
1
iteration 2500
Best Fitness: [3.21051245e-100]
1
iteration 2600
Best Fitness: [1.83454537e-105]
1
iteration 2700
Best Fitness: [3.93544495e-110]
1
iteration 2800
Best Fitness: [5.27480309e-112]
2
iteration 2900
Best Fitness: [7.02973477e-117]
1
iteration 2999
Best Fitness: [7.90637158e-121]
1
iteration 0
Best Fitness: [1.68521222e+170]
1
iteration 100
Best Fitness: [5.02067593e+16]
1
iteration 200
Best Fitness: [0.00060685]
1
iteration 300
Best Fitness: [6.12254928e-09]
1
iteration 400
Best Fitness: [1.95151487e-14]
1
iteration 500
Best Fitness: [3.37499578e-18]
1
iteration 600
Best Fitness: [1.64255654e-21]
1
iteration 700
Best Fitness: [5.98333273e-27]
2
iteration 800
Best Fitness: [2.74717732e-32]
1
iteration 900
Best Fitness: [3.63642131e-37]
1
iteration 1000
Best Fitness: [3.79284793e-40]
1
iteration 1100
Best Fitness: [1.30373315e-45]
1
iteration 1200
Best Fitness: [2.78604395e-49]
1
iteration 1300
Best Fitness: [2.10732794e-53]
1
iteration 1400
Best Fitness: [2.75734019e-57]
2
iteration 1500
Best Fitness: [3.87886975e-60]
1
iteration 1600
Best Fitness: [4.92038178e-64]
1
iteration 1700
Best Fitness: [3.91290381e-67]
1
iteration 1800
Best Fitness: [1.08406729e-71]
1
iteration 1900
Best Fitness: [2.76247147e-75]
1
iteration 2000
Best Fitness: [6.90025523e-81]
1
iteration 2100
Best Fitness: [1.04215358e-83]
2
iteration 2200
Best Fitness: [6.88832654e-90]
1
iteration 2300
Best Fitness: [9.07675864e-94]
1
iteration 2400
Best Fitness: [1.94143011e-98]
1
iteration 2500
Best Fitness: [5.80463368e-101]
1
iteration 2600
Best Fitness: [2.21458783e-105]
1
iteration 2700
Best Fitness: [1.49151354e-109]
1
iteration 2800
Best Fitness: [2.14252819e-114]
2
iteration 2900
Best Fitness: [1.0588684e-118]
1
iteration 2999
Best Fitness: [1.74004583e-121]
1
iteration 0
Best Fitness: [6.92897669e+160]
1
iteration 100
Best Fitness: [8.40809093e+11]
1
iteration 200
Best Fitness: [0.00031616]
1
iteration 300
Best Fitness: [3.22331999e-09]
1
iteration 400
Best Fitness: [4.56634611e-14]
1
iteration 500
Best Fitness: [3.25255444e-19]
1
iteration 600
Best Fitness: [3.02188263e-24]
1
iteration 700
Best Fitness: [8.5102518e-27]
2
iteration 800
Best Fitness: [8.77915975e-32]
1
iteration 900
Best Fitness: [6.10978357e-35]
1
iteration 1000
Best Fitness: [1.94098498e-39]
1
iteration 1100
Best Fitness: [4.97481587e-44]
1
iteration 1200
Best Fitness: [2.68859466e-47]
1
iteration 1300
Best Fitness: [6.58968904e-51]
1
iteration 1400
Best Fitness: [6.53216586e-56]
2
iteration 1500
Best Fitness: [5.6263424e-60]
1
iteration 1600
Best Fitness: [8.28204313e-64]
1
iteration 1700
Best Fitness: [1.15931022e-68]
1
iteration 1800
Best Fitness: [8.40852969e-73]
1
iteration 1900
Best Fitness: [2.13865296e-76]
1
iteration 2000
Best Fitness: [2.21480352e-80]
1
iteration 2100
Best Fitness: [3.58245001e-85]
2
iteration 2200
Best Fitness: [1.848775e-90]
1
iteration 2300
Best Fitness: [2.12989645e-94]
1
iteration 2400
Best Fitness: [6.01763585e-98]
1
iteration 2500
Best Fitness: [7.56671555e-102]
1
iteration 2600
Best Fitness: [4.08045113e-106]
1
iteration 2700
Best Fitness: [2.88903245e-109]
1
iteration 2800
Best Fitness: [1.5005754e-112]
2
iteration 2900
Best Fitness: [1.43300676e-119]
1
iteration 2999
Best Fitness: [4.81223761e-121]
1
iteration 0
Best Fitness: [1.32516842e+168]
1
iteration 100
Best Fitness: [2.38260155e+16]
1
iteration 200
Best Fitness: [0.0002429]
1
iteration 300
Best Fitness: [6.19802166e-10]
1
iteration 400
Best Fitness: [1.32549011e-14]
1
iteration 500
Best Fitness: [1.91712586e-18]
1
iteration 600
Best Fitness: [1.38777165e-22]
1
iteration 700
Best Fitness: [1.64437292e-26]
2
iteration 800
Best Fitness: [3.87259714e-32]
1
iteration 900
Best Fitness: [3.1088713e-36]
1
iteration 1000
Best Fitness: [3.81494874e-41]
1
iteration 1100
Best Fitness: [5.5024418e-44]
1
iteration 1200
Best Fitness: [3.64877659e-49]
1
iteration 1300
Best Fitness: [4.28868449e-54]
1
iteration 1400
Best Fitness: [4.51063494e-57]
2
iteration 1500
Best Fitness: [3.80958026e-62]
1
iteration 1600
Best Fitness: [2.61395526e-65]
1
iteration 1700
Best Fitness: [3.84555019e-69]
1
iteration 1800
Best Fitness: [1.10376674e-73]
1
iteration 1900
Best Fitness: [2.79128744e-77]
1
iteration 2000
Best Fitness: [2.57726967e-81]
1
iteration 2100
Best Fitness: [8.67057354e-85]
2
iteration 2200
Best Fitness: [5.75792105e-90]
1
iteration 2300
Best Fitness: [3.06266389e-94]
1
iteration 2400
Best Fitness: [1.171261e-97]
1
iteration 2500
Best Fitness: [1.57547759e-102]
1
iteration 2600
Best Fitness: [5.7591078e-107]
1
iteration 2700
Best Fitness: [1.72178016e-110]
1
iteration 2800
Best Fitness: [6.32134756e-113]
2
iteration 2900
Best Fitness: [3.32815151e-117]
1
iteration 2999
Best Fitness: [2.14184607e-120]
1
iteration 0
Best Fitness: [1.5895402e+168]
1
iteration 100
Best Fitness: [4.43886023e+15]
1
iteration 200
Best Fitness: [2.58985576e-05]
1
iteration 300
Best Fitness: [5.36246581e-10]
1
iteration 400
Best Fitness: [2.35875027e-14]
1
iteration 500
Best Fitness: [1.04977382e-19]
1
iteration 600
Best Fitness: [2.28487076e-22]
1
iteration 700
Best Fitness: [1.75675255e-28]
2
iteration 800
Best Fitness: [1.39404211e-33]
1
iteration 900
Best Fitness: [1.41171602e-35]
1
iteration 1000
Best Fitness: [9.12617019e-39]
1
iteration 1100
Best Fitness: [1.16687838e-42]
1
iteration 1200
Best Fitness: [2.03587711e-47]
1
iteration 1300
Best Fitness: [1.4596696e-50]
1
iteration 1400
Best Fitness: [2.00345667e-55]
2
iteration 1500
Best Fitness: [1.40049344e-58]
1
iteration 1600
Best Fitness: [2.00484876e-62]
1
iteration 1700
Best Fitness: [1.67824807e-66]
1
iteration 1800
Best Fitness: [6.75400986e-70]
1
iteration 1900
Best Fitness: [2.32792821e-75]
1
iteration 2000
Best Fitness: [1.40745941e-78]
1
iteration 2100
Best Fitness: [4.92370873e-83]
2
iteration 2200
Best Fitness: [4.77091696e-87]
1
iteration 2300
Best Fitness: [1.47581276e-91]
1
iteration 2400
Best Fitness: [3.64605535e-95]
1
iteration 2500
Best Fitness: [3.12452262e-99]
1
iteration 2600
Best Fitness: [1.92775108e-103]
1
iteration 2700
Best Fitness: [3.98711263e-108]
1
iteration 2800
Best Fitness: [2.82651848e-112]
2
iteration 2900
Best Fitness: [3.02501284e-117]
1
iteration 2999
Best Fitness: [4.203482e-118]
1
iteration 0
Best Fitness: [1.34988981e+173]
1
iteration 100
Best Fitness: [1.38231934e+14]
1
iteration 200
Best Fitness: [0.00027427]
1
iteration 300
Best Fitness: [4.22914267e-09]
1
iteration 400
Best Fitness: [2.46808936e-13]
1
iteration 500
Best Fitness: [1.54607607e-17]
1
iteration 600
Best Fitness: [1.17022072e-21]
1
iteration 700
Best Fitness: [8.46054423e-27]
2
iteration 800
Best Fitness: [6.23440425e-32]
1
iteration 900
Best Fitness: [4.17204238e-36]
1
iteration 1000
Best Fitness: [2.23076511e-41]
1
iteration 1100
Best Fitness: [1.04755071e-45]
1
iteration 1200
Best Fitness: [8.44697973e-48]
1
iteration 1300
Best Fitness: [7.45193562e-53]
1
iteration 1400
Best Fitness: [1.72519117e-56]
2
iteration 1500
Best Fitness: [2.76291529e-60]
1
iteration 1600
Best Fitness: [2.47181174e-64]
1
iteration 1700
Best Fitness: [1.7966427e-69]
1
iteration 1800
Best Fitness: [1.7830347e-72]
1
iteration 1900
Best Fitness: [1.60596147e-76]
1
iteration 2000
Best Fitness: [6.06660567e-80]
1
iteration 2100
Best Fitness: [4.95676269e-84]
2
iteration 2200
Best Fitness: [1.18998184e-88]
1
iteration 2300
Best Fitness: [9.75415817e-93]
1
iteration 2400
Best Fitness: [2.21025674e-97]
1
iteration 2500
Best Fitness: [6.35404939e-101]
1
iteration 2600
Best Fitness: [1.70119183e-105]
1
iteration 2700
Best Fitness: [4.9022e-110]
1
iteration 2800
Best Fitness: [9.23074292e-114]
2
iteration 2900
Best Fitness: [1.17723953e-117]
1
iteration 2999
Best Fitness: [4.23306868e-121]
1
iteration 0
Best Fitness: [1.53168525e+174]
1
iteration 100
Best Fitness: [2.21797154e+17]
1
iteration 200
Best Fitness: [0.0014368]
1
iteration 300
Best Fitness: [7.67678592e-09]
1
iteration 400
Best Fitness: [4.47740041e-14]
1
iteration 500
Best Fitness: [1.00083222e-18]
1
iteration 600
Best Fitness: [1.48445338e-21]
1
iteration 700
Best Fitness: [2.99585656e-26]
2
iteration 800
Best Fitness: [1.52800507e-32]
1
iteration 900
Best Fitness: [3.36728286e-34]
1
iteration 1000
Best Fitness: [5.49933416e-39]
1
iteration 1100
Best Fitness: [6.55921911e-43]
1
iteration 1200
Best Fitness: [3.27214426e-48]
1
iteration 1300
Best Fitness: [1.17214199e-51]
1
iteration 1400
Best Fitness: [3.78219527e-56]
2
iteration 1500
Best Fitness: [6.92455343e-60]
1
iteration 1600
Best Fitness: [8.21429036e-64]
1
iteration 1700
Best Fitness: [2.35212307e-67]
1
iteration 1800
Best Fitness: [7.83159217e-71]
1
iteration 1900
Best Fitness: [1.61505059e-75]
1
iteration 2000
Best Fitness: [5.42068936e-81]
1
iteration 2100
Best Fitness: [2.13009036e-84]
2
iteration 2200
Best Fitness: [2.50827355e-89]
1
iteration 2300
Best Fitness: [2.76793372e-93]
1
iteration 2400
Best Fitness: [4.95460669e-98]
1
iteration 2500
Best Fitness: [3.16229964e-100]
1
iteration 2600
Best Fitness: [2.03629539e-104]
1
iteration 2700
Best Fitness: [4.26514923e-108]
1
iteration 2800
Best Fitness: [2.800573e-111]
2
iteration 2900
Best Fitness: [2.96482863e-117]
1
iteration 2999
Best Fitness: [5.52343693e-121]
1
iteration 0
Best Fitness: [4.84886513e+166]
1
iteration 100
Best Fitness: [1.91732648e+22]
1
iteration 200
Best Fitness: [0.00111705]
1
iteration 300
Best Fitness: [4.93262449e-08]
1
iteration 400
Best Fitness: [1.38422751e-12]
1
iteration 500
Best Fitness: [2.4148224e-19]
1
iteration 600
Best Fitness: [2.0529416e-22]
1
iteration 700
Best Fitness: [7.62770646e-27]
2
iteration 800
Best Fitness: [2.45630433e-31]
1
iteration 900
Best Fitness: [2.25488939e-34]
1
iteration 1000
Best Fitness: [4.36170932e-39]
1
iteration 1100
Best Fitness: [1.20075454e-42]
1
iteration 1200
Best Fitness: [6.53926395e-47]
1
iteration 1300
Best Fitness: [1.22975363e-51]
1
iteration 1400
Best Fitness: [1.48263621e-56]
2
iteration 1500
Best Fitness: [3.17988837e-60]
1
iteration 1600
Best Fitness: [1.32670015e-62]
1
iteration 1700
Best Fitness: [4.75842257e-67]
1
iteration 1800
Best Fitness: [2.56195582e-71]
1
iteration 1900
Best Fitness: [7.10912983e-75]
1
iteration 2000
Best Fitness: [1.36635282e-79]
1
iteration 2100
Best Fitness: [4.06562905e-83]
2
iteration 2200
Best Fitness: [4.41810762e-88]
1
iteration 2300
Best Fitness: [1.92097985e-92]
1
iteration 2400
Best Fitness: [2.363189e-96]
1
iteration 2500
Best Fitness: [2.6224211e-100]
1
iteration 2600
Best Fitness: [1.05742617e-103]
1
iteration 2700
Best Fitness: [1.25734771e-108]
1
iteration 2800
Best Fitness: [4.14474839e-112]
2
iteration 2900
Best Fitness: [4.29553823e-116]
1
iteration 2999
Best Fitness: [1.28712434e-120]
1
[array([6.60566391e-122]), array([1.73526595e-119]), array([7.90637158e-121]), array([1.74004583e-121]), array([4.81223761e-121]), array([2.14184607e-120]), array([4.203482e-118]), array([4.23306868e-121]), array([5.52343693e-121]), array([1.28712434e-120])]
iteration 0
Best Fitness: [2.10117442e+08]
1
iteration 100
Best Fitness: [211047.21121659]
1
iteration 200
Best Fitness: [153082.30906211]
1
iteration 300
Best Fitness: [115417.74381383]
1
iteration 400
Best Fitness: [97005.18272831]
1
iteration 500
Best Fitness: [79627.31707994]
1
iteration 600
Best Fitness: [71878.1928041]
1
iteration 700
Best Fitness: [63684.77257972]
2
iteration 800
Best Fitness: [58987.87700416]
1
iteration 900
Best Fitness: [55554.58895052]
1
iteration 1000
Best Fitness: [54135.69939139]
1
iteration 1100
Best Fitness: [52348.52627157]
1
iteration 1200
Best Fitness: [50765.70313108]
1
iteration 1300
Best Fitness: [49599.85760801]
1
iteration 1400
Best Fitness: [48072.6714655]
2
iteration 1500
Best Fitness: [47126.83593363]
1
iteration 1600
Best Fitness: [46284.00100398]
1
iteration 1700
Best Fitness: [45377.63784743]
1
iteration 1800
Best Fitness: [44929.0799349]
1
iteration 1900
Best Fitness: [44468.47119183]
1
iteration 2000
Best Fitness: [44039.22841207]
1
iteration 2100
Best Fitness: [43602.24110509]
2
iteration 2200
Best Fitness: [43322.77218424]
1
iteration 2300
Best Fitness: [42820.7725461]
1
iteration 2400
Best Fitness: [42181.1479923]
1
iteration 2500
Best Fitness: [41592.49454391]
1
iteration 2600
Best Fitness: [41200.63586645]
1
iteration 2700
Best Fitness: [40547.64094461]
1
iteration 2800
Best Fitness: [40228.06324852]
2
iteration 2900
Best Fitness: [39830.75134988]
1
iteration 2999
Best Fitness: [39518.85058392]
1
iteration 0
Best Fitness: [1.23408239e+08]
1
iteration 100
Best Fitness: [266072.41698633]
1
iteration 200
Best Fitness: [159390.88686433]
1
iteration 300
Best Fitness: [122759.70516917]
1
iteration 400
Best Fitness: [110654.3773199]
1
iteration 500
Best Fitness: [103362.32982304]
1
iteration 600
Best Fitness: [97464.84952929]
1
iteration 700
Best Fitness: [89733.76474207]
2
iteration 800
Best Fitness: [84598.49827085]
1
iteration 900
Best Fitness: [80442.13650172]
1
iteration 1000
Best Fitness: [76132.88585484]
1
iteration 1100
Best Fitness: [73658.89755928]
1
iteration 1200
Best Fitness: [71345.91341046]
1
iteration 1300
Best Fitness: [69768.64226714]
1
iteration 1400
Best Fitness: [66856.74672292]
2
iteration 1500
Best Fitness: [65427.31859656]
1
iteration 1600
Best Fitness: [64379.70828351]
1
iteration 1700
Best Fitness: [63440.17900251]
1
iteration 1800
Best Fitness: [62066.43140842]
1
iteration 1900
Best Fitness: [61390.85500394]
1
iteration 2000
Best Fitness: [60732.62159954]
1
iteration 2100
Best Fitness: [59651.97554902]
2
iteration 2200
Best Fitness: [59127.33402957]
1
iteration 2300
Best Fitness: [58677.9991651]
1
iteration 2400
Best Fitness: [58210.63841811]
1
iteration 2500
Best Fitness: [57809.95191496]
1
iteration 2600
Best Fitness: [57318.94781303]
1
iteration 2700
Best Fitness: [56940.8548095]
1
iteration 2800
Best Fitness: [56440.31901748]
2
iteration 2900
Best Fitness: [56292.26981755]
1
iteration 2999
Best Fitness: [56016.94600648]
1
iteration 0
Best Fitness: [273107.0707531]
1
iteration 100
Best Fitness: [207625.26288482]
1
iteration 200
Best Fitness: [130668.47160281]
1
iteration 300
Best Fitness: [86301.97354749]
1
iteration 400
Best Fitness: [60821.8436922]
1
iteration 500
Best Fitness: [48984.56560896]
1
iteration 600
Best Fitness: [42768.99030685]
1
iteration 700
Best Fitness: [37735.14416002]
2
iteration 800
Best Fitness: [34167.59785278]
1
iteration 900
Best Fitness: [30185.66444147]
1
iteration 1000
Best Fitness: [27508.10151743]
1
iteration 1100
Best Fitness: [25713.93972334]
1
iteration 1200
Best Fitness: [24330.08688379]
1
iteration 1300
Best Fitness: [23221.25191633]
1
iteration 1400
Best Fitness: [21946.35205788]
2
iteration 1500
Best Fitness: [21021.28905684]
1
iteration 1600
Best Fitness: [20325.78069423]
1
iteration 1700
Best Fitness: [19648.72297399]
1
iteration 1800
Best Fitness: [18672.63040247]
1
iteration 1900
Best Fitness: [17929.6767597]
1
iteration 2000
Best Fitness: [17071.01716413]
1
iteration 2100
Best Fitness: [16514.08216171]
2
iteration 2200
Best Fitness: [15897.75099141]
1
iteration 2300
Best Fitness: [15487.6584601]
1
iteration 2400
Best Fitness: [15041.64443347]
1
iteration 2500
Best Fitness: [14531.4800918]
1
iteration 2600
Best Fitness: [14308.89878777]
1
iteration 2700
Best Fitness: [14091.11783903]
1
iteration 2800
Best Fitness: [13862.40832264]
2
iteration 2900
Best Fitness: [13590.56946159]
1
iteration 2999
Best Fitness: [13466.22111574]
1
iteration 0
Best Fitness: [4089199.02884751]
1
iteration 100
Best Fitness: [209873.37652723]
1
iteration 200
Best Fitness: [145678.77745377]
1
iteration 300
Best Fitness: [103887.14480265]
1
iteration 400
Best Fitness: [79879.28844543]
1
iteration 500
Best Fitness: [64232.81232291]
1
iteration 600
Best Fitness: [54858.17047096]
1
iteration 700
Best Fitness: [46427.44829278]
2
iteration 800
Best Fitness: [39512.97811234]
1
iteration 900
Best Fitness: [36489.95413453]
1
iteration 1000
Best Fitness: [34384.21741054]
1
iteration 1100
Best Fitness: [32240.32692684]
1
iteration 1200
Best Fitness: [30557.81998249]
1
iteration 1300
Best Fitness: [28698.33685553]
1
iteration 1400
Best Fitness: [27650.70210382]
2
iteration 1500
Best Fitness: [26080.02329458]
1
iteration 1600
Best Fitness: [24641.28437443]
1
iteration 1700
Best Fitness: [23737.97413852]
1
iteration 1800
Best Fitness: [22716.08218912]
1
iteration 1900
Best Fitness: [21538.47504771]
1
iteration 2000
Best Fitness: [20746.00289397]
1
iteration 2100
Best Fitness: [18791.51879209]
2
iteration 2200
Best Fitness: [18335.0534949]
1
iteration 2300
Best Fitness: [17839.09188781]
1
iteration 2400
Best Fitness: [17351.5878911]
1
iteration 2500
Best Fitness: [17045.95373684]
1
iteration 2600
Best Fitness: [16579.60189]
1
iteration 2700
Best Fitness: [16048.05277657]
1
iteration 2800
Best Fitness: [15818.65390066]
2
iteration 2900
Best Fitness: [15556.30852906]
1
iteration 2999
Best Fitness: [15398.35562643]
1
iteration 0
Best Fitness: [2354996.54903004]
1
iteration 100
Best Fitness: [161686.48243992]
1
iteration 200
Best Fitness: [95312.86944929]
1
iteration 300
Best Fitness: [62343.46070605]
1
iteration 400
Best Fitness: [43535.85824799]
1
iteration 500
Best Fitness: [27868.93366891]
1
iteration 600
Best Fitness: [18353.12005236]
1
iteration 700
Best Fitness: [11860.55951238]
2
iteration 800
Best Fitness: [9709.46228477]
1
iteration 900
Best Fitness: [7677.83736267]
1
iteration 1000
Best Fitness: [6717.98424035]
1
iteration 1100
Best Fitness: [5794.84847053]
1
iteration 1200
Best Fitness: [4884.65628584]
1
iteration 1300
Best Fitness: [4134.8654334]
1
iteration 1400
Best Fitness: [3615.44323238]
2
iteration 1500
Best Fitness: [3195.20599351]
1
iteration 1600
Best Fitness: [2865.52297205]
1
iteration 1700
Best Fitness: [2550.85271891]
1
iteration 1800
Best Fitness: [2258.32227873]
1
iteration 1900
Best Fitness: [2003.27098548]
1
iteration 2000
Best Fitness: [1805.73974811]
1
iteration 2100
Best Fitness: [1619.85602141]
2
iteration 2200
Best Fitness: [1375.35194666]
1
iteration 2300
Best Fitness: [1264.13052738]
1
iteration 2400
Best Fitness: [1126.14001095]
1
iteration 2500
Best Fitness: [1030.81257651]
1
iteration 2600
Best Fitness: [905.96283155]
1
iteration 2700
Best Fitness: [788.60016969]
1
iteration 2800
Best Fitness: [668.28783862]
2
iteration 2900
Best Fitness: [610.2603672]
1
iteration 2999
Best Fitness: [566.05071424]
1
iteration 0
Best Fitness: [8.9749558e+08]
1
iteration 100
Best Fitness: [175943.93754277]
1
iteration 200
Best Fitness: [109671.01760701]
1
iteration 300
Best Fitness: [61599.03689002]
1
iteration 400
Best Fitness: [44861.70066345]
1
iteration 500
Best Fitness: [33562.97693343]
1
iteration 600
Best Fitness: [27531.71479791]
1
iteration 700
Best Fitness: [24016.99840187]
2
iteration 800
Best Fitness: [22116.81879754]
1
iteration 900
Best Fitness: [20976.2080158]
1
iteration 1000
Best Fitness: [19669.14233443]
1
iteration 1100
Best Fitness: [19021.41685263]
1
iteration 1200
Best Fitness: [18308.78203235]
1
iteration 1300
Best Fitness: [17535.40753107]
1
iteration 1400
Best Fitness: [17037.62054237]
2
iteration 1500
Best Fitness: [16620.91011933]
1
iteration 1600
Best Fitness: [16234.87824551]
1
iteration 1700
Best Fitness: [15965.96925098]
1
iteration 1800
Best Fitness: [15482.04797892]
1
iteration 1900
Best Fitness: [15110.53410343]
1
iteration 2000
Best Fitness: [14923.74976232]
1
iteration 2100
Best Fitness: [14525.29528089]
2
iteration 2200
Best Fitness: [14247.89038411]
1
iteration 2300
Best Fitness: [14071.64773856]
1
iteration 2400
Best Fitness: [13791.03444942]
1
iteration 2500
Best Fitness: [13598.99257572]
1
iteration 2600
Best Fitness: [13418.12201973]
1
iteration 2700
Best Fitness: [13215.27130769]
1
iteration 2800
Best Fitness: [12993.60463625]
2
iteration 2900
Best Fitness: [12797.87888048]
1
iteration 2999
Best Fitness: [12636.22107299]
1
iteration 0
Best Fitness: [9.38160943e+08]
1
iteration 100
Best Fitness: [199468.40898115]
1
iteration 200
Best Fitness: [134454.37690359]
1
iteration 300
Best Fitness: [107786.95213182]
1
iteration 400
Best Fitness: [81701.70636307]
1
iteration 500
Best Fitness: [64223.86009268]
1
iteration 600
Best Fitness: [49086.68162133]
1
iteration 700
Best Fitness: [40768.47421738]
2
iteration 800
Best Fitness: [35936.04096009]
1
iteration 900
Best Fitness: [32943.74060766]
1
iteration 1000
Best Fitness: [29708.21343138]
1
iteration 1100
Best Fitness: [26860.30895998]
1
iteration 1200
Best Fitness: [24187.73660581]
1
iteration 1300
Best Fitness: [22209.40057033]
1
iteration 1400
Best Fitness: [20002.11500735]
2
iteration 1500
Best Fitness: [18732.60356094]
1
iteration 1600
Best Fitness: [18059.72379262]
1
iteration 1700
Best Fitness: [17550.90125957]
1
iteration 1800
Best Fitness: [16968.79908757]
1
iteration 1900
Best Fitness: [16462.91033015]
1
iteration 2000
Best Fitness: [15595.44273063]
1
iteration 2100
Best Fitness: [14967.30908998]
2
iteration 2200
Best Fitness: [14188.78402415]
1
iteration 2300
Best Fitness: [13773.30661552]
1
iteration 2400
Best Fitness: [13367.26227095]
1
iteration 2500
Best Fitness: [13004.31995994]
1
iteration 2600
Best Fitness: [12743.14733426]
1
iteration 2700
Best Fitness: [12582.16736942]
1
iteration 2800
Best Fitness: [12446.82663747]
2
iteration 2900
Best Fitness: [12287.34828539]
1
iteration 2999
Best Fitness: [12120.9679391]
1
iteration 0
Best Fitness: [4707988.65493766]
1
iteration 100
Best Fitness: [252714.44213786]
1
iteration 200
Best Fitness: [164122.67372402]
1
iteration 300
Best Fitness: [128210.07424258]
1
iteration 400
Best Fitness: [103431.89968885]
1
iteration 500
Best Fitness: [91356.64320142]
1
iteration 600
Best Fitness: [73622.86932978]
1
iteration 700
Best Fitness: [62821.19310665]
2
iteration 800
Best Fitness: [55772.02523585]
1
iteration 900
Best Fitness: [51764.02773318]
1
iteration 1000
Best Fitness: [47779.69625721]
1
iteration 1100
Best Fitness: [45307.77192085]
1
iteration 1200
Best Fitness: [43143.75912738]
1
iteration 1300
Best Fitness: [41288.75272186]
1
iteration 1400
Best Fitness: [39405.96460839]
2
iteration 1500
Best Fitness: [37786.2073815]
1
iteration 1600
Best Fitness: [36365.95212451]
1
iteration 1700
Best Fitness: [35201.92829346]
1
iteration 1800
Best Fitness: [33879.64527808]
1
iteration 1900
Best Fitness: [33096.70344032]
1
iteration 2000
Best Fitness: [32048.62942662]
1
iteration 2100
Best Fitness: [31201.02964253]
2
iteration 2200
Best Fitness: [30720.43331988]
1
iteration 2300
Best Fitness: [30083.73640387]
1
iteration 2400
Best Fitness: [29490.59491731]
1
iteration 2500
Best Fitness: [29066.7476507]
1
iteration 2600
Best Fitness: [28545.06747358]
1
iteration 2700
Best Fitness: [28184.57899866]
1
iteration 2800
Best Fitness: [27629.1612235]
2
iteration 2900
Best Fitness: [27315.44293859]
1
iteration 2999
Best Fitness: [27129.35927722]
1
iteration 0
Best Fitness: [481127.08937866]
1
iteration 100
Best Fitness: [218425.35429032]
1
iteration 200
Best Fitness: [111768.80611337]
1
iteration 300
Best Fitness: [87368.68773839]
1
iteration 400
Best Fitness: [67548.16095829]
1
iteration 500
Best Fitness: [48704.05706049]
1
iteration 600
Best Fitness: [36538.21449703]
1
iteration 700
Best Fitness: [29977.43482671]
2
iteration 800
Best Fitness: [24261.61833762]
1
iteration 900
Best Fitness: [20459.36680303]
1
iteration 1000
Best Fitness: [18670.36235447]
1
iteration 1100
Best Fitness: [17211.08816937]
1
iteration 1200
Best Fitness: [14488.4187917]
1
iteration 1300
Best Fitness: [12664.93428571]
1
iteration 1400
Best Fitness: [10634.75389938]
2
iteration 1500
Best Fitness: [9023.22138182]
1
iteration 1600
Best Fitness: [8111.97862391]
1
iteration 1700
Best Fitness: [7149.41641532]
1
iteration 1800
Best Fitness: [6494.95018387]
1
iteration 1900
Best Fitness: [6001.43492239]
1
iteration 2000
Best Fitness: [5454.08619185]
1
iteration 2100
Best Fitness: [4922.80918553]
2
iteration 2200
Best Fitness: [4494.58578195]
1
iteration 2300
Best Fitness: [4029.75679313]
1
iteration 2400
Best Fitness: [3742.27643484]
1
iteration 2500
Best Fitness: [3388.00740511]
1
iteration 2600
Best Fitness: [3116.27012225]
1
iteration 2700
Best Fitness: [2943.49031799]
1
iteration 2800
Best Fitness: [2734.39751729]
2
iteration 2900
Best Fitness: [2562.22019727]
1
iteration 2999
Best Fitness: [2409.99577605]
1
iteration 0
Best Fitness: [793164.13954859]
1
iteration 100
Best Fitness: [184852.41425487]
1
iteration 200
Best Fitness: [101936.81091332]
1
iteration 300
Best Fitness: [79014.49669195]
1
iteration 400
Best Fitness: [60083.94095555]
1
iteration 500
Best Fitness: [47707.76342275]
1
iteration 600
Best Fitness: [39073.23030935]
1
iteration 700
Best Fitness: [32457.14483946]
2
iteration 800
Best Fitness: [28487.50175194]
1
iteration 900
Best Fitness: [26249.06544677]
1
iteration 1000
Best Fitness: [24016.12428564]
1
iteration 1100
Best Fitness: [21984.38268041]
1
iteration 1200
Best Fitness: [20781.41317173]
1
iteration 1300
Best Fitness: [19305.07119458]
1
iteration 1400
Best Fitness: [18151.52517224]
2
iteration 1500
Best Fitness: [17503.16781869]
1
iteration 1600
Best Fitness: [16534.18421826]
1
iteration 1700
Best Fitness: [15804.13521511]
1
iteration 1800
Best Fitness: [15219.69475442]
1
iteration 1900
Best Fitness: [14791.1002326]
1
iteration 2000
Best Fitness: [14212.07132791]
1
iteration 2100
Best Fitness: [13937.35983029]
2
iteration 2200
Best Fitness: [13757.08081027]
1
iteration 2300
Best Fitness: [13476.77434284]
1
iteration 2400
Best Fitness: [13207.96789719]
1
iteration 2500
Best Fitness: [12856.04712218]
1
iteration 2600
Best Fitness: [12638.61576585]
1
iteration 2700
Best Fitness: [12397.73508718]
1
iteration 2800
Best Fitness: [12228.46970811]
2
iteration 2900
Best Fitness: [12121.62910014]
1
iteration 2999
Best Fitness: [12006.56744953]
1
[array([39518.85058392]), array([56016.94600648]), array([13466.22111574]), array([15398.35562643]), array([566.05071424]), array([12636.22107299]), array([12120.9679391]), array([27129.35927722]), array([2409.99577605]), array([12006.56744953])]
iteration 0
Best Fitness: [48974.53809128]
1
iteration 100
Best Fitness: [96.83383773]
1
iteration 200
Best Fitness: [93.64841485]
1
iteration 300
Best Fitness: [92.05925123]
1
iteration 400
Best Fitness: [90.48602695]
1
iteration 500
Best Fitness: [88.49222997]
1
iteration 600
Best Fitness: [86.88839792]
1
iteration 700
Best Fitness: [85.19927878]
2
iteration 800
Best Fitness: [83.20168045]
1
iteration 900
Best Fitness: [81.11373632]
1
iteration 1000
Best Fitness: [79.38252626]
1
iteration 1100
Best Fitness: [77.66929943]
1
iteration 1200
Best Fitness: [76.00435514]
1
iteration 1300
Best Fitness: [74.1374811]
1
iteration 1400
Best Fitness: [72.09954536]
2
iteration 1500
Best Fitness: [69.88091865]
1
iteration 1600
Best Fitness: [68.13632639]
1
iteration 1700
Best Fitness: [66.28118133]
1
iteration 1800
Best Fitness: [64.5759634]
1
iteration 1900
Best Fitness: [62.60266305]
1
iteration 2000
Best Fitness: [60.85445574]
1
iteration 2100
Best Fitness: [59.33835981]
2
iteration 2200
Best Fitness: [57.09936675]
1
iteration 2300
Best Fitness: [55.33396463]
1
iteration 2400
Best Fitness: [53.77062561]
1
iteration 2500
Best Fitness: [52.20533744]
1
iteration 2600
Best Fitness: [50.49666384]
1
iteration 2700
Best Fitness: [48.62432756]
1
iteration 2800
Best Fitness: [46.88435821]
2
iteration 2900
Best Fitness: [44.54374539]
1
iteration 2999
Best Fitness: [43.00150895]
1
iteration 0
Best Fitness: [51719.75510861]
1
iteration 100
Best Fitness: [96.48479639]
1
iteration 200
Best Fitness: [93.15321403]
1
iteration 300
Best Fitness: [91.52712987]
1
iteration 400
Best Fitness: [90.00785982]
1
iteration 500
Best Fitness: [87.97139518]
1
iteration 600
Best Fitness: [86.46379493]
1
iteration 700
Best Fitness: [84.89485212]
2
iteration 800
Best Fitness: [82.87411067]
1
iteration 900
Best Fitness: [80.82239176]
1
iteration 1000
Best Fitness: [78.90292354]
1
iteration 1100
Best Fitness: [77.16593435]
1
iteration 1200
Best Fitness: [75.45474095]
1
iteration 1300
Best Fitness: [73.55056514]
1
iteration 1400
Best Fitness: [71.7149596]
2
iteration 1500
Best Fitness: [69.98036934]
1
iteration 1600
Best Fitness: [67.95590124]
1
iteration 1700
Best Fitness: [66.28338073]
1
iteration 1800
Best Fitness: [64.22273569]
1
iteration 1900
Best Fitness: [62.6051872]
1
iteration 2000
Best Fitness: [61.04776067]
1
iteration 2100
Best Fitness: [59.1541739]
2
iteration 2200
Best Fitness: [57.06762823]
1
iteration 2300
Best Fitness: [55.09803199]
1
iteration 2400
Best Fitness: [53.57978501]
1
iteration 2500
Best Fitness: [51.60860874]
1
iteration 2600
Best Fitness: [49.94724401]
1
iteration 2700
Best Fitness: [47.86829444]
1
iteration 2800
Best Fitness: [45.87081378]
2
iteration 2900
Best Fitness: [43.3893435]
1
iteration 2999
Best Fitness: [41.65424294]
1
iteration 0
Best Fitness: [59745.86682627]
1
iteration 100
Best Fitness: [96.02924565]
1
iteration 200
Best Fitness: [92.90984838]
1
iteration 300
Best Fitness: [91.25507825]
1
iteration 400
Best Fitness: [89.50316179]
1
iteration 500
Best Fitness: [87.7549314]
1
iteration 600
Best Fitness: [86.22931065]
1
iteration 700
Best Fitness: [84.52292732]
2
iteration 800
Best Fitness: [82.14151625]
1
iteration 900
Best Fitness: [80.30836411]
1
iteration 1000
Best Fitness: [78.57918914]
1
iteration 1100
Best Fitness: [76.86318359]
1
iteration 1200
Best Fitness: [75.20803096]
1
iteration 1300
Best Fitness: [73.71729932]
1
iteration 1400
Best Fitness: [72.11551244]
2
iteration 1500
Best Fitness: [69.77657093]
1
iteration 1600
Best Fitness: [68.29879736]
1
iteration 1700
Best Fitness: [66.67383653]
1
iteration 1800
Best Fitness: [64.62845643]
1
iteration 1900
Best Fitness: [62.78981818]
1
iteration 2000
Best Fitness: [60.91538861]
1
iteration 2100
Best Fitness: [59.06837444]
2
iteration 2200
Best Fitness: [56.77035544]
1
iteration 2300
Best Fitness: [54.94693613]
1
iteration 2400
Best Fitness: [53.11715667]
1
iteration 2500
Best Fitness: [51.2009452]
1
iteration 2600
Best Fitness: [49.33491411]
1
iteration 2700
Best Fitness: [47.47320653]
1
iteration 2800
Best Fitness: [45.49660664]
2
iteration 2900
Best Fitness: [43.18298601]
1
iteration 2999
Best Fitness: [41.63352364]
1
iteration 0
Best Fitness: [56495.85529638]
1
iteration 100
Best Fitness: [94.79626425]
1
iteration 200
Best Fitness: [92.05131551]
1
iteration 300
Best Fitness: [90.3461394]
1
iteration 400
Best Fitness: [88.73881233]
1
iteration 500
Best Fitness: [86.72368845]
1
iteration 600
Best Fitness: [85.20128719]
1
iteration 700
Best Fitness: [83.33038604]
2
iteration 800
Best Fitness: [81.04939788]
1
iteration 900
Best Fitness: [79.32035842]
1
iteration 1000
Best Fitness: [77.37186778]
1
iteration 1100
Best Fitness: [75.51390188]
1
iteration 1200
Best Fitness: [73.74428143]
1
iteration 1300
Best Fitness: [72.00169686]
1
iteration 1400
Best Fitness: [70.21097548]
2
iteration 1500
Best Fitness: [68.01321039]
1
iteration 1600
Best Fitness: [66.45412591]
1
iteration 1700
Best Fitness: [64.44353243]
1
iteration 1800
Best Fitness: [62.6219773]
1
iteration 1900
Best Fitness: [60.9827416]
1
iteration 2000
Best Fitness: [59.05974339]
1
iteration 2100
Best Fitness: [57.01308221]
2
iteration 2200
Best Fitness: [54.97307505]
1
iteration 2300
Best Fitness: [53.5181674]
1
iteration 2400
Best Fitness: [51.84470091]
1
iteration 2500
Best Fitness: [50.12926648]
1
iteration 2600
Best Fitness: [48.16353184]
1
iteration 2700
Best Fitness: [46.08623824]
1
iteration 2800
Best Fitness: [44.45380912]
2
iteration 2900
Best Fitness: [42.50184634]
1
iteration 2999
Best Fitness: [40.96231847]
1
iteration 0
Best Fitness: [57954.73118633]
1
iteration 100
Best Fitness: [95.61934359]
1
iteration 200
Best Fitness: [92.52097222]
1
iteration 300
Best Fitness: [91.05045225]
1
iteration 400
Best Fitness: [89.4324036]
1
iteration 500
Best Fitness: [87.52713733]
1
iteration 600
Best Fitness: [85.81922987]
1
iteration 700
Best Fitness: [84.26698546]
2
iteration 800
Best Fitness: [81.62845468]
1
iteration 900
Best Fitness: [79.97133799]
1
iteration 1000
Best Fitness: [78.19184144]
1
iteration 1100
Best Fitness: [76.42337805]
1
iteration 1200
Best Fitness: [74.86761859]
1
iteration 1300
Best Fitness: [73.27341377]
1
iteration 1400
Best Fitness: [71.69230403]
2
iteration 1500
Best Fitness: [69.76507697]
1
iteration 1600
Best Fitness: [68.21280917]
1
iteration 1700
Best Fitness: [66.60212183]
1
iteration 1800
Best Fitness: [64.79557186]
1
iteration 1900
Best Fitness: [62.80529932]
1
iteration 2000
Best Fitness: [61.27358963]
1
iteration 2100
Best Fitness: [59.43911581]
2
iteration 2200
Best Fitness: [57.41414008]
1
iteration 2300
Best Fitness: [55.42389567]
1
iteration 2400
Best Fitness: [53.71120549]
1
iteration 2500
Best Fitness: [51.99141899]
1
iteration 2600
Best Fitness: [50.10809308]
1
iteration 2700
Best Fitness: [48.39187642]
1
iteration 2800
Best Fitness: [46.4483668]
2
iteration 2900
Best Fitness: [44.57675316]
1
iteration 2999
Best Fitness: [42.64665949]
1
iteration 0
Best Fitness: [60963.88729545]
1
iteration 100
Best Fitness: [92.91827179]
1
iteration 200
Best Fitness: [89.6685673]
1
iteration 300
Best Fitness: [87.77201719]
1
iteration 400
Best Fitness: [86.40987639]
1
iteration 500
Best Fitness: [84.56119192]
1
iteration 600
Best Fitness: [82.51372648]
1
iteration 700
Best Fitness: [80.6821012]
2
iteration 800
Best Fitness: [78.55129303]
1
iteration 900
Best Fitness: [76.93993911]
1
iteration 1000
Best Fitness: [75.13722709]
1
iteration 1100
Best Fitness: [73.3523736]
1
iteration 1200
Best Fitness: [71.48381602]
1
iteration 1300
Best Fitness: [69.46773727]
1
iteration 1400
Best Fitness: [67.80111179]
2
iteration 1500
Best Fitness: [65.47895258]
1
iteration 1600
Best Fitness: [63.71466715]
1
iteration 1700
Best Fitness: [62.15706166]
1
iteration 1800
Best Fitness: [60.32510599]
1
iteration 1900
Best Fitness: [58.7193984]
1
iteration 2000
Best Fitness: [56.63686352]
1
iteration 2100
Best Fitness: [54.99046555]
2
iteration 2200
Best Fitness: [53.03651565]
1
iteration 2300
Best Fitness: [51.38124546]
1
iteration 2400
Best Fitness: [49.42618319]
1
iteration 2500
Best Fitness: [47.8437019]
1
iteration 2600
Best Fitness: [45.84486315]
1
iteration 2700
Best Fitness: [44.2200172]
1
iteration 2800
Best Fitness: [42.62525649]
2
iteration 2900
Best Fitness: [40.51468394]
1
iteration 2999
Best Fitness: [38.76847309]
1
iteration 0
Best Fitness: [55851.30872037]
1
iteration 100
Best Fitness: [85.03259724]
1
iteration 200
Best Fitness: [79.84794415]
1
iteration 300
Best Fitness: [78.06442889]
1
iteration 400
Best Fitness: [76.21761345]
1
iteration 500
Best Fitness: [74.58691531]
1
iteration 600
Best Fitness: [72.76015436]
1
iteration 700
Best Fitness: [70.68165788]
2
iteration 800
Best Fitness: [68.6070397]
1
iteration 900
Best Fitness: [67.02040941]
1
iteration 1000
Best Fitness: [65.39122041]
1
iteration 1100
Best Fitness: [63.65200353]
1
iteration 1200
Best Fitness: [62.15373476]
1
iteration 1300
Best Fitness: [60.53653819]
1
iteration 1400
Best Fitness: [58.88088827]
2
iteration 1500
Best Fitness: [56.614289]
1
iteration 1600
Best Fitness: [54.73627919]
1
iteration 1700
Best Fitness: [53.04388871]
1
iteration 1800
Best Fitness: [51.19527261]
1
iteration 1900
Best Fitness: [49.26338577]
1
iteration 2000
Best Fitness: [47.47693719]
1
iteration 2100
Best Fitness: [45.65398561]
2
iteration 2200
Best Fitness: [43.53238596]
1
iteration 2300
Best Fitness: [41.89734131]
1
iteration 2400
Best Fitness: [39.81164849]
1
iteration 2500
Best Fitness: [38.28545232]
1
iteration 2600
Best Fitness: [36.8279524]
1
iteration 2700
Best Fitness: [34.97285592]
1
iteration 2800
Best Fitness: [32.71588385]
2
iteration 2900
Best Fitness: [30.85085007]
1
iteration 2999
Best Fitness: [29.02402087]
1
iteration 0
Best Fitness: [59893.83856917]
1
iteration 100
Best Fitness: [128.37623346]
1
iteration 200
Best Fitness: [119.93249008]
1
iteration 300
Best Fitness: [114.57960488]
1
iteration 400
Best Fitness: [108.9120462]
1
iteration 500
Best Fitness: [103.77651262]
1
iteration 600
Best Fitness: [98.19692333]
1
iteration 700
Best Fitness: [92.23802991]
2
iteration 800
Best Fitness: [86.68506646]
1
iteration 900
Best Fitness: [17.27361785]
1
iteration 1000
Best Fitness: [15.25987607]
1
iteration 1100
Best Fitness: [13.75446215]
1
iteration 1200
Best Fitness: [12.35644106]
1
iteration 1300
Best Fitness: [10.52462433]
1
iteration 1400
Best Fitness: [8.63500447]
2
iteration 1500
Best Fitness: [6.30885013]
1
iteration 1600
Best Fitness: [4.91007899]
1
iteration 1700
Best Fitness: [2.88190421]
1
iteration 1800
Best Fitness: [1.05997517]
1
iteration 1900
Best Fitness: [0.4005888]
1
iteration 2000
Best Fitness: [0.17765156]
1
iteration 2100
Best Fitness: [0.06700183]
2
iteration 2200
Best Fitness: [0.03873123]
1
iteration 2300
Best Fitness: [0.02087805]
1
iteration 2400
Best Fitness: [0.00956841]
1
iteration 2500
Best Fitness: [0.00590917]
1
iteration 2600
Best Fitness: [0.00413788]
1
iteration 2700
Best Fitness: [0.00249086]
1
iteration 2800
Best Fitness: [0.00144149]
2
iteration 2900
Best Fitness: [0.00093241]
1
iteration 2999
Best Fitness: [0.0006059]
1
iteration 0
Best Fitness: [59463.55591991]
1
iteration 100
Best Fitness: [97.21876888]
1
iteration 200
Best Fitness: [94.33920928]
1
iteration 300
Best Fitness: [92.86732224]
1
iteration 400
Best Fitness: [91.11601851]
1
iteration 500
Best Fitness: [89.29777512]
1
iteration 600
Best Fitness: [87.17150301]
1
iteration 700
Best Fitness: [85.49995961]
2
iteration 800
Best Fitness: [83.40748078]
1
iteration 900
Best Fitness: [81.57864874]
1
iteration 1000
Best Fitness: [79.32454201]
1
iteration 1100
Best Fitness: [77.67383389]
1
iteration 1200
Best Fitness: [75.73858589]
1
iteration 1300
Best Fitness: [74.01287033]
1
iteration 1400
Best Fitness: [72.04835402]
2
iteration 1500
Best Fitness: [69.66526053]
1
iteration 1600
Best Fitness: [68.1980557]
1
iteration 1700
Best Fitness: [66.51382621]
1
iteration 1800
Best Fitness: [64.49310966]
1
iteration 1900
Best Fitness: [62.77117086]
1
iteration 2000
Best Fitness: [61.00769297]
1
iteration 2100
Best Fitness: [59.30331257]
2
iteration 2200
Best Fitness: [56.84089072]
1
iteration 2300
Best Fitness: [55.23254633]
1
iteration 2400
Best Fitness: [53.59666772]
1
iteration 2500
Best Fitness: [51.92421987]
1
iteration 2600
Best Fitness: [50.07457074]
1
iteration 2700
Best Fitness: [48.27188044]
1
iteration 2800
Best Fitness: [46.44774716]
2
iteration 2900
Best Fitness: [44.277778]
1
iteration 2999
Best Fitness: [42.69418323]
1
iteration 0
Best Fitness: [55331.11323206]
1
iteration 100
Best Fitness: [94.05329237]
1
iteration 200
Best Fitness: [91.26074916]
1
iteration 300
Best Fitness: [89.64472124]
1
iteration 400
Best Fitness: [87.94397424]
1
iteration 500
Best Fitness: [86.38341786]
1
iteration 600
Best Fitness: [84.48550354]
1
iteration 700
Best Fitness: [82.56829814]
2
iteration 800
Best Fitness: [80.24443037]
1
iteration 900
Best Fitness: [78.47254023]
1
iteration 1000
Best Fitness: [76.75737539]
1
iteration 1100
Best Fitness: [74.75885986]
1
iteration 1200
Best Fitness: [73.26559666]
1
iteration 1300
Best Fitness: [71.57961011]
1
iteration 1400
Best Fitness: [69.36427948]
2
iteration 1500
Best Fitness: [67.48137297]
1
iteration 1600
Best Fitness: [65.77423119]
1
iteration 1700
Best Fitness: [63.84759425]
1
iteration 1800
Best Fitness: [61.81902107]
1
iteration 1900
Best Fitness: [60.243202]
1
iteration 2000
Best Fitness: [58.33523003]
1
iteration 2100
Best Fitness: [56.64612543]
2
iteration 2200
Best Fitness: [54.5679004]
1
iteration 2300
Best Fitness: [52.72475953]
1
iteration 2400
Best Fitness: [51.00559715]
1
iteration 2500
Best Fitness: [49.17472345]
1
iteration 2600
Best Fitness: [47.16506981]
1
iteration 2700
Best Fitness: [45.04382483]
1
iteration 2800
Best Fitness: [43.10051819]
2
iteration 2900
Best Fitness: [41.33207975]
1
iteration 2999
Best Fitness: [39.30587623]
1
[array([43.00150895]), array([41.65424294]), array([41.63352364]), array([40.96231847]), array([42.64665949]), array([38.76847309]), array([29.02402087]), array([0.0006059]), array([42.69418323]), array([39.30587623])]
iteration 0
Best Fitness: [1518.9643826]
1
iteration 100
Best Fitness: [83.37744686]
1
iteration 200
Best Fitness: [20.87507342]
1
iteration 300
Best Fitness: [1.14299149]
1
iteration 400
Best Fitness: [4.04466352e-05]
1
iteration 500
Best Fitness: [5.58497426e-09]
1
iteration 600
Best Fitness: [6.4659389e-13]
1
iteration 700
Best Fitness: [0.]
2
iteration 800
Best Fitness: [0.]
1
iteration 900
Best Fitness: [0.]
1
iteration 1000
Best Fitness: [0.]
1
iteration 1100
Best Fitness: [0.]
1
iteration 1200
Best Fitness: [0.]
1
iteration 1300
Best Fitness: [0.]
1
iteration 1400
Best Fitness: [0.]
2
iteration 1500
Best Fitness: [0.]
1
iteration 1600
Best Fitness: [0.]
1
iteration 1700
Best Fitness: [0.]
1
iteration 1800
Best Fitness: [0.]
1
iteration 1900
Best Fitness: [0.]
1
iteration 2000
Best Fitness: [0.]
1
iteration 2100
Best Fitness: [0.]
2
iteration 2200
Best Fitness: [0.]
1
iteration 2300
Best Fitness: [0.]
1
iteration 2400
Best Fitness: [0.]
1
iteration 2500
Best Fitness: [0.]
1
iteration 2600
Best Fitness: [0.]
1
iteration 2700
Best Fitness: [0.]
1
iteration 2800
Best Fitness: [0.]
2
iteration 2900
Best Fitness: [0.]
1
iteration 2999
Best Fitness: [0.]
1
iteration 0
Best Fitness: [1517.56597694]
1
iteration 100
Best Fitness: [80.95329081]
1
iteration 200
Best Fitness: [20.10261491]
1
iteration 300
Best Fitness: [1.94689661]
1
iteration 400
Best Fitness: [0.00036869]
1
iteration 500
Best Fitness: [1.87314217e-08]
1
iteration 600
Best Fitness: [1.32338585e-12]
1
iteration 700
Best Fitness: [0.]
2
iteration 800
Best Fitness: [0.]
1
iteration 900
Best Fitness: [0.]
1
iteration 1000
Best Fitness: [0.]
1
iteration 1100
Best Fitness: [0.]
1
iteration 1200
Best Fitness: [0.]
1
iteration 1300
Best Fitness: [0.]
1
iteration 1400
Best Fitness: [0.]
2
iteration 1500
Best Fitness: [0.]
1
iteration 1600
Best Fitness: [0.]
1
iteration 1700
Best Fitness: [0.]
1
iteration 1800
Best Fitness: [0.]
1
iteration 1900
Best Fitness: [0.]
1
iteration 2000
Best Fitness: [0.]
1
iteration 2100
Best Fitness: [0.]
2
iteration 2200
Best Fitness: [0.]
1
iteration 2300
Best Fitness: [0.]
1
iteration 2400
Best Fitness: [0.]
1
iteration 2500
Best Fitness: [0.]
1
iteration 2600
Best Fitness: [0.]
1
iteration 2700
Best Fitness: [0.]
1
iteration 2800
Best Fitness: [0.]
2
iteration 2900
Best Fitness: [0.]
1
iteration 2999
Best Fitness: [0.]
1
iteration 0
Best Fitness: [1527.96309646]
1
iteration 100
Best Fitness: [74.19562368]
1
iteration 200
Best Fitness: [16.87827554]
1
iteration 300
Best Fitness: [1.5469383]
1
iteration 400
Best Fitness: [0.00012537]
1
iteration 500
Best Fitness: [1.15875647e-08]
1
iteration 600
Best Fitness: [1.99662509e-12]
1
iteration 700
Best Fitness: [0.]
2
iteration 800
Best Fitness: [0.]
1
iteration 900
Best Fitness: [0.]
1
iteration 1000
Best Fitness: [0.]
1
iteration 1100
Best Fitness: [0.]
1
iteration 1200
Best Fitness: [0.]
1
iteration 1300
Best Fitness: [0.]
1
iteration 1400
Best Fitness: [0.]
2
iteration 1500
Best Fitness: [0.]
1
iteration 1600
Best Fitness: [0.]
1
iteration 1700
Best Fitness: [0.]
1
iteration 1800
Best Fitness: [0.]
1
iteration 1900
Best Fitness: [0.]
1
iteration 2000
Best Fitness: [0.]
1
iteration 2100
Best Fitness: [0.]
2
iteration 2200
Best Fitness: [0.]
1
iteration 2300
Best Fitness: [0.]
1
iteration 2400
Best Fitness: [0.]
1
iteration 2500
Best Fitness: [0.]
1
iteration 2600
Best Fitness: [0.]
1
iteration 2700
Best Fitness: [0.]
1
iteration 2800
Best Fitness: [0.]
2
iteration 2900
Best Fitness: [0.]
1
iteration 2999
Best Fitness: [0.]
1
iteration 0
Best Fitness: [1403.22281917]
1
iteration 100
Best Fitness: [82.76400378]
1
iteration 200
Best Fitness: [18.93231821]
1
iteration 300
Best Fitness: [2.23359838]
1
iteration 400
Best Fitness: [0.00011534]
1
iteration 500
Best Fitness: [2.00196073e-08]
1
iteration 600
Best Fitness: [3.07487369e-12]
1
iteration 700
Best Fitness: [0.]
2
iteration 800
Best Fitness: [0.]
1
iteration 900
Best Fitness: [0.]
1
iteration 1000
Best Fitness: [0.]
1
iteration 1100
Best Fitness: [0.]
1
iteration 1200
Best Fitness: [0.]
1
iteration 1300
Best Fitness: [0.]
1
iteration 1400
Best Fitness: [0.]
2
iteration 1500
Best Fitness: [0.]
1
iteration 1600
Best Fitness: [0.]
1
iteration 1700
Best Fitness: [0.]
1
iteration 1800
Best Fitness: [0.]
1
iteration 1900
Best Fitness: [0.]
1
iteration 2000
Best Fitness: [0.]
1
iteration 2100
Best Fitness: [0.]
2
iteration 2200
Best Fitness: [0.]
1
iteration 2300
Best Fitness: [0.]
1
iteration 2400
Best Fitness: [0.]
1
iteration 2500
Best Fitness: [0.]
1
iteration 2600
Best Fitness: [0.]
1
iteration 2700
Best Fitness: [0.]
1
iteration 2800
Best Fitness: [0.]
2
iteration 2900
Best Fitness: [0.]
1
iteration 2999
Best Fitness: [0.]
1
iteration 0
Best Fitness: [1475.4874049]
1
iteration 100
Best Fitness: [85.92716861]
1
iteration 200
Best Fitness: [20.31619918]
1
iteration 300
Best Fitness: [1.95202998]
1
iteration 400
Best Fitness: [6.61070549e-05]
1
iteration 500
Best Fitness: [1.28731816e-08]
1
iteration 600
Best Fitness: [1.49569246e-12]
1
iteration 700
Best Fitness: [0.]
2
iteration 800
Best Fitness: [0.]
1
iteration 900
Best Fitness: [0.]
1
iteration 1000
Best Fitness: [0.]
1
iteration 1100
Best Fitness: [0.]
1
iteration 1200
Best Fitness: [0.]
1
iteration 1300
Best Fitness: [0.]
1
iteration 1400
Best Fitness: [0.]
2
iteration 1500
Best Fitness: [0.]
1
iteration 1600
Best Fitness: [0.]
1
iteration 1700
Best Fitness: [0.]
1
iteration 1800
Best Fitness: [0.]
1
iteration 1900
Best Fitness: [0.]
1
iteration 2000
Best Fitness: [0.]
1
iteration 2100
Best Fitness: [0.]
2
iteration 2200
Best Fitness: [0.]
1
iteration 2300
Best Fitness: [0.]
1
iteration 2400
Best Fitness: [0.]
1
iteration 2500
Best Fitness: [0.]
1
iteration 2600
Best Fitness: [0.]
1
iteration 2700
Best Fitness: [0.]
1
iteration 2800
Best Fitness: [0.]
2
iteration 2900
Best Fitness: [0.]
1
iteration 2999
Best Fitness: [0.]
1
iteration 0
Best Fitness: [1476.57778491]
1
iteration 100
Best Fitness: [68.66485016]
1
iteration 200
Best Fitness: [17.32683999]
1
iteration 300
Best Fitness: [1.24006073]
1
iteration 400
Best Fitness: [1.21970499e-05]
1
iteration 500
Best Fitness: [1.05029052e-09]
1
iteration 600
Best Fitness: [2.52242671e-13]
1
iteration 700
Best Fitness: [0.]
2
iteration 800
Best Fitness: [0.]
1
iteration 900
Best Fitness: [0.]
1
iteration 1000
Best Fitness: [0.]
1
iteration 1100
Best Fitness: [0.]
1
iteration 1200
Best Fitness: [0.]
1
iteration 1300
Best Fitness: [0.]
1
iteration 1400
Best Fitness: [0.]
2
iteration 1500
Best Fitness: [0.]
1
iteration 1600
Best Fitness: [0.]
1
iteration 1700
Best Fitness: [0.]
1
iteration 1800
Best Fitness: [0.]
1
iteration 1900
Best Fitness: [0.]
1
iteration 2000
Best Fitness: [0.]
1
iteration 2100
Best Fitness: [0.]
2
iteration 2200
Best Fitness: [0.]
1
iteration 2300
Best Fitness: [0.]
1
iteration 2400
Best Fitness: [0.]
1
iteration 2500
Best Fitness: [0.]
1
iteration 2600
Best Fitness: [0.]
1
iteration 2700
Best Fitness: [0.]
1
iteration 2800
Best Fitness: [0.]
2
iteration 2900
Best Fitness: [0.]
1
iteration 2999
Best Fitness: [0.]
1
iteration 0
Best Fitness: [1411.62153399]
1
iteration 100
Best Fitness: [75.96753423]
1
iteration 200
Best Fitness: [16.34382441]
1
iteration 300
Best Fitness: [1.21267009]
1
iteration 400
Best Fitness: [0.00013598]
1
iteration 500
Best Fitness: [7.67180097e-09]
1
iteration 600
Best Fitness: [5.57776048e-13]
1
iteration 700
Best Fitness: [0.]
2
iteration 800
Best Fitness: [0.]
1
iteration 900
Best Fitness: [0.]
1
iteration 1000
Best Fitness: [0.]
1
iteration 1100
Best Fitness: [0.]
1
iteration 1200
Best Fitness: [0.]
1
iteration 1300
Best Fitness: [0.]
1
iteration 1400
Best Fitness: [0.]
2
iteration 1500
Best Fitness: [0.]
1
iteration 1600
Best Fitness: [0.]
1
iteration 1700
Best Fitness: [0.]
1
iteration 1800
Best Fitness: [0.]
1
iteration 1900
Best Fitness: [0.]
1
iteration 2000
Best Fitness: [0.]
1
iteration 2100
Best Fitness: [0.]
2
iteration 2200
Best Fitness: [0.]
1
iteration 2300
Best Fitness: [0.]
1
iteration 2400
Best Fitness: [0.]
1
iteration 2500
Best Fitness: [0.]
1
iteration 2600
Best Fitness: [0.]
1
iteration 2700
Best Fitness: [0.]
1
iteration 2800
Best Fitness: [0.]
2
iteration 2900
Best Fitness: [0.]
1
iteration 2999
Best Fitness: [0.]
1
iteration 0
Best Fitness: [1477.32195087]
1
iteration 100
Best Fitness: [77.16440313]
1
iteration 200
Best Fitness: [15.76995189]
1
iteration 300
Best Fitness: [1.31909689]
1
iteration 400
Best Fitness: [1.32816167e-05]
1
iteration 500
Best Fitness: [3.02330072e-09]
1
iteration 600
Best Fitness: [1.25410793e-12]
1
iteration 700
Best Fitness: [0.]
2
iteration 800
Best Fitness: [0.]
1
iteration 900
Best Fitness: [0.]
1
iteration 1000
Best Fitness: [0.]
1
iteration 1100
Best Fitness: [0.]
1
iteration 1200
Best Fitness: [0.]
1
iteration 1300
Best Fitness: [0.]
1
iteration 1400
Best Fitness: [0.]
2
iteration 1500
Best Fitness: [0.]
1
iteration 1600
Best Fitness: [0.]
1
iteration 1700
Best Fitness: [0.]
1
iteration 1800
Best Fitness: [0.]
1
iteration 1900
Best Fitness: [0.]
1
iteration 2000
Best Fitness: [0.]
1
iteration 2100
Best Fitness: [0.]
2
iteration 2200
Best Fitness: [0.]
1
iteration 2300
Best Fitness: [0.]
1
iteration 2400
Best Fitness: [0.]
1
iteration 2500
Best Fitness: [0.]
1
iteration 2600
Best Fitness: [0.]
1
iteration 2700
Best Fitness: [0.]
1
iteration 2800
Best Fitness: [0.]
2
iteration 2900
Best Fitness: [0.]
1
iteration 2999
Best Fitness: [0.]
1
iteration 0
Best Fitness: [1508.83473644]
1
iteration 100
Best Fitness: [64.18514079]
1
iteration 200
Best Fitness: [13.65868036]
1
iteration 300
Best Fitness: [0.1073051]
1
iteration 400
Best Fitness: [2.9341138e-05]
1
iteration 500
Best Fitness: [3.01802316e-09]
1
iteration 600
Best Fitness: [5.87974114e-13]
1
iteration 700
Best Fitness: [0.]
2
iteration 800
Best Fitness: [0.]
1
iteration 900
Best Fitness: [0.]
1
iteration 1000
Best Fitness: [0.]
1
iteration 1100
Best Fitness: [0.]
1
iteration 1200
Best Fitness: [0.]
1
iteration 1300
Best Fitness: [0.]
1
iteration 1400
Best Fitness: [0.]
2
iteration 1500
Best Fitness: [0.]
1
iteration 1600
Best Fitness: [0.]
1
iteration 1700
Best Fitness: [0.]
1
iteration 1800
Best Fitness: [0.]
1
iteration 1900
Best Fitness: [0.]
1
iteration 2000
Best Fitness: [0.]
1
iteration 2100
Best Fitness: [0.]
2
iteration 2200
Best Fitness: [0.]
1
iteration 2300
Best Fitness: [0.]
1
iteration 2400
Best Fitness: [0.]
1
iteration 2500
Best Fitness: [0.]
1
iteration 2600
Best Fitness: [0.]
1
iteration 2700
Best Fitness: [0.]
1
iteration 2800
Best Fitness: [0.]
2
iteration 2900
Best Fitness: [0.]
1
iteration 2999
Best Fitness: [0.]
1
iteration 0
Best Fitness: [1479.28456954]
1
iteration 100
Best Fitness: [78.90889926]
1
iteration 200
Best Fitness: [20.98575447]
1
iteration 300
Best Fitness: [0.80311649]
1
iteration 400
Best Fitness: [7.16013816e-05]
1
iteration 500
Best Fitness: [1.41651917e-08]
1
iteration 600
Best Fitness: [1.23101529e-12]
1
iteration 700
Best Fitness: [0.]
2
iteration 800
Best Fitness: [0.]
1
iteration 900
Best Fitness: [0.]
1
iteration 1000
Best Fitness: [0.]
1
iteration 1100
Best Fitness: [0.]
1
iteration 1200
Best Fitness: [0.]
1
iteration 1300
Best Fitness: [0.]
1
iteration 1400
Best Fitness: [0.]
2
iteration 1500
Best Fitness: [0.]
1
iteration 1600
Best Fitness: [0.]
1
iteration 1700
Best Fitness: [0.]
1
iteration 1800
Best Fitness: [0.]
1
iteration 1900
Best Fitness: [0.]
1
iteration 2000
Best Fitness: [0.]
1
iteration 2100
Best Fitness: [0.]
2
iteration 2200
Best Fitness: [0.]
1
iteration 2300
Best Fitness: [0.]
1
iteration 2400
Best Fitness: [0.]
1
iteration 2500
Best Fitness: [0.]
1
iteration 2600
Best Fitness: [0.]
1
iteration 2700
Best Fitness: [0.]
1
iteration 2800
Best Fitness: [0.]
2
iteration 2900
Best Fitness: [0.]
1
iteration 2999
Best Fitness: [0.]
1
[array([0.]), array([0.]), array([0.]), array([0.]), array([0.]), array([0.]), array([0.]), array([0.]), array([0.]), array([0.])]
iteration 0
Best Fitness: [47.88259578]
1
iteration 100
Best Fitness: [19.62331931]
1
iteration 200
Best Fitness: [4.93400104]
1
iteration 300
Best Fitness: [1.68353826]
1
iteration 400
Best Fitness: [1.20499782]
1
iteration 500
Best Fitness: [1.09117275]
1
iteration 600
Best Fitness: [1.03246398]
1
iteration 700
Best Fitness: [0.9983272]
2
iteration 800
Best Fitness: [1.00558629]
1
iteration 900
Best Fitness: [0.98734546]
1
iteration 1000
Best Fitness: [0.9749169]
1
iteration 1100
Best Fitness: [0.97666216]
1
iteration 1200
Best Fitness: [0.97372937]
1
iteration 1300
Best Fitness: [0.97034647]
1
iteration 1400
Best Fitness: [0.96602837]
2
iteration 1500
Best Fitness: [0.96759217]
1
iteration 1600
Best Fitness: [0.96736382]
1
iteration 1700
Best Fitness: [0.96535565]
1
iteration 1800
Best Fitness: [0.9655008]
1
iteration 1900
Best Fitness: [0.96486476]
1
iteration 2000
Best Fitness: [0.96439233]
1
iteration 2100
Best Fitness: [0.96322244]
2
iteration 2200
Best Fitness: [0.96381251]
1
iteration 2300
Best Fitness: [0.96333527]
1
iteration 2400
Best Fitness: [0.96335435]
1
iteration 2500
Best Fitness: [0.96311214]
1
iteration 2600
Best Fitness: [0.96288624]
1
iteration 2700
Best Fitness: [0.96273974]
1
iteration 2800
Best Fitness: [0.96251631]
2
iteration 2900
Best Fitness: [0.96307809]
1
iteration 2999
Best Fitness: [0.96309179]
1
iteration 0
Best Fitness: [48.11991186]
1
iteration 100
Best Fitness: [19.38066005]
1
iteration 200
Best Fitness: [5.44429545]
1
iteration 300
Best Fitness: [2.12249141]
1
iteration 400
Best Fitness: [1.56445111]
1
iteration 500
Best Fitness: [1.25357279]
1
iteration 600
Best Fitness: [1.15941178]
1
iteration 700
Best Fitness: [1.09305825]
2
iteration 800
Best Fitness: [1.08496701]
1
iteration 900
Best Fitness: [1.04389367]
1
iteration 1000
Best Fitness: [1.02196207]
1
iteration 1100
Best Fitness: [1.01328212]
1
iteration 1200
Best Fitness: [1.00748005]
1
iteration 1300
Best Fitness: [0.99470468]
1
iteration 1400
Best Fitness: [0.98776708]
2
iteration 1500
Best Fitness: [0.99138088]
1
iteration 1600
Best Fitness: [0.97883514]
1
iteration 1700
Best Fitness: [0.95003288]
1
iteration 1800
Best Fitness: [0.94463576]
1
iteration 1900
Best Fitness: [0.94295062]
1
iteration 2000
Best Fitness: [0.94466985]
1
iteration 2100
Best Fitness: [0.9363406]
2
iteration 2200
Best Fitness: [0.93524629]
1
iteration 2300
Best Fitness: [0.92591549]
1
iteration 2400
Best Fitness: [0.91869131]
1
iteration 2500
Best Fitness: [0.91557161]
1
iteration 2600
Best Fitness: [0.91186233]
1
iteration 2700
Best Fitness: [0.91263969]
1
iteration 2800
Best Fitness: [0.90881729]
2
iteration 2900
Best Fitness: [0.90832347]
1
iteration 2999
Best Fitness: [0.90854326]
1
iteration 0
Best Fitness: [47.66338351]
1
iteration 100
Best Fitness: [19.1707759]
1
iteration 200
Best Fitness: [4.84199795]
1
iteration 300
Best Fitness: [1.76704517]
1
iteration 400
Best Fitness: [1.11755824]
1
iteration 500
Best Fitness: [0.85252566]
1
iteration 600
Best Fitness: [0.82851511]
1
iteration 700
Best Fitness: [0.77726917]
2
iteration 800
Best Fitness: [0.77880357]
1
iteration 900
Best Fitness: [0.77178515]
1
iteration 1000
Best Fitness: [0.76785686]
1
iteration 1100
Best Fitness: [0.76633426]
1
iteration 1200
Best Fitness: [0.76275508]
1
iteration 1300
Best Fitness: [0.76134647]
1
iteration 1400
Best Fitness: [0.75847028]
2
iteration 1500
Best Fitness: [0.75902299]
1
iteration 1600
Best Fitness: [0.75874212]
1
iteration 1700
Best Fitness: [0.7423468]
1
iteration 1800
Best Fitness: [0.73918335]
1
iteration 1900
Best Fitness: [0.73718342]
1
iteration 2000
Best Fitness: [0.73678542]
1
iteration 2100
Best Fitness: [0.73521787]
2
iteration 2200
Best Fitness: [0.73612631]
1
iteration 2300
Best Fitness: [0.73557089]
1
iteration 2400
Best Fitness: [0.73466459]
1
iteration 2500
Best Fitness: [0.73482155]
1
iteration 2600
Best Fitness: [0.73462652]
1
iteration 2700
Best Fitness: [0.73440713]
1
iteration 2800
Best Fitness: [0.73383554]
2
iteration 2900
Best Fitness: [0.73457004]
1
iteration 2999
Best Fitness: [0.71692754]
1
iteration 0
Best Fitness: [47.80750964]
1
iteration 100
Best Fitness: [18.98297577]
1
iteration 200
Best Fitness: [5.69205995]
1
iteration 300
Best Fitness: [2.15638643]
1
iteration 400
Best Fitness: [1.20550719]
1
iteration 500
Best Fitness: [1.02287493]
1
iteration 600
Best Fitness: [0.99884846]
1
iteration 700
Best Fitness: [0.98464427]
2
iteration 800
Best Fitness: [0.98482921]
1
iteration 900
Best Fitness: [0.97867436]
1
iteration 1000
Best Fitness: [0.96257824]
1
iteration 1100
Best Fitness: [0.95910668]
1
iteration 1200
Best Fitness: [0.95686123]
1
iteration 1300
Best Fitness: [0.95463189]
1
iteration 1400
Best Fitness: [0.93743789]
2
iteration 1500
Best Fitness: [0.89008303]
1
iteration 1600
Best Fitness: [0.84065043]
1
iteration 1700
Best Fitness: [0.81196327]
1
iteration 1800
Best Fitness: [0.7934421]
1
iteration 1900
Best Fitness: [0.78813705]
1
iteration 2000
Best Fitness: [0.77373861]
1
iteration 2100
Best Fitness: [0.76615127]
2
iteration 2200
Best Fitness: [0.7675579]
1
iteration 2300
Best Fitness: [0.76622399]
1
iteration 2400
Best Fitness: [0.76611673]
1
iteration 2500
Best Fitness: [0.76454679]
1
iteration 2600
Best Fitness: [0.74856865]
1
iteration 2700
Best Fitness: [0.7518626]
1
iteration 2800
Best Fitness: [0.72840365]
2
iteration 2900
Best Fitness: [0.72869185]
1
iteration 2999
Best Fitness: [0.72540735]
1
iteration 0
Best Fitness: [47.89601198]
1
iteration 100
Best Fitness: [16.54225744]
1
iteration 200
Best Fitness: [5.27705686]
1
iteration 300
Best Fitness: [1.95751768]
1
iteration 400
Best Fitness: [1.41402695]
1
iteration 500
Best Fitness: [1.14070905]
1
iteration 600
Best Fitness: [1.05052678]
1
iteration 700
Best Fitness: [1.01694222]
2
iteration 800
Best Fitness: [0.9952859]
1
iteration 900
Best Fitness: [0.98736878]
1
iteration 1000
Best Fitness: [0.97636777]
1
iteration 1100
Best Fitness: [0.97722502]
1
iteration 1200
Best Fitness: [0.97515951]
1
iteration 1300
Best Fitness: [0.97208685]
1
iteration 1400
Best Fitness: [0.96573712]
2
iteration 1500
Best Fitness: [0.96679342]
1
iteration 1600
Best Fitness: [0.96646779]
1
iteration 1700
Best Fitness: [0.96486237]
1
iteration 1800
Best Fitness: [0.96319785]
1
iteration 1900
Best Fitness: [0.96303775]
1
iteration 2000
Best Fitness: [0.96334242]
1
iteration 2100
Best Fitness: [0.96249113]
2
iteration 2200
Best Fitness: [0.96350912]
1
iteration 2300
Best Fitness: [0.96280604]
1
iteration 2400
Best Fitness: [0.96291578]
1
iteration 2500
Best Fitness: [0.96272811]
1
iteration 2600
Best Fitness: [0.96228658]
1
iteration 2700
Best Fitness: [0.96247881]
1
iteration 2800
Best Fitness: [0.96207469]
2
iteration 2900
Best Fitness: [0.96235257]
1
iteration 2999
Best Fitness: [0.96239375]
1
iteration 0
Best Fitness: [47.57599231]
1
iteration 100
Best Fitness: [19.24351014]
1
iteration 200
Best Fitness: [6.3151738]
1
iteration 300
Best Fitness: [2.73952392]
1
iteration 400
Best Fitness: [1.72604756]
1
iteration 500
Best Fitness: [1.08817493]
1
iteration 600
Best Fitness: [1.04993864]
1
iteration 700
Best Fitness: [1.0262428]
2
iteration 800
Best Fitness: [1.00938939]
1
iteration 900
Best Fitness: [0.997472]
1
iteration 1000
Best Fitness: [0.99221251]
1
iteration 1100
Best Fitness: [0.98723996]
1
iteration 1200
Best Fitness: [0.9837716]
1
iteration 1300
Best Fitness: [0.98094071]
1
iteration 1400
Best Fitness: [0.97122511]
2
iteration 1500
Best Fitness: [0.96047699]
1
iteration 1600
Best Fitness: [0.95542257]
1
iteration 1700
Best Fitness: [0.9510058]
1
iteration 1800
Best Fitness: [0.9484219]
1
iteration 1900
Best Fitness: [0.94922715]
1
iteration 2000
Best Fitness: [0.94840069]
1
iteration 2100
Best Fitness: [0.94282155]
2
iteration 2200
Best Fitness: [0.94537669]
1
iteration 2300
Best Fitness: [0.94234116]
1
iteration 2400
Best Fitness: [0.94249229]
1
iteration 2500
Best Fitness: [0.94262633]
1
iteration 2600
Best Fitness: [0.93279002]
1
iteration 2700
Best Fitness: [0.92470045]
1
iteration 2800
Best Fitness: [0.92128366]
2
iteration 2900
Best Fitness: [0.90779287]
1
iteration 2999
Best Fitness: [0.88685297]
1
iteration 0
Best Fitness: [47.38886404]
1
iteration 100
Best Fitness: [19.29030491]
1
iteration 200
Best Fitness: [4.2581275]
1
iteration 300
Best Fitness: [1.95192398]
1
iteration 400
Best Fitness: [1.39375803]
1
iteration 500
Best Fitness: [1.13848315]
1
iteration 600
Best Fitness: [1.04752215]
1
iteration 700
Best Fitness: [0.98649466]
2
iteration 800
Best Fitness: [0.97954232]
1
iteration 900
Best Fitness: [0.97587186]
1
iteration 1000
Best Fitness: [0.96919713]
1
iteration 1100
Best Fitness: [0.96671824]
1
iteration 1200
Best Fitness: [0.9647772]
1
iteration 1300
Best Fitness: [0.96476952]
1
iteration 1400
Best Fitness: [0.96355894]
2
iteration 1500
Best Fitness: [0.96386542]
1
iteration 1600
Best Fitness: [0.96339738]
1
iteration 1700
Best Fitness: [0.9629064]
1
iteration 1800
Best Fitness: [0.96322391]
1
iteration 1900
Best Fitness: [0.96282826]
1
iteration 2000
Best Fitness: [0.96256595]
1
iteration 2100
Best Fitness: [0.96239952]
2
iteration 2200
Best Fitness: [0.96265592]
1
iteration 2300
Best Fitness: [0.9625103]
1
iteration 2400
Best Fitness: [0.96230622]
1
iteration 2500
Best Fitness: [0.962331]
1
iteration 2600
Best Fitness: [0.96224575]
1
iteration 2700
Best Fitness: [0.96225094]
1
iteration 2800
Best Fitness: [0.96210371]
2
iteration 2900
Best Fitness: [0.96214189]
1
iteration 2999
Best Fitness: [0.96217688]
1
iteration 0
Best Fitness: [47.20490794]
1
iteration 100
Best Fitness: [19.57993336]
1
iteration 200
Best Fitness: [5.71376567]
1
iteration 300
Best Fitness: [2.59377565]
1
iteration 400
Best Fitness: [1.84157847]
1
iteration 500
Best Fitness: [1.65656732]
1
iteration 600
Best Fitness: [1.59285863]
1
iteration 700
Best Fitness: [1.54171487]
2
iteration 800
Best Fitness: [1.50718855]
1
iteration 900
Best Fitness: [1.47344379]
1
iteration 1000
Best Fitness: [1.4713969]
1
iteration 1100
Best Fitness: [1.46600859]
1
iteration 1200
Best Fitness: [1.458565]
1
iteration 1300
Best Fitness: [1.45744365]
1
iteration 1400
Best Fitness: [1.44416259]
2
iteration 1500
Best Fitness: [1.44404967]
1
iteration 1600
Best Fitness: [1.440974]
1
iteration 1700
Best Fitness: [1.43889664]
1
iteration 1800
Best Fitness: [1.43642514]
1
iteration 1900
Best Fitness: [1.43508479]
1
iteration 2000
Best Fitness: [1.43583219]
1
iteration 2100
Best Fitness: [1.43426898]
2
iteration 2200
Best Fitness: [1.43380151]
1
iteration 2300
Best Fitness: [1.43266124]
1
iteration 2400
Best Fitness: [1.43129661]
1
iteration 2500
Best Fitness: [1.43022173]
1
iteration 2600
Best Fitness: [1.43048194]
1
iteration 2700
Best Fitness: [1.42891329]
1
iteration 2800
Best Fitness: [1.42767122]
2
iteration 2900
Best Fitness: [1.427851]
1
iteration 2999
Best Fitness: [1.42675064]
1
iteration 0
Best Fitness: [47.38279979]
1
iteration 100
Best Fitness: [17.04335436]
1
iteration 200
Best Fitness: [5.08140318]
1
iteration 300
Best Fitness: [2.06376837]
1
iteration 400
Best Fitness: [1.24330523]
1
iteration 500
Best Fitness: [1.09308496]
1
iteration 600
Best Fitness: [1.04800369]
1
iteration 700
Best Fitness: [1.01018614]
2
iteration 800
Best Fitness: [0.99999462]
1
iteration 900
Best Fitness: [0.9789426]
1
iteration 1000
Best Fitness: [0.97768493]
1
iteration 1100
Best Fitness: [0.97635536]
1
iteration 1200
Best Fitness: [0.94813768]
1
iteration 1300
Best Fitness: [0.94685851]
1
iteration 1400
Best Fitness: [0.93861817]
2
iteration 1500
Best Fitness: [0.94212308]
1
iteration 1600
Best Fitness: [0.94042554]
1
iteration 1700
Best Fitness: [0.93800632]
1
iteration 1800
Best Fitness: [0.9356906]
1
iteration 1900
Best Fitness: [0.93237368]
1
iteration 2000
Best Fitness: [0.93478828]
1
iteration 2100
Best Fitness: [0.92913557]
2
iteration 2200
Best Fitness: [0.93086092]
1
iteration 2300
Best Fitness: [0.92995524]
1
iteration 2400
Best Fitness: [0.92812739]
1
iteration 2500
Best Fitness: [0.92758204]
1
iteration 2600
Best Fitness: [0.92712688]
1
iteration 2700
Best Fitness: [0.92517903]
1
iteration 2800
Best Fitness: [0.92362159]
2
iteration 2900
Best Fitness: [0.92473921]
1
iteration 2999
Best Fitness: [0.92436349]
1
iteration 0
Best Fitness: [47.62377256]
1
iteration 100
Best Fitness: [19.45086892]
1
iteration 200
Best Fitness: [5.64661499]
1
iteration 300
Best Fitness: [1.84399414]
1
iteration 400
Best Fitness: [1.14996584]
1
iteration 500
Best Fitness: [1.06275405]
1
iteration 600
Best Fitness: [1.02152399]
1
iteration 700
Best Fitness: [1.00370022]
2
iteration 800
Best Fitness: [1.00424974]
1
iteration 900
Best Fitness: [1.00058103]
1
iteration 1000
Best Fitness: [0.99555846]
1
iteration 1100
Best Fitness: [0.98751987]
1
iteration 1200
Best Fitness: [0.96846312]
1
iteration 1300
Best Fitness: [0.95465242]
1
iteration 1400
Best Fitness: [0.92527399]
2
iteration 1500
Best Fitness: [0.87792216]
1
iteration 1600
Best Fitness: [0.86427787]
1
iteration 1700
Best Fitness: [0.85453593]
1
iteration 1800
Best Fitness: [0.85432209]
1
iteration 1900
Best Fitness: [0.85334608]
1
iteration 2000
Best Fitness: [0.85334114]
1
iteration 2100
Best Fitness: [0.85326086]
2
iteration 2200
Best Fitness: [0.8533073]
1
iteration 2300
Best Fitness: [0.85329456]
1
iteration 2400
Best Fitness: [0.85320794]
1
iteration 2500
Best Fitness: [0.85320657]
1
iteration 2600
Best Fitness: [0.85313191]
1
iteration 2700
Best Fitness: [0.85314072]
1
iteration 2800
Best Fitness: [0.85312188]
2
iteration 2900
Best Fitness: [0.851909]
1
iteration 2999
Best Fitness: [0.84277587]
1
[array([0.96309179]), array([0.90854326]), array([0.71692754]), array([0.72540735]), array([0.96239375]), array([0.88685297]), array([0.96217688]), array([1.42675064]), array([0.92436349]), array([0.84277587])]
iteration 0
Best Fitness: [9739.16519429]
1
iteration 100
Best Fitness: [114.49349171]
1
iteration 200
Best Fitness: [23.49724546]
1
iteration 300
Best Fitness: [1.63695425]
1
iteration 400
Best Fitness: [0.00034039]
1
iteration 500
Best Fitness: [5.0547569e-08]
1
iteration 600
Best Fitness: [4.99869369e-12]
1
iteration 700
Best Fitness: [3.11019152e-18]
2
iteration 800
Best Fitness: [1.8094723e-22]
1
iteration 900
Best Fitness: [2.44710569e-26]
1
iteration 1000
Best Fitness: [4.53595021e-30]
1
iteration 1100
Best Fitness: [0.]
1
iteration 1200
Best Fitness: [0.]
1
iteration 1300
Best Fitness: [0.]
1
iteration 1400
Best Fitness: [0.]
2
iteration 1500
Best Fitness: [0.]
1
iteration 1600
Best Fitness: [0.]
1
iteration 1700
Best Fitness: [0.]
1
iteration 1800
Best Fitness: [0.]
1
iteration 1900
Best Fitness: [0.]
1
iteration 2000
Best Fitness: [0.]
1
iteration 2100
Best Fitness: [0.]
2
iteration 2200
Best Fitness: [0.]
1
iteration 2300
Best Fitness: [0.]
1
iteration 2400
Best Fitness: [0.]
1
iteration 2500
Best Fitness: [0.]
1
iteration 2600
Best Fitness: [0.]
1
iteration 2700
Best Fitness: [0.]
1
iteration 2800
Best Fitness: [0.]
2
iteration 2900
Best Fitness: [0.]
1
iteration 2999
Best Fitness: [0.]
1
iteration 0
Best Fitness: [10271.89012606]
1
iteration 100
Best Fitness: [231.15391687]
1
iteration 200
Best Fitness: [132.83022912]
1
iteration 300
Best Fitness: [108.28433847]
1
iteration 400
Best Fitness: [101.34127342]
1
iteration 500
Best Fitness: [101.33479183]
1
iteration 600
Best Fitness: [101.33479118]
1
iteration 700
Best Fitness: [101.33479118]
2
iteration 800
Best Fitness: [101.33479118]
1
iteration 900
Best Fitness: [101.33479118]
1
iteration 1000
Best Fitness: [101.33479118]
1
iteration 1100
Best Fitness: [101.33479118]
1
iteration 1200
Best Fitness: [101.33479118]
1
iteration 1300
Best Fitness: [101.33479118]
1
iteration 1400
Best Fitness: [101.33479118]
2
iteration 1500
Best Fitness: [101.33479118]
1
iteration 1600
Best Fitness: [101.33479118]
1
iteration 1700
Best Fitness: [101.33479118]
1
iteration 1800
Best Fitness: [101.33479118]
1
iteration 1900
Best Fitness: [101.33479118]
1
iteration 2000
Best Fitness: [101.33479118]
1
iteration 2100
Best Fitness: [101.33479118]
2
iteration 2200
Best Fitness: [101.33479118]
1
iteration 2300
Best Fitness: [101.33479118]
1
iteration 2400
Best Fitness: [101.33479118]
1
iteration 2500
Best Fitness: [101.33479118]
1
iteration 2600
Best Fitness: [101.33479118]
1
iteration 2700
Best Fitness: [101.33479118]
1
iteration 2800
Best Fitness: [101.33479118]
2
iteration 2900
Best Fitness: [101.33479118]
1
iteration 2999
Best Fitness: [101.33479118]
1
iteration 0
Best Fitness: [9803.63260241]
1
iteration 100
Best Fitness: [132.93256018]
1
iteration 200
Best Fitness: [25.04296723]
1
iteration 300
Best Fitness: [2.48362438]
1
iteration 400
Best Fitness: [0.00036504]
1
iteration 500
Best Fitness: [2.37192397e-08]
1
iteration 600
Best Fitness: [4.28458442e-12]
1
iteration 700
Best Fitness: [1.33310264e-18]
2
iteration 800
Best Fitness: [1.16321586e-22]
1
iteration 900
Best Fitness: [1.94621846e-26]
1
iteration 1000
Best Fitness: [3.35265885e-30]
1
iteration 1100
Best Fitness: [0.]
1
iteration 1200
Best Fitness: [0.]
1
iteration 1300
Best Fitness: [0.]
1
iteration 1400
Best Fitness: [0.]
2
iteration 1500
Best Fitness: [0.]
1
iteration 1600
Best Fitness: [0.]
1
iteration 1700
Best Fitness: [0.]
1
iteration 1800
Best Fitness: [0.]
1
iteration 1900
Best Fitness: [0.]
1
iteration 2000
Best Fitness: [0.]
1
iteration 2100
Best Fitness: [0.]
2
iteration 2200
Best Fitness: [0.]
1
iteration 2300
Best Fitness: [0.]
1
iteration 2400
Best Fitness: [0.]
1
iteration 2500
Best Fitness: [0.]
1
iteration 2600
Best Fitness: [0.]
1
iteration 2700
Best Fitness: [0.]
1
iteration 2800
Best Fitness: [0.]
2
iteration 2900
Best Fitness: [0.]
1
iteration 2999
Best Fitness: [0.]
1
iteration 0
Best Fitness: [9940.36510019]
1
iteration 100
Best Fitness: [234.24691671]
1
iteration 200
Best Fitness: [127.7832781]
1
iteration 300
Best Fitness: [104.59746189]
1
iteration 400
Best Fitness: [101.34231169]
1
iteration 500
Best Fitness: [101.33479134]
1
iteration 600
Best Fitness: [101.33479118]
1
iteration 700
Best Fitness: [101.33479118]
2
iteration 800
Best Fitness: [101.33479118]
1
iteration 900
Best Fitness: [101.33479118]
1
iteration 1000
Best Fitness: [101.33479118]
1
iteration 1100
Best Fitness: [101.33479118]
1
iteration 1200
Best Fitness: [101.33479118]
1
iteration 1300
Best Fitness: [101.33479118]
1
iteration 1400
Best Fitness: [101.33479118]
2
iteration 1500
Best Fitness: [101.33479118]
1
iteration 1600
Best Fitness: [101.33479118]
1
iteration 1700
Best Fitness: [101.33479118]
1
iteration 1800
Best Fitness: [101.33479118]
1
iteration 1900
Best Fitness: [101.33479118]
1
iteration 2000
Best Fitness: [101.33479118]
1
iteration 2100
Best Fitness: [101.33479118]
2
iteration 2200
Best Fitness: [101.33479118]
1
iteration 2300
Best Fitness: [101.33479118]
1
iteration 2400
Best Fitness: [101.33479118]
1
iteration 2500
Best Fitness: [101.33479118]
1
iteration 2600
Best Fitness: [101.33479118]
1
iteration 2700
Best Fitness: [101.33479118]
1
iteration 2800
Best Fitness: [101.33479118]
2
iteration 2900
Best Fitness: [101.33479118]
1
iteration 2999
Best Fitness: [101.33479118]
1
iteration 0
Best Fitness: [10839.39450555]
1
iteration 100
Best Fitness: [126.66333299]
1
iteration 200
Best Fitness: [29.18049075]
1
iteration 300
Best Fitness: [2.30063553]
1
iteration 400
Best Fitness: [0.00026958]
1
iteration 500
Best Fitness: [1.81287908e-08]
1
iteration 600
Best Fitness: [2.85717057e-12]
1
iteration 700
Best Fitness: [2.47955837e-18]
2
iteration 800
Best Fitness: [1.10094825e-22]
1
iteration 900
Best Fitness: [9.37363971e-27]
1
iteration 1000
Best Fitness: [1.18329136e-30]
1
iteration 1100
Best Fitness: [0.]
1
iteration 1200
Best Fitness: [0.]
1
iteration 1300
Best Fitness: [0.]
1
iteration 1400
Best Fitness: [0.]
2
iteration 1500
Best Fitness: [0.]
1
iteration 1600
Best Fitness: [0.]
1
iteration 1700
Best Fitness: [0.]
1
iteration 1800
Best Fitness: [0.]
1
iteration 1900
Best Fitness: [0.]
1
iteration 2000
Best Fitness: [0.]
1
iteration 2100
Best Fitness: [0.]
2
iteration 2200
Best Fitness: [0.]
1
iteration 2300
Best Fitness: [0.]
1
iteration 2400
Best Fitness: [0.]
1
iteration 2500
Best Fitness: [0.]
1
iteration 2600
Best Fitness: [0.]
1
iteration 2700
Best Fitness: [0.]
1
iteration 2800
Best Fitness: [0.]
2
iteration 2900
Best Fitness: [0.]
1
iteration 2999
Best Fitness: [0.]
1
iteration 0
Best Fitness: [9735.89775491]
1
iteration 100
Best Fitness: [130.47561935]
1
iteration 200
Best Fitness: [21.15878261]
1
iteration 300
Best Fitness: [1.94508907]
1
iteration 400
Best Fitness: [0.00030554]
1
iteration 500
Best Fitness: [6.08045118e-08]
1
iteration 600
Best Fitness: [7.42750549e-12]
1
iteration 700
Best Fitness: [2.22931844e-18]
2
iteration 800
Best Fitness: [1.47433266e-22]
1
iteration 900
Best Fitness: [1.49424061e-26]
1
iteration 1000
Best Fitness: [3.15544362e-30]
1
iteration 1100
Best Fitness: [0.]
1
iteration 1200
Best Fitness: [0.]
1
iteration 1300
Best Fitness: [0.]
1
iteration 1400
Best Fitness: [0.]
2
iteration 1500
Best Fitness: [0.]
1
iteration 1600
Best Fitness: [0.]
1
iteration 1700
Best Fitness: [0.]
1
iteration 1800
Best Fitness: [0.]
1
iteration 1900
Best Fitness: [0.]
1
iteration 2000
Best Fitness: [0.]
1
iteration 2100
Best Fitness: [0.]
2
iteration 2200
Best Fitness: [0.]
1
iteration 2300
Best Fitness: [0.]
1
iteration 2400
Best Fitness: [0.]
1
iteration 2500
Best Fitness: [0.]
1
iteration 2600
Best Fitness: [0.]
1
iteration 2700
Best Fitness: [0.]
1
iteration 2800
Best Fitness: [0.]
2
iteration 2900
Best Fitness: [0.]
1
iteration 2999
Best Fitness: [0.]
1
iteration 0
Best Fitness: [9363.23317013]
1
iteration 100
Best Fitness: [117.90449595]
1
iteration 200
Best Fitness: [23.54700257]
1
iteration 300
Best Fitness: [3.9724063]
1
iteration 400
Best Fitness: [0.00066742]
1
iteration 500
Best Fitness: [3.55018751e-08]
1
iteration 600
Best Fitness: [9.7120466e-12]
1
iteration 700
Best Fitness: [4.01079014e-18]
2
iteration 800
Best Fitness: [1.81500226e-22]
1
iteration 900
Best Fitness: [1.18932614e-26]
1
iteration 1000
Best Fitness: [3.35265885e-30]
1
iteration 1100
Best Fitness: [0.]
1
iteration 1200
Best Fitness: [0.]
1
iteration 1300
Best Fitness: [0.]
1
iteration 1400
Best Fitness: [0.]
2
iteration 1500
Best Fitness: [0.]
1
iteration 1600
Best Fitness: [0.]
1
iteration 1700
Best Fitness: [0.]
1
iteration 1800
Best Fitness: [0.]
1
iteration 1900
Best Fitness: [0.]
1
iteration 2000
Best Fitness: [0.]
1
iteration 2100
Best Fitness: [0.]
2
iteration 2200
Best Fitness: [0.]
1
iteration 2300
Best Fitness: [0.]
1
iteration 2400
Best Fitness: [0.]
1
iteration 2500
Best Fitness: [0.]
1
iteration 2600
Best Fitness: [0.]
1
iteration 2700
Best Fitness: [0.]
1
iteration 2800
Best Fitness: [0.]
2
iteration 2900
Best Fitness: [0.]
1
iteration 2999
Best Fitness: [0.]
1
iteration 0
Best Fitness: [9722.31067608]
1
iteration 100
Best Fitness: [138.50248003]
1
iteration 200
Best Fitness: [29.49358068]
1
iteration 300
Best Fitness: [2.281589]
1
iteration 400
Best Fitness: [0.00062786]
1
iteration 500
Best Fitness: [1.67306421e-07]
1
iteration 600
Best Fitness: [9.14168351e-12]
1
iteration 700
Best Fitness: [8.13148763e-18]
2
iteration 800
Best Fitness: [2.96771808e-22]
1
iteration 900
Best Fitness: [2.25357839e-26]
1
iteration 1000
Best Fitness: [4.33873498e-30]
1
iteration 1100
Best Fitness: [0.]
1
iteration 1200
Best Fitness: [0.]
1
iteration 1300
Best Fitness: [0.]
1
iteration 1400
Best Fitness: [0.]
2
iteration 1500
Best Fitness: [0.]
1
iteration 1600
Best Fitness: [0.]
1
iteration 1700
Best Fitness: [0.]
1
iteration 1800
Best Fitness: [0.]
1
iteration 1900
Best Fitness: [0.]
1
iteration 2000
Best Fitness: [0.]
1
iteration 2100
Best Fitness: [0.]
2
iteration 2200
Best Fitness: [0.]
1
iteration 2300
Best Fitness: [0.]
1
iteration 2400
Best Fitness: [0.]
1
iteration 2500
Best Fitness: [0.]
1
iteration 2600
Best Fitness: [0.]
1
iteration 2700
Best Fitness: [0.]
1
iteration 2800
Best Fitness: [0.]
2
iteration 2900
Best Fitness: [0.]
1
iteration 2999
Best Fitness: [0.]
1
iteration 0
Best Fitness: [10176.19950271]
1
iteration 100
Best Fitness: [127.3524895]
1
iteration 200
Best Fitness: [25.55317824]
1
iteration 300
Best Fitness: [2.21184374]
1
iteration 400
Best Fitness: [0.00028402]
1
iteration 500
Best Fitness: [3.39847509e-08]
1
iteration 600
Best Fitness: [4.42746163e-12]
1
iteration 700
Best Fitness: [1.51054485e-18]
2
iteration 800
Best Fitness: [2.16634191e-22]
1
iteration 900
Best Fitness: [4.05202348e-26]
1
iteration 1000
Best Fitness: [5.52202634e-30]
1
iteration 1100
Best Fitness: [0.]
1
iteration 1200
Best Fitness: [0.]
1
iteration 1300
Best Fitness: [0.]
1
iteration 1400
Best Fitness: [0.]
2
iteration 1500
Best Fitness: [0.]
1
iteration 1600
Best Fitness: [0.]
1
iteration 1700
Best Fitness: [0.]
1
iteration 1800
Best Fitness: [0.]
1
iteration 1900
Best Fitness: [0.]
1
iteration 2000
Best Fitness: [0.]
1
iteration 2100
Best Fitness: [0.]
2
iteration 2200
Best Fitness: [0.]
1
iteration 2300
Best Fitness: [0.]
1
iteration 2400
Best Fitness: [0.]
1
iteration 2500
Best Fitness: [0.]
1
iteration 2600
Best Fitness: [0.]
1
iteration 2700
Best Fitness: [0.]
1
iteration 2800
Best Fitness: [0.]
2
iteration 2900
Best Fitness: [0.]
1
iteration 2999
Best Fitness: [0.]
1
iteration 0
Best Fitness: [10553.69272128]
1
iteration 100
Best Fitness: [119.17200011]
1
iteration 200
Best Fitness: [29.42822618]
1
iteration 300
Best Fitness: [3.15945386]
1
iteration 400
Best Fitness: [0.00174177]
1
iteration 500
Best Fitness: [2.8072224e-08]
1
iteration 600
Best Fitness: [5.42818373e-12]
1
iteration 700
Best Fitness: [1.90490729e-18]
2
iteration 800
Best Fitness: [8.78287448e-23]
1
iteration 900
Best Fitness: [9.69056457e-27]
1
iteration 1000
Best Fitness: [1.77493704e-30]
1
iteration 1100
Best Fitness: [0.]
1
iteration 1200
Best Fitness: [0.]
1
iteration 1300
Best Fitness: [0.]
1
iteration 1400
Best Fitness: [0.]
2
iteration 1500
Best Fitness: [0.]
1
iteration 1600
Best Fitness: [0.]
1
iteration 1700
Best Fitness: [0.]
1
iteration 1800
Best Fitness: [0.]
1
iteration 1900
Best Fitness: [0.]
1
iteration 2000
Best Fitness: [0.]
1
iteration 2100
Best Fitness: [0.]
2
iteration 2200
Best Fitness: [0.]
1
iteration 2300
Best Fitness: [0.]
1
iteration 2400
Best Fitness: [0.]
1
iteration 2500
Best Fitness: [0.]
1
iteration 2600
Best Fitness: [0.]
1
iteration 2700
Best Fitness: [0.]
1
iteration 2800
Best Fitness: [0.]
2
iteration 2900
Best Fitness: [0.]
1
iteration 2999
Best Fitness: [0.]
1
[array([0.]), array([101.33479118]), array([0.]), array([101.33479118]), array([0.]), array([0.]), array([0.]), array([0.]), array([0.]), array([0.])]
iteration 0
Best Fitness: [1529.48814109]
1
iteration 100
Best Fitness: [72.19756735]
1
iteration 200
Best Fitness: [20.75299721]
1
iteration 300
Best Fitness: [1.35855973]
1
iteration 400
Best Fitness: [0.00010524]
1
iteration 500
Best Fitness: [4.0005439e-09]
1
iteration 600
Best Fitness: [7.30082661e-13]
1
iteration 700
Best Fitness: [0.]
2
iteration 800
Best Fitness: [0.]
1
iteration 900
Best Fitness: [0.]
1
iteration 1000
Best Fitness: [0.]
1
iteration 1100
Best Fitness: [0.]
1
iteration 1200
Best Fitness: [0.]
1
iteration 1300
Best Fitness: [0.]
1
iteration 1400
Best Fitness: [0.]
2
iteration 1500
Best Fitness: [0.]
1
iteration 1600
Best Fitness: [0.]
1
iteration 1700
Best Fitness: [0.]
1
iteration 1800
Best Fitness: [0.]
1
iteration 1900
Best Fitness: [0.]
1
iteration 2000
Best Fitness: [0.]
1
iteration 2100
Best Fitness: [0.]
2
iteration 2200
Best Fitness: [0.]
1
iteration 2300
Best Fitness: [0.]
1
iteration 2400
Best Fitness: [0.]
1
iteration 2500
Best Fitness: [0.]
1
iteration 2600
Best Fitness: [0.]
1
iteration 2700
Best Fitness: [0.]
1
iteration 2800
Best Fitness: [0.]
2
iteration 2900
Best Fitness: [0.]
1
iteration 2999
Best Fitness: [0.]
1
iteration 0
Best Fitness: [1496.39632234]
1
iteration 100
Best Fitness: [78.8489057]
1
iteration 200
Best Fitness: [19.71058866]
1
iteration 300
Best Fitness: [2.61253258]
1
iteration 400
Best Fitness: [0.00022768]
1
iteration 500
Best Fitness: [1.11416441e-08]
1
iteration 600
Best Fitness: [8.38440428e-13]
1
iteration 700
Best Fitness: [0.]
2
iteration 800
Best Fitness: [0.]
1
iteration 900
Best Fitness: [0.]
1
iteration 1000
Best Fitness: [0.]
1
iteration 1100
Best Fitness: [0.]
1
iteration 1200
Best Fitness: [0.]
1
iteration 1300
Best Fitness: [0.]
1
iteration 1400
Best Fitness: [0.]
2
iteration 1500
Best Fitness: [0.]
1
iteration 1600
Best Fitness: [0.]
1
iteration 1700
Best Fitness: [0.]
1
iteration 1800
Best Fitness: [0.]
1
iteration 1900
Best Fitness: [0.]
1
iteration 2000
Best Fitness: [0.]
1
iteration 2100
Best Fitness: [0.]
2
iteration 2200
Best Fitness: [0.]
1
iteration 2300
Best Fitness: [0.]
1
iteration 2400
Best Fitness: [0.]
1
iteration 2500
Best Fitness: [0.]
1
iteration 2600
Best Fitness: [0.]
1
iteration 2700
Best Fitness: [0.]
1
iteration 2800
Best Fitness: [0.]
2
iteration 2900
Best Fitness: [0.]
1
iteration 2999
Best Fitness: [0.]
1
iteration 0
Best Fitness: [1576.28163605]
1
iteration 100
Best Fitness: [77.75569075]
1
iteration 200
Best Fitness: [20.97577077]
1
iteration 300
Best Fitness: [1.47533921]
1
iteration 400
Best Fitness: [0.00028428]
1
iteration 500
Best Fitness: [3.58198822e-08]
1
iteration 600
Best Fitness: [3.55093732e-12]
1
iteration 700
Best Fitness: [0.]
2
iteration 800
Best Fitness: [0.]
1
iteration 900
Best Fitness: [0.]
1
iteration 1000
Best Fitness: [0.]
1
iteration 1100
Best Fitness: [0.]
1
iteration 1200
Best Fitness: [0.]
1
iteration 1300
Best Fitness: [0.]
1
iteration 1400
Best Fitness: [0.]
2
iteration 1500
Best Fitness: [0.]
1
iteration 1600
Best Fitness: [0.]
1
iteration 1700
Best Fitness: [0.]
1
iteration 1800
Best Fitness: [0.]
1
iteration 1900
Best Fitness: [0.]
1
iteration 2000
Best Fitness: [0.]
1
iteration 2100
Best Fitness: [0.]
2
iteration 2200
Best Fitness: [0.]
1
iteration 2300
Best Fitness: [0.]
1
iteration 2400
Best Fitness: [0.]
1
iteration 2500
Best Fitness: [0.]
1
iteration 2600
Best Fitness: [0.]
1
iteration 2700
Best Fitness: [0.]
1
iteration 2800
Best Fitness: [0.]
2
iteration 2900
Best Fitness: [0.]
1
iteration 2999
Best Fitness: [0.]
1
iteration 0
Best Fitness: [1546.06234466]
1
iteration 100
Best Fitness: [78.12255784]
1
iteration 200
Best Fitness: [21.937781]
1
iteration 300
Best Fitness: [1.23404316]
1
iteration 400
Best Fitness: [8.83940582e-05]
1
iteration 500
Best Fitness: [9.50174162e-09]
1
iteration 600
Best Fitness: [1.6093793e-12]
1
iteration 700
Best Fitness: [0.]
2
iteration 800
Best Fitness: [0.]
1
iteration 900
Best Fitness: [0.]
1
iteration 1000
Best Fitness: [0.]
1
iteration 1100
Best Fitness: [0.]
1
iteration 1200
Best Fitness: [0.]
1
iteration 1300
Best Fitness: [0.]
1
iteration 1400
Best Fitness: [0.]
2
iteration 1500
Best Fitness: [0.]
1
iteration 1600
Best Fitness: [0.]
1
iteration 1700
Best Fitness: [0.]
1
iteration 1800
Best Fitness: [0.]
1
iteration 1900
Best Fitness: [0.]
1
iteration 2000
Best Fitness: [0.]
1
iteration 2100
Best Fitness: [0.]
2
iteration 2200
Best Fitness: [0.]
1
iteration 2300
Best Fitness: [0.]
1
iteration 2400
Best Fitness: [0.]
1
iteration 2500
Best Fitness: [0.]
1
iteration 2600
Best Fitness: [0.]
1
iteration 2700
Best Fitness: [0.]
1
iteration 2800
Best Fitness: [0.]
2
iteration 2900
Best Fitness: [0.]
1
iteration 2999
Best Fitness: [0.]
1
iteration 0
Best Fitness: [1491.78661782]
1
iteration 100
Best Fitness: [75.29948863]
1
iteration 200
Best Fitness: [17.58764836]
1
iteration 300
Best Fitness: [0.55867151]
1
iteration 400
Best Fitness: [6.99059503e-05]
1
iteration 500
Best Fitness: [6.34948094e-09]
1
iteration 600
Best Fitness: [6.87450097e-13]
1
iteration 700
Best Fitness: [0.]
2
iteration 800
Best Fitness: [0.]
1
iteration 900
Best Fitness: [0.]
1
iteration 1000
Best Fitness: [0.]
1
iteration 1100
Best Fitness: [0.]
1
iteration 1200
Best Fitness: [0.]
1
iteration 1300
Best Fitness: [0.]
1
iteration 1400
Best Fitness: [0.]
2
iteration 1500
Best Fitness: [0.]
1
iteration 1600
Best Fitness: [0.]
1
iteration 1700
Best Fitness: [0.]
1
iteration 1800
Best Fitness: [0.]
1
iteration 1900
Best Fitness: [0.]
1
iteration 2000
Best Fitness: [0.]
1
iteration 2100
Best Fitness: [0.]
2
iteration 2200
Best Fitness: [0.]
1
iteration 2300
Best Fitness: [0.]
1
iteration 2400
Best Fitness: [0.]
1
iteration 2500
Best Fitness: [0.]
1
iteration 2600
Best Fitness: [0.]
1
iteration 2700
Best Fitness: [0.]
1
iteration 2800
Best Fitness: [0.]
2
iteration 2900
Best Fitness: [0.]
1
iteration 2999
Best Fitness: [0.]
1
iteration 0
Best Fitness: [1540.53485516]
1
iteration 100
Best Fitness: [77.06576036]
1
iteration 200
Best Fitness: [19.46399882]
1
iteration 300
Best Fitness: [1.59864602]
1
iteration 400
Best Fitness: [8.2413104e-05]
1
iteration 500
Best Fitness: [1.06255182e-08]
1
iteration 600
Best Fitness: [1.39976919e-12]
1
iteration 700
Best Fitness: [0.]
2
iteration 800
Best Fitness: [0.]
1
iteration 900
Best Fitness: [0.]
1
iteration 1000
Best Fitness: [0.]
1
iteration 1100
Best Fitness: [0.]
1
iteration 1200
Best Fitness: [0.]
1
iteration 1300
Best Fitness: [0.]
1
iteration 1400
Best Fitness: [0.]
2
iteration 1500
Best Fitness: [0.]
1
iteration 1600
Best Fitness: [0.]
1
iteration 1700
Best Fitness: [0.]
1
iteration 1800
Best Fitness: [0.]
1
iteration 1900
Best Fitness: [0.]
1
iteration 2000
Best Fitness: [0.]
1
iteration 2100
Best Fitness: [0.]
2
iteration 2200
Best Fitness: [0.]
1
iteration 2300
Best Fitness: [0.]
1
iteration 2400
Best Fitness: [0.]
1
iteration 2500
Best Fitness: [0.]
1
iteration 2600
Best Fitness: [0.]
1
iteration 2700
Best Fitness: [0.]
1
iteration 2800
Best Fitness: [0.]
2
iteration 2900
Best Fitness: [0.]
1
iteration 2999
Best Fitness: [0.]
1
iteration 0
Best Fitness: [1466.41791919]
1
iteration 100
Best Fitness: [81.0682736]
1
iteration 200
Best Fitness: [16.23357265]
1
iteration 300
Best Fitness: [1.29581503]
1
iteration 400
Best Fitness: [0.00023752]
1
iteration 500
Best Fitness: [5.74633852e-09]
1
iteration 600
Best Fitness: [1.83675297e-12]
1
iteration 700
Best Fitness: [0.]
2
iteration 800
Best Fitness: [0.]
1
iteration 900
Best Fitness: [0.]
1
iteration 1000
Best Fitness: [0.]
1
iteration 1100
Best Fitness: [0.]
1
iteration 1200
Best Fitness: [0.]
1
iteration 1300
Best Fitness: [0.]
1
iteration 1400
Best Fitness: [0.]
2
iteration 1500
Best Fitness: [0.]
1
iteration 1600
Best Fitness: [0.]
1
iteration 1700
Best Fitness: [0.]
1
iteration 1800
Best Fitness: [0.]
1
iteration 1900
Best Fitness: [0.]
1
iteration 2000
Best Fitness: [0.]
1
iteration 2100
Best Fitness: [0.]
2
iteration 2200
Best Fitness: [0.]
1
iteration 2300
Best Fitness: [0.]
1
iteration 2400
Best Fitness: [0.]
1
iteration 2500
Best Fitness: [0.]
1
iteration 2600
Best Fitness: [0.]
1
iteration 2700
Best Fitness: [0.]
1
iteration 2800
Best Fitness: [0.]
2
iteration 2900
Best Fitness: [0.]
1
iteration 2999
Best Fitness: [0.]
1
iteration 0
Best Fitness: [1534.43465434]
1
iteration 100
Best Fitness: [82.91169108]
1
iteration 200
Best Fitness: [15.3104172]
1
iteration 300
Best Fitness: [1.42069315]
1
iteration 400
Best Fitness: [6.66710003e-05]
1
iteration 500
Best Fitness: [2.36692443e-08]
1
iteration 600
Best Fitness: [3.72324394e-12]
1
iteration 700
Best Fitness: [0.]
2
iteration 800
Best Fitness: [0.]
1
iteration 900
Best Fitness: [0.]
1
iteration 1000
Best Fitness: [0.]
1
iteration 1100
Best Fitness: [0.]
1
iteration 1200
Best Fitness: [0.]
1
iteration 1300
Best Fitness: [0.]
1
iteration 1400
Best Fitness: [0.]
2
iteration 1500
Best Fitness: [0.]
1
iteration 1600
Best Fitness: [0.]
1
iteration 1700
Best Fitness: [0.]
1
iteration 1800
Best Fitness: [0.]
1
iteration 1900
Best Fitness: [0.]
1
iteration 2000
Best Fitness: [0.]
1
iteration 2100
Best Fitness: [0.]
2
iteration 2200
Best Fitness: [0.]
1
iteration 2300
Best Fitness: [0.]
1
iteration 2400
Best Fitness: [0.]
1
iteration 2500
Best Fitness: [0.]
1
iteration 2600
Best Fitness: [0.]
1
iteration 2700
Best Fitness: [0.]
1
iteration 2800
Best Fitness: [0.]
2
iteration 2900
Best Fitness: [0.]
1
iteration 2999
Best Fitness: [0.]
1
iteration 0
Best Fitness: [1464.48756961]
1
iteration 100
Best Fitness: [78.49536389]
1
iteration 200
Best Fitness: [16.38691059]
1
iteration 300
Best Fitness: [0.25640919]
1
iteration 400
Best Fitness: [0.00022651]
1
iteration 500
Best Fitness: [1.91302085e-09]
1
iteration 600
Best Fitness: [3.07309733e-13]
1
iteration 700
Best Fitness: [0.]
2
iteration 800
Best Fitness: [0.]
1
iteration 900
Best Fitness: [0.]
1
iteration 1000
Best Fitness: [0.]
1
iteration 1100
Best Fitness: [0.]
1
iteration 1200
Best Fitness: [0.]
1
iteration 1300
Best Fitness: [0.]
1
iteration 1400
Best Fitness: [0.]
2
iteration 1500
Best Fitness: [0.]
1
iteration 1600
Best Fitness: [0.]
1
iteration 1700
Best Fitness: [0.]
1
iteration 1800
Best Fitness: [0.]
1
iteration 1900
Best Fitness: [0.]
1
iteration 2000
Best Fitness: [0.]
1
iteration 2100
Best Fitness: [0.]
2
iteration 2200
Best Fitness: [0.]
1
iteration 2300
Best Fitness: [0.]
1
iteration 2400
Best Fitness: [0.]
1
iteration 2500
Best Fitness: [0.]
1
iteration 2600
Best Fitness: [0.]
1
iteration 2700
Best Fitness: [0.]
1
iteration 2800
Best Fitness: [0.]
2
iteration 2900
Best Fitness: [0.]
1
iteration 2999
Best Fitness: [0.]
1
iteration 0
Best Fitness: [1527.62613896]
1
iteration 100
Best Fitness: [78.5456377]
1
iteration 200
Best Fitness: [18.41190835]
1
iteration 300
Best Fitness: [0.6283899]
1
iteration 400
Best Fitness: [9.48381636e-05]
1
iteration 500
Best Fitness: [1.16462164e-08]
1
iteration 600
Best Fitness: [1.0249579e-12]
1
iteration 700
Best Fitness: [0.]
2
iteration 800
Best Fitness: [0.]
1
iteration 900
Best Fitness: [0.]
1
iteration 1000
Best Fitness: [0.]
1
iteration 1100
Best Fitness: [0.]
1
iteration 1200
Best Fitness: [0.]
1
iteration 1300
Best Fitness: [0.]
1
iteration 1400
Best Fitness: [0.]
2
iteration 1500
Best Fitness: [0.]
1
iteration 1600
Best Fitness: [0.]
1
iteration 1700
Best Fitness: [0.]
1
iteration 1800
Best Fitness: [0.]
1
iteration 1900
Best Fitness: [0.]
1
iteration 2000
Best Fitness: [0.]
1
iteration 2100
Best Fitness: [0.]
2
iteration 2200
Best Fitness: [0.]
1
iteration 2300
Best Fitness: [0.]
1
iteration 2400
Best Fitness: [0.]
1
iteration 2500
Best Fitness: [0.]
1
iteration 2600
Best Fitness: [0.]
1
iteration 2700
Best Fitness: [0.]
1
iteration 2800
Best Fitness: [0.]
2
iteration 2900
Best Fitness: [0.]
1
iteration 2999
Best Fitness: [0.]
1
[array([0.]), array([0.]), array([0.]), array([0.]), array([0.]), array([0.]), array([0.]), array([0.]), array([0.]), array([0.])]
iteration 0
Best Fitness: [64970.92205275]
1
iteration 100
Best Fitness: [14.00955943]
1
iteration 200
Best Fitness: [0.004627]
1
iteration 300
Best Fitness: [7.93607022e-07]
1
iteration 400
Best Fitness: [5.95427748e-11]
1
iteration 500
Best Fitness: [1.10200792e-14]
1
iteration 600
Best Fitness: [8.02218706e-19]
1
iteration 700
Best Fitness: [7.99478472e-23]
2
iteration 800
Best Fitness: [5.37123366e-27]
1
iteration 900
Best Fitness: [1.14600337e-31]
1
iteration 1000
Best Fitness: [1.49975978e-32]
1
iteration 1100
Best Fitness: [1.49975978e-32]
1
iteration 1200
Best Fitness: [1.49975978e-32]
1
iteration 1300
Best Fitness: [1.49975978e-32]
1
iteration 1400
Best Fitness: [1.49975978e-32]
2
iteration 1500
Best Fitness: [1.49975978e-32]
1
iteration 1600
Best Fitness: [1.49975978e-32]
1
iteration 1700
Best Fitness: [1.49975978e-32]
1
iteration 1800
Best Fitness: [1.49975978e-32]
1
iteration 1900
Best Fitness: [1.49975978e-32]
1
iteration 2000
Best Fitness: [1.49975978e-32]
1
iteration 2100
Best Fitness: [1.49975978e-32]
2
iteration 2200
Best Fitness: [1.49975978e-32]
1
iteration 2300
Best Fitness: [1.49975978e-32]
1
iteration 2400
Best Fitness: [1.49975978e-32]
1
iteration 2500
Best Fitness: [1.49975978e-32]
1
iteration 2600
Best Fitness: [1.49975978e-32]
1
iteration 2700
Best Fitness: [1.49975978e-32]
1
iteration 2800
Best Fitness: [1.49975978e-32]
2
iteration 2900
Best Fitness: [1.49975978e-32]
1
iteration 2999
Best Fitness: [1.49975978e-32]
1
iteration 0
Best Fitness: [66236.17280824]
1
iteration 100
Best Fitness: [18.86104739]
1
iteration 200
Best Fitness: [0.00420479]
1
iteration 300
Best Fitness: [1.05136986e-06]
1
iteration 400
Best Fitness: [9.97232509e-11]
1
iteration 500
Best Fitness: [1.23040626e-14]
1
iteration 600
Best Fitness: [1.15126332e-18]
1
iteration 700
Best Fitness: [1.16877235e-22]
2
iteration 800
Best Fitness: [8.95309418e-27]
1
iteration 900
Best Fitness: [6.12614031e-31]
1
iteration 1000
Best Fitness: [1.49975978e-32]
1
iteration 1100
Best Fitness: [1.49975978e-32]
1
iteration 1200
Best Fitness: [1.49975978e-32]
1
iteration 1300
Best Fitness: [1.49975978e-32]
1
iteration 1400
Best Fitness: [1.49975978e-32]
2
iteration 1500
Best Fitness: [1.49975978e-32]
1
iteration 1600
Best Fitness: [1.49975978e-32]
1
iteration 1700
Best Fitness: [1.49975978e-32]
1
iteration 1800
Best Fitness: [1.49975978e-32]
1
iteration 1900
Best Fitness: [1.49975978e-32]
1
iteration 2000
Best Fitness: [1.49975978e-32]
1
iteration 2100
Best Fitness: [1.49975978e-32]
2
iteration 2200
Best Fitness: [1.49975978e-32]
1
iteration 2300
Best Fitness: [1.49975978e-32]
1
iteration 2400
Best Fitness: [1.49975978e-32]
1
iteration 2500
Best Fitness: [1.49975978e-32]
1
iteration 2600
Best Fitness: [1.49975978e-32]
1
iteration 2700
Best Fitness: [1.49975978e-32]
1
iteration 2800
Best Fitness: [1.49975978e-32]
2
iteration 2900
Best Fitness: [1.49975978e-32]
1
iteration 2999
Best Fitness: [1.49975978e-32]
1
iteration 0
Best Fitness: [72687.75737107]
1
iteration 100
Best Fitness: [15.021518]
1
iteration 200
Best Fitness: [0.0067014]
1
iteration 300
Best Fitness: [1.27923282e-06]
1
iteration 400
Best Fitness: [1.05605298e-10]
1
iteration 500
Best Fitness: [1.1793644e-14]
1
iteration 600
Best Fitness: [1.7516792e-18]
1
iteration 700
Best Fitness: [1.35389778e-22]
2
iteration 800
Best Fitness: [5.31055777e-27]
1
iteration 900
Best Fitness: [1.01102499e-30]
1
iteration 1000
Best Fitness: [1.49975978e-32]
1
iteration 1100
Best Fitness: [1.49975978e-32]
1
iteration 1200
Best Fitness: [1.49975978e-32]
1
iteration 1300
Best Fitness: [1.49975978e-32]
1
iteration 1400
Best Fitness: [1.49975978e-32]
2
iteration 1500
Best Fitness: [1.49975978e-32]
1
iteration 1600
Best Fitness: [1.49975978e-32]
1
iteration 1700
Best Fitness: [1.49975978e-32]
1
iteration 1800
Best Fitness: [1.49975978e-32]
1
iteration 1900
Best Fitness: [1.49975978e-32]
1
iteration 2000
Best Fitness: [1.49975978e-32]
1
iteration 2100
Best Fitness: [1.49975978e-32]
2
iteration 2200
Best Fitness: [1.49975978e-32]
1
iteration 2300
Best Fitness: [1.49975978e-32]
1
iteration 2400
Best Fitness: [1.49975978e-32]
1
iteration 2500
Best Fitness: [1.49975978e-32]
1
iteration 2600
Best Fitness: [1.49975978e-32]
1
iteration 2700
Best Fitness: [1.49975978e-32]
1
iteration 2800
Best Fitness: [1.49975978e-32]
2
iteration 2900
Best Fitness: [1.49975978e-32]
1
iteration 2999
Best Fitness: [1.49975978e-32]
1
iteration 0
Best Fitness: [69784.31053896]
1
iteration 100
Best Fitness: [15.44438029]
1
iteration 200
Best Fitness: [0.00583844]
1
iteration 300
Best Fitness: [6.85752083e-07]
1
iteration 400
Best Fitness: [7.89634878e-11]
1
iteration 500
Best Fitness: [5.86439303e-15]
1
iteration 600
Best Fitness: [1.34767193e-18]
1
iteration 700
Best Fitness: [6.54322668e-23]
2
iteration 800
Best Fitness: [3.45576938e-27]
1
iteration 900
Best Fitness: [4.13408553e-31]
1
iteration 1000
Best Fitness: [1.49975978e-32]
1
iteration 1100
Best Fitness: [1.49975978e-32]
1
iteration 1200
Best Fitness: [1.49975978e-32]
1
iteration 1300
Best Fitness: [1.49975978e-32]
1
iteration 1400
Best Fitness: [1.49975978e-32]
2
iteration 1500
Best Fitness: [1.49975978e-32]
1
iteration 1600
Best Fitness: [1.49975978e-32]
1
iteration 1700
Best Fitness: [1.49975978e-32]
1
iteration 1800
Best Fitness: [1.49975978e-32]
1
iteration 1900
Best Fitness: [1.49975978e-32]
1
iteration 2000
Best Fitness: [1.49975978e-32]
1
iteration 2100
Best Fitness: [1.49975978e-32]
2
iteration 2200
Best Fitness: [1.49975978e-32]
1
iteration 2300
Best Fitness: [1.49975978e-32]
1
iteration 2400
Best Fitness: [1.49975978e-32]
1
iteration 2500
Best Fitness: [1.49975978e-32]
1
iteration 2600
Best Fitness: [1.49975978e-32]
1
iteration 2700
Best Fitness: [1.49975978e-32]
1
iteration 2800
Best Fitness: [1.49975978e-32]
2
iteration 2900
Best Fitness: [1.49975978e-32]
1
iteration 2999
Best Fitness: [1.49975978e-32]
1
iteration 0
Best Fitness: [73275.33151309]
1
iteration 100
Best Fitness: [13.14519555]
1
iteration 200
Best Fitness: [0.00414182]
1
iteration 300
Best Fitness: [4.5378656e-07]
1
iteration 400
Best Fitness: [9.00171806e-11]
1
iteration 500
Best Fitness: [1.03797083e-14]
1
iteration 600
Best Fitness: [6.79212859e-19]
1
iteration 700
Best Fitness: [4.74249938e-23]
2
iteration 800
Best Fitness: [4.57422423e-27]
1
iteration 900
Best Fitness: [1.14600337e-31]
1
iteration 1000
Best Fitness: [1.49975978e-32]
1
iteration 1100
Best Fitness: [1.49975978e-32]
1
iteration 1200
Best Fitness: [1.49975978e-32]
1
iteration 1300
Best Fitness: [1.49975978e-32]
1
iteration 1400
Best Fitness: [1.49975978e-32]
2
iteration 1500
Best Fitness: [1.49975978e-32]
1
iteration 1600
Best Fitness: [1.49975978e-32]
1
iteration 1700
Best Fitness: [1.49975978e-32]
1
iteration 1800
Best Fitness: [1.49975978e-32]
1
iteration 1900
Best Fitness: [1.49975978e-32]
1
iteration 2000
Best Fitness: [1.49975978e-32]
1
iteration 2100
Best Fitness: [1.49975978e-32]
2
iteration 2200
Best Fitness: [1.49975978e-32]
1
iteration 2300
Best Fitness: [1.49975978e-32]
1
iteration 2400
Best Fitness: [1.49975978e-32]
1
iteration 2500
Best Fitness: [1.49975978e-32]
1
iteration 2600
Best Fitness: [1.49975978e-32]
1
iteration 2700
Best Fitness: [1.49975978e-32]
1
iteration 2800
Best Fitness: [1.49975978e-32]
2
iteration 2900
Best Fitness: [1.49975978e-32]
1
iteration 2999
Best Fitness: [1.49975978e-32]
1
iteration 0
Best Fitness: [71251.12107664]
1
iteration 100
Best Fitness: [14.3612256]
1
iteration 200
Best Fitness: [0.0046996]
1
iteration 300
Best Fitness: [2.87704267e-07]
1
iteration 400
Best Fitness: [4.69657895e-11]
1
iteration 500
Best Fitness: [6.46249721e-15]
1
iteration 600
Best Fitness: [8.69645135e-19]
1
iteration 700
Best Fitness: [8.30157869e-23]
2
iteration 800
Best Fitness: [4.85618148e-27]
1
iteration 900
Best Fitness: [1.14600337e-31]
1
iteration 1000
Best Fitness: [1.49975978e-32]
1
iteration 1100
Best Fitness: [1.49975978e-32]
1
iteration 1200
Best Fitness: [1.49975978e-32]
1
iteration 1300
Best Fitness: [1.49975978e-32]
1
iteration 1400
Best Fitness: [1.49975978e-32]
2
iteration 1500
Best Fitness: [1.49975978e-32]
1
iteration 1600
Best Fitness: [1.49975978e-32]
1
iteration 1700
Best Fitness: [1.49975978e-32]
1
iteration 1800
Best Fitness: [1.49975978e-32]
1
iteration 1900
Best Fitness: [1.49975978e-32]
1
iteration 2000
Best Fitness: [1.49975978e-32]
1
iteration 2100
Best Fitness: [1.49975978e-32]
2
iteration 2200
Best Fitness: [1.49975978e-32]
1
iteration 2300
Best Fitness: [1.49975978e-32]
1
iteration 2400
Best Fitness: [1.49975978e-32]
1
iteration 2500
Best Fitness: [1.49975978e-32]
1
iteration 2600
Best Fitness: [1.49975978e-32]
1
iteration 2700
Best Fitness: [1.49975978e-32]
1
iteration 2800
Best Fitness: [1.49975978e-32]
2
iteration 2900
Best Fitness: [1.49975978e-32]
1
iteration 2999
Best Fitness: [1.49975978e-32]
1
iteration 0
Best Fitness: [60313.58636014]
1
iteration 100
Best Fitness: [13.5666413]
1
iteration 200
Best Fitness: [0.00593992]
1
iteration 300
Best Fitness: [1.08346326e-06]
1
iteration 400
Best Fitness: [1.0103236e-10]
1
iteration 500
Best Fitness: [1.47675438e-14]
1
iteration 600
Best Fitness: [2.1389764e-18]
1
iteration 700
Best Fitness: [1.67427761e-22]
2
iteration 800
Best Fitness: [9.72590572e-27]
1
iteration 900
Best Fitness: [1.14600337e-31]
1
iteration 1000
Best Fitness: [1.49975978e-32]
1
iteration 1100
Best Fitness: [1.49975978e-32]
1
iteration 1200
Best Fitness: [1.49975978e-32]
1
iteration 1300
Best Fitness: [1.49975978e-32]
1
iteration 1400
Best Fitness: [1.49975978e-32]
2
iteration 1500
Best Fitness: [1.49975978e-32]
1
iteration 1600
Best Fitness: [1.49975978e-32]
1
iteration 1700
Best Fitness: [1.49975978e-32]
1
iteration 1800
Best Fitness: [1.49975978e-32]
1
iteration 1900
Best Fitness: [1.49975978e-32]
1
iteration 2000
Best Fitness: [1.49975978e-32]
1
iteration 2100
Best Fitness: [1.49975978e-32]
2
iteration 2200
Best Fitness: [1.49975978e-32]
1
iteration 2300
Best Fitness: [1.49975978e-32]
1
iteration 2400
Best Fitness: [1.49975978e-32]
1
iteration 2500
Best Fitness: [1.49975978e-32]
1
iteration 2600
Best Fitness: [1.49975978e-32]
1
iteration 2700
Best Fitness: [1.49975978e-32]
1
iteration 2800
Best Fitness: [1.49975978e-32]
2
iteration 2900
Best Fitness: [1.49975978e-32]
1
iteration 2999
Best Fitness: [1.49975978e-32]
1
iteration 0
Best Fitness: [72215.44366793]
1
iteration 100
Best Fitness: [14.38192563]
1
iteration 200
Best Fitness: [0.00603163]
1
iteration 300
Best Fitness: [4.87741434e-07]
1
iteration 400
Best Fitness: [8.10949953e-11]
1
iteration 500
Best Fitness: [6.5252968e-15]
1
iteration 600
Best Fitness: [2.04248564e-18]
1
iteration 700
Best Fitness: [1.28716641e-22]
2
iteration 800
Best Fitness: [4.96929726e-27]
1
iteration 900
Best Fitness: [5.13011292e-31]
1
iteration 1000
Best Fitness: [1.49975978e-32]
1
iteration 1100
Best Fitness: [1.49975978e-32]
1
iteration 1200
Best Fitness: [1.49975978e-32]
1
iteration 1300
Best Fitness: [1.49975978e-32]
1
iteration 1400
Best Fitness: [1.49975978e-32]
2
iteration 1500
Best Fitness: [1.49975978e-32]
1
iteration 1600
Best Fitness: [1.49975978e-32]
1
iteration 1700
Best Fitness: [1.49975978e-32]
1
iteration 1800
Best Fitness: [1.49975978e-32]
1
iteration 1900
Best Fitness: [1.49975978e-32]
1
iteration 2000
Best Fitness: [1.49975978e-32]
1
iteration 2100
Best Fitness: [1.49975978e-32]
2
iteration 2200
Best Fitness: [1.49975978e-32]
1
iteration 2300
Best Fitness: [1.49975978e-32]
1
iteration 2400
Best Fitness: [1.49975978e-32]
1
iteration 2500
Best Fitness: [1.49975978e-32]
1
iteration 2600
Best Fitness: [1.49975978e-32]
1
iteration 2700
Best Fitness: [1.49975978e-32]
1
iteration 2800
Best Fitness: [1.49975978e-32]
2
iteration 2900
Best Fitness: [1.49975978e-32]
1
iteration 2999
Best Fitness: [1.49975978e-32]
1
iteration 0
Best Fitness: [66260.66752035]
1
iteration 100
Best Fitness: [16.02876434]
1
iteration 200
Best Fitness: [0.00475236]
1
iteration 300
Best Fitness: [5.55538726e-07]
1
iteration 400
Best Fitness: [1.14885784e-10]
1
iteration 500
Best Fitness: [1.92358276e-14]
1
iteration 600
Best Fitness: [1.84898379e-18]
1
iteration 700
Best Fitness: [9.48043434e-23]
2
iteration 800
Best Fitness: [7.92271565e-27]
1
iteration 900
Best Fitness: [7.12216769e-31]
1
iteration 1000
Best Fitness: [1.49975978e-32]
1
iteration 1100
Best Fitness: [1.49975978e-32]
1
iteration 1200
Best Fitness: [1.49975978e-32]
1
iteration 1300
Best Fitness: [1.49975978e-32]
1
iteration 1400
Best Fitness: [1.49975978e-32]
2
iteration 1500
Best Fitness: [1.49975978e-32]
1
iteration 1600
Best Fitness: [1.49975978e-32]
1
iteration 1700
Best Fitness: [1.49975978e-32]
1
iteration 1800
Best Fitness: [1.49975978e-32]
1
iteration 1900
Best Fitness: [1.49975978e-32]
1
iteration 2000
Best Fitness: [1.49975978e-32]
1
iteration 2100
Best Fitness: [1.49975978e-32]
2
iteration 2200
Best Fitness: [1.49975978e-32]
1
iteration 2300
Best Fitness: [1.49975978e-32]
1
iteration 2400
Best Fitness: [1.49975978e-32]
1
iteration 2500
Best Fitness: [1.49975978e-32]
1
iteration 2600
Best Fitness: [1.49975978e-32]
1
iteration 2700
Best Fitness: [1.49975978e-32]
1
iteration 2800
Best Fitness: [1.49975978e-32]
2
iteration 2900
Best Fitness: [1.49975978e-32]
1
iteration 2999
Best Fitness: [1.49975978e-32]
1
iteration 0
Best Fitness: [64330.07737336]
1
iteration 100
Best Fitness: [14.32445923]
1
iteration 200
Best Fitness: [0.0096499]
1
iteration 300
Best Fitness: [9.1052368e-07]
1
iteration 400
Best Fitness: [1.22367773e-10]
1
iteration 500
Best Fitness: [1.44052227e-14]
1
iteration 600
Best Fitness: [1.2593129e-18]
1
iteration 700
Best Fitness: [1.12391432e-22]
2
iteration 800
Best Fitness: [6.31002456e-27]
1
iteration 900
Best Fitness: [7.12216769e-31]
1
iteration 1000
Best Fitness: [1.49975978e-32]
1
iteration 1100
Best Fitness: [1.49975978e-32]
1
iteration 1200
Best Fitness: [1.49975978e-32]
1
iteration 1300
Best Fitness: [1.49975978e-32]
1
iteration 1400
Best Fitness: [1.49975978e-32]
2
iteration 1500
Best Fitness: [1.49975978e-32]
1
iteration 1600
Best Fitness: [1.49975978e-32]
1
iteration 1700
Best Fitness: [1.49975978e-32]
1
iteration 1800
Best Fitness: [1.49975978e-32]
1
iteration 1900
Best Fitness: [1.49975978e-32]
1
iteration 2000
Best Fitness: [1.49975978e-32]
1
iteration 2100
Best Fitness: [1.49975978e-32]
2
iteration 2200
Best Fitness: [1.49975978e-32]
1
iteration 2300
Best Fitness: [1.49975978e-32]
1
iteration 2400
Best Fitness: [1.49975978e-32]
1
iteration 2500
Best Fitness: [1.49975978e-32]
1
iteration 2600
Best Fitness: [1.49975978e-32]
1
iteration 2700
Best Fitness: [1.49975978e-32]
1
iteration 2800
Best Fitness: [1.49975978e-32]
2
iteration 2900
Best Fitness: [1.49975978e-32]
1
iteration 2999
Best Fitness: [1.49975978e-32]
1
[array([1.49975978e-32]), array([1.49975978e-32]), array([1.49975978e-32]), array([1.49975978e-32]), array([1.49975978e-32]), array([1.49975978e-32]), array([1.49975978e-32]), array([1.49975978e-32]), array([1.49975978e-32]), array([1.49975978e-32])]
iteration 0
Best Fitness: [35510.78454977]
1
iteration 100
Best Fitness: [1359.48994024]
1
iteration 200
Best Fitness: [220.45433022]
1
iteration 300
Best Fitness: [35.81641857]
1
iteration 400
Best Fitness: [14.91873911]
1
iteration 500
Best Fitness: [9.55527168]
1
iteration 600
Best Fitness: [8.24894976]
1
iteration 700
Best Fitness: [4.89455888]
2
iteration 800
Best Fitness: [6.24728388]
1
iteration 900
Best Fitness: [5.50589841]
1
iteration 1000
Best Fitness: [4.43680237]
1
iteration 1100
Best Fitness: [3.78715985]
1
iteration 1200
Best Fitness: [3.54654785]
1
iteration 1300
Best Fitness: [3.21746912]
1
iteration 1400
Best Fitness: [2.85322659]
2
iteration 1500
Best Fitness: [2.92490264]
1
iteration 1600
Best Fitness: [2.71918865]
1
iteration 1700
Best Fitness: [2.71794399]
1
iteration 1800
Best Fitness: [2.46455557]
1
iteration 1900
Best Fitness: [2.04208887]
1
iteration 2000
Best Fitness: [1.99425256]
1
iteration 2100
Best Fitness: [1.262278]
2
iteration 2200
Best Fitness: [1.9722769]
1
iteration 2300
Best Fitness: [1.97156461]
1
iteration 2400
Best Fitness: [1.65702565]
1
iteration 2500
Best Fitness: [1.6017827]
1
iteration 2600
Best Fitness: [1.27320685]
1
iteration 2700
Best Fitness: [1.26236338]
1
iteration 2800
Best Fitness: [0.59030714]
2
iteration 2900
Best Fitness: [1.26160413]
1
iteration 2999
Best Fitness: [1.24889391]
1
iteration 0
Best Fitness: [36416.03135415]
1
iteration 100
Best Fitness: [1420.52459187]
1
iteration 200
Best Fitness: [197.90659329]
1
iteration 300
Best Fitness: [13.02267021]
1
iteration 400
Best Fitness: [10.46429066]
1
iteration 500
Best Fitness: [7.63506239]
1
iteration 600
Best Fitness: [7.22224756]
1
iteration 700
Best Fitness: [4.65909417]
2
iteration 800
Best Fitness: [4.39404457]
1
iteration 900
Best Fitness: [3.27763139]
1
iteration 1000
Best Fitness: [3.01908696]
1
iteration 1100
Best Fitness: [2.99234795]
1
iteration 1200
Best Fitness: [2.8692295]
1
iteration 1300
Best Fitness: [2.34725962]
1
iteration 1400
Best Fitness: [1.76314312]
2
iteration 1500
Best Fitness: [1.82572055]
1
iteration 1600
Best Fitness: [1.77577272]
1
iteration 1700
Best Fitness: [1.76888062]
1
iteration 1800
Best Fitness: [1.72736666]
1
iteration 1900
Best Fitness: [1.69217749]
1
iteration 2000
Best Fitness: [1.58259999]
1
iteration 2100
Best Fitness: [0.33811942]
2
iteration 2200
Best Fitness: [1.57093869]
1
iteration 2300
Best Fitness: [1.53699997]
1
iteration 2400
Best Fitness: [1.53544512]
1
iteration 2500
Best Fitness: [1.52924907]
1
iteration 2600
Best Fitness: [1.01756421]
1
iteration 2700
Best Fitness: [0.99195052]
1
iteration 2800
Best Fitness: [0.21462102]
2
iteration 2900
Best Fitness: [0.87845128]
1
iteration 2999
Best Fitness: [0.63806938]
1
iteration 0
Best Fitness: [34533.00954217]
1
iteration 100
Best Fitness: [1635.38602057]
1
iteration 200
Best Fitness: [173.12899137]
1
iteration 300
Best Fitness: [46.09287234]
1
iteration 400
Best Fitness: [15.85053126]
1
iteration 500
Best Fitness: [7.63788623]
1
iteration 600
Best Fitness: [6.55922859]
1
iteration 700
Best Fitness: [4.32598863]
2
iteration 800
Best Fitness: [4.72341128]
1
iteration 900
Best Fitness: [4.64326473]
1
iteration 1000
Best Fitness: [4.29189184]
1
iteration 1100
Best Fitness: [4.07169027]
1
iteration 1200
Best Fitness: [4.02634467]
1
iteration 1300
Best Fitness: [3.55204534]
1
iteration 1400
Best Fitness: [0.94708017]
2
iteration 1500
Best Fitness: [2.59143343]
1
iteration 1600
Best Fitness: [2.5540174]
1
iteration 1700
Best Fitness: [2.46699905]
1
iteration 1800
Best Fitness: [1.88507082]
1
iteration 1900
Best Fitness: [1.71169231]
1
iteration 2000
Best Fitness: [1.3725338]
1
iteration 2100
Best Fitness: [0.91159198]
2
iteration 2200
Best Fitness: [1.35739302]
1
iteration 2300
Best Fitness: [1.35736297]
1
iteration 2400
Best Fitness: [1.34140314]
1
iteration 2500
Best Fitness: [0.98259441]
1
iteration 2600
Best Fitness: [0.96489487]
1
iteration 2700
Best Fitness: [0.94815967]
1
iteration 2800
Best Fitness: [0.34168746]
2
iteration 2900
Best Fitness: [0.85465077]
1
iteration 2999
Best Fitness: [0.62355782]
1
iteration 0
Best Fitness: [35511.60580128]
1
iteration 100
Best Fitness: [1449.66349486]
1
iteration 200
Best Fitness: [254.08121707]
1
iteration 300
Best Fitness: [41.75944205]
1
iteration 400
Best Fitness: [17.23105269]
1
iteration 500
Best Fitness: [8.69187744]
1
iteration 600
Best Fitness: [7.04323782]
1
iteration 700
Best Fitness: [5.17403395]
2
iteration 800
Best Fitness: [4.68293206]
1
iteration 900
Best Fitness: [3.64723613]
1
iteration 1000
Best Fitness: [3.59799026]
1
iteration 1100
Best Fitness: [3.37307477]
1
iteration 1200
Best Fitness: [3.3517471]
1
iteration 1300
Best Fitness: [2.92347981]
1
iteration 1400
Best Fitness: [2.18964054]
2
iteration 1500
Best Fitness: [2.6811913]
1
iteration 1600
Best Fitness: [2.46596056]
1
iteration 1700
Best Fitness: [2.36903744]
1
iteration 1800
Best Fitness: [2.18880645]
1
iteration 1900
Best Fitness: [1.44706555]
1
iteration 2000
Best Fitness: [1.27223005]
1
iteration 2100
Best Fitness: [0.64479478]
2
iteration 2200
Best Fitness: [1.27215904]
1
iteration 2300
Best Fitness: [1.14038642]
1
iteration 2400
Best Fitness: [1.13421586]
1
iteration 2500
Best Fitness: [0.97073315]
1
iteration 2600
Best Fitness: [0.84542132]
1
iteration 2700
Best Fitness: [0.63234392]
1
iteration 2800
Best Fitness: [0.23536469]
2
iteration 2900
Best Fitness: [0.58245138]
1
iteration 2999
Best Fitness: [0.41740482]
1
iteration 0
Best Fitness: [35012.53658263]
1
iteration 100
Best Fitness: [1584.89635858]
1
iteration 200
Best Fitness: [146.82985984]
1
iteration 300
Best Fitness: [51.32116672]
1
iteration 400
Best Fitness: [16.67113817]
1
iteration 500
Best Fitness: [8.82272932]
1
iteration 600
Best Fitness: [6.84323584]
1
iteration 700
Best Fitness: [4.7460097]
2
iteration 800
Best Fitness: [5.32478523]
1
iteration 900
Best Fitness: [5.12178018]
1
iteration 1000
Best Fitness: [4.46203538]
1
iteration 1100
Best Fitness: [4.35881416]
1
iteration 1200
Best Fitness: [4.22263918]
1
iteration 1300
Best Fitness: [3.6271874]
1
iteration 1400
Best Fitness: [2.29621077]
2
iteration 1500
Best Fitness: [2.83155801]
1
iteration 1600
Best Fitness: [2.50384061]
1
iteration 1700
Best Fitness: [2.48167769]
1
iteration 1800
Best Fitness: [2.47043019]
1
iteration 1900
Best Fitness: [2.30246613]
1
iteration 2000
Best Fitness: [2.00833997]
1
iteration 2100
Best Fitness: [1.02004939]
2
iteration 2200
Best Fitness: [1.87602678]
1
iteration 2300
Best Fitness: [1.45084083]
1
iteration 2400
Best Fitness: [1.26821275]
1
iteration 2500
Best Fitness: [0.76100951]
1
iteration 2600
Best Fitness: [0.74156161]
1
iteration 2700
Best Fitness: [0.72206293]
1
iteration 2800
Best Fitness: [0.28307082]
2
iteration 2900
Best Fitness: [0.68856612]
1
iteration 2999
Best Fitness: [0.40564648]
1
iteration 0
Best Fitness: [35891.43864662]
1
iteration 100
Best Fitness: [1543.33708473]
1
iteration 200
Best Fitness: [117.01746905]
1
iteration 300
Best Fitness: [19.07594227]
1
iteration 400
Best Fitness: [11.32240223]
1
iteration 500
Best Fitness: [8.71783721]
1
iteration 600
Best Fitness: [6.74049724]
1
iteration 700
Best Fitness: [4.50381752]
2
iteration 800
Best Fitness: [4.64561295]
1
iteration 900
Best Fitness: [4.50821441]
1
iteration 1000
Best Fitness: [4.16701339]
1
iteration 1100
Best Fitness: [4.14667833]
1
iteration 1200
Best Fitness: [3.43200393]
1
iteration 1300
Best Fitness: [3.13229066]
1
iteration 1400
Best Fitness: [1.75553886]
2
iteration 1500
Best Fitness: [2.90507991]
1
iteration 1600
Best Fitness: [2.48828892]
1
iteration 1700
Best Fitness: [2.37017203]
1
iteration 1800
Best Fitness: [2.28967432]
1
iteration 1900
Best Fitness: [1.92168197]
1
iteration 2000
Best Fitness: [1.49670137]
1
iteration 2100
Best Fitness: [0.81680236]
2
iteration 2200
Best Fitness: [0.63051222]
1
iteration 2300
Best Fitness: [0.62457486]
1
iteration 2400
Best Fitness: [0.54241341]
1
iteration 2500
Best Fitness: [0.36254805]
1
iteration 2600
Best Fitness: [0.35271824]
1
iteration 2700
Best Fitness: [0.35178235]
1
iteration 2800
Best Fitness: [0.29371988]
2
iteration 2900
Best Fitness: [0.31018904]
1
iteration 2999
Best Fitness: [0.29882249]
1
iteration 0
Best Fitness: [35576.85134799]
1
iteration 100
Best Fitness: [1476.54360209]
1
iteration 200
Best Fitness: [216.17940299]
1
iteration 300
Best Fitness: [31.72450698]
1
iteration 400
Best Fitness: [10.40170145]
1
iteration 500
Best Fitness: [9.41424699]
1
iteration 600
Best Fitness: [8.67559831]
1
iteration 700
Best Fitness: [4.28443907]
2
iteration 800
Best Fitness: [6.35586585]
1
iteration 900
Best Fitness: [6.04953259]
1
iteration 1000
Best Fitness: [5.27665182]
1
iteration 1100
Best Fitness: [5.20975066]
1
iteration 1200
Best Fitness: [4.28768254]
1
iteration 1300
Best Fitness: [3.20005563]
1
iteration 1400
Best Fitness: [1.43445335]
2
iteration 1500
Best Fitness: [2.72327345]
1
iteration 1600
Best Fitness: [2.71558407]
1
iteration 1700
Best Fitness: [2.71097947]
1
iteration 1800
Best Fitness: [2.45956916]
1
iteration 1900
Best Fitness: [2.45056041]
1
iteration 2000
Best Fitness: [2.33962192]
1
iteration 2100
Best Fitness: [1.06568652]
2
iteration 2200
Best Fitness: [1.9719514]
1
iteration 2300
Best Fitness: [1.9424872]
1
iteration 2400
Best Fitness: [1.69676079]
1
iteration 2500
Best Fitness: [1.60059973]
1
iteration 2600
Best Fitness: [1.59403401]
1
iteration 2700
Best Fitness: [1.55515678]
1
iteration 2800
Best Fitness: [0.57915896]
2
iteration 2900
Best Fitness: [0.99791092]
1
iteration 2999
Best Fitness: [0.79016386]
1
iteration 0
Best Fitness: [35838.36328745]
1
iteration 100
Best Fitness: [1283.99884276]
1
iteration 200
Best Fitness: [151.02636533]
1
iteration 300
Best Fitness: [33.70180677]
1
iteration 400
Best Fitness: [12.96465149]
1
iteration 500
Best Fitness: [9.45604443]
1
iteration 600
Best Fitness: [8.55343004]
1
iteration 700
Best Fitness: [5.0383343]
2
iteration 800
Best Fitness: [5.10634626]
1
iteration 900
Best Fitness: [4.96067256]
1
iteration 1000
Best Fitness: [4.9551961]
1
iteration 1100
Best Fitness: [4.62071565]
1
iteration 1200
Best Fitness: [4.36716287]
1
iteration 1300
Best Fitness: [4.00725005]
1
iteration 1400
Best Fitness: [2.15158568]
2
iteration 1500
Best Fitness: [2.99004112]
1
iteration 1600
Best Fitness: [2.60400561]
1
iteration 1700
Best Fitness: [2.4026553]
1
iteration 1800
Best Fitness: [2.16426957]
1
iteration 1900
Best Fitness: [2.02581151]
1
iteration 2000
Best Fitness: [1.99098014]
1
iteration 2100
Best Fitness: [1.02265079]
2
iteration 2200
Best Fitness: [1.69503811]
1
iteration 2300
Best Fitness: [1.47721874]
1
iteration 2400
Best Fitness: [1.40344928]
1
iteration 2500
Best Fitness: [1.40295424]
1
iteration 2600
Best Fitness: [1.32036801]
1
iteration 2700
Best Fitness: [1.32025876]
1
iteration 2800
Best Fitness: [0.56232056]
2
iteration 2900
Best Fitness: [1.05861641]
1
iteration 2999
Best Fitness: [0.98816139]
1
iteration 0
Best Fitness: [35116.07468301]
1
iteration 100
Best Fitness: [1876.84194041]
1
iteration 200
Best Fitness: [174.75727551]
1
iteration 300
Best Fitness: [49.65452144]
1
iteration 400
Best Fitness: [17.55958386]
1
iteration 500
Best Fitness: [12.35058847]
1
iteration 600
Best Fitness: [8.45398181]
1
iteration 700
Best Fitness: [4.95708553]
2
iteration 800
Best Fitness: [5.35422559]
1
iteration 900
Best Fitness: [4.65675481]
1
iteration 1000
Best Fitness: [4.52803051]
1
iteration 1100
Best Fitness: [4.52386012]
1
iteration 1200
Best Fitness: [3.78714961]
1
iteration 1300
Best Fitness: [3.22158828]
1
iteration 1400
Best Fitness: [2.56278071]
2
iteration 1500
Best Fitness: [2.44681458]
1
iteration 1600
Best Fitness: [2.41728685]
1
iteration 1700
Best Fitness: [2.2036183]
1
iteration 1800
Best Fitness: [1.97252454]
1
iteration 1900
Best Fitness: [1.36528831]
1
iteration 2000
Best Fitness: [1.34513606]
1
iteration 2100
Best Fitness: [0.69439847]
2
iteration 2200
Best Fitness: [1.30694792]
1
iteration 2300
Best Fitness: [1.29280383]
1
iteration 2400
Best Fitness: [1.28939308]
1
iteration 2500
Best Fitness: [1.28076395]
1
iteration 2600
Best Fitness: [1.28041242]
1
iteration 2700
Best Fitness: [1.28023117]
1
iteration 2800
Best Fitness: [0.61580404]
2
iteration 2900
Best Fitness: [0.95713927]
1
iteration 2999
Best Fitness: [0.95420784]
1
iteration 0
Best Fitness: [34789.25123159]
1
iteration 100
Best Fitness: [1569.76808338]
1
iteration 200
Best Fitness: [229.26171377]
1
iteration 300
Best Fitness: [35.13643894]
1
iteration 400
Best Fitness: [11.8308712]
1
iteration 500
Best Fitness: [8.23597003]
1
iteration 600
Best Fitness: [7.59134024]
1
iteration 700
Best Fitness: [4.91759459]
2
iteration 800
Best Fitness: [4.97663226]
1
iteration 900
Best Fitness: [4.53933602]
1
iteration 1000
Best Fitness: [4.21772247]
1
iteration 1100
Best Fitness: [4.12496164]
1
iteration 1200
Best Fitness: [3.79698865]
1
iteration 1300
Best Fitness: [3.50143393]
1
iteration 1400
Best Fitness: [1.96540656]
2
iteration 1500
Best Fitness: [3.29075568]
1
iteration 1600
Best Fitness: [2.93068963]
1
iteration 1700
Best Fitness: [2.91173956]
1
iteration 1800
Best Fitness: [2.50370315]
1
iteration 1900
Best Fitness: [1.91910008]
1
iteration 2000
Best Fitness: [1.79417181]
1
iteration 2100
Best Fitness: [0.56339261]
2
iteration 2200
Best Fitness: [1.73213685]
1
iteration 2300
Best Fitness: [1.72661641]
1
iteration 2400
Best Fitness: [1.71962446]
1
iteration 2500
Best Fitness: [1.71007278]
1
iteration 2600
Best Fitness: [1.55766907]
1
iteration 2700
Best Fitness: [1.2029175]
1
iteration 2800
Best Fitness: [0.21599473]
2
iteration 2900
Best Fitness: [0.89393657]
1
iteration 2999
Best Fitness: [0.88767733]
1
[array([1.24889391]), array([0.63806938]), array([0.62355782]), array([0.41740482]), array([0.40564648]), array([0.29882249]), array([0.79016386]), array([0.98816139]), array([0.95420784]), array([0.88767733])]
iteration 0
Best Fitness: [1.17067378e+10]
1
iteration 100
Best Fitness: [191417.51046696]
1
iteration 200
Best Fitness: [19.02844933]
1
iteration 300
Best Fitness: [0.00142236]
1
iteration 400
Best Fitness: [1.657689e-07]
1
iteration 500
Best Fitness: [2.16867324e-11]
1
iteration 600
Best Fitness: [3.12398179e-15]
1
iteration 700
Best Fitness: [1.78159757e-19]
2
iteration 800
Best Fitness: [1.16569382e-23]
1
iteration 900
Best Fitness: [1.58225218e-27]
1
iteration 1000
Best Fitness: [1.35934968e-31]
1
iteration 1100
Best Fitness: [6.85968131e-36]
1
iteration 1200
Best Fitness: [1.45193772e-39]
1
iteration 1300
Best Fitness: [1.10020013e-43]
1
iteration 1400
Best Fitness: [1.1431217e-47]
2
iteration 1500
Best Fitness: [5.0749865e-52]
1
iteration 1600
Best Fitness: [8.98231877e-56]
1
iteration 1700
Best Fitness: [1.70652512e-59]
1
iteration 1800
Best Fitness: [2.58099809e-63]
1
iteration 1900
Best Fitness: [3.1397341e-67]
1
iteration 2000
Best Fitness: [3.04248529e-71]
1
iteration 2100
Best Fitness: [2.80710743e-75]
2
iteration 2200
Best Fitness: [1.44249376e-79]
1
iteration 2300
Best Fitness: [2.0682713e-83]
1
iteration 2400
Best Fitness: [2.23988301e-87]
1
iteration 2500
Best Fitness: [3.18561669e-91]
1
iteration 2600
Best Fitness: [2.59762831e-95]
1
iteration 2700
Best Fitness: [3.31434921e-99]
1
iteration 2800
Best Fitness: [1.14680193e-103]
2
iteration 2900
Best Fitness: [1.6093594e-107]
1
iteration 2999
Best Fitness: [1.5758946e-111]
1
iteration 0
Best Fitness: [8.6099159e+09]
1
iteration 100
Best Fitness: [272227.32186469]
1
iteration 200
Best Fitness: [12.95379538]
1
iteration 300
Best Fitness: [0.0014644]
1
iteration 400
Best Fitness: [1.83994366e-07]
1
iteration 500
Best Fitness: [1.13641498e-11]
1
iteration 600
Best Fitness: [1.94860169e-15]
1
iteration 700
Best Fitness: [1.91266518e-19]
2
iteration 800
Best Fitness: [7.2559242e-24]
1
iteration 900
Best Fitness: [7.54162213e-28]
1
iteration 1000
Best Fitness: [7.06862368e-32]
1
iteration 1100
Best Fitness: [1.36403437e-35]
1
iteration 1200
Best Fitness: [2.01510128e-39]
1
iteration 1300
Best Fitness: [2.63848154e-43]
1
iteration 1400
Best Fitness: [1.67548166e-47]
2
iteration 1500
Best Fitness: [1.29188109e-51]
1
iteration 1600
Best Fitness: [1.414688e-55]
1
iteration 1700
Best Fitness: [3.26070555e-59]
1
iteration 1800
Best Fitness: [4.98283818e-63]
1
iteration 1900
Best Fitness: [7.02268945e-67]
1
iteration 2000
Best Fitness: [3.5270939e-71]
1
iteration 2100
Best Fitness: [5.95951851e-75]
2
iteration 2200
Best Fitness: [2.29325381e-79]
1
iteration 2300
Best Fitness: [2.38093024e-83]
1
iteration 2400
Best Fitness: [4.63531348e-87]
1
iteration 2500
Best Fitness: [6.83253505e-91]
1
iteration 2600
Best Fitness: [8.21863363e-95]
1
iteration 2700
Best Fitness: [1.01001304e-98]
1
iteration 2800
Best Fitness: [8.672692e-103]
2
iteration 2900
Best Fitness: [3.84360951e-107]
1
iteration 2999
Best Fitness: [2.50902211e-111]
1
iteration 0
Best Fitness: [8.41697515e+09]
1
iteration 100
Best Fitness: [401718.9742817]
1
iteration 200
Best Fitness: [14.9185026]
1
iteration 300
Best Fitness: [0.00172358]
1
iteration 400
Best Fitness: [2.55948679e-07]
1
iteration 500
Best Fitness: [1.76774826e-11]
1
iteration 600
Best Fitness: [1.8768467e-15]
1
iteration 700
Best Fitness: [1.2993675e-19]
2
iteration 800
Best Fitness: [6.50567034e-24]
1
iteration 900
Best Fitness: [7.02637646e-28]
1
iteration 1000
Best Fitness: [5.99857507e-32]
1
iteration 1100
Best Fitness: [1.41437105e-35]
1
iteration 1200
Best Fitness: [1.30116239e-39]
1
iteration 1300
Best Fitness: [1.34129783e-43]
1
iteration 1400
Best Fitness: [1.2284766e-47]
2
iteration 1500
Best Fitness: [4.72023179e-52]
1
iteration 1600
Best Fitness: [5.11128371e-56]
1
iteration 1700
Best Fitness: [9.60974355e-60]
1
iteration 1800
Best Fitness: [9.35628273e-64]
1
iteration 1900
Best Fitness: [1.19170879e-67]
1
iteration 2000
Best Fitness: [1.92708843e-71]
1
iteration 2100
Best Fitness: [1.6575574e-75]
2
iteration 2200
Best Fitness: [6.70052218e-80]
1
iteration 2300
Best Fitness: [1.0556465e-83]
1
iteration 2400
Best Fitness: [9.12783318e-88]
1
iteration 2500
Best Fitness: [9.06853914e-92]
1
iteration 2600
Best Fitness: [1.53129098e-95]
1
iteration 2700
Best Fitness: [2.45032338e-99]
1
iteration 2800
Best Fitness: [1.30724978e-103]
2
iteration 2900
Best Fitness: [4.19254126e-108]
1
iteration 2999
Best Fitness: [7.35485157e-112]
1
iteration 0
Best Fitness: [1.18981828e+10]
1
iteration 100
Best Fitness: [361180.89837607]
1
iteration 200
Best Fitness: [27.6926658]
1
iteration 300
Best Fitness: [0.00174931]
1
iteration 400
Best Fitness: [2.57568711e-07]
1
iteration 500
Best Fitness: [2.0922874e-11]
1
iteration 600
Best Fitness: [2.62965751e-15]
1
iteration 700
Best Fitness: [2.47920431e-19]
2
iteration 800
Best Fitness: [1.26482673e-23]
1
iteration 900
Best Fitness: [1.19282894e-27]
1
iteration 1000
Best Fitness: [2.18519841e-31]
1
iteration 1100
Best Fitness: [1.58014391e-35]
1
iteration 1200
Best Fitness: [1.74385055e-39]
1
iteration 1300
Best Fitness: [2.94972684e-43]
1
iteration 1400
Best Fitness: [2.0735617e-47]
2
iteration 1500
Best Fitness: [1.24411832e-51]
1
iteration 1600
Best Fitness: [1.47378872e-55]
1
iteration 1700
Best Fitness: [1.70373666e-59]
1
iteration 1800
Best Fitness: [1.68040158e-63]
1
iteration 1900
Best Fitness: [1.90269833e-67]
1
iteration 2000
Best Fitness: [2.4535172e-71]
1
iteration 2100
Best Fitness: [2.18946686e-75]
2
iteration 2200
Best Fitness: [1.237073e-79]
1
iteration 2300
Best Fitness: [2.05644702e-83]
1
iteration 2400
Best Fitness: [1.62948149e-87]
1
iteration 2500
Best Fitness: [2.80636785e-91]
1
iteration 2600
Best Fitness: [4.05856145e-95]
1
iteration 2700
Best Fitness: [4.48372236e-99]
1
iteration 2800
Best Fitness: [3.04975695e-103]
2
iteration 2900
Best Fitness: [2.4031714e-107]
1
iteration 2999
Best Fitness: [3.83195727e-111]
1
iteration 0
Best Fitness: [8.293187e+09]
1
iteration 100
Best Fitness: [244654.87833953]
1
iteration 200
Best Fitness: [18.68187816]
1
iteration 300
Best Fitness: [0.00188622]
1
iteration 400
Best Fitness: [3.21165393e-07]
1
iteration 500
Best Fitness: [2.48051309e-11]
1
iteration 600
Best Fitness: [3.55246822e-15]
1
iteration 700
Best Fitness: [3.31199401e-19]
2
iteration 800
Best Fitness: [6.83424079e-24]
1
iteration 900
Best Fitness: [1.3879329e-27]
1
iteration 1000
Best Fitness: [1.6572795e-31]
1
iteration 1100
Best Fitness: [1.69917341e-35]
1
iteration 1200
Best Fitness: [1.31582813e-39]
1
iteration 1300
Best Fitness: [1.83939999e-43]
1
iteration 1400
Best Fitness: [1.56985417e-47]
2
iteration 1500
Best Fitness: [8.42891045e-52]
1
iteration 1600
Best Fitness: [1.76588926e-55]
1
iteration 1700
Best Fitness: [9.1932865e-60]
1
iteration 1800
Best Fitness: [1.69937178e-63]
1
iteration 1900
Best Fitness: [1.49503877e-67]
1
iteration 2000
Best Fitness: [2.79976796e-71]
1
iteration 2100
Best Fitness: [1.69392069e-75]
2
iteration 2200
Best Fitness: [1.19286652e-79]
1
iteration 2300
Best Fitness: [1.27515303e-83]
1
iteration 2400
Best Fitness: [1.62944907e-87]
1
iteration 2500
Best Fitness: [2.35885965e-91]
1
iteration 2600
Best Fitness: [2.12143298e-95]
1
iteration 2700
Best Fitness: [1.74295945e-99]
1
iteration 2800
Best Fitness: [3.2068922e-103]
2
iteration 2900
Best Fitness: [7.12889037e-108]
1
iteration 2999
Best Fitness: [9.51730979e-112]
1
iteration 0
Best Fitness: [9.28432617e+09]
1
iteration 100
Best Fitness: [151879.06114477]
1
iteration 200
Best Fitness: [13.12623021]
1
iteration 300
Best Fitness: [0.00069017]
1
iteration 400
Best Fitness: [1.09024186e-07]
1
iteration 500
Best Fitness: [1.2157321e-11]
1
iteration 600
Best Fitness: [2.20671979e-15]
1
iteration 700
Best Fitness: [2.13677645e-19]
2
iteration 800
Best Fitness: [7.09483433e-24]
1
iteration 900
Best Fitness: [1.05001208e-27]
1
iteration 1000
Best Fitness: [9.56909276e-32]
1
iteration 1100
Best Fitness: [1.30803809e-35]
1
iteration 1200
Best Fitness: [1.07757062e-39]
1
iteration 1300
Best Fitness: [1.19468072e-43]
1
iteration 1400
Best Fitness: [4.58070629e-48]
2
iteration 1500
Best Fitness: [3.81373024e-52]
1
iteration 1600
Best Fitness: [8.19804637e-56]
1
iteration 1700
Best Fitness: [9.84266028e-60]
1
iteration 1800
Best Fitness: [8.25032518e-64]
1
iteration 1900
Best Fitness: [1.31909066e-67]
1
iteration 2000
Best Fitness: [1.51639337e-71]
1
iteration 2100
Best Fitness: [1.44138324e-75]
2
iteration 2200
Best Fitness: [6.80033915e-80]
1
iteration 2300
Best Fitness: [8.3694446e-84]
1
iteration 2400
Best Fitness: [8.6857629e-88]
1
iteration 2500
Best Fitness: [5.53344638e-92]
1
iteration 2600
Best Fitness: [4.1851836e-96]
1
iteration 2700
Best Fitness: [8.48839533e-100]
1
iteration 2800
Best Fitness: [9.70873566e-104]
2
iteration 2900
Best Fitness: [9.51450501e-108]
1
iteration 2999
Best Fitness: [1.27945928e-111]
1
iteration 0
Best Fitness: [9.43683999e+09]
1
iteration 100
Best Fitness: [200642.93193397]
1
iteration 200
Best Fitness: [17.05146848]
1
iteration 300
Best Fitness: [0.00154081]
1
iteration 400
Best Fitness: [2.08415256e-07]
1
iteration 500
Best Fitness: [1.14725182e-11]
1
iteration 600
Best Fitness: [2.82772607e-15]
1
iteration 700
Best Fitness: [1.83547672e-19]
2
iteration 800
Best Fitness: [6.04669775e-24]
1
iteration 900
Best Fitness: [9.96973337e-28]
1
iteration 1000
Best Fitness: [1.93687348e-31]
1
iteration 1100
Best Fitness: [1.35938815e-35]
1
iteration 1200
Best Fitness: [2.26023366e-39]
1
iteration 1300
Best Fitness: [3.03232225e-43]
1
iteration 1400
Best Fitness: [1.25308204e-47]
2
iteration 1500
Best Fitness: [9.27772942e-52]
1
iteration 1600
Best Fitness: [9.761021e-56]
1
iteration 1700
Best Fitness: [1.11287438e-59]
1
iteration 1800
Best Fitness: [1.8496763e-63]
1
iteration 1900
Best Fitness: [2.37013102e-67]
1
iteration 2000
Best Fitness: [3.09714169e-71]
1
iteration 2100
Best Fitness: [2.31407526e-75]
2
iteration 2200
Best Fitness: [1.72514076e-79]
1
iteration 2300
Best Fitness: [1.55633399e-83]
1
iteration 2400
Best Fitness: [1.52682112e-87]
1
iteration 2500
Best Fitness: [2.49977747e-91]
1
iteration 2600
Best Fitness: [2.62518196e-95]
1
iteration 2700
Best Fitness: [2.78623004e-99]
1
iteration 2800
Best Fitness: [2.55151754e-103]
2
iteration 2900
Best Fitness: [1.33255379e-107]
1
iteration 2999
Best Fitness: [1.51921386e-111]
1
iteration 0
Best Fitness: [1.12433453e+10]
1
iteration 100
Best Fitness: [267226.55495616]
1
iteration 200
Best Fitness: [17.40387842]
1
iteration 300
Best Fitness: [0.00131164]
1
iteration 400
Best Fitness: [1.05388802e-07]
1
iteration 500
Best Fitness: [8.46219934e-12]
1
iteration 600
Best Fitness: [1.88960883e-15]
1
iteration 700
Best Fitness: [1.9265573e-19]
2
iteration 800
Best Fitness: [7.72991909e-24]
1
iteration 900
Best Fitness: [5.3474638e-28]
1
iteration 1000
Best Fitness: [1.05126664e-31]
1
iteration 1100
Best Fitness: [6.58397891e-36]
1
iteration 1200
Best Fitness: [6.49395257e-40]
1
iteration 1300
Best Fitness: [7.56817231e-44]
1
iteration 1400
Best Fitness: [1.06003529e-47]
2
iteration 1500
Best Fitness: [7.45834146e-52]
1
iteration 1600
Best Fitness: [9.54979568e-56]
1
iteration 1700
Best Fitness: [8.55812598e-60]
1
iteration 1800
Best Fitness: [1.21682155e-63]
1
iteration 1900
Best Fitness: [1.9839396e-67]
1
iteration 2000
Best Fitness: [2.12471355e-71]
1
iteration 2100
Best Fitness: [1.86182794e-75]
2
iteration 2200
Best Fitness: [7.97090677e-80]
1
iteration 2300
Best Fitness: [8.17079417e-84]
1
iteration 2400
Best Fitness: [1.60653041e-87]
1
iteration 2500
Best Fitness: [1.14757433e-91]
1
iteration 2600
Best Fitness: [1.28279694e-95]
1
iteration 2700
Best Fitness: [2.76769258e-99]
1
iteration 2800
Best Fitness: [1.3518234e-103]
2
iteration 2900
Best Fitness: [1.39747612e-107]
1
iteration 2999
Best Fitness: [8.49058332e-112]
1
iteration 0
Best Fitness: [7.49819988e+09]
1
iteration 100
Best Fitness: [208307.96172531]
1
iteration 200
Best Fitness: [6.52806143]
1
iteration 300
Best Fitness: [0.00135046]
1
iteration 400
Best Fitness: [1.15345702e-07]
1
iteration 500
Best Fitness: [2.03733373e-11]
1
iteration 600
Best Fitness: [1.6340672e-15]
1
iteration 700
Best Fitness: [2.10335756e-19]
2
iteration 800
Best Fitness: [6.33437139e-24]
1
iteration 900
Best Fitness: [7.03987693e-28]
1
iteration 1000
Best Fitness: [6.04926064e-32]
1
iteration 1100
Best Fitness: [1.33176672e-35]
1
iteration 1200
Best Fitness: [1.05834902e-39]
1
iteration 1300
Best Fitness: [1.0438808e-43]
1
iteration 1400
Best Fitness: [8.39465067e-48]
2
iteration 1500
Best Fitness: [2.72948085e-52]
1
iteration 1600
Best Fitness: [5.0813091e-56]
1
iteration 1700
Best Fitness: [4.13046504e-60]
1
iteration 1800
Best Fitness: [8.31310842e-64]
1
iteration 1900
Best Fitness: [7.74967631e-68]
1
iteration 2000
Best Fitness: [1.32760843e-71]
1
iteration 2100
Best Fitness: [7.22920944e-76]
2
iteration 2200
Best Fitness: [3.67343201e-80]
1
iteration 2300
Best Fitness: [3.52486173e-84]
1
iteration 2400
Best Fitness: [5.56851575e-88]
1
iteration 2500
Best Fitness: [5.60261401e-92]
1
iteration 2600
Best Fitness: [6.10501012e-96]
1
iteration 2700
Best Fitness: [7.05690206e-100]
1
iteration 2800
Best Fitness: [8.28132442e-104]
2
iteration 2900
Best Fitness: [3.87470976e-108]
1
iteration 2999
Best Fitness: [6.08763636e-112]
1
iteration 0
Best Fitness: [1.20292313e+10]
1
iteration 100
Best Fitness: [275043.03361492]
1
iteration 200
Best Fitness: [30.94496518]
1
iteration 300
Best Fitness: [0.00192545]
1
iteration 400
Best Fitness: [1.22338166e-07]
1
iteration 500
Best Fitness: [1.47759128e-11]
1
iteration 600
Best Fitness: [2.25436989e-15]
1
iteration 700
Best Fitness: [1.76508115e-19]
2
iteration 800
Best Fitness: [6.27781147e-24]
1
iteration 900
Best Fitness: [6.97831863e-28]
1
iteration 1000
Best Fitness: [8.78481659e-32]
1
iteration 1100
Best Fitness: [7.35319415e-36]
1
iteration 1200
Best Fitness: [5.39949201e-40]
1
iteration 1300
Best Fitness: [6.47349143e-44]
1
iteration 1400
Best Fitness: [9.60346538e-48]
2
iteration 1500
Best Fitness: [4.79728157e-52]
1
iteration 1600
Best Fitness: [6.36513917e-56]
1
iteration 1700
Best Fitness: [6.52268393e-60]
1
iteration 1800
Best Fitness: [9.78301003e-64]
1
iteration 1900
Best Fitness: [9.59107754e-68]
1
iteration 2000
Best Fitness: [1.54212367e-71]
1
iteration 2100
Best Fitness: [1.20328767e-75]
2
iteration 2200
Best Fitness: [5.64798885e-80]
1
iteration 2300
Best Fitness: [5.41714343e-84]
1
iteration 2400
Best Fitness: [5.74237869e-88]
1
iteration 2500
Best Fitness: [8.78500666e-92]
1
iteration 2600
Best Fitness: [1.05921269e-95]
1
iteration 2700
Best Fitness: [3.24533104e-99]
1
iteration 2800
Best Fitness: [1.70287949e-103]
2
iteration 2900
Best Fitness: [1.21945659e-107]
1
iteration 2999
Best Fitness: [8.37247474e-112]
1
[array([1.5758946e-111]), array([2.50902211e-111]), array([7.35485157e-112]), array([3.83195727e-111]), array([9.51730979e-112]), array([1.27945928e-111]), array([1.51921386e-111]), array([8.49058332e-112]), array([6.08763636e-112]), array([8.37247474e-112])]
iteration 0
Best Fitness: [332922.94404384]
1
iteration 100
Best Fitness: [40.69764263]
1
iteration 200
Best Fitness: [0.00430901]
1
iteration 300
Best Fitness: [4.40564906e-07]
1
iteration 400
Best Fitness: [3.95586914e-11]
1
iteration 500
Best Fitness: [9.37496032e-15]
1
iteration 600
Best Fitness: [9.98680373e-19]
1
iteration 700
Best Fitness: [5.25213679e-23]
2
iteration 800
Best Fitness: [3.67187241e-27]
1
iteration 900
Best Fitness: [4.46300246e-31]
1
iteration 1000
Best Fitness: [7.97879769e-35]
1
iteration 1100
Best Fitness: [8.46205608e-39]
1
iteration 1200
Best Fitness: [5.6838283e-43]
1
iteration 1300
Best Fitness: [9.46130047e-47]
1
iteration 1400
Best Fitness: [8.65364448e-51]
2
iteration 1500
Best Fitness: [5.75132003e-55]
1
iteration 1600
Best Fitness: [4.69121525e-59]
1
iteration 1700
Best Fitness: [1.00359826e-62]
1
iteration 1800
Best Fitness: [8.80866199e-67]
1
iteration 1900
Best Fitness: [1.34914158e-70]
1
iteration 2000
Best Fitness: [1.35489274e-74]
1
iteration 2100
Best Fitness: [9.50840149e-79]
2
iteration 2200
Best Fitness: [5.12260689e-83]
1
iteration 2300
Best Fitness: [1.04406619e-86]
1
iteration 2400
Best Fitness: [1.33616511e-90]
1
iteration 2500
Best Fitness: [1.678785e-94]
1
iteration 2600
Best Fitness: [1.22256231e-98]
1
iteration 2700
Best Fitness: [3.72572247e-102]
1
iteration 2800
Best Fitness: [3.60921676e-106]
2
iteration 2900
Best Fitness: [1.89656395e-110]
1
iteration 2999
Best Fitness: [1.5281459e-114]
1
iteration 0
Best Fitness: [277147.53198754]
1
iteration 100
Best Fitness: [29.23584866]
1
iteration 200
Best Fitness: [0.00325333]
1
iteration 300
Best Fitness: [4.31042869e-07]
1
iteration 400
Best Fitness: [2.83657266e-11]
1
iteration 500
Best Fitness: [5.95442613e-15]
1
iteration 600
Best Fitness: [5.71487178e-19]
1
iteration 700
Best Fitness: [4.10280275e-23]
2
iteration 800
Best Fitness: [1.51975351e-27]
1
iteration 900
Best Fitness: [4.66943977e-31]
1
iteration 1000
Best Fitness: [6.90332818e-35]
1
iteration 1100
Best Fitness: [5.25208031e-39]
1
iteration 1200
Best Fitness: [1.04056524e-42]
1
iteration 1300
Best Fitness: [1.19143437e-46]
1
iteration 1400
Best Fitness: [7.76060381e-51]
2
iteration 1500
Best Fitness: [5.57177615e-55]
1
iteration 1600
Best Fitness: [6.16452925e-59]
1
iteration 1700
Best Fitness: [6.45222134e-63]
1
iteration 1800
Best Fitness: [1.13130317e-66]
1
iteration 1900
Best Fitness: [1.16000546e-70]
1
iteration 2000
Best Fitness: [1.29058652e-74]
1
iteration 2100
Best Fitness: [1.24024984e-78]
2
iteration 2200
Best Fitness: [5.18106588e-83]
1
iteration 2300
Best Fitness: [6.42991313e-87]
1
iteration 2400
Best Fitness: [1.22879863e-90]
1
iteration 2500
Best Fitness: [1.06937533e-94]
1
iteration 2600
Best Fitness: [1.46689527e-98]
1
iteration 2700
Best Fitness: [2.4012414e-102]
1
iteration 2800
Best Fitness: [1.57453963e-106]
2
iteration 2900
Best Fitness: [6.7415675e-111]
1
iteration 2999
Best Fitness: [8.89888585e-115]
1
iteration 0
Best Fitness: [1346379.93672278]
1
iteration 100
Best Fitness: [37.79144718]
1
iteration 200
Best Fitness: [0.00449945]
1
iteration 300
Best Fitness: [5.54776705e-07]
1
iteration 400
Best Fitness: [3.12676336e-11]
1
iteration 500
Best Fitness: [3.82174894e-15]
1
iteration 600
Best Fitness: [7.17715796e-19]
1
iteration 700
Best Fitness: [6.35540515e-23]
2
iteration 800
Best Fitness: [4.00422171e-27]
1
iteration 900
Best Fitness: [2.42026419e-31]
1
iteration 1000
Best Fitness: [4.23169026e-35]
1
iteration 1100
Best Fitness: [3.80044526e-39]
1
iteration 1200
Best Fitness: [6.58515362e-43]
1
iteration 1300
Best Fitness: [6.06725582e-47]
1
iteration 1400
Best Fitness: [8.65251402e-51]
2
iteration 1500
Best Fitness: [2.5263014e-55]
1
iteration 1600
Best Fitness: [4.90760215e-59]
1
iteration 1700
Best Fitness: [4.97309212e-63]
1
iteration 1800
Best Fitness: [1.14490478e-66]
1
iteration 1900
Best Fitness: [1.07065937e-70]
1
iteration 2000
Best Fitness: [1.53067694e-74]
1
iteration 2100
Best Fitness: [8.93648454e-79]
2
iteration 2200
Best Fitness: [3.29091828e-83]
1
iteration 2300
Best Fitness: [6.32328864e-87]
1
iteration 2400
Best Fitness: [5.98257759e-91]
1
iteration 2500
Best Fitness: [9.32066763e-95]
1
iteration 2600
Best Fitness: [1.50465265e-98]
1
iteration 2700
Best Fitness: [1.30468758e-102]
1
iteration 2800
Best Fitness: [9.35805977e-107]
2
iteration 2900
Best Fitness: [4.61267512e-111]
1
iteration 2999
Best Fitness: [5.19186911e-115]
1
iteration 0
Best Fitness: [330107.66441592]
1
iteration 100
Best Fitness: [36.38040794]
1
iteration 200
Best Fitness: [0.00278854]
1
iteration 300
Best Fitness: [6.26449626e-07]
1
iteration 400
Best Fitness: [7.06580408e-11]
1
iteration 500
Best Fitness: [7.36535103e-15]
1
iteration 600
Best Fitness: [8.80418286e-19]
1
iteration 700
Best Fitness: [3.13247858e-23]
2
iteration 800
Best Fitness: [3.79461228e-27]
1
iteration 900
Best Fitness: [3.60699152e-31]
1
iteration 1000
Best Fitness: [3.1980169e-35]
1
iteration 1100
Best Fitness: [3.29678167e-39]
1
iteration 1200
Best Fitness: [3.59335496e-43]
1
iteration 1300
Best Fitness: [4.01604198e-47]
1
iteration 1400
Best Fitness: [4.92268751e-51]
2
iteration 1500
Best Fitness: [3.61682856e-55]
1
iteration 1600
Best Fitness: [4.08801843e-59]
1
iteration 1700
Best Fitness: [5.4979499e-63]
1
iteration 1800
Best Fitness: [4.96882064e-67]
1
iteration 1900
Best Fitness: [7.35059414e-71]
1
iteration 2000
Best Fitness: [1.08780108e-74]
1
iteration 2100
Best Fitness: [6.80537222e-79]
2
iteration 2200
Best Fitness: [5.5040193e-83]
1
iteration 2300
Best Fitness: [4.35880927e-87]
1
iteration 2400
Best Fitness: [8.27594445e-91]
1
iteration 2500
Best Fitness: [9.53778961e-95]
1
iteration 2600
Best Fitness: [1.8276039e-98]
1
iteration 2700
Best Fitness: [3.53236622e-102]
1
iteration 2800
Best Fitness: [1.50856553e-106]
2
iteration 2900
Best Fitness: [5.88240925e-111]
1
iteration 2999
Best Fitness: [8.27502485e-115]
1
iteration 0
Best Fitness: [342034.25763455]
1
iteration 100
Best Fitness: [39.69136159]
1
iteration 200
Best Fitness: [0.00475453]
1
iteration 300
Best Fitness: [6.39187664e-07]
1
iteration 400
Best Fitness: [4.94279962e-11]
1
iteration 500
Best Fitness: [4.88596885e-15]
1
iteration 600
Best Fitness: [1.07361034e-18]
1
iteration 700
Best Fitness: [8.21516576e-23]
2
iteration 800
Best Fitness: [4.60752057e-27]
1
iteration 900
Best Fitness: [4.5740144e-31]
1
iteration 1000
Best Fitness: [6.53135421e-35]
1
iteration 1100
Best Fitness: [6.52776174e-39]
1
iteration 1200
Best Fitness: [8.95358149e-43]
1
iteration 1300
Best Fitness: [1.06946294e-46]
1
iteration 1400
Best Fitness: [7.23745257e-51]
2
iteration 1500
Best Fitness: [2.9533638e-55]
1
iteration 1600
Best Fitness: [4.09200438e-59]
1
iteration 1700
Best Fitness: [6.13709531e-63]
1
iteration 1800
Best Fitness: [7.77079691e-67]
1
iteration 1900
Best Fitness: [1.15833317e-70]
1
iteration 2000
Best Fitness: [1.153914e-74]
1
iteration 2100
Best Fitness: [9.28710763e-79]
2
iteration 2200
Best Fitness: [3.82257277e-83]
1
iteration 2300
Best Fitness: [3.87899916e-87]
1
iteration 2400
Best Fitness: [4.1286243e-91]
1
iteration 2500
Best Fitness: [1.03541924e-94]
1
iteration 2600
Best Fitness: [1.58238553e-98]
1
iteration 2700
Best Fitness: [1.52795298e-102]
1
iteration 2800
Best Fitness: [1.25292561e-106]
2
iteration 2900
Best Fitness: [8.38530335e-111]
1
iteration 2999
Best Fitness: [6.06767468e-115]
1
iteration 0
Best Fitness: [338635.63832389]
1
iteration 100
Best Fitness: [38.00566051]
1
iteration 200
Best Fitness: [0.00445556]
1
iteration 300
Best Fitness: [5.70996881e-07]
1
iteration 400
Best Fitness: [4.8768958e-11]
1
iteration 500
Best Fitness: [9.91177133e-15]
1
iteration 600
Best Fitness: [9.34721159e-19]
1
iteration 700
Best Fitness: [7.26492524e-23]
2
iteration 800
Best Fitness: [2.48554691e-27]
1
iteration 900
Best Fitness: [4.91480831e-31]
1
iteration 1000
Best Fitness: [6.96042112e-35]
1
iteration 1100
Best Fitness: [7.61985183e-39]
1
iteration 1200
Best Fitness: [6.26003831e-43]
1
iteration 1300
Best Fitness: [1.0680737e-46]
1
iteration 1400
Best Fitness: [7.33542534e-51]
2
iteration 1500
Best Fitness: [4.31582051e-55]
1
iteration 1600
Best Fitness: [3.99549764e-59]
1
iteration 1700
Best Fitness: [4.91471181e-63]
1
iteration 1800
Best Fitness: [6.20753998e-67]
1
iteration 1900
Best Fitness: [1.01802697e-70]
1
iteration 2000
Best Fitness: [1.69811111e-74]
1
iteration 2100
Best Fitness: [1.48233657e-78]
2
iteration 2200
Best Fitness: [9.38757867e-83]
1
iteration 2300
Best Fitness: [9.11504268e-87]
1
iteration 2400
Best Fitness: [9.66415678e-91]
1
iteration 2500
Best Fitness: [1.02732777e-94]
1
iteration 2600
Best Fitness: [2.27094119e-98]
1
iteration 2700
Best Fitness: [3.25303703e-102]
1
iteration 2800
Best Fitness: [2.0682126e-106]
2
iteration 2900
Best Fitness: [1.27305323e-110]
1
iteration 2999
Best Fitness: [2.93795667e-114]
1
iteration 0
Best Fitness: [477082.74182646]
1
iteration 100
Best Fitness: [32.62575391]
1
iteration 200
Best Fitness: [0.0045608]
1
iteration 300
Best Fitness: [3.9575498e-07]
1
iteration 400
Best Fitness: [5.2809696e-11]
1
iteration 500
Best Fitness: [3.65319439e-15]
1
iteration 600
Best Fitness: [4.90176982e-19]
1
iteration 700
Best Fitness: [5.657084e-23]
2
iteration 800
Best Fitness: [2.71173612e-27]
1
iteration 900
Best Fitness: [3.3022801e-31]
1
iteration 1000
Best Fitness: [6.11383509e-35]
1
iteration 1100
Best Fitness: [9.32532261e-39]
1
iteration 1200
Best Fitness: [9.28855156e-43]
1
iteration 1300
Best Fitness: [1.18022139e-46]
1
iteration 1400
Best Fitness: [1.89253167e-50]
2
iteration 1500
Best Fitness: [7.25911409e-55]
1
iteration 1600
Best Fitness: [1.01858728e-58]
1
iteration 1700
Best Fitness: [1.29311863e-62]
1
iteration 1800
Best Fitness: [1.2605272e-66]
1
iteration 1900
Best Fitness: [1.32294924e-70]
1
iteration 2000
Best Fitness: [1.53954412e-74]
1
iteration 2100
Best Fitness: [1.71979535e-78]
2
iteration 2200
Best Fitness: [1.31563577e-82]
1
iteration 2300
Best Fitness: [8.59662987e-87]
1
iteration 2400
Best Fitness: [1.2737922e-90]
1
iteration 2500
Best Fitness: [1.83112052e-94]
1
iteration 2600
Best Fitness: [3.28561035e-98]
1
iteration 2700
Best Fitness: [3.93413374e-102]
1
iteration 2800
Best Fitness: [2.53128392e-106]
2
iteration 2900
Best Fitness: [1.69464331e-110]
1
iteration 2999
Best Fitness: [2.68351331e-114]
1
iteration 0
Best Fitness: [354800.61596476]
1
iteration 100
Best Fitness: [24.32755445]
1
iteration 200
Best Fitness: [0.00321506]
1
iteration 300
Best Fitness: [4.4218179e-07]
1
iteration 400
Best Fitness: [4.91491125e-11]
1
iteration 500
Best Fitness: [4.16430416e-15]
1
iteration 600
Best Fitness: [4.46898359e-19]
1
iteration 700
Best Fitness: [3.63448736e-23]
2
iteration 800
Best Fitness: [2.52474876e-27]
1
iteration 900
Best Fitness: [3.50257662e-31]
1
iteration 1000
Best Fitness: [3.31290145e-35]
1
iteration 1100
Best Fitness: [3.23610829e-39]
1
iteration 1200
Best Fitness: [2.70811599e-43]
1
iteration 1300
Best Fitness: [3.50216985e-47]
1
iteration 1400
Best Fitness: [2.33263521e-51]
2
iteration 1500
Best Fitness: [1.01349771e-55]
1
iteration 1600
Best Fitness: [2.39957263e-59]
1
iteration 1700
Best Fitness: [3.06666307e-63]
1
iteration 1800
Best Fitness: [6.61678075e-67]
1
iteration 1900
Best Fitness: [5.60690745e-71]
1
iteration 2000
Best Fitness: [7.16694731e-75]
1
iteration 2100
Best Fitness: [9.51518273e-79]
2
iteration 2200
Best Fitness: [3.67456172e-83]
1
iteration 2300
Best Fitness: [9.88740088e-87]
1
iteration 2400
Best Fitness: [1.09939539e-90]
1
iteration 2500
Best Fitness: [1.27038216e-94]
1
iteration 2600
Best Fitness: [1.88448324e-98]
1
iteration 2700
Best Fitness: [2.02012641e-102]
1
iteration 2800
Best Fitness: [1.38128076e-106]
2
iteration 2900
Best Fitness: [7.56470521e-111]
1
iteration 2999
Best Fitness: [1.18064486e-114]
1
iteration 0
Best Fitness: [320290.83647467]
1
iteration 100
Best Fitness: [34.39412779]
1
iteration 200
Best Fitness: [0.0025699]
1
iteration 300
Best Fitness: [3.77915863e-07]
1
iteration 400
Best Fitness: [5.20870016e-11]
1
iteration 500
Best Fitness: [4.16256038e-15]
1
iteration 600
Best Fitness: [4.15383958e-19]
1
iteration 700
Best Fitness: [3.74153644e-23]
2
iteration 800
Best Fitness: [1.43832496e-27]
1
iteration 900
Best Fitness: [2.65368857e-31]
1
iteration 1000
Best Fitness: [4.34577502e-35]
1
iteration 1100
Best Fitness: [5.2973786e-39]
1
iteration 1200
Best Fitness: [5.80241187e-43]
1
iteration 1300
Best Fitness: [8.23846891e-47]
1
iteration 1400
Best Fitness: [7.95961387e-51]
2
iteration 1500
Best Fitness: [1.94961048e-55]
1
iteration 1600
Best Fitness: [4.88014862e-59]
1
iteration 1700
Best Fitness: [4.69763779e-63]
1
iteration 1800
Best Fitness: [2.92159463e-67]
1
iteration 1900
Best Fitness: [3.88739854e-71]
1
iteration 2000
Best Fitness: [7.34660418e-75]
1
iteration 2100
Best Fitness: [6.45627211e-79]
2
iteration 2200
Best Fitness: [2.89747031e-83]
1
iteration 2300
Best Fitness: [3.94102113e-87]
1
iteration 2400
Best Fitness: [3.70722929e-91]
1
iteration 2500
Best Fitness: [1.10214251e-94]
1
iteration 2600
Best Fitness: [1.05962941e-98]
1
iteration 2700
Best Fitness: [1.01129059e-102]
1
iteration 2800
Best Fitness: [1.34810395e-106]
2
iteration 2900
Best Fitness: [5.08869403e-111]
1
iteration 2999
Best Fitness: [8.66827344e-115]
1
iteration 0
Best Fitness: [285426.55336105]
1
iteration 100
Best Fitness: [27.6177836]
1
iteration 200
Best Fitness: [0.00432718]
1
iteration 300
Best Fitness: [4.10301389e-07]
1
iteration 400
Best Fitness: [5.38165994e-11]
1
iteration 500
Best Fitness: [5.24408427e-15]
1
iteration 600
Best Fitness: [5.29067443e-19]
1
iteration 700
Best Fitness: [5.27579798e-23]
2
iteration 800
Best Fitness: [2.7818382e-27]
1
iteration 900
Best Fitness: [3.69962177e-31]
1
iteration 1000
Best Fitness: [6.73637387e-35]
1
iteration 1100
Best Fitness: [8.07688619e-39]
1
iteration 1200
Best Fitness: [1.08194709e-42]
1
iteration 1300
Best Fitness: [1.29949549e-46]
1
iteration 1400
Best Fitness: [6.01259143e-51]
2
iteration 1500
Best Fitness: [2.68717673e-55]
1
iteration 1600
Best Fitness: [5.80445478e-59]
1
iteration 1700
Best Fitness: [7.94336191e-63]
1
iteration 1800
Best Fitness: [5.36861575e-67]
1
iteration 1900
Best Fitness: [7.07431448e-71]
1
iteration 2000
Best Fitness: [8.06305607e-75]
1
iteration 2100
Best Fitness: [7.54147705e-79]
2
iteration 2200
Best Fitness: [4.22372467e-83]
1
iteration 2300
Best Fitness: [2.83841815e-87]
1
iteration 2400
Best Fitness: [3.91328565e-91]
1
iteration 2500
Best Fitness: [3.13719919e-95]
1
iteration 2600
Best Fitness: [9.85393907e-99]
1
iteration 2700
Best Fitness: [1.49222697e-102]
1
iteration 2800
Best Fitness: [9.38021672e-107]
2
iteration 2900
Best Fitness: [2.48934811e-111]
1
iteration 2999
Best Fitness: [2.42357186e-115]
1
[array([1.5281459e-114]), array([8.89888585e-115]), array([5.19186911e-115]), array([8.27502485e-115]), array([6.06767468e-115]), array([2.93795667e-114]), array([2.68351331e-114]), array([1.18064486e-114]), array([8.66827344e-115]), array([2.42357186e-115])]
iteration 0
Best Fitness: [21.46987101]
1
iteration 100
Best Fitness: [19.99999996]
1
iteration 200
Best Fitness: [19.99999996]
1
iteration 300
Best Fitness: [19.99999996]
1
iteration 400
Best Fitness: [19.99999996]
1
iteration 500
Best Fitness: [19.99999996]
1
iteration 600
Best Fitness: [19.99999996]
1
iteration 700
Best Fitness: [19.99999995]
2
iteration 800
Best Fitness: [19.99999996]
1
iteration 900
Best Fitness: [19.99999996]
1
iteration 1000
Best Fitness: [19.99999995]
1
iteration 1100
Best Fitness: [19.99999995]
1
iteration 1200
Best Fitness: [19.99999995]
1
iteration 1300
Best Fitness: [19.99999995]
1
iteration 1400
Best Fitness: [19.99999995]
2
iteration 1500
Best Fitness: [19.99999995]
1
iteration 1600
Best Fitness: [19.99999995]
1
iteration 1700
Best Fitness: [19.99999995]
1
iteration 1800
Best Fitness: [19.99999995]
1
iteration 1900
Best Fitness: [19.99999995]
1
iteration 2000
Best Fitness: [19.99999995]
1
iteration 2100
Best Fitness: [19.99999995]
2
iteration 2200
Best Fitness: [19.99999995]
1
iteration 2300
Best Fitness: [19.99999995]
1
iteration 2400
Best Fitness: [19.99999995]
1
iteration 2500
Best Fitness: [19.99999995]
1
iteration 2600
Best Fitness: [19.99999995]
1
iteration 2700
Best Fitness: [19.99999995]
1
iteration 2800
Best Fitness: [19.99999995]
2
iteration 2900
Best Fitness: [19.99999995]
1
iteration 2999
Best Fitness: [19.99999995]
1
iteration 0
Best Fitness: [21.46193837]
1
iteration 100
Best Fitness: [19.99999996]
1
iteration 200
Best Fitness: [19.99999996]
1
iteration 300
Best Fitness: [19.99999996]
1
iteration 400
Best Fitness: [19.99999996]
1
iteration 500
Best Fitness: [19.99999996]
1
iteration 600
Best Fitness: [19.99999996]
1
iteration 700
Best Fitness: [19.99999995]
2
iteration 800
Best Fitness: [19.99999996]
1
iteration 900
Best Fitness: [19.99999996]
1
iteration 1000
Best Fitness: [19.99999996]
1
iteration 1100
Best Fitness: [19.99999996]
1
iteration 1200
Best Fitness: [19.99999996]
1
iteration 1300
Best Fitness: [19.99999996]
1
iteration 1400
Best Fitness: [19.99999995]
2
iteration 1500
Best Fitness: [19.99999996]
1
iteration 1600
Best Fitness: [19.99999996]
1
iteration 1700
Best Fitness: [19.99999996]
1
iteration 1800
Best Fitness: [19.99999996]
1
iteration 1900
Best Fitness: [19.99999996]
1
iteration 2000
Best Fitness: [19.99999996]
1
iteration 2100
Best Fitness: [19.99999995]
2
iteration 2200
Best Fitness: [19.99999996]
1
iteration 2300
Best Fitness: [19.99999996]
1
iteration 2400
Best Fitness: [19.99999996]
1
iteration 2500
Best Fitness: [19.99999996]
1
iteration 2600
Best Fitness: [19.99999996]
1
iteration 2700
Best Fitness: [19.99999996]
1
iteration 2800
Best Fitness: [19.99999995]
2
iteration 2900
Best Fitness: [19.99999996]
1
iteration 2999
Best Fitness: [19.99999996]
1
iteration 0
Best Fitness: [21.47080288]
1
iteration 100
Best Fitness: [19.99999995]
1
iteration 200
Best Fitness: [19.99999995]
1
iteration 300
Best Fitness: [19.99999995]
1
iteration 400
Best Fitness: [19.99999995]
1
iteration 500
Best Fitness: [19.99999995]
1
iteration 600
Best Fitness: [19.99999995]
1
iteration 700
Best Fitness: [19.99999995]
2
iteration 800
Best Fitness: [19.99999995]
1
iteration 900
Best Fitness: [19.99999995]
1
iteration 1000
Best Fitness: [19.99999995]
1
iteration 1100
Best Fitness: [19.99999995]
1
iteration 1200
Best Fitness: [19.99999995]
1
iteration 1300
Best Fitness: [19.99999995]
1
iteration 1400
Best Fitness: [19.99999995]
2
iteration 1500
Best Fitness: [19.99999995]
1
iteration 1600
Best Fitness: [19.99999995]
1
iteration 1700
Best Fitness: [19.99999995]
1
iteration 1800
Best Fitness: [19.99999995]
1
iteration 1900
Best Fitness: [19.99999995]
1
iteration 2000
Best Fitness: [19.99999995]
1
iteration 2100
Best Fitness: [19.99999995]
2
iteration 2200
Best Fitness: [19.99999995]
1
iteration 2300
Best Fitness: [19.99999995]
1
iteration 2400
Best Fitness: [19.99999995]
1
iteration 2500
Best Fitness: [19.99999995]
1
iteration 2600
Best Fitness: [19.99999995]
1
iteration 2700
Best Fitness: [19.99999995]
1
iteration 2800
Best Fitness: [19.99999995]
2
iteration 2900
Best Fitness: [19.99999995]
1
iteration 2999
Best Fitness: [19.99999995]
1
iteration 0
Best Fitness: [21.5222392]
1
iteration 100
Best Fitness: [19.99999996]
1
iteration 200
Best Fitness: [19.99999995]
1
iteration 300
Best Fitness: [19.99999995]
1
iteration 400
Best Fitness: [19.99999995]
1
iteration 500
Best Fitness: [19.99999995]
1
iteration 600
Best Fitness: [19.99999995]
1
iteration 700
Best Fitness: [19.99999995]
2
iteration 800
Best Fitness: [19.99999995]
1
iteration 900
Best Fitness: [19.99999995]
1
iteration 1000
Best Fitness: [19.99999995]
1
iteration 1100
Best Fitness: [19.99999995]
1
iteration 1200
Best Fitness: [19.99999995]
1
iteration 1300
Best Fitness: [19.99999995]
1
iteration 1400
Best Fitness: [19.99999995]
2
iteration 1500
Best Fitness: [19.99999995]
1
iteration 1600
Best Fitness: [19.99999995]
1
iteration 1700
Best Fitness: [19.99999995]
1
iteration 1800
Best Fitness: [19.99999995]
1
iteration 1900
Best Fitness: [19.99999995]
1
iteration 2000
Best Fitness: [19.99999995]
1
iteration 2100
Best Fitness: [19.99999995]
2
iteration 2200
Best Fitness: [19.99999995]
1
iteration 2300
Best Fitness: [19.99999995]
1
iteration 2400
Best Fitness: [19.99999995]
1
iteration 2500
Best Fitness: [19.99999995]
1
iteration 2600
Best Fitness: [19.99999995]
1
iteration 2700
Best Fitness: [19.99999995]
1
iteration 2800
Best Fitness: [19.99999995]
2
iteration 2900
Best Fitness: [19.99999995]
1
iteration 2999
Best Fitness: [19.99999995]
1
iteration 0
Best Fitness: [21.50601951]
1
iteration 100
Best Fitness: [19.99999996]
1
iteration 200
Best Fitness: [19.99999996]
1
iteration 300
Best Fitness: [19.99999996]
1
iteration 400
Best Fitness: [19.99999996]
1
iteration 500
Best Fitness: [19.99999996]
1
iteration 600
Best Fitness: [19.99999996]
1
iteration 700
Best Fitness: [19.99999996]
2
iteration 800
Best Fitness: [19.99999996]
1
iteration 900
Best Fitness: [19.99999996]
1
iteration 1000
Best Fitness: [19.99999996]
1
iteration 1100
Best Fitness: [19.99999996]
1
iteration 1200
Best Fitness: [19.99999996]
1
iteration 1300
Best Fitness: [19.99999996]
1
iteration 1400
Best Fitness: [19.99999996]
2
iteration 1500
Best Fitness: [19.99999996]
1
iteration 1600
Best Fitness: [19.99999996]
1
iteration 1700
Best Fitness: [19.99999996]
1
iteration 1800
Best Fitness: [19.99999996]
1
iteration 1900
Best Fitness: [19.99999996]
1
iteration 2000
Best Fitness: [19.99999996]
1
iteration 2100
Best Fitness: [19.99999996]
2
iteration 2200
Best Fitness: [19.99999996]
1
iteration 2300
Best Fitness: [19.99999996]
1
iteration 2400
Best Fitness: [19.99999996]
1
iteration 2500
Best Fitness: [19.99999996]
1
iteration 2600
Best Fitness: [19.99999996]
1
iteration 2700
Best Fitness: [19.99999996]
1
iteration 2800
Best Fitness: [19.99999996]
2
iteration 2900
Best Fitness: [19.99999996]
1
iteration 2999
Best Fitness: [19.99999996]
1
iteration 0
Best Fitness: [21.50338611]
1
iteration 100
Best Fitness: [19.99999996]
1
iteration 200
Best Fitness: [19.99999996]
1
iteration 300
Best Fitness: [19.99999996]
1
iteration 400
Best Fitness: [19.99999996]
1
iteration 500
Best Fitness: [19.99999996]
1
iteration 600
Best Fitness: [19.99999995]
1
iteration 700
Best Fitness: [19.99999995]
2
iteration 800
Best Fitness: [19.99999995]
1
iteration 900
Best Fitness: [19.99999995]
1
iteration 1000
Best Fitness: [19.99999995]
1
iteration 1100
Best Fitness: [19.99999995]
1
iteration 1200
Best Fitness: [19.99999995]
1
iteration 1300
Best Fitness: [19.99999995]
1
iteration 1400
Best Fitness: [19.99999995]
2
iteration 1500
Best Fitness: [19.99999995]
1
iteration 1600
Best Fitness: [19.99999995]
1
iteration 1700
Best Fitness: [19.99999995]
1
iteration 1800
Best Fitness: [19.99999995]
1
iteration 1900
Best Fitness: [19.99999995]
1
iteration 2000
Best Fitness: [19.99999995]
1
iteration 2100
Best Fitness: [19.99999995]
2
iteration 2200
Best Fitness: [19.99999995]
1
iteration 2300
Best Fitness: [19.99999995]
1
iteration 2400
Best Fitness: [19.99999995]
1
iteration 2500
Best Fitness: [19.99999995]
1
iteration 2600
Best Fitness: [19.99999995]
1
iteration 2700
Best Fitness: [19.99999995]
1
iteration 2800
Best Fitness: [19.99999995]
2
iteration 2900
Best Fitness: [19.99999995]
1
iteration 2999
Best Fitness: [19.99999995]
1
iteration 0
Best Fitness: [21.44885507]
1
iteration 100
Best Fitness: [19.99999995]
1
iteration 200
Best Fitness: [19.99999995]
1
iteration 300
Best Fitness: [19.99999995]
1
iteration 400
Best Fitness: [19.99999995]
1
iteration 500
Best Fitness: [19.99999995]
1
iteration 600
Best Fitness: [19.99999995]
1
iteration 700
Best Fitness: [19.99999995]
2
iteration 800
Best Fitness: [19.99999995]
1
iteration 900
Best Fitness: [19.99999995]
1
iteration 1000
Best Fitness: [19.99999995]
1
iteration 1100
Best Fitness: [19.99999995]
1
iteration 1200
Best Fitness: [19.99999995]
1
iteration 1300
Best Fitness: [19.99999995]
1
iteration 1400
Best Fitness: [19.99999995]
2
iteration 1500
Best Fitness: [19.99999995]
1
iteration 1600
Best Fitness: [19.99999995]
1
iteration 1700
Best Fitness: [19.99999995]
1
iteration 1800
Best Fitness: [19.99999995]
1
iteration 1900
Best Fitness: [19.99999995]
1
iteration 2000
Best Fitness: [19.99999995]
1
iteration 2100
Best Fitness: [19.99999995]
2
iteration 2200
Best Fitness: [19.99999995]
1
iteration 2300
Best Fitness: [19.99999995]
1
iteration 2400
Best Fitness: [19.99999995]
1
iteration 2500
Best Fitness: [19.99999995]
1
iteration 2600
Best Fitness: [19.99999995]
1
iteration 2700
Best Fitness: [19.99999995]
1
iteration 2800
Best Fitness: [19.99999995]
2
iteration 2900
Best Fitness: [19.99999995]
1
iteration 2999
Best Fitness: [19.99999995]
1
iteration 0
Best Fitness: [21.39875709]
1
iteration 100
Best Fitness: [19.99999995]
1
iteration 200
Best Fitness: [19.99999995]
1
iteration 300
Best Fitness: [19.99999995]
1
iteration 400
Best Fitness: [19.99999995]
1
iteration 500
Best Fitness: [19.99999995]
1
iteration 600
Best Fitness: [19.99999995]
1
iteration 700
Best Fitness: [19.99999995]
2
iteration 800
Best Fitness: [19.99999995]
1
iteration 900
Best Fitness: [19.99999995]
1
iteration 1000
Best Fitness: [19.99999995]
1
iteration 1100
Best Fitness: [19.99999995]
1
iteration 1200
Best Fitness: [19.99999995]
1
iteration 1300
Best Fitness: [19.99999995]
1
iteration 1400
Best Fitness: [19.99999995]
2
iteration 1500
Best Fitness: [19.99999995]
1
iteration 1600
Best Fitness: [19.99999995]
1
iteration 1700
Best Fitness: [19.99999995]
1
iteration 1800
Best Fitness: [19.99999995]
1
iteration 1900
Best Fitness: [19.99999995]
1
iteration 2000
Best Fitness: [19.99999995]
1
iteration 2100
Best Fitness: [19.99999995]
2
iteration 2200
Best Fitness: [19.99999995]
1
iteration 2300
Best Fitness: [19.99999995]
1
iteration 2400
Best Fitness: [19.99999995]
1
iteration 2500
Best Fitness: [19.99999995]
1
iteration 2600
Best Fitness: [19.99999995]
1
iteration 2700
Best Fitness: [19.99999995]
1
iteration 2800
Best Fitness: [19.99999995]
2
iteration 2900
Best Fitness: [19.99999995]
1
iteration 2999
Best Fitness: [19.99999995]
1
iteration 0
Best Fitness: [21.52371882]
1
iteration 100
Best Fitness: [19.99999996]
1
iteration 200
Best Fitness: [19.99999996]
1
iteration 300
Best Fitness: [19.99999996]
1
iteration 400
Best Fitness: [19.99999996]
1
iteration 500
Best Fitness: [19.99999996]
1
iteration 600
Best Fitness: [19.99999996]
1
iteration 700
Best Fitness: [19.99999996]
2
iteration 800
Best Fitness: [19.99999996]
1
iteration 900
Best Fitness: [19.99999996]
1
iteration 1000
Best Fitness: [19.99999996]
1
iteration 1100
Best Fitness: [19.99999996]
1
iteration 1200
Best Fitness: [19.99999996]
1
iteration 1300
Best Fitness: [19.99999996]
1
iteration 1400
Best Fitness: [19.99999996]
2
iteration 1500
Best Fitness: [19.99999996]
1
iteration 1600
Best Fitness: [19.99999996]
1
iteration 1700
Best Fitness: [19.99999996]
1
iteration 1800
Best Fitness: [19.99999996]
1
iteration 1900
Best Fitness: [19.99999996]
1
iteration 2000
Best Fitness: [19.99999996]
1
iteration 2100
Best Fitness: [19.99999996]
2
iteration 2200
Best Fitness: [19.99999996]
1
iteration 2300
Best Fitness: [19.99999996]
1
iteration 2400
Best Fitness: [19.99999996]
1
iteration 2500
Best Fitness: [19.99999996]
1
iteration 2600
Best Fitness: [19.99999996]
1
iteration 2700
Best Fitness: [19.99999996]
1
iteration 2800
Best Fitness: [19.99999996]
2
iteration 2900
Best Fitness: [19.99999996]
1
iteration 2999
Best Fitness: [19.99999996]
1
iteration 0
Best Fitness: [21.415471]
1
iteration 100
Best Fitness: [19.99999995]
1
iteration 200
Best Fitness: [19.99999995]
1
iteration 300
Best Fitness: [19.99999995]
1
iteration 400
Best Fitness: [19.99999995]
1
iteration 500
Best Fitness: [19.99999995]
1
iteration 600
Best Fitness: [19.99999995]
1
iteration 700
Best Fitness: [19.99999995]
2
iteration 800
Best Fitness: [19.99999995]
1
iteration 900
Best Fitness: [19.99999995]
1
iteration 1000
Best Fitness: [19.99999995]
1
iteration 1100
Best Fitness: [19.99999995]
1
iteration 1200
Best Fitness: [19.99999995]
1
iteration 1300
Best Fitness: [19.99999995]
1
iteration 1400
Best Fitness: [19.99999995]
2
iteration 1500
Best Fitness: [19.99999995]
1
iteration 1600
Best Fitness: [19.99999995]
1
iteration 1700
Best Fitness: [19.99999995]
1
iteration 1800
Best Fitness: [19.99999995]
1
iteration 1900
Best Fitness: [19.99999995]
1
iteration 2000
Best Fitness: [19.99999995]
1
iteration 2100
Best Fitness: [19.99999995]
2
iteration 2200
Best Fitness: [19.99999995]
1
iteration 2300
Best Fitness: [19.99999995]
1
iteration 2400
Best Fitness: [19.99999995]
1
iteration 2500
Best Fitness: [19.99999995]
1
iteration 2600
Best Fitness: [19.99999995]
1
iteration 2700
Best Fitness: [19.99999995]
1
iteration 2800
Best Fitness: [19.99999995]
2
iteration 2900
Best Fitness: [19.99999995]
1
iteration 2999
Best Fitness: [19.99999995]
1
[array([19.99999995]), array([19.99999996]), array([19.99999995]), array([19.99999995]), array([19.99999996]), array([19.99999995]), array([19.99999995]), array([19.99999995]), array([19.99999996]), array([19.99999995])]
iteration 0
Best Fitness: [171.39339957]
1
iteration 100
Best Fitness: [8.52240041]
1
iteration 200
Best Fitness: [0.42423748]
1
iteration 300
Best Fitness: [0.02818806]
1
iteration 400
Best Fitness: [0.00171826]
1
iteration 500
Best Fitness: [2.60865529e-05]
1
iteration 600
Best Fitness: [1.51030122e-09]
1
iteration 700
Best Fitness: [3.97903932e-13]
2
iteration 800
Best Fitness: [5.68434189e-14]
1
iteration 900
Best Fitness: [5.68434189e-14]
1
iteration 1000
Best Fitness: [5.68434189e-14]
1
iteration 1100
Best Fitness: [5.68434189e-14]
1
iteration 1200
Best Fitness: [5.68434189e-14]
1
iteration 1300
Best Fitness: [5.68434189e-14]
1
iteration 1400
Best Fitness: [5.68434189e-14]
2
iteration 1500
Best Fitness: [5.68434189e-14]
1
iteration 1600
Best Fitness: [5.68434189e-14]
1
iteration 1700
Best Fitness: [5.68434189e-14]
1
iteration 1800
Best Fitness: [5.68434189e-14]
1
iteration 1900
Best Fitness: [5.68434189e-14]
1
iteration 2000
Best Fitness: [5.68434189e-14]
1
iteration 2100
Best Fitness: [5.68434189e-14]
2
iteration 2200
Best Fitness: [5.68434189e-14]
1
iteration 2300
Best Fitness: [5.68434189e-14]
1
iteration 2400
Best Fitness: [5.68434189e-14]
1
iteration 2500
Best Fitness: [5.68434189e-14]
1
iteration 2600
Best Fitness: [5.68434189e-14]
1
iteration 2700
Best Fitness: [5.68434189e-14]
1
iteration 2800
Best Fitness: [5.68434189e-14]
2
iteration 2900
Best Fitness: [5.68434189e-14]
1
iteration 2999
Best Fitness: [5.68434189e-14]
1
iteration 0
Best Fitness: [166.47885815]
1
iteration 100
Best Fitness: [8.57390634]
1
iteration 200
Best Fitness: [0.46699039]
1
iteration 300
Best Fitness: [0.02718331]
1
iteration 400
Best Fitness: [0.00135346]
1
iteration 500
Best Fitness: [2.52868341e-05]
1
iteration 600
Best Fitness: [2.19438334e-09]
1
iteration 700
Best Fitness: [3.97903932e-13]
2
iteration 800
Best Fitness: [0.]
1
iteration 900
Best Fitness: [0.]
1
iteration 1000
Best Fitness: [0.]
1
iteration 1100
Best Fitness: [0.]
1
iteration 1200
Best Fitness: [0.]
1
iteration 1300
Best Fitness: [0.]
1
iteration 1400
Best Fitness: [0.]
2
iteration 1500
Best Fitness: [0.]
1
iteration 1600
Best Fitness: [0.]
1
iteration 1700
Best Fitness: [0.]
1
iteration 1800
Best Fitness: [0.]
1
iteration 1900
Best Fitness: [0.]
1
iteration 2000
Best Fitness: [0.]
1
iteration 2100
Best Fitness: [0.]
2
iteration 2200
Best Fitness: [0.]
1
iteration 2300
Best Fitness: [0.]
1
iteration 2400
Best Fitness: [0.]
1
iteration 2500
Best Fitness: [0.]
1
iteration 2600
Best Fitness: [0.]
1
iteration 2700
Best Fitness: [0.]
1
iteration 2800
Best Fitness: [0.]
2
iteration 2900
Best Fitness: [0.]
1
iteration 2999
Best Fitness: [0.]
1
iteration 0
Best Fitness: [171.50071218]
1
iteration 100
Best Fitness: [8.75961546]
1
iteration 200
Best Fitness: [0.50356825]
1
iteration 300
Best Fitness: [0.02899847]
1
iteration 400
Best Fitness: [0.00175481]
1
iteration 500
Best Fitness: [2.80711033e-05]
1
iteration 600
Best Fitness: [2.7317526e-09]
1
iteration 700
Best Fitness: [2.84217094e-13]
2
iteration 800
Best Fitness: [5.68434189e-14]
1
iteration 900
Best Fitness: [0.]
1
iteration 1000
Best Fitness: [0.]
1
iteration 1100
Best Fitness: [0.]
1
iteration 1200
Best Fitness: [0.]
1
iteration 1300
Best Fitness: [0.]
1
iteration 1400
Best Fitness: [0.]
2
iteration 1500
Best Fitness: [0.]
1
iteration 1600
Best Fitness: [0.]
1
iteration 1700
Best Fitness: [0.]
1
iteration 1800
Best Fitness: [0.]
1
iteration 1900
Best Fitness: [0.]
1
iteration 2000
Best Fitness: [0.]
1
iteration 2100
Best Fitness: [0.]
2
iteration 2200
Best Fitness: [0.]
1
iteration 2300
Best Fitness: [0.]
1
iteration 2400
Best Fitness: [0.]
1
iteration 2500
Best Fitness: [0.]
1
iteration 2600
Best Fitness: [0.]
1
iteration 2700
Best Fitness: [0.]
1
iteration 2800
Best Fitness: [0.]
2
iteration 2900
Best Fitness: [0.]
1
iteration 2999
Best Fitness: [0.]
1
iteration 0
Best Fitness: [165.64411515]
1
iteration 100
Best Fitness: [7.68749035]
1
iteration 200
Best Fitness: [0.44039772]
1
iteration 300
Best Fitness: [0.02534362]
1
iteration 400
Best Fitness: [0.00135991]
1
iteration 500
Best Fitness: [2.11420281e-05]
1
iteration 600
Best Fitness: [2.69315592e-09]
1
iteration 700
Best Fitness: [3.41060513e-13]
2
iteration 800
Best Fitness: [2.84217094e-14]
1
iteration 900
Best Fitness: [0.]
1
iteration 1000
Best Fitness: [0.]
1
iteration 1100
Best Fitness: [0.]
1
iteration 1200
Best Fitness: [0.]
1
iteration 1300
Best Fitness: [0.]
1
iteration 1400
Best Fitness: [0.]
2
iteration 1500
Best Fitness: [0.]
1
iteration 1600
Best Fitness: [0.]
1
iteration 1700
Best Fitness: [0.]
1
iteration 1800
Best Fitness: [0.]
1
iteration 1900
Best Fitness: [0.]
1
iteration 2000
Best Fitness: [0.]
1
iteration 2100
Best Fitness: [0.]
2
iteration 2200
Best Fitness: [0.]
1
iteration 2300
Best Fitness: [0.]
1
iteration 2400
Best Fitness: [0.]
1
iteration 2500
Best Fitness: [0.]
1
iteration 2600
Best Fitness: [0.]
1
iteration 2700
Best Fitness: [0.]
1
iteration 2800
Best Fitness: [0.]
2
iteration 2900
Best Fitness: [0.]
1
iteration 2999
Best Fitness: [0.]
1
iteration 0
Best Fitness: [175.02224823]
1
iteration 100
Best Fitness: [7.49408487]
1
iteration 200
Best Fitness: [0.45581077]
1
iteration 300
Best Fitness: [0.02789972]
1
iteration 400
Best Fitness: [0.00148155]
1
iteration 500
Best Fitness: [2.38622951e-05]
1
iteration 600
Best Fitness: [3.24766347e-09]
1
iteration 700
Best Fitness: [2.84217094e-13]
2
iteration 800
Best Fitness: [5.68434189e-14]
1
iteration 900
Best Fitness: [0.]
1
iteration 1000
Best Fitness: [0.]
1
iteration 1100
Best Fitness: [0.]
1
iteration 1200
Best Fitness: [0.]
1
iteration 1300
Best Fitness: [0.]
1
iteration 1400
Best Fitness: [0.]
2
iteration 1500
Best Fitness: [0.]
1
iteration 1600
Best Fitness: [0.]
1
iteration 1700
Best Fitness: [0.]
1
iteration 1800
Best Fitness: [0.]
1
iteration 1900
Best Fitness: [0.]
1
iteration 2000
Best Fitness: [0.]
1
iteration 2100
Best Fitness: [0.]
2
iteration 2200
Best Fitness: [0.]
1
iteration 2300
Best Fitness: [0.]
1
iteration 2400
Best Fitness: [0.]
1
iteration 2500
Best Fitness: [0.]
1
iteration 2600
Best Fitness: [0.]
1
iteration 2700
Best Fitness: [0.]
1
iteration 2800
Best Fitness: [0.]
2
iteration 2900
Best Fitness: [0.]
1
iteration 2999
Best Fitness: [0.]
1
iteration 0
Best Fitness: [173.66604403]
1
iteration 100
Best Fitness: [9.54881238]
1
iteration 200
Best Fitness: [0.50826839]
1
iteration 300
Best Fitness: [0.02715951]
1
iteration 400
Best Fitness: [0.00160427]
1
iteration 500
Best Fitness: [2.85867692e-05]
1
iteration 600
Best Fitness: [4.09994527e-09]
1
iteration 700
Best Fitness: [3.97903932e-13]
2
iteration 800
Best Fitness: [5.68434189e-14]
1
iteration 900
Best Fitness: [0.]
1
iteration 1000
Best Fitness: [0.]
1
iteration 1100
Best Fitness: [0.]
1
iteration 1200
Best Fitness: [0.]
1
iteration 1300
Best Fitness: [0.]
1
iteration 1400
Best Fitness: [0.]
2
iteration 1500
Best Fitness: [0.]
1
iteration 1600
Best Fitness: [0.]
1
iteration 1700
Best Fitness: [0.]
1
iteration 1800
Best Fitness: [0.]
1
iteration 1900
Best Fitness: [0.]
1
iteration 2000
Best Fitness: [0.]
1
iteration 2100
Best Fitness: [0.]
2
iteration 2200
Best Fitness: [0.]
1
iteration 2300
Best Fitness: [0.]
1
iteration 2400
Best Fitness: [0.]
1
iteration 2500
Best Fitness: [0.]
1
iteration 2600
Best Fitness: [0.]
1
iteration 2700
Best Fitness: [0.]
1
iteration 2800
Best Fitness: [0.]
2
iteration 2900
Best Fitness: [0.]
1
iteration 2999
Best Fitness: [0.]
1
iteration 0
Best Fitness: [172.89189686]
1
iteration 100
Best Fitness: [8.46744089]
1
iteration 200
Best Fitness: [0.42731596]
1
iteration 300
Best Fitness: [0.02673129]
1
iteration 400
Best Fitness: [0.00144008]
1
iteration 500
Best Fitness: [2.01668048e-05]
1
iteration 600
Best Fitness: [3.14091153e-09]
1
iteration 700
Best Fitness: [4.54747351e-13]
2
iteration 800
Best Fitness: [0.]
1
iteration 900
Best Fitness: [0.]
1
iteration 1000
Best Fitness: [0.]
1
iteration 1100
Best Fitness: [0.]
1
iteration 1200
Best Fitness: [0.]
1
iteration 1300
Best Fitness: [0.]
1
iteration 1400
Best Fitness: [0.]
2
iteration 1500
Best Fitness: [0.]
1
iteration 1600
Best Fitness: [0.]
1
iteration 1700
Best Fitness: [0.]
1
iteration 1800
Best Fitness: [0.]
1
iteration 1900
Best Fitness: [0.]
1
iteration 2000
Best Fitness: [0.]
1
iteration 2100
Best Fitness: [0.]
2
iteration 2200
Best Fitness: [0.]
1
iteration 2300
Best Fitness: [0.]
1
iteration 2400
Best Fitness: [0.]
1
iteration 2500
Best Fitness: [0.]
1
iteration 2600
Best Fitness: [0.]
1
iteration 2700
Best Fitness: [0.]
1
iteration 2800
Best Fitness: [0.]
2
iteration 2900
Best Fitness: [0.]
1
iteration 2999
Best Fitness: [0.]
1
iteration 0
Best Fitness: [170.29715603]
1
iteration 100
Best Fitness: [8.47827126]
1
iteration 200
Best Fitness: [0.49232715]
1
iteration 300
Best Fitness: [0.02832828]
1
iteration 400
Best Fitness: [0.00145664]
1
iteration 500
Best Fitness: [2.26409599e-05]
1
iteration 600
Best Fitness: [3.50780738e-09]
1
iteration 700
Best Fitness: [3.97903932e-13]
2
iteration 800
Best Fitness: [2.84217094e-14]
1
iteration 900
Best Fitness: [0.]
1
iteration 1000
Best Fitness: [0.]
1
iteration 1100
Best Fitness: [0.]
1
iteration 1200
Best Fitness: [0.]
1
iteration 1300
Best Fitness: [0.]
1
iteration 1400
Best Fitness: [0.]
2
iteration 1500
Best Fitness: [0.]
1
iteration 1600
Best Fitness: [0.]
1
iteration 1700
Best Fitness: [0.]
1
iteration 1800
Best Fitness: [0.]
1
iteration 1900
Best Fitness: [0.]
1
iteration 2000
Best Fitness: [0.]
1
iteration 2100
Best Fitness: [0.]
2
iteration 2200
Best Fitness: [0.]
1
iteration 2300
Best Fitness: [0.]
1
iteration 2400
Best Fitness: [0.]
1
iteration 2500
Best Fitness: [0.]
1
iteration 2600
Best Fitness: [0.]
1
iteration 2700
Best Fitness: [0.]
1
iteration 2800
Best Fitness: [0.]
2
iteration 2900
Best Fitness: [0.]
1
iteration 2999
Best Fitness: [0.]
1
iteration 0
Best Fitness: [168.59746765]
1
iteration 100
Best Fitness: [8.86391468]
1
iteration 200
Best Fitness: [0.48986191]
1
iteration 300
Best Fitness: [0.02971147]
1
iteration 400
Best Fitness: [0.00142743]
1
iteration 500
Best Fitness: [1.94002594e-05]
1
iteration 600
Best Fitness: [4.21135837e-09]
1
iteration 700
Best Fitness: [3.69482223e-13]
2
iteration 800
Best Fitness: [5.68434189e-14]
1
iteration 900
Best Fitness: [0.]
1
iteration 1000
Best Fitness: [0.]
1
iteration 1100
Best Fitness: [0.]
1
iteration 1200
Best Fitness: [0.]
1
iteration 1300
Best Fitness: [0.]
1
iteration 1400
Best Fitness: [0.]
2
iteration 1500
Best Fitness: [0.]
1
iteration 1600
Best Fitness: [0.]
1
iteration 1700
Best Fitness: [0.]
1
iteration 1800
Best Fitness: [0.]
1
iteration 1900
Best Fitness: [0.]
1
iteration 2000
Best Fitness: [0.]
1
iteration 2100
Best Fitness: [0.]
2
iteration 2200
Best Fitness: [0.]
1
iteration 2300
Best Fitness: [0.]
1
iteration 2400
Best Fitness: [0.]
1
iteration 2500
Best Fitness: [0.]
1
iteration 2600
Best Fitness: [0.]
1
iteration 2700
Best Fitness: [0.]
1
iteration 2800
Best Fitness: [0.]
2
iteration 2900
Best Fitness: [0.]
1
iteration 2999
Best Fitness: [0.]
1
iteration 0
Best Fitness: [175.05076863]
1
iteration 100
Best Fitness: [8.96389545]
1
iteration 200
Best Fitness: [0.53784808]
1
iteration 300
Best Fitness: [0.02884272]
1
iteration 400
Best Fitness: [0.00135128]
1
iteration 500
Best Fitness: [2.14523825e-05]
1
iteration 600
Best Fitness: [2.85103852e-09]
1
iteration 700
Best Fitness: [3.41060513e-13]
2
iteration 800
Best Fitness: [0.]
1
iteration 900
Best Fitness: [0.]
1
iteration 1000
Best Fitness: [0.]
1
iteration 1100
Best Fitness: [0.]
1
iteration 1200
Best Fitness: [0.]
1
iteration 1300
Best Fitness: [0.]
1
iteration 1400
Best Fitness: [0.]
2
iteration 1500
Best Fitness: [0.]
1
iteration 1600
Best Fitness: [0.]
1
iteration 1700
Best Fitness: [0.]
1
iteration 1800
Best Fitness: [0.]
1
iteration 1900
Best Fitness: [0.]
1
iteration 2000
Best Fitness: [0.]
1
iteration 2100
Best Fitness: [0.]
2
iteration 2200
Best Fitness: [0.]
1
iteration 2300
Best Fitness: [0.]
1
iteration 2400
Best Fitness: [0.]
1
iteration 2500
Best Fitness: [0.]
1
iteration 2600
Best Fitness: [0.]
1
iteration 2700
Best Fitness: [0.]
1
iteration 2800
Best Fitness: [0.]
2
iteration 2900
Best Fitness: [0.]
1
iteration 2999
Best Fitness: [0.]
1
[array([5.68434189e-14]), array([0.]), array([0.]), array([0.]), array([0.]), array([0.]), array([0.]), array([0.]), array([0.]), array([0.])]
iteration 0
Best Fitness: [2083.87173531]
1
iteration 100
Best Fitness: [0.72737676]
1
iteration 200
Best Fitness: [0.00097585]
1
iteration 300
Best Fitness: [4.22109666e-07]
1
iteration 400
Best Fitness: [5.9393912e-10]
1
iteration 500
Best Fitness: [6.69464484e-14]
1
iteration 600
Best Fitness: [1.11022302e-16]
1
iteration 700
Best Fitness: [1.11022302e-16]
2
iteration 800
Best Fitness: [1.11022302e-16]
1
iteration 900
Best Fitness: [1.11022302e-16]
1
iteration 1000
Best Fitness: [1.11022302e-16]
1
iteration 1100
Best Fitness: [1.11022302e-16]
1
iteration 1200
Best Fitness: [1.11022302e-16]
1
iteration 1300
Best Fitness: [1.11022302e-16]
1
iteration 1400
Best Fitness: [1.11022302e-16]
2
iteration 1500
Best Fitness: [1.11022302e-16]
1
iteration 1600
Best Fitness: [1.11022302e-16]
1
iteration 1700
Best Fitness: [1.11022302e-16]
1
iteration 1800
Best Fitness: [1.11022302e-16]
1
iteration 1900
Best Fitness: [1.11022302e-16]
1
iteration 2000
Best Fitness: [1.11022302e-16]
1
iteration 2100
Best Fitness: [1.11022302e-16]
2
iteration 2200
Best Fitness: [1.11022302e-16]
1
iteration 2300
Best Fitness: [1.11022302e-16]
1
iteration 2400
Best Fitness: [1.11022302e-16]
1
iteration 2500
Best Fitness: [1.11022302e-16]
1
iteration 2600
Best Fitness: [1.11022302e-16]
1
iteration 2700
Best Fitness: [1.11022302e-16]
1
iteration 2800
Best Fitness: [1.11022302e-16]
2
iteration 2900
Best Fitness: [1.11022302e-16]
1
iteration 2999
Best Fitness: [1.11022302e-16]
1
iteration 0
Best Fitness: [2124.89275434]
1
iteration 100
Best Fitness: [0.64097227]
1
iteration 200
Best Fitness: [0.02588059]
1
iteration 300
Best Fitness: [0.0245737]
1
iteration 400
Best Fitness: [0.00010488]
1
iteration 500
Best Fitness: [9.44222223e-09]
1
iteration 600
Best Fitness: [8.77076189e-15]
1
iteration 700
Best Fitness: [1.11022302e-16]
2
iteration 800
Best Fitness: [1.11022302e-16]
1
iteration 900
Best Fitness: [1.11022302e-16]
1
iteration 1000
Best Fitness: [1.11022302e-16]
1
iteration 1100
Best Fitness: [1.11022302e-16]
1
iteration 1200
Best Fitness: [1.11022302e-16]
1
iteration 1300
Best Fitness: [1.11022302e-16]
1
iteration 1400
Best Fitness: [1.11022302e-16]
2
iteration 1500
Best Fitness: [1.11022302e-16]
1
iteration 1600
Best Fitness: [1.11022302e-16]
1
iteration 1700
Best Fitness: [1.11022302e-16]
1
iteration 1800
Best Fitness: [1.11022302e-16]
1
iteration 1900
Best Fitness: [1.11022302e-16]
1
iteration 2000
Best Fitness: [1.11022302e-16]
1
iteration 2100
Best Fitness: [1.11022302e-16]
2
iteration 2200
Best Fitness: [1.11022302e-16]
1
iteration 2300
Best Fitness: [1.11022302e-16]
1
iteration 2400
Best Fitness: [1.11022302e-16]
1
iteration 2500
Best Fitness: [1.11022302e-16]
1
iteration 2600
Best Fitness: [1.11022302e-16]
1
iteration 2700
Best Fitness: [1.11022302e-16]
1
iteration 2800
Best Fitness: [1.11022302e-16]
2
iteration 2900
Best Fitness: [1.11022302e-16]
1
iteration 2999
Best Fitness: [1.11022302e-16]
1
iteration 0
Best Fitness: [2199.64411285]
1
iteration 100
Best Fitness: [0.64745627]
1
iteration 200
Best Fitness: [0.00110061]
1
iteration 300
Best Fitness: [1.0391361e-07]
1
iteration 400
Best Fitness: [1.533218e-11]
1
iteration 500
Best Fitness: [1.44328993e-15]
1
iteration 600
Best Fitness: [1.11022302e-16]
1
iteration 700
Best Fitness: [0.]
2
iteration 800
Best Fitness: [0.]
1
iteration 900
Best Fitness: [0.]
1
iteration 1000
Best Fitness: [0.]
1
iteration 1100
Best Fitness: [0.]
1
iteration 1200
Best Fitness: [0.]
1
iteration 1300
Best Fitness: [0.]
1
iteration 1400
Best Fitness: [0.]
2
iteration 1500
Best Fitness: [0.]
1
iteration 1600
Best Fitness: [0.]
1
iteration 1700
Best Fitness: [0.]
1
iteration 1800
Best Fitness: [0.]
1
iteration 1900
Best Fitness: [0.]
1
iteration 2000
Best Fitness: [0.]
1
iteration 2100
Best Fitness: [0.]
2
iteration 2200
Best Fitness: [0.]
1
iteration 2300
Best Fitness: [0.]
1
iteration 2400
Best Fitness: [0.]
1
iteration 2500
Best Fitness: [0.]
1
iteration 2600
Best Fitness: [0.]
1
iteration 2700
Best Fitness: [0.]
1
iteration 2800
Best Fitness: [0.]
2
iteration 2900
Best Fitness: [0.]
1
iteration 2999
Best Fitness: [0.]
1
iteration 0
Best Fitness: [1872.03016746]
1
iteration 100
Best Fitness: [0.62902918]
1
iteration 200
Best Fitness: [0.00113011]
1
iteration 300
Best Fitness: [4.89130536e-06]
1
iteration 400
Best Fitness: [4.69228767e-10]
1
iteration 500
Best Fitness: [8.19455614e-13]
1
iteration 600
Best Fitness: [1.11022302e-16]
1
iteration 700
Best Fitness: [1.11022302e-16]
2
iteration 800
Best Fitness: [0.]
1
iteration 900
Best Fitness: [0.]
1
iteration 1000
Best Fitness: [0.]
1
iteration 1100
Best Fitness: [0.]
1
iteration 1200
Best Fitness: [0.]
1
iteration 1300
Best Fitness: [0.]
1
iteration 1400
Best Fitness: [0.]
2
iteration 1500
Best Fitness: [0.]
1
iteration 1600
Best Fitness: [0.]
1
iteration 1700
Best Fitness: [0.]
1
iteration 1800
Best Fitness: [0.]
1
iteration 1900
Best Fitness: [0.]
1
iteration 2000
Best Fitness: [0.]
1
iteration 2100
Best Fitness: [0.]
2
iteration 2200
Best Fitness: [0.]
1
iteration 2300
Best Fitness: [0.]
1
iteration 2400
Best Fitness: [0.]
1
iteration 2500
Best Fitness: [0.]
1
iteration 2600
Best Fitness: [0.]
1
iteration 2700
Best Fitness: [0.]
1
iteration 2800
Best Fitness: [0.]
2
iteration 2900
Best Fitness: [0.]
1
iteration 2999
Best Fitness: [0.]
1
iteration 0
Best Fitness: [1988.89496557]
1
iteration 100
Best Fitness: [0.58260222]
1
iteration 200
Best Fitness: [0.01306745]
1
iteration 300
Best Fitness: [0.01231649]
1
iteration 400
Best Fitness: [7.35551618e-05]
1
iteration 500
Best Fitness: [3.27944338e-11]
1
iteration 600
Best Fitness: [1.55431223e-15]
1
iteration 700
Best Fitness: [1.11022302e-16]
2
iteration 800
Best Fitness: [1.11022302e-16]
1
iteration 900
Best Fitness: [1.11022302e-16]
1
iteration 1000
Best Fitness: [1.11022302e-16]
1
iteration 1100
Best Fitness: [1.11022302e-16]
1
iteration 1200
Best Fitness: [1.11022302e-16]
1
iteration 1300
Best Fitness: [1.11022302e-16]
1
iteration 1400
Best Fitness: [1.11022302e-16]
2
iteration 1500
Best Fitness: [1.11022302e-16]
1
iteration 1600
Best Fitness: [1.11022302e-16]
1
iteration 1700
Best Fitness: [1.11022302e-16]
1
iteration 1800
Best Fitness: [1.11022302e-16]
1
iteration 1900
Best Fitness: [1.11022302e-16]
1
iteration 2000
Best Fitness: [1.11022302e-16]
1
iteration 2100
Best Fitness: [1.11022302e-16]
2
iteration 2200
Best Fitness: [1.11022302e-16]
1
iteration 2300
Best Fitness: [1.11022302e-16]
1
iteration 2400
Best Fitness: [1.11022302e-16]
1
iteration 2500
Best Fitness: [1.11022302e-16]
1
iteration 2600
Best Fitness: [1.11022302e-16]
1
iteration 2700
Best Fitness: [1.11022302e-16]
1
iteration 2800
Best Fitness: [1.11022302e-16]
2
iteration 2900
Best Fitness: [1.11022302e-16]
1
iteration 2999
Best Fitness: [1.11022302e-16]
1
iteration 0
Best Fitness: [1919.76426912]
1
iteration 100
Best Fitness: [0.80770516]
1
iteration 200
Best Fitness: [0.01289829]
1
iteration 300
Best Fitness: [0.00024359]
1
iteration 400
Best Fitness: [4.6809382e-08]
1
iteration 500
Best Fitness: [7.00350888e-12]
1
iteration 600
Best Fitness: [4.4408921e-16]
1
iteration 700
Best Fitness: [2.22044605e-16]
2
iteration 800
Best Fitness: [1.11022302e-16]
1
iteration 900
Best Fitness: [0.]
1
iteration 1000
Best Fitness: [0.]
1
iteration 1100
Best Fitness: [0.]
1
iteration 1200
Best Fitness: [0.]
1
iteration 1300
Best Fitness: [0.]
1
iteration 1400
Best Fitness: [0.]
2
iteration 1500
Best Fitness: [0.]
1
iteration 1600
Best Fitness: [0.]
1
iteration 1700
Best Fitness: [0.]
1
iteration 1800
Best Fitness: [0.]
1
iteration 1900
Best Fitness: [0.]
1
iteration 2000
Best Fitness: [0.]
1
iteration 2100
Best Fitness: [0.]
2
iteration 2200
Best Fitness: [0.]
1
iteration 2300
Best Fitness: [0.]
1
iteration 2400
Best Fitness: [0.]
1
iteration 2500
Best Fitness: [0.]
1
iteration 2600
Best Fitness: [0.]
1
iteration 2700
Best Fitness: [0.]
1
iteration 2800
Best Fitness: [0.]
2
iteration 2900
Best Fitness: [0.]
1
iteration 2999
Best Fitness: [0.]
1
iteration 0
Best Fitness: [1947.72527989]
1
iteration 100
Best Fitness: [0.74432987]
1
iteration 200
Best Fitness: [0.01416314]
1
iteration 300
Best Fitness: [0.01231743]
1
iteration 400
Best Fitness: [0.01231607]
1
iteration 500
Best Fitness: [0.01231607]
1
iteration 600
Best Fitness: [0.01231607]
1
iteration 700
Best Fitness: [0.01231607]
2
iteration 800
Best Fitness: [0.01231607]
1
iteration 900
Best Fitness: [0.01231607]
1
iteration 1000
Best Fitness: [3.44379695e-07]
1
iteration 1100
Best Fitness: [8.54871729e-15]
1
iteration 1200
Best Fitness: [0.]
1
iteration 1300
Best Fitness: [0.]
1
iteration 1400
Best Fitness: [0.]
2
iteration 1500
Best Fitness: [0.]
1
iteration 1600
Best Fitness: [0.]
1
iteration 1700
Best Fitness: [0.]
1
iteration 1800
Best Fitness: [0.]
1
iteration 1900
Best Fitness: [0.]
1
iteration 2000
Best Fitness: [0.]
1
iteration 2100
Best Fitness: [0.]
2
iteration 2200
Best Fitness: [0.]
1
iteration 2300
Best Fitness: [0.]
1
iteration 2400
Best Fitness: [0.]
1
iteration 2500
Best Fitness: [0.]
1
iteration 2600
Best Fitness: [0.]
1
iteration 2700
Best Fitness: [0.]
1
iteration 2800
Best Fitness: [0.]
2
iteration 2900
Best Fitness: [0.]
1
iteration 2999
Best Fitness: [0.]
1
iteration 0
Best Fitness: [2051.40877259]
1
iteration 100
Best Fitness: [0.88043152]
1
iteration 200
Best Fitness: [0.00495708]
1
iteration 300
Best Fitness: [3.60335934e-06]
1
iteration 400
Best Fitness: [7.71799291e-11]
1
iteration 500
Best Fitness: [1.16573418e-14]
1
iteration 600
Best Fitness: [2.22044605e-16]
1
iteration 700
Best Fitness: [1.11022302e-16]
2
iteration 800
Best Fitness: [0.]
1
iteration 900
Best Fitness: [0.]
1
iteration 1000
Best Fitness: [0.]
1
iteration 1100
Best Fitness: [0.]
1
iteration 1200
Best Fitness: [0.]
1
iteration 1300
Best Fitness: [0.]
1
iteration 1400
Best Fitness: [0.]
2
iteration 1500
Best Fitness: [0.]
1
iteration 1600
Best Fitness: [0.]
1
iteration 1700
Best Fitness: [0.]
1
iteration 1800
Best Fitness: [0.]
1
iteration 1900
Best Fitness: [0.]
1
iteration 2000
Best Fitness: [0.]
1
iteration 2100
Best Fitness: [0.]
2
iteration 2200
Best Fitness: [0.]
1
iteration 2300
Best Fitness: [0.]
1
iteration 2400
Best Fitness: [0.]
1
iteration 2500
Best Fitness: [0.]
1
iteration 2600
Best Fitness: [0.]
1
iteration 2700
Best Fitness: [0.]
1
iteration 2800
Best Fitness: [0.]
2
iteration 2900
Best Fitness: [0.]
1
iteration 2999
Best Fitness: [0.]
1
iteration 0
Best Fitness: [2042.88219454]
1
iteration 100
Best Fitness: [0.77667677]
1
iteration 200
Best Fitness: [0.03310866]
1
iteration 300
Best Fitness: [0.0245802]
1
iteration 400
Best Fitness: [0.00058807]
1
iteration 500
Best Fitness: [4.47495796e-09]
1
iteration 600
Best Fitness: [2.68673972e-14]
1
iteration 700
Best Fitness: [1.11022302e-16]
2
iteration 800
Best Fitness: [0.]
1
iteration 900
Best Fitness: [0.]
1
iteration 1000
Best Fitness: [0.]
1
iteration 1100
Best Fitness: [0.]
1
iteration 1200
Best Fitness: [0.]
1
iteration 1300
Best Fitness: [0.]
1
iteration 1400
Best Fitness: [0.]
2
iteration 1500
Best Fitness: [0.]
1
iteration 1600
Best Fitness: [0.]
1
iteration 1700
Best Fitness: [0.]
1
iteration 1800
Best Fitness: [0.]
1
iteration 1900
Best Fitness: [0.]
1
iteration 2000
Best Fitness: [0.]
1
iteration 2100
Best Fitness: [0.]
2
iteration 2200
Best Fitness: [0.]
1
iteration 2300
Best Fitness: [0.]
1
iteration 2400
Best Fitness: [0.]
1
iteration 2500
Best Fitness: [0.]
1
iteration 2600
Best Fitness: [0.]
1
iteration 2700
Best Fitness: [0.]
1
iteration 2800
Best Fitness: [0.]
2
iteration 2900
Best Fitness: [0.]
1
iteration 2999
Best Fitness: [0.]
1
iteration 0
Best Fitness: [1813.71568941]
1
iteration 100
Best Fitness: [0.8947475]
1
iteration 200
Best Fitness: [0.01283271]
1
iteration 300
Best Fitness: [0.01231617]
1
iteration 400
Best Fitness: [0.00165887]
1
iteration 500
Best Fitness: [1.61470386e-06]
1
iteration 600
Best Fitness: [1.10368381e-11]
1
iteration 700
Best Fitness: [1.11022302e-16]
2
iteration 800
Best Fitness: [1.11022302e-16]
1
iteration 900
Best Fitness: [0.]
1
iteration 1000
Best Fitness: [0.]
1
iteration 1100
Best Fitness: [0.]
1
iteration 1200
Best Fitness: [0.]
1
iteration 1300
Best Fitness: [0.]
1
iteration 1400
Best Fitness: [0.]
2
iteration 1500
Best Fitness: [0.]
1
iteration 1600
Best Fitness: [0.]
1
iteration 1700
Best Fitness: [0.]
1
iteration 1800
Best Fitness: [0.]
1
iteration 1900
Best Fitness: [0.]
1
iteration 2000
Best Fitness: [0.]
1
iteration 2100
Best Fitness: [0.]
2
iteration 2200
Best Fitness: [0.]
1
iteration 2300
Best Fitness: [0.]
1
iteration 2400
Best Fitness: [0.]
1
iteration 2500
Best Fitness: [0.]
1
iteration 2600
Best Fitness: [0.]
1
iteration 2700
Best Fitness: [0.]
1
iteration 2800
Best Fitness: [0.]
2
iteration 2900
Best Fitness: [0.]
1
iteration 2999
Best Fitness: [0.]
1
[array([1.11022302e-16]), array([1.11022302e-16]), array([0.]), array([0.]), array([1.11022302e-16]), array([0.]), array([0.]), array([0.]), array([0.]), array([0.])]
iteration 0
Best Fitness: [3.1965569]
1
iteration 100
Best Fitness: [0.]
1
iteration 200
Best Fitness: [0.]
1
iteration 300
Best Fitness: [0.]
1
iteration 400
Best Fitness: [0.]
1
iteration 500
Best Fitness: [0.]
1
iteration 600
Best Fitness: [0.]
1
iteration 700
Best Fitness: [0.]
2
iteration 800
Best Fitness: [0.]
1
iteration 900
Best Fitness: [0.]
1
iteration 1000
Best Fitness: [0.]
1
iteration 1100
Best Fitness: [0.]
1
iteration 1200
Best Fitness: [0.]
1
iteration 1300
Best Fitness: [0.]
1
iteration 1400
Best Fitness: [0.]
2
iteration 1500
Best Fitness: [0.]
1
iteration 1600
Best Fitness: [0.]
1
iteration 1700
Best Fitness: [0.]
1
iteration 1800
Best Fitness: [0.]
1
iteration 1900
Best Fitness: [0.]
1
iteration 2000
Best Fitness: [0.]
1
iteration 2100
Best Fitness: [0.]
2
iteration 2200
Best Fitness: [0.]
1
iteration 2300
Best Fitness: [0.]
1
iteration 2400
Best Fitness: [0.]
1
iteration 2500
Best Fitness: [0.]
1
iteration 2600
Best Fitness: [0.]
1
iteration 2700
Best Fitness: [0.]
1
iteration 2800
Best Fitness: [0.]
2
iteration 2900
Best Fitness: [0.]
1
iteration 2999
Best Fitness: [0.]
1
iteration 0
Best Fitness: [3.4669081]
1
iteration 100
Best Fitness: [0.]
1
iteration 200
Best Fitness: [0.]
1
iteration 300
Best Fitness: [0.]
1
iteration 400
Best Fitness: [0.]
1
iteration 500
Best Fitness: [0.]
1
iteration 600
Best Fitness: [0.]
1
iteration 700
Best Fitness: [0.]
2
iteration 800
Best Fitness: [0.]
1
iteration 900
Best Fitness: [0.]
1
iteration 1000
Best Fitness: [0.]
1
iteration 1100
Best Fitness: [0.]
1
iteration 1200
Best Fitness: [0.]
1
iteration 1300
Best Fitness: [0.]
1
iteration 1400
Best Fitness: [0.]
2
iteration 1500
Best Fitness: [0.]
1
iteration 1600
Best Fitness: [0.]
1
iteration 1700
Best Fitness: [0.]
1
iteration 1800
Best Fitness: [0.]
1
iteration 1900
Best Fitness: [0.]
1
iteration 2000
Best Fitness: [0.]
1
iteration 2100
Best Fitness: [0.]
2
iteration 2200
Best Fitness: [0.]
1
iteration 2300
Best Fitness: [0.]
1
iteration 2400
Best Fitness: [0.]
1
iteration 2500
Best Fitness: [0.]
1
iteration 2600
Best Fitness: [0.]
1
iteration 2700
Best Fitness: [0.]
1
iteration 2800
Best Fitness: [0.]
2
iteration 2900
Best Fitness: [0.]
1
iteration 2999
Best Fitness: [0.]
1
iteration 0
Best Fitness: [2.92871533]
1
iteration 100
Best Fitness: [0.]
1
iteration 200
Best Fitness: [0.]
1
iteration 300
Best Fitness: [0.]
1
iteration 400
Best Fitness: [0.]
1
iteration 500
Best Fitness: [0.]
1
iteration 600
Best Fitness: [0.]
1
iteration 700
Best Fitness: [0.]
2
iteration 800
Best Fitness: [0.]
1
iteration 900
Best Fitness: [0.]
1
iteration 1000
Best Fitness: [0.]
1
iteration 1100
Best Fitness: [0.]
1
iteration 1200
Best Fitness: [0.]
1
iteration 1300
Best Fitness: [0.]
1
iteration 1400
Best Fitness: [0.]
2
iteration 1500
Best Fitness: [0.]
1
iteration 1600
Best Fitness: [0.]
1
iteration 1700
Best Fitness: [0.]
1
iteration 1800
Best Fitness: [0.]
1
iteration 1900
Best Fitness: [0.]
1
iteration 2000
Best Fitness: [0.]
1
iteration 2100
Best Fitness: [0.]
2
iteration 2200
Best Fitness: [0.]
1
iteration 2300
Best Fitness: [0.]
1
iteration 2400
Best Fitness: [0.]
1
iteration 2500
Best Fitness: [0.]
1
iteration 2600
Best Fitness: [0.]
1
iteration 2700
Best Fitness: [0.]
1
iteration 2800
Best Fitness: [0.]
2
iteration 2900
Best Fitness: [0.]
1
iteration 2999
Best Fitness: [0.]
1
iteration 0
Best Fitness: [2.98892543]
1
iteration 100
Best Fitness: [0.]
1
iteration 200
Best Fitness: [0.]
1
iteration 300
Best Fitness: [0.]
1
iteration 400
Best Fitness: [0.]
1
iteration 500
Best Fitness: [0.]
1
iteration 600
Best Fitness: [0.]
1
iteration 700
Best Fitness: [0.]
2
iteration 800
Best Fitness: [0.]
1
iteration 900
Best Fitness: [0.]
1
iteration 1000
Best Fitness: [0.]
1
iteration 1100
Best Fitness: [0.]
1
iteration 1200
Best Fitness: [0.]
1
iteration 1300
Best Fitness: [0.]
1
iteration 1400
Best Fitness: [0.]
2
iteration 1500
Best Fitness: [0.]
1
iteration 1600
Best Fitness: [0.]
1
iteration 1700
Best Fitness: [0.]
1
iteration 1800
Best Fitness: [0.]
1
iteration 1900
Best Fitness: [0.]
1
iteration 2000
Best Fitness: [0.]
1
iteration 2100
Best Fitness: [0.]
2
iteration 2200
Best Fitness: [0.]
1
iteration 2300
Best Fitness: [0.]
1
iteration 2400
Best Fitness: [0.]
1
iteration 2500
Best Fitness: [0.]
1
iteration 2600
Best Fitness: [0.]
1
iteration 2700
Best Fitness: [0.]
1
iteration 2800
Best Fitness: [0.]
2
iteration 2900
Best Fitness: [0.]
1
iteration 2999
Best Fitness: [0.]
1
iteration 0
Best Fitness: [3.52819022]
1
iteration 100
Best Fitness: [0.]
1
iteration 200
Best Fitness: [0.]
1
iteration 300
Best Fitness: [0.]
1
iteration 400
Best Fitness: [0.]
1
iteration 500
Best Fitness: [0.]
1
iteration 600
Best Fitness: [0.]
1
iteration 700
Best Fitness: [0.]
2
iteration 800
Best Fitness: [0.]
1
iteration 900
Best Fitness: [0.]
1
iteration 1000
Best Fitness: [0.]
1
iteration 1100
Best Fitness: [0.]
1
iteration 1200
Best Fitness: [0.]
1
iteration 1300
Best Fitness: [0.]
1
iteration 1400
Best Fitness: [0.]
2
iteration 1500
Best Fitness: [0.]
1
iteration 1600
Best Fitness: [0.]
1
iteration 1700
Best Fitness: [0.]
1
iteration 1800
Best Fitness: [0.]
1
iteration 1900
Best Fitness: [0.]
1
iteration 2000
Best Fitness: [0.]
1
iteration 2100
Best Fitness: [0.]
2
iteration 2200
Best Fitness: [0.]
1
iteration 2300
Best Fitness: [0.]
1
iteration 2400
Best Fitness: [0.]
1
iteration 2500
Best Fitness: [0.]
1
iteration 2600
Best Fitness: [0.]
1
iteration 2700
Best Fitness: [0.]
1
iteration 2800
Best Fitness: [0.]
2
iteration 2900
Best Fitness: [0.]
1
iteration 2999
Best Fitness: [0.]
1
iteration 0
Best Fitness: [2.10442447]
1
iteration 100
Best Fitness: [0.]
1
iteration 200
Best Fitness: [0.]
1
iteration 300
Best Fitness: [0.]
1
iteration 400
Best Fitness: [0.]
1
iteration 500
Best Fitness: [0.]
1
iteration 600
Best Fitness: [0.]
1
iteration 700
Best Fitness: [0.]
2
iteration 800
Best Fitness: [0.]
1
iteration 900
Best Fitness: [0.]
1
iteration 1000
Best Fitness: [0.]
1
iteration 1100
Best Fitness: [0.]
1
iteration 1200
Best Fitness: [0.]
1
iteration 1300
Best Fitness: [0.]
1
iteration 1400
Best Fitness: [0.]
2
iteration 1500
Best Fitness: [0.]
1
iteration 1600
Best Fitness: [0.]
1
iteration 1700
Best Fitness: [0.]
1
iteration 1800
Best Fitness: [0.]
1
iteration 1900
Best Fitness: [0.]
1
iteration 2000
Best Fitness: [0.]
1
iteration 2100
Best Fitness: [0.]
2
iteration 2200
Best Fitness: [0.]
1
iteration 2300
Best Fitness: [0.]
1
iteration 2400
Best Fitness: [0.]
1
iteration 2500
Best Fitness: [0.]
1
iteration 2600
Best Fitness: [0.]
1
iteration 2700
Best Fitness: [0.]
1
iteration 2800
Best Fitness: [0.]
2
iteration 2900
Best Fitness: [0.]
1
iteration 2999
Best Fitness: [0.]
1
iteration 0
Best Fitness: [2.91577632]
1
iteration 100
Best Fitness: [0.]
1
iteration 200
Best Fitness: [0.]
1
iteration 300
Best Fitness: [0.]
1
iteration 400
Best Fitness: [0.]
1
iteration 500
Best Fitness: [0.]
1
iteration 600
Best Fitness: [0.]
1
iteration 700
Best Fitness: [0.]
2
iteration 800
Best Fitness: [0.]
1
iteration 900
Best Fitness: [0.]
1
iteration 1000
Best Fitness: [0.]
1
iteration 1100
Best Fitness: [0.]
1
iteration 1200
Best Fitness: [0.]
1
iteration 1300
Best Fitness: [0.]
1
iteration 1400
Best Fitness: [0.]
2
iteration 1500
Best Fitness: [0.]
1
iteration 1600
Best Fitness: [0.]
1
iteration 1700
Best Fitness: [0.]
1
iteration 1800
Best Fitness: [0.]
1
iteration 1900
Best Fitness: [0.]
1
iteration 2000
Best Fitness: [0.]
1
iteration 2100
Best Fitness: [0.]
2
iteration 2200
Best Fitness: [0.]
1
iteration 2300
Best Fitness: [0.]
1
iteration 2400
Best Fitness: [0.]
1
iteration 2500
Best Fitness: [0.]
1
iteration 2600
Best Fitness: [0.]
1
iteration 2700
Best Fitness: [0.]
1
iteration 2800
Best Fitness: [0.]
2
iteration 2900
Best Fitness: [0.]
1
iteration 2999
Best Fitness: [0.]
1
iteration 0
Best Fitness: [3.23423971]
1
iteration 100
Best Fitness: [0.]
1
iteration 200
Best Fitness: [0.]
1
iteration 300
Best Fitness: [0.]
1
iteration 400
Best Fitness: [0.]
1
iteration 500
Best Fitness: [0.]
1
iteration 600
Best Fitness: [0.]
1
iteration 700
Best Fitness: [0.]
2
iteration 800
Best Fitness: [0.]
1
iteration 900
Best Fitness: [0.]
1
iteration 1000
Best Fitness: [0.]
1
iteration 1100
Best Fitness: [0.]
1
iteration 1200
Best Fitness: [0.]
1
iteration 1300
Best Fitness: [0.]
1
iteration 1400
Best Fitness: [0.]
2
iteration 1500
Best Fitness: [0.]
1
iteration 1600
Best Fitness: [0.]
1
iteration 1700
Best Fitness: [0.]
1
iteration 1800
Best Fitness: [0.]
1
iteration 1900
Best Fitness: [0.]
1
iteration 2000
Best Fitness: [0.]
1
iteration 2100
Best Fitness: [0.]
2
iteration 2200
Best Fitness: [0.]
1
iteration 2300
Best Fitness: [0.]
1
iteration 2400
Best Fitness: [0.]
1
iteration 2500
Best Fitness: [0.]
1
iteration 2600
Best Fitness: [0.]
1
iteration 2700
Best Fitness: [0.]
1
iteration 2800
Best Fitness: [0.]
2
iteration 2900
Best Fitness: [0.]
1
iteration 2999
Best Fitness: [0.]
1
iteration 0
Best Fitness: [2.11154501]
1
iteration 100
Best Fitness: [0.]
1
iteration 200
Best Fitness: [0.]
1
iteration 300
Best Fitness: [0.]
1
iteration 400
Best Fitness: [0.]
1
iteration 500
Best Fitness: [0.]
1
iteration 600
Best Fitness: [0.]
1
iteration 700
Best Fitness: [0.]
2
iteration 800
Best Fitness: [0.]
1
iteration 900
Best Fitness: [0.]
1
iteration 1000
Best Fitness: [0.]
1
iteration 1100
Best Fitness: [0.]
1
iteration 1200
Best Fitness: [0.]
1
iteration 1300
Best Fitness: [0.]
1
iteration 1400
Best Fitness: [0.]
2
iteration 1500
Best Fitness: [0.]
1
iteration 1600
Best Fitness: [0.]
1
iteration 1700
Best Fitness: [0.]
1
iteration 1800
Best Fitness: [0.]
1
iteration 1900
Best Fitness: [0.]
1
iteration 2000
Best Fitness: [0.]
1
iteration 2100
Best Fitness: [0.]
2
iteration 2200
Best Fitness: [0.]
1
iteration 2300
Best Fitness: [0.]
1
iteration 2400
Best Fitness: [0.]
1
iteration 2500
Best Fitness: [0.]
1
iteration 2600
Best Fitness: [0.]
1
iteration 2700
Best Fitness: [0.]
1
iteration 2800
Best Fitness: [0.]
2
iteration 2900
Best Fitness: [0.]
1
iteration 2999
Best Fitness: [0.]
1
iteration 0
Best Fitness: [3.22301262]
1
iteration 100
Best Fitness: [0.]
1
iteration 200
Best Fitness: [0.]
1
iteration 300
Best Fitness: [0.]
1
iteration 400
Best Fitness: [0.]
1
iteration 500
Best Fitness: [0.]
1
iteration 600
Best Fitness: [0.]
1
iteration 700
Best Fitness: [0.]
2
iteration 800
Best Fitness: [0.]
1
iteration 900
Best Fitness: [0.]
1
iteration 1000
Best Fitness: [0.]
1
iteration 1100
Best Fitness: [0.]
1
iteration 1200
Best Fitness: [0.]
1
iteration 1300
Best Fitness: [0.]
1
iteration 1400
Best Fitness: [0.]
2
iteration 1500
Best Fitness: [0.]
1
iteration 1600
Best Fitness: [0.]
1
iteration 1700
Best Fitness: [0.]
1
iteration 1800
Best Fitness: [0.]
1
iteration 1900
Best Fitness: [0.]
1
iteration 2000
Best Fitness: [0.]
1
iteration 2100
Best Fitness: [0.]
2
iteration 2200
Best Fitness: [0.]
1
iteration 2300
Best Fitness: [0.]
1
iteration 2400
Best Fitness: [0.]
1
iteration 2500
Best Fitness: [0.]
1
iteration 2600
Best Fitness: [0.]
1
iteration 2700
Best Fitness: [0.]
1
iteration 2800
Best Fitness: [0.]
2
iteration 2900
Best Fitness: [0.]
1
iteration 2999
Best Fitness: [0.]
1
[array([0.]), array([0.]), array([0.]), array([0.]), array([0.]), array([0.]), array([0.]), array([0.]), array([0.]), array([0.])]
iteration 0
Best Fitness: [7.71765504]
1
iteration 100
Best Fitness: [1.01387626]
1
iteration 200
Best Fitness: [0.93201352]
1
iteration 300
Best Fitness: [0.91506839]
1
iteration 400
Best Fitness: [0.7564007]
1
iteration 500
Best Fitness: [0.77063388]
1
iteration 600
Best Fitness: [0.72634968]
1
iteration 700
Best Fitness: [0.58951335]
2
iteration 800
Best Fitness: [0.61008269]
1
iteration 900
Best Fitness: [0.61080973]
1
iteration 1000
Best Fitness: [0.60915155]
1
iteration 1100
Best Fitness: [0.55002358]
1
iteration 1200
Best Fitness: [0.56697334]
1
iteration 1300
Best Fitness: [0.53432309]
1
iteration 1400
Best Fitness: [0.41855766]
2
iteration 1500
Best Fitness: [0.49702377]
1
iteration 1600
Best Fitness: [0.50826726]
1
iteration 1700
Best Fitness: [0.50953127]
1
iteration 1800
Best Fitness: [0.49856428]
1
iteration 1900
Best Fitness: [0.49971936]
1
iteration 2000
Best Fitness: [0.4971918]
1
iteration 2100
Best Fitness: [0.40760818]
2
iteration 2200
Best Fitness: [0.53425696]
1
iteration 2300
Best Fitness: [0.52763341]
1
iteration 2400
Best Fitness: [0.52129632]
1
iteration 2500
Best Fitness: [0.53202463]
1
iteration 2600
Best Fitness: [0.5199772]
1
iteration 2700
Best Fitness: [0.52129712]
1
iteration 2800
Best Fitness: [0.3927098]
2
iteration 2900
Best Fitness: [0.52548867]
1
iteration 2999
Best Fitness: [0.53690902]
1
iteration 0
Best Fitness: [7.88651448]
1
iteration 100
Best Fitness: [0.95241779]
1
iteration 200
Best Fitness: [0.80804439]
1
iteration 300
Best Fitness: [0.74117259]
1
iteration 400
Best Fitness: [0.75087153]
1
iteration 500
Best Fitness: [0.7891097]
1
iteration 600
Best Fitness: [0.68673512]
1
iteration 700
Best Fitness: [0.5578338]
2
iteration 800
Best Fitness: [0.65734338]
1
iteration 900
Best Fitness: [0.58483134]
1
iteration 1000
Best Fitness: [0.60476923]
1
iteration 1100
Best Fitness: [0.61614053]
1
iteration 1200
Best Fitness: [0.60882719]
1
iteration 1300
Best Fitness: [0.54033654]
1
iteration 1400
Best Fitness: [0.40420682]
2
iteration 1500
Best Fitness: [0.50777491]
1
iteration 1600
Best Fitness: [0.50692469]
1
iteration 1700
Best Fitness: [0.48867635]
1
iteration 1800
Best Fitness: [0.48061331]
1
iteration 1900
Best Fitness: [0.50207857]
1
iteration 2000
Best Fitness: [0.46988123]
1
iteration 2100
Best Fitness: [0.40220838]
2
iteration 2200
Best Fitness: [0.49056822]
1
iteration 2300
Best Fitness: [0.48686022]
1
iteration 2400
Best Fitness: [0.48886721]
1
iteration 2500
Best Fitness: [0.48039344]
1
iteration 2600
Best Fitness: [0.48422347]
1
iteration 2700
Best Fitness: [0.47526802]
1
iteration 2800
Best Fitness: [0.38351713]
2
iteration 2900
Best Fitness: [0.4758039]
1
iteration 2999
Best Fitness: [0.47247579]
1
iteration 0
Best Fitness: [7.80306359]
1
iteration 100
Best Fitness: [0.89150998]
1
iteration 200
Best Fitness: [0.88374692]
1
iteration 300
Best Fitness: [0.83260489]
1
iteration 400
Best Fitness: [0.91125792]
1
iteration 500
Best Fitness: [0.78610768]
1
iteration 600
Best Fitness: [0.667666]
1
iteration 700
Best Fitness: [0.74398094]
2
iteration 800
Best Fitness: [0.65399011]
1
iteration 900
Best Fitness: [0.62288067]
1
iteration 1000
Best Fitness: [0.5901029]
1
iteration 1100
Best Fitness: [0.57551151]
1
iteration 1200
Best Fitness: [0.55637861]
1
iteration 1300
Best Fitness: [0.5338288]
1
iteration 1400
Best Fitness: [0.55058585]
2
iteration 1500
Best Fitness: [0.5950417]
1
iteration 1600
Best Fitness: [0.53183558]
1
iteration 1700
Best Fitness: [0.52479793]
1
iteration 1800
Best Fitness: [0.51018447]
1
iteration 1900
Best Fitness: [0.53806337]
1
iteration 2000
Best Fitness: [0.52130727]
1
iteration 2100
Best Fitness: [0.45197976]
2
iteration 2200
Best Fitness: [0.50692663]
1
iteration 2300
Best Fitness: [0.4943334]
1
iteration 2400
Best Fitness: [0.5050335]
1
iteration 2500
Best Fitness: [0.50050552]
1
iteration 2600
Best Fitness: [0.49885592]
1
iteration 2700
Best Fitness: [0.49724993]
1
iteration 2800
Best Fitness: [0.42903282]
2
iteration 2900
Best Fitness: [0.49815414]
1
iteration 2999
Best Fitness: [0.49695655]
1
iteration 0
Best Fitness: [7.68957428]
1
iteration 100
Best Fitness: [0.98588892]
1
iteration 200
Best Fitness: [0.88370719]
1
iteration 300
Best Fitness: [0.87487527]
1
iteration 400
Best Fitness: [0.95522931]
1
iteration 500
Best Fitness: [0.78713878]
1
iteration 600
Best Fitness: [0.73015646]
1
iteration 700
Best Fitness: [0.73872373]
2
iteration 800
Best Fitness: [0.63484516]
1
iteration 900
Best Fitness: [0.65230379]
1
iteration 1000
Best Fitness: [0.56980448]
1
iteration 1100
Best Fitness: [0.55329345]
1
iteration 1200
Best Fitness: [0.54089455]
1
iteration 1300
Best Fitness: [0.49726462]
1
iteration 1400
Best Fitness: [0.39478096]
2
iteration 1500
Best Fitness: [0.4730162]
1
iteration 1600
Best Fitness: [0.44707624]
1
iteration 1700
Best Fitness: [0.45757484]
1
iteration 1800
Best Fitness: [0.44791242]
1
iteration 1900
Best Fitness: [0.46714525]
1
iteration 2000
Best Fitness: [0.49153431]
1
iteration 2100
Best Fitness: [0.39978817]
2
iteration 2200
Best Fitness: [0.4798867]
1
iteration 2300
Best Fitness: [0.48714658]
1
iteration 2400
Best Fitness: [0.42328687]
1
iteration 2500
Best Fitness: [0.43302059]
1
iteration 2600
Best Fitness: [0.4161919]
1
iteration 2700
Best Fitness: [0.40727668]
1
iteration 2800
Best Fitness: [0.38863808]
2
iteration 2900
Best Fitness: [0.3999006]
1
iteration 2999
Best Fitness: [0.4032715]
1
iteration 0
Best Fitness: [7.75299653]
1
iteration 100
Best Fitness: [1.03049925]
1
iteration 200
Best Fitness: [0.75735612]
1
iteration 300
Best Fitness: [0.91675553]
1
iteration 400
Best Fitness: [0.72499122]
1
iteration 500
Best Fitness: [0.69867922]
1
iteration 600
Best Fitness: [0.63489163]
1
iteration 700
Best Fitness: [0.63351531]
2
iteration 800
Best Fitness: [0.56577525]
1
iteration 900
Best Fitness: [0.48976455]
1
iteration 1000
Best Fitness: [0.4923257]
1
iteration 1100
Best Fitness: [0.39911185]
1
iteration 1200
Best Fitness: [0.37604735]
1
iteration 1300
Best Fitness: [0.38372713]
1
iteration 1400
Best Fitness: [0.37228025]
2
iteration 1500
Best Fitness: [0.40822387]
1
iteration 1600
Best Fitness: [0.36718724]
1
iteration 1700
Best Fitness: [0.36597363]
1
iteration 1800
Best Fitness: [0.40859069]
1
iteration 1900
Best Fitness: [0.46413865]
1
iteration 2000
Best Fitness: [0.45217112]
1
iteration 2100
Best Fitness: [0.34770945]
2
iteration 2200
Best Fitness: [0.3797631]
1
iteration 2300
Best Fitness: [0.40428085]
1
iteration 2400
Best Fitness: [0.39512921]
1
iteration 2500
Best Fitness: [0.43442348]
1
iteration 2600
Best Fitness: [0.37724614]
1
iteration 2700
Best Fitness: [0.43557632]
1
iteration 2800
Best Fitness: [0.34924362]
2
iteration 2900
Best Fitness: [0.41684447]
1
iteration 2999
Best Fitness: [0.45186872]
1
iteration 0
Best Fitness: [7.47033307]
1
iteration 100
Best Fitness: [1.07761355]
1
iteration 200
Best Fitness: [0.9908507]
1
iteration 300
Best Fitness: [0.92709874]
1
iteration 400
Best Fitness: [0.92466695]
1
iteration 500
Best Fitness: [0.79913987]
1
iteration 600
Best Fitness: [0.74237829]
1
iteration 700
Best Fitness: [0.63650175]
2
iteration 800
Best Fitness: [0.67516624]
1
iteration 900
Best Fitness: [0.71428229]
1
iteration 1000
Best Fitness: [0.52098256]
1
iteration 1100
Best Fitness: [0.44660885]
1
iteration 1200
Best Fitness: [0.54895801]
1
iteration 1300
Best Fitness: [0.54273004]
1
iteration 1400
Best Fitness: [0.44344774]
2
iteration 1500
Best Fitness: [0.53583395]
1
iteration 1600
Best Fitness: [0.4820444]
1
iteration 1700
Best Fitness: [0.43547789]
1
iteration 1800
Best Fitness: [0.49232921]
1
iteration 1900
Best Fitness: [0.46042607]
1
iteration 2000
Best Fitness: [0.44847758]
1
iteration 2100
Best Fitness: [0.33815834]
2
iteration 2200
Best Fitness: [0.45757967]
1
iteration 2300
Best Fitness: [0.43580267]
1
iteration 2400
Best Fitness: [0.37563419]
1
iteration 2500
Best Fitness: [0.39209239]
1
iteration 2600
Best Fitness: [0.37942836]
1
iteration 2700
Best Fitness: [0.38342812]
1
iteration 2800
Best Fitness: [0.34028096]
2
iteration 2900
Best Fitness: [0.35894369]
1
iteration 2999
Best Fitness: [0.38144643]
1
iteration 0
Best Fitness: [7.48544342]
1
iteration 100
Best Fitness: [0.8839014]
1
iteration 200
Best Fitness: [0.76144201]
1
iteration 300
Best Fitness: [0.77572116]
1
iteration 400
Best Fitness: [0.56155057]
1
iteration 500
Best Fitness: [0.55376401]
1
iteration 600
Best Fitness: [0.51768775]
1
iteration 700
Best Fitness: [0.50609748]
2
iteration 800
Best Fitness: [0.55293628]
1
iteration 900
Best Fitness: [0.55174915]
1
iteration 1000
Best Fitness: [0.57579387]
1
iteration 1100
Best Fitness: [0.51629558]
1
iteration 1200
Best Fitness: [0.56654934]
1
iteration 1300
Best Fitness: [0.51070549]
1
iteration 1400
Best Fitness: [0.47393031]
2
iteration 1500
Best Fitness: [0.52674984]
1
iteration 1600
Best Fitness: [0.52827894]
1
iteration 1700
Best Fitness: [0.51744638]
1
iteration 1800
Best Fitness: [0.52948612]
1
iteration 1900
Best Fitness: [0.51033575]
1
iteration 2000
Best Fitness: [0.51575879]
1
iteration 2100
Best Fitness: [0.4473145]
2
iteration 2200
Best Fitness: [0.52047301]
1
iteration 2300
Best Fitness: [0.509284]
1
iteration 2400
Best Fitness: [0.50813582]
1
iteration 2500
Best Fitness: [0.50072128]
1
iteration 2600
Best Fitness: [0.49520054]
1
iteration 2700
Best Fitness: [0.45782683]
1
iteration 2800
Best Fitness: [0.44157081]
2
iteration 2900
Best Fitness: [0.50392148]
1
iteration 2999
Best Fitness: [0.49947679]
1
iteration 0
Best Fitness: [7.32386335]
1
iteration 100
Best Fitness: [0.93059451]
1
iteration 200
Best Fitness: [0.91878029]
1
iteration 300
Best Fitness: [0.80930047]
1
iteration 400
Best Fitness: [0.76902704]
1
iteration 500
Best Fitness: [0.76043266]
1
iteration 600
Best Fitness: [0.70699671]
1
iteration 700
Best Fitness: [0.64352106]
2
iteration 800
Best Fitness: [0.57508517]
1
iteration 900
Best Fitness: [0.66471423]
1
iteration 1000
Best Fitness: [0.55662556]
1
iteration 1100
Best Fitness: [0.55771031]
1
iteration 1200
Best Fitness: [0.53133807]
1
iteration 1300
Best Fitness: [0.50958706]
1
iteration 1400
Best Fitness: [0.50059767]
2
iteration 1500
Best Fitness: [0.54609509]
1
iteration 1600
Best Fitness: [0.48625404]
1
iteration 1700
Best Fitness: [0.49526998]
1
iteration 1800
Best Fitness: [0.49468384]
1
iteration 1900
Best Fitness: [0.5029304]
1
iteration 2000
Best Fitness: [0.48104195]
1
iteration 2100
Best Fitness: [0.46923439]
2
iteration 2200
Best Fitness: [0.49727704]
1
iteration 2300
Best Fitness: [0.48353435]
1
iteration 2400
Best Fitness: [0.47310356]
1
iteration 2500
Best Fitness: [0.49835798]
1
iteration 2600
Best Fitness: [0.49415566]
1
iteration 2700
Best Fitness: [0.5181035]
1
iteration 2800
Best Fitness: [0.38550833]
2
iteration 2900
Best Fitness: [0.47433309]
1
iteration 2999
Best Fitness: [0.50876412]
1
iteration 0
Best Fitness: [7.26950665]
1
iteration 100
Best Fitness: [0.99564531]
1
iteration 200
Best Fitness: [0.91287216]
1
iteration 300
Best Fitness: [0.81742679]
1
iteration 400
Best Fitness: [0.8524609]
1
iteration 500
Best Fitness: [0.7120835]
1
iteration 600
Best Fitness: [0.6567792]
1
iteration 700
Best Fitness: [0.61811698]
2
iteration 800
Best Fitness: [0.55405555]
1
iteration 900
Best Fitness: [0.61061019]
1
iteration 1000
Best Fitness: [0.55691282]
1
iteration 1100
Best Fitness: [0.53027177]
1
iteration 1200
Best Fitness: [0.53914104]
1
iteration 1300
Best Fitness: [0.52672638]
1
iteration 1400
Best Fitness: [0.51478843]
2
iteration 1500
Best Fitness: [0.52518449]
1
iteration 1600
Best Fitness: [0.5809068]
1
iteration 1700
Best Fitness: [0.57754855]
1
iteration 1800
Best Fitness: [0.51073067]
1
iteration 1900
Best Fitness: [0.50553371]
1
iteration 2000
Best Fitness: [0.48577061]
1
iteration 2100
Best Fitness: [0.46863466]
2
iteration 2200
Best Fitness: [0.49282146]
1
iteration 2300
Best Fitness: [0.51223061]
1
iteration 2400
Best Fitness: [0.50841698]
1
iteration 2500
Best Fitness: [0.50646593]
1
iteration 2600
Best Fitness: [0.49384997]
1
iteration 2700
Best Fitness: [0.48854508]
1
iteration 2800
Best Fitness: [0.43828108]
2
iteration 2900
Best Fitness: [0.49618196]
1
iteration 2999
Best Fitness: [0.48057729]
1
iteration 0
Best Fitness: [7.5045457]
1
iteration 100
Best Fitness: [0.86371993]
1
iteration 200
Best Fitness: [0.91783304]
1
iteration 300
Best Fitness: [0.87531715]
1
iteration 400
Best Fitness: [0.75930766]
1
iteration 500
Best Fitness: [0.77191726]
1
iteration 600
Best Fitness: [0.62317676]
1
iteration 700
Best Fitness: [0.57996713]
2
iteration 800
Best Fitness: [0.58165938]
1
iteration 900
Best Fitness: [0.5424977]
1
iteration 1000
Best Fitness: [0.52932626]
1
iteration 1100
Best Fitness: [0.48305688]
1
iteration 1200
Best Fitness: [0.50699367]
1
iteration 1300
Best Fitness: [0.48756472]
1
iteration 1400
Best Fitness: [0.42264369]
2
iteration 1500
Best Fitness: [0.38786632]
1
iteration 1600
Best Fitness: [0.43061495]
1
iteration 1700
Best Fitness: [0.43185011]
1
iteration 1800
Best Fitness: [0.46688957]
1
iteration 1900
Best Fitness: [0.43912446]
1
iteration 2000
Best Fitness: [0.4458536]
1
iteration 2100
Best Fitness: [0.35473658]
2
iteration 2200
Best Fitness: [0.42770154]
1
iteration 2300
Best Fitness: [0.44626849]
1
iteration 2400
Best Fitness: [0.4358468]
1
iteration 2500
Best Fitness: [0.43574914]
1
iteration 2600
Best Fitness: [0.43202606]
1
iteration 2700
Best Fitness: [0.42244024]
1
iteration 2800
Best Fitness: [0.34254013]
2
iteration 2900
Best Fitness: [0.42339296]
1
iteration 2999
Best Fitness: [0.41602162]
1
[array([0.53690902]), array([0.47247579]), array([0.49695655]), array([0.4032715]), array([0.45186872]), array([0.38144643]), array([0.49947679]), array([0.50876412]), array([0.48057729]), array([0.41602162])]
iteration 0
Best Fitness: [571.95673582]
1
iteration 100
Best Fitness: [0.37067352]
1
iteration 200
Best Fitness: [0.47553462]
1
iteration 300
Best Fitness: [0.40237348]
1
iteration 400
Best Fitness: [0.40202817]
1
iteration 500
Best Fitness: [0.42424375]
1
iteration 600
Best Fitness: [0.29884666]
1
iteration 700
Best Fitness: [0.48441578]
2
iteration 800
Best Fitness: [0.40873634]
1
iteration 900
Best Fitness: [0.40952943]
1
iteration 1000
Best Fitness: [0.32034408]
1
iteration 1100
Best Fitness: [0.46192937]
1
iteration 1200
Best Fitness: [0.3559451]
1
iteration 1300
Best Fitness: [0.29205324]
1
iteration 1400
Best Fitness: [0.29442879]
2
iteration 1500
Best Fitness: [0.40602034]
1
iteration 1600
Best Fitness: [0.25686537]
1
iteration 1700
Best Fitness: [0.28418157]
1
iteration 1800
Best Fitness: [0.26137045]
1
iteration 1900
Best Fitness: [0.31056358]
1
iteration 2000
Best Fitness: [0.25538459]
1
iteration 2100
Best Fitness: [0.2626476]
2
iteration 2200
Best Fitness: [0.23976195]
1
iteration 2300
Best Fitness: [0.24219552]
1
iteration 2400
Best Fitness: [0.24318489]
1
iteration 2500
Best Fitness: [0.26121044]
1
iteration 2600
Best Fitness: [0.24326204]
1
iteration 2700
Best Fitness: [0.25092057]
1
iteration 2800
Best Fitness: [0.20892372]
2
iteration 2900
Best Fitness: [0.25067412]
1
iteration 2999
Best Fitness: [0.25741207]
1
iteration 0
Best Fitness: [610.15284295]
1
iteration 100
Best Fitness: [0.64844498]
1
iteration 200
Best Fitness: [0.51233818]
1
iteration 300
Best Fitness: [0.43758891]
1
iteration 400
Best Fitness: [0.40050371]
1
iteration 500
Best Fitness: [0.36357511]
1
iteration 600
Best Fitness: [0.31797831]
1
iteration 700
Best Fitness: [0.37937016]
2
iteration 800
Best Fitness: [0.32695811]
1
iteration 900
Best Fitness: [0.48033791]
1
iteration 1000
Best Fitness: [0.471962]
1
iteration 1100
Best Fitness: [0.3743426]
1
iteration 1200
Best Fitness: [0.36399853]
1
iteration 1300
Best Fitness: [0.32432282]
1
iteration 1400
Best Fitness: [0.25808488]
2
iteration 1500
Best Fitness: [0.34712444]
1
iteration 1600
Best Fitness: [0.26224425]
1
iteration 1700
Best Fitness: [0.26513064]
1
iteration 1800
Best Fitness: [0.26316485]
1
iteration 1900
Best Fitness: [0.25080406]
1
iteration 2000
Best Fitness: [0.28083383]
1
iteration 2100
Best Fitness: [0.25109217]
2
iteration 2200
Best Fitness: [0.26460657]
1
iteration 2300
Best Fitness: [0.27110565]
1
iteration 2400
Best Fitness: [0.25223453]
1
iteration 2500
Best Fitness: [0.252354]
1
iteration 2600
Best Fitness: [0.25925513]
1
iteration 2700
Best Fitness: [0.24622529]
1
iteration 2800
Best Fitness: [0.22105909]
2
iteration 2900
Best Fitness: [0.22104287]
1
iteration 2999
Best Fitness: [0.22919077]
1
iteration 0
Best Fitness: [575.78486361]
1
iteration 100
Best Fitness: [0.78418746]
1
iteration 200
Best Fitness: [0.44374783]
1
iteration 300
Best Fitness: [0.41918521]
1
iteration 400
Best Fitness: [0.53395659]
1
iteration 500
Best Fitness: [0.58403703]
1
iteration 600
Best Fitness: [0.46008437]
1
iteration 700
Best Fitness: [0.26305309]
2
iteration 800
Best Fitness: [0.30702108]
1
iteration 900
Best Fitness: [0.31674913]
1
iteration 1000
Best Fitness: [0.50976895]
1
iteration 1100
Best Fitness: [0.31860437]
1
iteration 1200
Best Fitness: [0.3145717]
1
iteration 1300
Best Fitness: [0.32266419]
1
iteration 1400
Best Fitness: [0.27711472]
2
iteration 1500
Best Fitness: [0.31152506]
1
iteration 1600
Best Fitness: [0.3220288]
1
iteration 1700
Best Fitness: [0.32243884]
1
iteration 1800
Best Fitness: [0.32036293]
1
iteration 1900
Best Fitness: [0.29254701]
1
iteration 2000
Best Fitness: [0.32707579]
1
iteration 2100
Best Fitness: [0.26857128]
2
iteration 2200
Best Fitness: [0.2776194]
1
iteration 2300
Best Fitness: [0.30622638]
1
iteration 2400
Best Fitness: [0.3172029]
1
iteration 2500
Best Fitness: [0.31341281]
1
iteration 2600
Best Fitness: [0.28899818]
1
iteration 2700
Best Fitness: [0.27933094]
1
iteration 2800
Best Fitness: [0.26998108]
2
iteration 2900
Best Fitness: [0.29894057]
1
iteration 2999
Best Fitness: [0.29108036]
1
iteration 0
Best Fitness: [627.54513119]
1
iteration 100
Best Fitness: [0.30894735]
1
iteration 200
Best Fitness: [0.44975752]
1
iteration 300
Best Fitness: [0.44823547]
1
iteration 400
Best Fitness: [0.49737848]
1
iteration 500
Best Fitness: [0.46645263]
1
iteration 600
Best Fitness: [0.51295046]
1
iteration 700
Best Fitness: [0.29941926]
2
iteration 800
Best Fitness: [0.27415219]
1
iteration 900
Best Fitness: [0.30737504]
1
iteration 1000
Best Fitness: [0.32830951]
1
iteration 1100
Best Fitness: [0.32070134]
1
iteration 1200
Best Fitness: [0.29930251]
1
iteration 1300
Best Fitness: [0.28167901]
1
iteration 1400
Best Fitness: [0.2731585]
2
iteration 1500
Best Fitness: [0.30091583]
1
iteration 1600
Best Fitness: [0.30742481]
1
iteration 1700
Best Fitness: [0.31084679]
1
iteration 1800
Best Fitness: [0.2939499]
1
iteration 1900
Best Fitness: [0.27289625]
1
iteration 2000
Best Fitness: [0.2933247]
1
iteration 2100
Best Fitness: [0.26160822]
2
iteration 2200
Best Fitness: [0.28185205]
1
iteration 2300
Best Fitness: [0.27269655]
1
iteration 2400
Best Fitness: [0.26952335]
1
iteration 2500
Best Fitness: [0.28440917]
1
iteration 2600
Best Fitness: [0.29669377]
1
iteration 2700
Best Fitness: [0.26799281]
1
iteration 2800
Best Fitness: [0.28020471]
2
iteration 2900
Best Fitness: [0.305898]
1
iteration 2999
Best Fitness: [0.30234844]
1
iteration 0
Best Fitness: [604.16452922]
1
iteration 100
Best Fitness: [0.49276612]
1
iteration 200
Best Fitness: [0.29412304]
1
iteration 300
Best Fitness: [0.25872546]
1
iteration 400
Best Fitness: [0.27574222]
1
iteration 500
Best Fitness: [0.26646339]
1
iteration 600
Best Fitness: [0.26758711]
1
iteration 700
Best Fitness: [0.2844163]
2
iteration 800
Best Fitness: [0.26677568]
1
iteration 900
Best Fitness: [0.27263751]
1
iteration 1000
Best Fitness: [0.26617307]
1
iteration 1100
Best Fitness: [0.26417948]
1
iteration 1200
Best Fitness: [0.26985687]
1
iteration 1300
Best Fitness: [0.2593492]
1
iteration 1400
Best Fitness: [0.23024094]
2
iteration 1500
Best Fitness: [0.26379584]
1
iteration 1600
Best Fitness: [0.26423447]
1
iteration 1700
Best Fitness: [0.25429375]
1
iteration 1800
Best Fitness: [0.27037928]
1
iteration 1900
Best Fitness: [0.27586971]
1
iteration 2000
Best Fitness: [0.26194304]
1
iteration 2100
Best Fitness: [0.27255027]
2
iteration 2200
Best Fitness: [0.25954603]
1
iteration 2300
Best Fitness: [0.25891013]
1
iteration 2400
Best Fitness: [0.2586785]
1
iteration 2500
Best Fitness: [0.28032872]
1
iteration 2600
Best Fitness: [0.2698601]
1
iteration 2700
Best Fitness: [0.26023824]
1
iteration 2800
Best Fitness: [0.24330633]
2
iteration 2900
Best Fitness: [0.25808719]
1
iteration 2999
Best Fitness: [0.26084024]
1
iteration 0
Best Fitness: [662.55191146]
1
iteration 100
Best Fitness: [0.76443961]
1
iteration 200
Best Fitness: [0.58094988]
1
iteration 300
Best Fitness: [0.60668657]
1
iteration 400
Best Fitness: [0.48074039]
1
iteration 500
Best Fitness: [0.63219898]
1
iteration 600
Best Fitness: [0.55213169]
1
iteration 700
Best Fitness: [0.43703587]
2
iteration 800
Best Fitness: [0.37030125]
1
iteration 900
Best Fitness: [0.35707148]
1
iteration 1000
Best Fitness: [0.30465019]
1
iteration 1100
Best Fitness: [0.29425716]
1
iteration 1200
Best Fitness: [0.31174033]
1
iteration 1300
Best Fitness: [0.28310249]
1
iteration 1400
Best Fitness: [0.33419625]
2
iteration 1500
Best Fitness: [0.32788727]
1
iteration 1600
Best Fitness: [0.32381773]
1
iteration 1700
Best Fitness: [0.34762471]
1
iteration 1800
Best Fitness: [0.24919788]
1
iteration 1900
Best Fitness: [0.30929316]
1
iteration 2000
Best Fitness: [0.30731356]
1
iteration 2100
Best Fitness: [0.26614814]
2
iteration 2200
Best Fitness: [0.30535672]
1
iteration 2300
Best Fitness: [0.26552854]
1
iteration 2400
Best Fitness: [0.2630818]
1
iteration 2500
Best Fitness: [0.28593691]
1
iteration 2600
Best Fitness: [0.26466616]
1
iteration 2700
Best Fitness: [0.26728271]
1
iteration 2800
Best Fitness: [0.25380748]
2
iteration 2900
Best Fitness: [0.26087452]
1
iteration 2999
Best Fitness: [0.25796536]
1
iteration 0
Best Fitness: [636.26133465]
1
iteration 100
Best Fitness: [0.7250657]
1
iteration 200
Best Fitness: [0.87091657]
1
iteration 300
Best Fitness: [0.4951748]
1
iteration 400
Best Fitness: [0.44396479]
1
iteration 500
Best Fitness: [0.37941518]
1
iteration 600
Best Fitness: [0.40424325]
1
iteration 700
Best Fitness: [0.31570719]
2
iteration 800
Best Fitness: [0.35070681]
1
iteration 900
Best Fitness: [0.3875468]
1
iteration 1000
Best Fitness: [0.42951928]
1
iteration 1100
Best Fitness: [0.34467105]
1
iteration 1200
Best Fitness: [0.2312944]
1
iteration 1300
Best Fitness: [0.31594685]
1
iteration 1400
Best Fitness: [0.28374448]
2
iteration 1500
Best Fitness: [0.24764303]
1
iteration 1600
Best Fitness: [0.29512153]
1
iteration 1700
Best Fitness: [0.25742794]
1
iteration 1800
Best Fitness: [0.25002535]
1
iteration 1900
Best Fitness: [0.32578632]
1
iteration 2000
Best Fitness: [0.23968628]
1
iteration 2100
Best Fitness: [0.2686879]
2
iteration 2200
Best Fitness: [0.21635649]
1
iteration 2300
Best Fitness: [0.2430514]
1
iteration 2400
Best Fitness: [0.24443001]
1
iteration 2500
Best Fitness: [0.25940012]
1
iteration 2600
Best Fitness: [0.2325136]
1
iteration 2700
Best Fitness: [0.23351765]
1
iteration 2800
Best Fitness: [0.22387145]
2
iteration 2900
Best Fitness: [0.23222893]
1
iteration 2999
Best Fitness: [0.23476227]
1
iteration 0
Best Fitness: [605.96337136]
1
iteration 100
Best Fitness: [0.282822]
1
iteration 200
Best Fitness: [0.28443532]
1
iteration 300
Best Fitness: [0.3417121]
1
iteration 400
Best Fitness: [0.26880332]
1
iteration 500
Best Fitness: [0.30156586]
1
iteration 600
Best Fitness: [0.33765855]
1
iteration 700
Best Fitness: [0.32204416]
2
iteration 800
Best Fitness: [0.29513467]
1
iteration 900
Best Fitness: [0.31805734]
1
iteration 1000
Best Fitness: [0.28819693]
1
iteration 1100
Best Fitness: [0.24725444]
1
iteration 1200
Best Fitness: [0.28924302]
1
iteration 1300
Best Fitness: [0.29786794]
1
iteration 1400
Best Fitness: [0.29897616]
2
iteration 1500
Best Fitness: [0.284425]
1
iteration 1600
Best Fitness: [0.29625693]
1
iteration 1700
Best Fitness: [0.32495401]
1
iteration 1800
Best Fitness: [0.28221142]
1
iteration 1900
Best Fitness: [0.27814721]
1
iteration 2000
Best Fitness: [0.26929714]
1
iteration 2100
Best Fitness: [0.22892826]
2
iteration 2200
Best Fitness: [0.26217881]
1
iteration 2300
Best Fitness: [0.2843427]
1
iteration 2400
Best Fitness: [0.27904414]
1
iteration 2500
Best Fitness: [0.23887796]
1
iteration 2600
Best Fitness: [0.24268664]
1
iteration 2700
Best Fitness: [0.25697109]
1
iteration 2800
Best Fitness: [0.20572574]
2
iteration 2900
Best Fitness: [0.2461368]
1
iteration 2999
Best Fitness: [0.25468855]
1
iteration 0
Best Fitness: [554.41093063]
1
iteration 100
Best Fitness: [1.0114063]
1
iteration 200
Best Fitness: [0.51456438]
1
iteration 300
Best Fitness: [0.42920991]
1
iteration 400
Best Fitness: [0.45098876]
1
iteration 500
Best Fitness: [0.57231504]
1
iteration 600
Best Fitness: [0.46613025]
1
iteration 700
Best Fitness: [0.30633607]
2
iteration 800
Best Fitness: [0.35490815]
1
iteration 900
Best Fitness: [0.38296408]
1
iteration 1000
Best Fitness: [0.45125081]
1
iteration 1100
Best Fitness: [0.4610314]
1
iteration 1200
Best Fitness: [0.36802624]
1
iteration 1300
Best Fitness: [0.42704963]
1
iteration 1400
Best Fitness: [0.35075132]
2
iteration 1500
Best Fitness: [0.35359172]
1
iteration 1600
Best Fitness: [0.31867727]
1
iteration 1700
Best Fitness: [0.31930201]
1
iteration 1800
Best Fitness: [0.4266623]
1
iteration 1900
Best Fitness: [0.3019293]
1
iteration 2000
Best Fitness: [0.2847119]
1
iteration 2100
Best Fitness: [0.31480623]
2
iteration 2200
Best Fitness: [0.26926672]
1
iteration 2300
Best Fitness: [0.26796348]
1
iteration 2400
Best Fitness: [0.28108688]
1
iteration 2500
Best Fitness: [0.2829992]
1
iteration 2600
Best Fitness: [0.29859081]
1
iteration 2700
Best Fitness: [0.27853526]
1
iteration 2800
Best Fitness: [0.2538966]
2
iteration 2900
Best Fitness: [0.28063783]
1
iteration 2999
Best Fitness: [0.25499602]
1
iteration 0
Best Fitness: [640.61795299]
1
iteration 100
Best Fitness: [0.77508151]
1
iteration 200
Best Fitness: [0.52611435]
1
iteration 300
Best Fitness: [0.51093603]
1
iteration 400
Best Fitness: [0.52960617]
1
iteration 500
Best Fitness: [0.39535475]
1
iteration 600
Best Fitness: [0.54176327]
1
iteration 700
Best Fitness: [0.3166526]
2
iteration 800
Best Fitness: [0.52795933]
1
iteration 900
Best Fitness: [0.28132006]
1
iteration 1000
Best Fitness: [0.34571825]
1
iteration 1100
Best Fitness: [0.32406334]
1
iteration 1200
Best Fitness: [0.30634901]
1
iteration 1300
Best Fitness: [0.36499056]
1
iteration 1400
Best Fitness: [0.28934263]
2
iteration 1500
Best Fitness: [0.28463128]
1
iteration 1600
Best Fitness: [0.26966575]
1
iteration 1700
Best Fitness: [0.28407493]
1
iteration 1800
Best Fitness: [0.26361149]
1
iteration 1900
Best Fitness: [0.28286103]
1
iteration 2000
Best Fitness: [0.27679696]
1
iteration 2100
Best Fitness: [0.23304655]
2
iteration 2200
Best Fitness: [0.24625506]
1
iteration 2300
Best Fitness: [0.26760861]
1
iteration 2400
Best Fitness: [0.2799746]
1
iteration 2500
Best Fitness: [0.28572041]
1
iteration 2600
Best Fitness: [0.24726315]
1
iteration 2700
Best Fitness: [0.25214869]
1
iteration 2800
Best Fitness: [0.23930532]
2
iteration 2900
Best Fitness: [0.26402264]
1
iteration 2999
Best Fitness: [0.27719711]
1
[array([0.25741207]), array([0.22919077]), array([0.29108036]), array([0.30234844]), array([0.26084024]), array([0.25796536]), array([0.23476227]), array([0.25468855]), array([0.25499602]), array([0.27719711])]
iteration 0
Best Fitness: [12745522.04037903]
1
iteration 100
Best Fitness: [44.43281267]
1
iteration 200
Best Fitness: [21.52932269]
1
iteration 300
Best Fitness: [9.33318638]
1
iteration 400
Best Fitness: [3.80174352]
1
iteration 500
Best Fitness: [3.06592699]
1
iteration 600
Best Fitness: [2.32747347]
1
iteration 700
Best Fitness: [2.23951417]
2
iteration 800
Best Fitness: [2.23200943]
1
iteration 900
Best Fitness: [2.22056109]
1
iteration 1000
Best Fitness: [2.19781332]
1
iteration 1100
Best Fitness: [2.19351456]
1
iteration 1200
Best Fitness: [2.18939552]
1
iteration 1300
Best Fitness: [2.18544497]
1
iteration 1400
Best Fitness: [2.18220272]
2
iteration 1500
Best Fitness: [2.17900295]
1
iteration 1600
Best Fitness: [2.17636362]
1
iteration 1700
Best Fitness: [2.17403734]
1
iteration 1800
Best Fitness: [2.1721537]
1
iteration 1900
Best Fitness: [2.17035764]
1
iteration 2000
Best Fitness: [2.16882321]
1
iteration 2100
Best Fitness: [2.16744011]
2
iteration 2200
Best Fitness: [2.16611538]
1
iteration 2300
Best Fitness: [2.16497128]
1
iteration 2400
Best Fitness: [2.16406727]
1
iteration 2500
Best Fitness: [2.16324952]
1
iteration 2600
Best Fitness: [2.16240956]
1
iteration 2700
Best Fitness: [2.16162161]
1
iteration 2800
Best Fitness: [2.16092503]
2
iteration 2900
Best Fitness: [2.16014113]
1
iteration 2999
Best Fitness: [2.15961765]
1
iteration 0
Best Fitness: [6292644.68382261]
1
iteration 100
Best Fitness: [40.30904048]
1
iteration 200
Best Fitness: [20.2023118]
1
iteration 300
Best Fitness: [9.78695985]
1
iteration 400
Best Fitness: [4.20922162]
1
iteration 500
Best Fitness: [3.38243734]
1
iteration 600
Best Fitness: [2.78327429]
1
iteration 700
Best Fitness: [2.38456229]
2
iteration 800
Best Fitness: [2.29506005]
1
iteration 900
Best Fitness: [2.2797046]
1
iteration 1000
Best Fitness: [2.26678822]
1
iteration 1100
Best Fitness: [2.26013804]
1
iteration 1200
Best Fitness: [2.23556693]
1
iteration 1300
Best Fitness: [2.21955765]
1
iteration 1400
Best Fitness: [2.14867643]
2
iteration 1500
Best Fitness: [2.1446819]
1
iteration 1600
Best Fitness: [2.13523522]
1
iteration 1700
Best Fitness: [2.13062494]
1
iteration 1800
Best Fitness: [2.11182918]
1
iteration 1900
Best Fitness: [2.10548149]
1
iteration 2000
Best Fitness: [2.10250305]
1
iteration 2100
Best Fitness: [2.09959684]
2
iteration 2200
Best Fitness: [2.09715848]
1
iteration 2300
Best Fitness: [2.09461723]
1
iteration 2400
Best Fitness: [2.09201345]
1
iteration 2500
Best Fitness: [2.09027641]
1
iteration 2600
Best Fitness: [2.0887694]
1
iteration 2700
Best Fitness: [2.08706022]
1
iteration 2800
Best Fitness: [2.08539746]
2
iteration 2900
Best Fitness: [2.08378625]
1
iteration 2999
Best Fitness: [2.08252338]
1
iteration 0
Best Fitness: [10184553.55001923]
1
iteration 100
Best Fitness: [44.38770771]
1
iteration 200
Best Fitness: [18.09860831]
1
iteration 300
Best Fitness: [9.2948693]
1
iteration 400
Best Fitness: [4.9497722]
1
iteration 500
Best Fitness: [3.53450448]
1
iteration 600
Best Fitness: [2.97021635]
1
iteration 700
Best Fitness: [2.63695215]
2
iteration 800
Best Fitness: [2.56494899]
1
iteration 900
Best Fitness: [2.52759873]
1
iteration 1000
Best Fitness: [2.51114346]
1
iteration 1100
Best Fitness: [2.50991435]
1
iteration 1200
Best Fitness: [2.50839101]
1
iteration 1300
Best Fitness: [2.50781971]
1
iteration 1400
Best Fitness: [2.50653484]
2
iteration 1500
Best Fitness: [2.50564936]
1
iteration 1600
Best Fitness: [2.50487428]
1
iteration 1700
Best Fitness: [2.5041258]
1
iteration 1800
Best Fitness: [2.50329572]
1
iteration 1900
Best Fitness: [2.50257522]
1
iteration 2000
Best Fitness: [2.50185548]
1
iteration 2100
Best Fitness: [2.5010642]
2
iteration 2200
Best Fitness: [2.50035609]
1
iteration 2300
Best Fitness: [2.49969747]
1
iteration 2400
Best Fitness: [2.49906479]
1
iteration 2500
Best Fitness: [2.4982989]
1
iteration 2600
Best Fitness: [2.49765244]
1
iteration 2700
Best Fitness: [2.49694313]
1
iteration 2800
Best Fitness: [2.49629127]
2
iteration 2900
Best Fitness: [2.49565774]
1
iteration 2999
Best Fitness: [2.49510031]
1
iteration 0
Best Fitness: [11582059.23723809]
1
iteration 100
Best Fitness: [47.26701084]
1
iteration 200
Best Fitness: [19.00241846]
1
iteration 300
Best Fitness: [9.25354419]
1
iteration 400
Best Fitness: [4.10304419]
1
iteration 500
Best Fitness: [3.20347181]
1
iteration 600
Best Fitness: [2.56361309]
1
iteration 700
Best Fitness: [2.34420323]
2
iteration 800
Best Fitness: [2.30872385]
1
iteration 900
Best Fitness: [2.26381297]
1
iteration 1000
Best Fitness: [2.25229819]
1
iteration 1100
Best Fitness: [2.24883461]
1
iteration 1200
Best Fitness: [2.24552879]
1
iteration 1300
Best Fitness: [2.2471053]
1
iteration 1400
Best Fitness: [2.24105624]
2
iteration 1500
Best Fitness: [2.23253114]
1
iteration 1600
Best Fitness: [2.22713485]
1
iteration 1700
Best Fitness: [2.22515886]
1
iteration 1800
Best Fitness: [2.22415156]
1
iteration 1900
Best Fitness: [2.22240801]
1
iteration 2000
Best Fitness: [2.22210972]
1
iteration 2100
Best Fitness: [2.22109335]
2
iteration 2200
Best Fitness: [2.21951618]
1
iteration 2300
Best Fitness: [2.2175593]
1
iteration 2400
Best Fitness: [2.21642108]
1
iteration 2500
Best Fitness: [2.2144562]
1
iteration 2600
Best Fitness: [2.21327799]
1
iteration 2700
Best Fitness: [2.21210191]
1
iteration 2800
Best Fitness: [2.20955665]
2
iteration 2900
Best Fitness: [2.2071204]
1
iteration 2999
Best Fitness: [2.20526116]
1
iteration 0
Best Fitness: [11347470.89345383]
1
iteration 100
Best Fitness: [43.95190722]
1
iteration 200
Best Fitness: [20.75439003]
1
iteration 300
Best Fitness: [8.84565163]
1
iteration 400
Best Fitness: [4.2143268]
1
iteration 500
Best Fitness: [2.60036485]
1
iteration 600
Best Fitness: [2.17551187]
1
iteration 700
Best Fitness: [1.59882217]
2
iteration 800
Best Fitness: [1.54284726]
1
iteration 900
Best Fitness: [1.5398483]
1
iteration 1000
Best Fitness: [1.4750011]
1
iteration 1100
Best Fitness: [1.47452768]
1
iteration 1200
Best Fitness: [1.47404336]
1
iteration 1300
Best Fitness: [1.47387031]
1
iteration 1400
Best Fitness: [1.47326268]
2
iteration 1500
Best Fitness: [1.47278317]
1
iteration 1600
Best Fitness: [1.47241766]
1
iteration 1700
Best Fitness: [1.47203833]
1
iteration 1800
Best Fitness: [1.4716988]
1
iteration 1900
Best Fitness: [1.47134255]
1
iteration 2000
Best Fitness: [1.47100518]
1
iteration 2100
Best Fitness: [1.47068994]
2
iteration 2200
Best Fitness: [1.47031885]
1
iteration 2300
Best Fitness: [1.47005586]
1
iteration 2400
Best Fitness: [1.46978523]
1
iteration 2500
Best Fitness: [1.46952636]
1
iteration 2600
Best Fitness: [1.46927612]
1
iteration 2700
Best Fitness: [1.46902355]
1
iteration 2800
Best Fitness: [1.46875635]
2
iteration 2900
Best Fitness: [1.46848931]
1
iteration 2999
Best Fitness: [1.46826978]
1
iteration 0
Best Fitness: [6954702.57830441]
1
iteration 100
Best Fitness: [51.8087834]
1
iteration 200
Best Fitness: [23.47940737]
1
iteration 300
Best Fitness: [11.34475476]
1
iteration 400
Best Fitness: [6.07945638]
1
iteration 500
Best Fitness: [4.60442474]
1
iteration 600
Best Fitness: [4.12149382]
1
iteration 700
Best Fitness: [3.62240307]
2
iteration 800
Best Fitness: [3.62618362]
1
iteration 900
Best Fitness: [3.58013149]
1
iteration 1000
Best Fitness: [3.54035428]
1
iteration 1100
Best Fitness: [3.53553166]
1
iteration 1200
Best Fitness: [3.5282736]
1
iteration 1300
Best Fitness: [3.5060635]
1
iteration 1400
Best Fitness: [3.50441759]
2
iteration 1500
Best Fitness: [3.50411613]
1
iteration 1600
Best Fitness: [3.50360028]
1
iteration 1700
Best Fitness: [3.50310859]
1
iteration 1800
Best Fitness: [3.50271941]
1
iteration 1900
Best Fitness: [3.50227762]
1
iteration 2000
Best Fitness: [3.50197256]
1
iteration 2100
Best Fitness: [3.50057571]
2
iteration 2200
Best Fitness: [3.50020526]
1
iteration 2300
Best Fitness: [3.49992428]
1
iteration 2400
Best Fitness: [3.49969825]
1
iteration 2500
Best Fitness: [3.49938599]
1
iteration 2600
Best Fitness: [3.4991714]
1
iteration 2700
Best Fitness: [3.49900844]
1
iteration 2800
Best Fitness: [3.4987925]
2
iteration 2900
Best Fitness: [3.49860533]
1
iteration 2999
Best Fitness: [3.49844883]
1
iteration 0
Best Fitness: [11832495.83369304]
1
iteration 100
Best Fitness: [54.38201751]
1
iteration 200
Best Fitness: [26.85842249]
1
iteration 300
Best Fitness: [10.93026288]
1
iteration 400
Best Fitness: [6.7709559]
1
iteration 500
Best Fitness: [4.59488634]
1
iteration 600
Best Fitness: [3.69870959]
1
iteration 700
Best Fitness: [3.20116805]
2
iteration 800
Best Fitness: [3.0738465]
1
iteration 900
Best Fitness: [3.03248627]
1
iteration 1000
Best Fitness: [3.01901104]
1
iteration 1100
Best Fitness: [3.00766981]
1
iteration 1200
Best Fitness: [3.00301234]
1
iteration 1300
Best Fitness: [2.95350463]
1
iteration 1400
Best Fitness: [2.95211106]
2
iteration 1500
Best Fitness: [2.92459503]
1
iteration 1600
Best Fitness: [2.92203033]
1
iteration 1700
Best Fitness: [2.91870428]
1
iteration 1800
Best Fitness: [2.91740269]
1
iteration 1900
Best Fitness: [2.91555737]
1
iteration 2000
Best Fitness: [2.91105723]
1
iteration 2100
Best Fitness: [2.90949466]
2
iteration 2200
Best Fitness: [2.90805325]
1
iteration 2300
Best Fitness: [2.90700335]
1
iteration 2400
Best Fitness: [2.90591157]
1
iteration 2500
Best Fitness: [2.90502277]
1
iteration 2600
Best Fitness: [2.90425752]
1
iteration 2700
Best Fitness: [2.90336021]
1
iteration 2800
Best Fitness: [2.90261858]
2
iteration 2900
Best Fitness: [2.90175383]
1
iteration 2999
Best Fitness: [2.90108947]
1
iteration 0
Best Fitness: [10310499.20689131]
1
iteration 100
Best Fitness: [43.8529571]
1
iteration 200
Best Fitness: [20.67419739]
1
iteration 300
Best Fitness: [9.81851802]
1
iteration 400
Best Fitness: [4.28948559]
1
iteration 500
Best Fitness: [3.20983884]
1
iteration 600
Best Fitness: [2.48198761]
1
iteration 700
Best Fitness: [2.24870241]
2
iteration 800
Best Fitness: [2.19387243]
1
iteration 900
Best Fitness: [2.10042489]
1
iteration 1000
Best Fitness: [2.07831499]
1
iteration 1100
Best Fitness: [2.07052543]
1
iteration 1200
Best Fitness: [2.06551743]
1
iteration 1300
Best Fitness: [2.06036406]
1
iteration 1400
Best Fitness: [2.05578885]
2
iteration 1500
Best Fitness: [2.05187486]
1
iteration 1600
Best Fitness: [2.04803989]
1
iteration 1700
Best Fitness: [2.04441502]
1
iteration 1800
Best Fitness: [2.04113092]
1
iteration 1900
Best Fitness: [2.03819177]
1
iteration 2000
Best Fitness: [2.03579295]
1
iteration 2100
Best Fitness: [2.0334249]
2
iteration 2200
Best Fitness: [2.03114323]
1
iteration 2300
Best Fitness: [2.02921271]
1
iteration 2400
Best Fitness: [2.02741785]
1
iteration 2500
Best Fitness: [2.02563936]
1
iteration 2600
Best Fitness: [2.02387435]
1
iteration 2700
Best Fitness: [2.02211642]
1
iteration 2800
Best Fitness: [2.0205668]
2
iteration 2900
Best Fitness: [2.01887939]
1
iteration 2999
Best Fitness: [2.01761427]
1
iteration 0
Best Fitness: [11101846.24450992]
1
iteration 100
Best Fitness: [50.63971835]
1
iteration 200
Best Fitness: [21.67544573]
1
iteration 300
Best Fitness: [11.16961796]
1
iteration 400
Best Fitness: [5.76461563]
1
iteration 500
Best Fitness: [3.39541103]
1
iteration 600
Best Fitness: [2.96784949]
1
iteration 700
Best Fitness: [2.41628798]
2
iteration 800
Best Fitness: [2.51766383]
1
iteration 900
Best Fitness: [2.46276728]
1
iteration 1000
Best Fitness: [2.3738706]
1
iteration 1100
Best Fitness: [2.36904055]
1
iteration 1200
Best Fitness: [2.21765601]
1
iteration 1300
Best Fitness: [2.2111788]
1
iteration 1400
Best Fitness: [2.20751317]
2
iteration 1500
Best Fitness: [2.20431191]
1
iteration 1600
Best Fitness: [2.20215124]
1
iteration 1700
Best Fitness: [2.19993284]
1
iteration 1800
Best Fitness: [2.19802936]
1
iteration 1900
Best Fitness: [2.19629171]
1
iteration 2000
Best Fitness: [2.19474083]
1
iteration 2100
Best Fitness: [2.19306756]
2
iteration 2200
Best Fitness: [2.19178404]
1
iteration 2300
Best Fitness: [2.19079003]
1
iteration 2400
Best Fitness: [2.18980322]
1
iteration 2500
Best Fitness: [2.18894091]
1
iteration 2600
Best Fitness: [2.18816071]
1
iteration 2700
Best Fitness: [2.1874445]
1
iteration 2800
Best Fitness: [2.18672282]
2
iteration 2900
Best Fitness: [2.18612348]
1
iteration 2999
Best Fitness: [2.18540325]
1
iteration 0
Best Fitness: [8503260.24724467]
1
iteration 100
Best Fitness: [48.3260695]
1
iteration 200
Best Fitness: [25.84621941]
1
iteration 300
Best Fitness: [12.94730809]
1
iteration 400
Best Fitness: [7.1118384]
1
iteration 500
Best Fitness: [5.04748629]
1
iteration 600
Best Fitness: [4.35013961]
1
iteration 700
Best Fitness: [3.56351676]
2
iteration 800
Best Fitness: [3.69936663]
1
iteration 900
Best Fitness: [3.3066042]
1
iteration 1000
Best Fitness: [3.30108733]
1
iteration 1100
Best Fitness: [3.30067668]
1
iteration 1200
Best Fitness: [3.3004499]
1
iteration 1300
Best Fitness: [3.30083477]
1
iteration 1400
Best Fitness: [3.25203788]
2
iteration 1500
Best Fitness: [3.24617294]
1
iteration 1600
Best Fitness: [3.23472702]
1
iteration 1700
Best Fitness: [3.22180661]
1
iteration 1800
Best Fitness: [3.22149853]
1
iteration 1900
Best Fitness: [3.2213593]
1
iteration 2000
Best Fitness: [3.22092122]
1
iteration 2100
Best Fitness: [3.22059276]
2
iteration 2200
Best Fitness: [3.22047136]
1
iteration 2300
Best Fitness: [3.22031553]
1
iteration 2400
Best Fitness: [3.22020627]
1
iteration 2500
Best Fitness: [3.22011577]
1
iteration 2600
Best Fitness: [3.22002585]
1
iteration 2700
Best Fitness: [3.21993306]
1
iteration 2800
Best Fitness: [3.21983895]
2
iteration 2900
Best Fitness: [3.21972878]
1
iteration 2999
Best Fitness: [3.21965228]
1
[array([2.15961765]), array([2.08252338]), array([2.49510031]), array([2.20526116]), array([1.46826978]), array([3.49844883]), array([2.90108947]), array([2.01761427]), array([2.18540325]), array([3.21965228])]
iteration 0
Best Fitness: [120.3518692]
1
iteration 100
Best Fitness: [1.07344667]
1
iteration 200
Best Fitness: [0.01605191]
1
iteration 300
Best Fitness: [0.00019624]
1
iteration 400
Best Fitness: [4.73037767e-06]
1
iteration 500
Best Fitness: [8.13119388e-08]
1
iteration 600
Best Fitness: [6.39065521e-10]
1
iteration 700
Best Fitness: [2.76003704e-12]
2
iteration 800
Best Fitness: [1.08418502e-14]
1
iteration 900
Best Fitness: [1.23078835e-16]
1
iteration 1000
Best Fitness: [1.05039939e-18]
1
iteration 1100
Best Fitness: [8.192877e-21]
1
iteration 1200
Best Fitness: [9.11662278e-23]
1
iteration 1300
Best Fitness: [8.13229698e-25]
1
iteration 1400
Best Fitness: [6.4789907e-27]
2
iteration 1500
Best Fitness: [4.41935442e-29]
1
iteration 1600
Best Fitness: [3.79248761e-31]
1
iteration 1700
Best Fitness: [4.18834394e-33]
1
iteration 1800
Best Fitness: [4.25136314e-35]
1
iteration 1900
Best Fitness: [3.25845196e-37]
1
iteration 2000
Best Fitness: [3.24378618e-39]
1
iteration 2100
Best Fitness: [2.21713744e-41]
2
iteration 2200
Best Fitness: [1.38625903e-43]
1
iteration 2300
Best Fitness: [1.28764841e-45]
1
iteration 2400
Best Fitness: [1.36010544e-47]
1
iteration 2500
Best Fitness: [1.37324108e-49]
1
iteration 2600
Best Fitness: [1.11228105e-51]
1
iteration 2700
Best Fitness: [1.09907018e-53]
1
iteration 2800
Best Fitness: [6.09003195e-56]
2
iteration 2900
Best Fitness: [4.76759183e-58]
1
iteration 2999
Best Fitness: [4.52739111e-60]
1
iteration 0
Best Fitness: [123.11762404]
1
iteration 100
Best Fitness: [1.1980909]
1
iteration 200
Best Fitness: [0.01989068]
1
iteration 300
Best Fitness: [0.00030164]
1
iteration 400
Best Fitness: [6.21510312e-06]
1
iteration 500
Best Fitness: [1.19890125e-07]
1
iteration 600
Best Fitness: [7.15437561e-10]
1
iteration 700
Best Fitness: [3.1687227e-12]
2
iteration 800
Best Fitness: [2.23402461e-14]
1
iteration 900
Best Fitness: [1.63596978e-16]
1
iteration 1000
Best Fitness: [1.26078294e-18]
1
iteration 1100
Best Fitness: [1.33087638e-20]
1
iteration 1200
Best Fitness: [1.35767523e-22]
1
iteration 1300
Best Fitness: [1.29247133e-24]
1
iteration 1400
Best Fitness: [7.06428202e-27]
2
iteration 1500
Best Fitness: [4.92677234e-29]
1
iteration 1600
Best Fitness: [4.85485116e-31]
1
iteration 1700
Best Fitness: [4.28781455e-33]
1
iteration 1800
Best Fitness: [4.48042522e-35]
1
iteration 1900
Best Fitness: [3.65693689e-37]
1
iteration 2000
Best Fitness: [3.79181111e-39]
1
iteration 2100
Best Fitness: [2.79765012e-41]
2
iteration 2200
Best Fitness: [2.16358005e-43]
1
iteration 2300
Best Fitness: [1.90699414e-45]
1
iteration 2400
Best Fitness: [1.95770936e-47]
1
iteration 2500
Best Fitness: [1.68746158e-49]
1
iteration 2600
Best Fitness: [1.39654909e-51]
1
iteration 2700
Best Fitness: [1.53788695e-53]
1
iteration 2800
Best Fitness: [1.08558843e-55]
2
iteration 2900
Best Fitness: [6.52956023e-58]
1
iteration 2999
Best Fitness: [6.23637912e-60]
1
iteration 0
Best Fitness: [119.91258776]
1
iteration 100
Best Fitness: [1.08140947]
1
iteration 200
Best Fitness: [0.01909978]
1
iteration 300
Best Fitness: [0.00027626]
1
iteration 400
Best Fitness: [5.36536064e-06]
1
iteration 500
Best Fitness: [9.23197878e-08]
1
iteration 600
Best Fitness: [7.23620611e-10]
1
iteration 700
Best Fitness: [2.1813356e-12]
2
iteration 800
Best Fitness: [1.59573131e-14]
1
iteration 900
Best Fitness: [1.87100692e-16]
1
iteration 1000
Best Fitness: [1.69638472e-18]
1
iteration 1100
Best Fitness: [1.4017722e-20]
1
iteration 1200
Best Fitness: [1.13368441e-22]
1
iteration 1300
Best Fitness: [9.29270388e-25]
1
iteration 1400
Best Fitness: [8.17432472e-27]
2
iteration 1500
Best Fitness: [3.66943658e-29]
1
iteration 1600
Best Fitness: [5.87072809e-31]
1
iteration 1700
Best Fitness: [5.67305846e-33]
1
iteration 1800
Best Fitness: [4.87121913e-35]
1
iteration 1900
Best Fitness: [4.1184269e-37]
1
iteration 2000
Best Fitness: [4.00865821e-39]
1
iteration 2100
Best Fitness: [3.24010747e-41]
2
iteration 2200
Best Fitness: [2.28444514e-43]
1
iteration 2300
Best Fitness: [1.92560287e-45]
1
iteration 2400
Best Fitness: [1.88849474e-47]
1
iteration 2500
Best Fitness: [1.60450611e-49]
1
iteration 2600
Best Fitness: [1.58386796e-51]
1
iteration 2700
Best Fitness: [1.24926391e-53]
1
iteration 2800
Best Fitness: [1.08447114e-55]
2
iteration 2900
Best Fitness: [5.51571875e-58]
1
iteration 2999
Best Fitness: [5.52828795e-60]
1
iteration 0
Best Fitness: [121.21830882]
1
iteration 100
Best Fitness: [1.13935901]
1
iteration 200
Best Fitness: [0.01705859]
1
iteration 300
Best Fitness: [0.0002955]
1
iteration 400
Best Fitness: [5.60686939e-06]
1
iteration 500
Best Fitness: [9.30148434e-08]
1
iteration 600
Best Fitness: [4.20595778e-10]
1
iteration 700
Best Fitness: [2.51157129e-12]
2
iteration 800
Best Fitness: [1.2056318e-14]
1
iteration 900
Best Fitness: [1.16576989e-16]
1
iteration 1000
Best Fitness: [1.25320226e-18]
1
iteration 1100
Best Fitness: [1.13937723e-20]
1
iteration 1200
Best Fitness: [1.00534377e-22]
1
iteration 1300
Best Fitness: [9.44244803e-25]
1
iteration 1400
Best Fitness: [7.08440688e-27]
2
iteration 1500
Best Fitness: [3.565364e-29]
1
iteration 1600
Best Fitness: [3.86903213e-31]
1
iteration 1700
Best Fitness: [3.68179123e-33]
1
iteration 1800
Best Fitness: [3.91811564e-35]
1
iteration 1900
Best Fitness: [3.36358077e-37]
1
iteration 2000
Best Fitness: [3.43437601e-39]
1
iteration 2100
Best Fitness: [2.67816018e-41]
2
iteration 2200
Best Fitness: [1.35051112e-43]
1
iteration 2300
Best Fitness: [1.51886985e-45]
1
iteration 2400
Best Fitness: [1.5973836e-47]
1
iteration 2500
Best Fitness: [1.30398258e-49]
1
iteration 2600
Best Fitness: [1.23155732e-51]
1
iteration 2700
Best Fitness: [1.42325255e-53]
1
iteration 2800
Best Fitness: [9.58898663e-56]
2
iteration 2900
Best Fitness: [6.42132895e-58]
1
iteration 2999
Best Fitness: [6.56775644e-60]
1
iteration 0
Best Fitness: [112.80535666]
1
iteration 100
Best Fitness: [0.94930258]
1
iteration 200
Best Fitness: [0.01437665]
1
iteration 300
Best Fitness: [0.0002766]
1
iteration 400
Best Fitness: [5.35904262e-06]
1
iteration 500
Best Fitness: [1.0561404e-07]
1
iteration 600
Best Fitness: [6.40557181e-10]
1
iteration 700
Best Fitness: [2.69471877e-12]
2
iteration 800
Best Fitness: [1.08298496e-14]
1
iteration 900
Best Fitness: [1.4914483e-16]
1
iteration 1000
Best Fitness: [1.20258819e-18]
1
iteration 1100
Best Fitness: [1.30247836e-20]
1
iteration 1200
Best Fitness: [1.3181888e-22]
1
iteration 1300
Best Fitness: [9.36624118e-25]
1
iteration 1400
Best Fitness: [5.97008799e-27]
2
iteration 1500
Best Fitness: [4.69387736e-29]
1
iteration 1600
Best Fitness: [4.60119616e-31]
1
iteration 1700
Best Fitness: [4.13218322e-33]
1
iteration 1800
Best Fitness: [4.06300341e-35]
1
iteration 1900
Best Fitness: [2.978543e-37]
1
iteration 2000
Best Fitness: [4.20977386e-39]
1
iteration 2100
Best Fitness: [2.43977251e-41]
2
iteration 2200
Best Fitness: [1.96407046e-43]
1
iteration 2300
Best Fitness: [1.925181e-45]
1
iteration 2400
Best Fitness: [1.75819112e-47]
1
iteration 2500
Best Fitness: [1.83373773e-49]
1
iteration 2600
Best Fitness: [1.17722267e-51]
1
iteration 2700
Best Fitness: [1.14906431e-53]
1
iteration 2800
Best Fitness: [8.9600576e-56]
2
iteration 2900
Best Fitness: [5.02937466e-58]
1
iteration 2999
Best Fitness: [5.15238575e-60]
1
iteration 0
Best Fitness: [122.66700804]
1
iteration 100
Best Fitness: [1.07222819]
1
iteration 200
Best Fitness: [0.01536987]
1
iteration 300
Best Fitness: [0.00027146]
1
iteration 400
Best Fitness: [5.85517296e-06]
1
iteration 500
Best Fitness: [1.15891197e-07]
1
iteration 600
Best Fitness: [7.31788471e-10]
1
iteration 700
Best Fitness: [3.22633589e-12]
2
iteration 800
Best Fitness: [1.47034499e-14]
1
iteration 900
Best Fitness: [1.30813747e-16]
1
iteration 1000
Best Fitness: [1.17322556e-18]
1
iteration 1100
Best Fitness: [1.25261261e-20]
1
iteration 1200
Best Fitness: [1.12873616e-22]
1
iteration 1300
Best Fitness: [8.43375283e-25]
1
iteration 1400
Best Fitness: [5.58060961e-27]
2
iteration 1500
Best Fitness: [3.90433244e-29]
1
iteration 1600
Best Fitness: [3.45585297e-31]
1
iteration 1700
Best Fitness: [3.48877615e-33]
1
iteration 1800
Best Fitness: [3.30692269e-35]
1
iteration 1900
Best Fitness: [2.97590557e-37]
1
iteration 2000
Best Fitness: [4.27528672e-39]
1
iteration 2100
Best Fitness: [3.43274383e-41]
2
iteration 2200
Best Fitness: [1.98760528e-43]
1
iteration 2300
Best Fitness: [1.45482529e-45]
1
iteration 2400
Best Fitness: [1.70341251e-47]
1
iteration 2500
Best Fitness: [1.62901072e-49]
1
iteration 2600
Best Fitness: [1.47211521e-51]
1
iteration 2700
Best Fitness: [1.16208242e-53]
1
iteration 2800
Best Fitness: [1.01251338e-55]
2
iteration 2900
Best Fitness: [6.8782206e-58]
1
iteration 2999
Best Fitness: [5.99881218e-60]
1
iteration 0
Best Fitness: [113.70489246]
1
iteration 100
Best Fitness: [0.91145525]
1
iteration 200
Best Fitness: [0.01710095]
1
iteration 300
Best Fitness: [0.00026842]
1
iteration 400
Best Fitness: [6.52005525e-06]
1
iteration 500
Best Fitness: [1.21511239e-07]
1
iteration 600
Best Fitness: [9.45064553e-10]
1
iteration 700
Best Fitness: [2.85010843e-12]
2
iteration 800
Best Fitness: [1.9348126e-14]
1
iteration 900
Best Fitness: [1.85312099e-16]
1
iteration 1000
Best Fitness: [1.59934381e-18]
1
iteration 1100
Best Fitness: [1.50579328e-20]
1
iteration 1200
Best Fitness: [1.04156386e-22]
1
iteration 1300
Best Fitness: [9.23572526e-25]
1
iteration 1400
Best Fitness: [9.87283508e-27]
2
iteration 1500
Best Fitness: [5.50380532e-29]
1
iteration 1600
Best Fitness: [6.04417569e-31]
1
iteration 1700
Best Fitness: [4.14380843e-33]
1
iteration 1800
Best Fitness: [5.50610891e-35]
1
iteration 1900
Best Fitness: [5.18009747e-37]
1
iteration 2000
Best Fitness: [4.56992471e-39]
1
iteration 2100
Best Fitness: [2.37581389e-41]
2
iteration 2200
Best Fitness: [2.19209354e-43]
1
iteration 2300
Best Fitness: [1.66049369e-45]
1
iteration 2400
Best Fitness: [1.71637582e-47]
1
iteration 2500
Best Fitness: [1.45452128e-49]
1
iteration 2600
Best Fitness: [1.24859659e-51]
1
iteration 2700
Best Fitness: [1.27659059e-53]
1
iteration 2800
Best Fitness: [6.71021643e-56]
2
iteration 2900
Best Fitness: [5.12256747e-58]
1
iteration 2999
Best Fitness: [5.61472138e-60]
1
iteration 0
Best Fitness: [124.70672191]
1
iteration 100
Best Fitness: [1.17579176]
1
iteration 200
Best Fitness: [0.01804513]
1
iteration 300
Best Fitness: [0.0003021]
1
iteration 400
Best Fitness: [6.44225187e-06]
1
iteration 500
Best Fitness: [1.19925845e-07]
1
iteration 600
Best Fitness: [6.65592045e-10]
1
iteration 700
Best Fitness: [3.12030163e-12]
2
iteration 800
Best Fitness: [1.46215922e-14]
1
iteration 900
Best Fitness: [1.68132829e-16]
1
iteration 1000
Best Fitness: [1.64844983e-18]
1
iteration 1100
Best Fitness: [1.25279175e-20]
1
iteration 1200
Best Fitness: [1.26277053e-22]
1
iteration 1300
Best Fitness: [1.29082769e-24]
1
iteration 1400
Best Fitness: [7.85997232e-27]
2
iteration 1500
Best Fitness: [5.52561709e-29]
1
iteration 1600
Best Fitness: [4.51392992e-31]
1
iteration 1700
Best Fitness: [3.75747517e-33]
1
iteration 1800
Best Fitness: [4.49852579e-35]
1
iteration 1900
Best Fitness: [3.41805606e-37]
1
iteration 2000
Best Fitness: [3.22138119e-39]
1
iteration 2100
Best Fitness: [2.55991089e-41]
2
iteration 2200
Best Fitness: [1.50689962e-43]
1
iteration 2300
Best Fitness: [1.73988191e-45]
1
iteration 2400
Best Fitness: [1.63809177e-47]
1
iteration 2500
Best Fitness: [1.88090443e-49]
1
iteration 2600
Best Fitness: [1.28275924e-51]
1
iteration 2700
Best Fitness: [1.36110827e-53]
1
iteration 2800
Best Fitness: [1.0827399e-55]
2
iteration 2900
Best Fitness: [3.63640077e-58]
1
iteration 2999
Best Fitness: [3.36177019e-60]
1
iteration 0
Best Fitness: [108.78574849]
1
iteration 100
Best Fitness: [1.2580608]
1
iteration 200
Best Fitness: [0.01770425]
1
iteration 300
Best Fitness: [0.00032875]
1
iteration 400
Best Fitness: [7.36479981e-06]
1
iteration 500
Best Fitness: [1.20963903e-07]
1
iteration 600
Best Fitness: [7.64471143e-10]
1
iteration 700
Best Fitness: [2.77501632e-12]
2
iteration 800
Best Fitness: [1.54826432e-14]
1
iteration 900
Best Fitness: [1.41001399e-16]
1
iteration 1000
Best Fitness: [1.52249493e-18]
1
iteration 1100
Best Fitness: [1.60090326e-20]
1
iteration 1200
Best Fitness: [1.41945574e-22]
1
iteration 1300
Best Fitness: [1.14651533e-24]
1
iteration 1400
Best Fitness: [8.67561597e-27]
2
iteration 1500
Best Fitness: [5.10293443e-29]
1
iteration 1600
Best Fitness: [4.88161844e-31]
1
iteration 1700
Best Fitness: [4.22967075e-33]
1
iteration 1800
Best Fitness: [4.39132348e-35]
1
iteration 1900
Best Fitness: [4.16714447e-37]
1
iteration 2000
Best Fitness: [4.12398477e-39]
1
iteration 2100
Best Fitness: [2.14296083e-41]
2
iteration 2200
Best Fitness: [1.7508078e-43]
1
iteration 2300
Best Fitness: [1.27054144e-45]
1
iteration 2400
Best Fitness: [1.43624063e-47]
1
iteration 2500
Best Fitness: [1.6088617e-49]
1
iteration 2600
Best Fitness: [1.17049148e-51]
1
iteration 2700
Best Fitness: [1.23924315e-53]
1
iteration 2800
Best Fitness: [1.24126715e-55]
2
iteration 2900
Best Fitness: [6.67650645e-58]
1
iteration 2999
Best Fitness: [5.72348369e-60]
1
iteration 0
Best Fitness: [112.06212925]
1
iteration 100
Best Fitness: [1.08723079]
1
iteration 200
Best Fitness: [0.01466411]
1
iteration 300
Best Fitness: [0.00026188]
1
iteration 400
Best Fitness: [5.73732196e-06]
1
iteration 500
Best Fitness: [1.21388209e-07]
1
iteration 600
Best Fitness: [6.67327162e-10]
1
iteration 700
Best Fitness: [2.57199018e-12]
2
iteration 800
Best Fitness: [1.42194393e-14]
1
iteration 900
Best Fitness: [1.39142278e-16]
1
iteration 1000
Best Fitness: [1.32822635e-18]
1
iteration 1100
Best Fitness: [1.34527372e-20]
1
iteration 1200
Best Fitness: [1.30822554e-22]
1
iteration 1300
Best Fitness: [1.00246089e-24]
1
iteration 1400
Best Fitness: [6.42884685e-27]
2
iteration 1500
Best Fitness: [4.26442524e-29]
1
iteration 1600
Best Fitness: [3.92948067e-31]
1
iteration 1700
Best Fitness: [3.87507558e-33]
1
iteration 1800
Best Fitness: [3.19560538e-35]
1
iteration 1900
Best Fitness: [3.28792037e-37]
1
iteration 2000
Best Fitness: [3.28789856e-39]
1
iteration 2100
Best Fitness: [2.5239582e-41]
2
iteration 2200
Best Fitness: [1.26412743e-43]
1
iteration 2300
Best Fitness: [1.44722507e-45]
1
iteration 2400
Best Fitness: [1.33806333e-47]
1
iteration 2500
Best Fitness: [1.13534694e-49]
1
iteration 2600
Best Fitness: [1.01026154e-51]
1
iteration 2700
Best Fitness: [8.34007484e-54]
1
iteration 2800
Best Fitness: [7.62967625e-56]
2
iteration 2900
Best Fitness: [3.3292286e-58]
1
iteration 2999
Best Fitness: [4.68073145e-60]
1
[array([4.52739111e-60]), array([6.23637912e-60]), array([5.52828795e-60]), array([6.56775644e-60]), array([5.15238575e-60]), array([5.99881218e-60]), array([5.61472138e-60]), array([3.36177019e-60]), array([5.72348369e-60]), array([4.68073145e-60])]
