iteration 0
Best Fitness: [5.63106715e+08]
100
iteration 100
Best Fitness: [0.00781169]
100
iteration 200
Best Fitness: [0.06513383]
1
iteration 300
Best Fitness: [0.01586794]
1
iteration 400
Best Fitness: [0.0066249]
1
iteration 500
Best Fitness: [0.00327862]
1
iteration 600
Best Fitness: [0.00191359]
1
iteration 700
Best Fitness: [0.00085086]
1
iteration 800
Best Fitness: [0.00047864]
1
iteration 900
Best Fitness: [0.0002315]
1
iteration 1000
Best Fitness: [0.00014503]
1
iteration 1100
Best Fitness: [7.58011714e-05]
1
iteration 1200
Best Fitness: [4.02912597e-05]
1
iteration 1300
Best Fitness: [2.10598602e-05]
1
iteration 1400
Best Fitness: [1.11229733e-05]
1
iteration 1500
Best Fitness: [6.90974028e-06]
1
iteration 1600
Best Fitness: [3.17425821e-06]
1
iteration 1700
Best Fitness: [1.64940645e-06]
1
iteration 1800
Best Fitness: [7.72952553e-07]
1
iteration 1900
Best Fitness: [3.1546353e-07]
1
iteration 2000
Best Fitness: [1.74786593e-07]
1
iteration 2100
Best Fitness: [7.82694219e-08]
1
iteration 2200
Best Fitness: [4.17342691e-08]
1
iteration 2300
Best Fitness: [2.30795079e-08]
1
iteration 2400
Best Fitness: [1.33662451e-08]
1
iteration 2500
Best Fitness: [6.86032688e-09]
1
iteration 2600
Best Fitness: [3.05680988e-09]
1
iteration 2700
Best Fitness: [1.60554424e-09]
1
iteration 2800
Best Fitness: [8.43575881e-10]
1
iteration 2900
Best Fitness: [4.35665024e-10]
1
iteration 2999
Best Fitness: [2.85518717e-10]
1
iteration 0
Best Fitness: [4.99462298e+08]
100
iteration 100
Best Fitness: [0.00572944]
100
iteration 200
Best Fitness: [0.04854827]
1
iteration 300
Best Fitness: [0.01809363]
1
iteration 400
Best Fitness: [0.00892734]
1
iteration 500
Best Fitness: [0.00351139]
1
iteration 600
Best Fitness: [0.00203717]
1
iteration 700
Best Fitness: [0.00089005]
1
iteration 800
Best Fitness: [0.00056267]
1
iteration 900
Best Fitness: [0.00029592]
1
iteration 1000
Best Fitness: [0.00015787]
1
iteration 1100
Best Fitness: [7.38837108e-05]
1
iteration 1200
Best Fitness: [3.95207536e-05]
1
iteration 1300
Best Fitness: [1.99037685e-05]
1
iteration 1400
Best Fitness: [1.08349653e-05]
1
iteration 1500
Best Fitness: [6.11394425e-06]
1
iteration 1600
Best Fitness: [2.98949608e-06]
1
iteration 1700
Best Fitness: [1.63969951e-06]
1
iteration 1800
Best Fitness: [8.79837714e-07]
1
iteration 1900
Best Fitness: [4.84282879e-07]
1
iteration 2000
Best Fitness: [1.95724614e-07]
1
iteration 2100
Best Fitness: [1.03947792e-07]
1
iteration 2200
Best Fitness: [6.61781756e-08]
1
iteration 2300
Best Fitness: [2.83039091e-08]
1
iteration 2400
Best Fitness: [1.37251344e-08]
1
iteration 2500
Best Fitness: [7.45833874e-09]
1
iteration 2600
Best Fitness: [4.46823826e-09]
1
iteration 2700
Best Fitness: [2.86552607e-09]
1
iteration 2800
Best Fitness: [1.01385188e-09]
1
iteration 2900
Best Fitness: [5.23828523e-10]
1
iteration 2999
Best Fitness: [2.71940476e-10]
1
iteration 0
Best Fitness: [4.74922551e+08]
100
iteration 100
Best Fitness: [0.00452406]
100
iteration 200
Best Fitness: [0.03618319]
1
iteration 300
Best Fitness: [0.0161442]
1
iteration 400
Best Fitness: [0.00520204]
1
iteration 500
Best Fitness: [0.00332882]
1
iteration 600
Best Fitness: [0.00157994]
1
iteration 700
Best Fitness: [0.00091135]
1
iteration 800
Best Fitness: [0.0004758]
1
iteration 900
Best Fitness: [0.00025068]
1
iteration 1000
Best Fitness: [0.00010786]
1
iteration 1100
Best Fitness: [5.17221444e-05]
1
iteration 1200
Best Fitness: [3.0204344e-05]
1
iteration 1300
Best Fitness: [1.64015605e-05]
1
iteration 1400
Best Fitness: [7.64818217e-06]
1
iteration 1500
Best Fitness: [4.18841244e-06]
1
iteration 1600
Best Fitness: [2.45171807e-06]
1
iteration 1700
Best Fitness: [1.21789535e-06]
1
iteration 1800
Best Fitness: [6.69722506e-07]
1
iteration 1900
Best Fitness: [3.35437482e-07]
1
iteration 2000
Best Fitness: [1.75026502e-07]
1
iteration 2100
Best Fitness: [9.22886424e-08]
1
iteration 2200
Best Fitness: [5.68980631e-08]
1
iteration 2300
Best Fitness: [3.13363551e-08]
1
iteration 2400
Best Fitness: [1.56966084e-08]
1
iteration 2500
Best Fitness: [7.88286034e-09]
1
iteration 2600
Best Fitness: [4.72565775e-09]
1
iteration 2700
Best Fitness: [2.03066152e-09]
1
iteration 2800
Best Fitness: [1.24608693e-09]
1
iteration 2900
Best Fitness: [5.80871763e-10]
1
iteration 2999
Best Fitness: [2.92432698e-10]
1
iteration 0
Best Fitness: [4.98441263e+08]
100
iteration 100
Best Fitness: [0.00425955]
100
iteration 200
Best Fitness: [0.02695888]
1
iteration 300
Best Fitness: [0.00922404]
1
iteration 400
Best Fitness: [0.00482464]
1
iteration 500
Best Fitness: [0.00153236]
1
iteration 600
Best Fitness: [0.00078056]
1
iteration 700
Best Fitness: [0.00027288]
1
iteration 800
Best Fitness: [0.00018269]
1
iteration 900
Best Fitness: [8.34158896e-05]
1
iteration 1000
Best Fitness: [4.80872084e-05]
1
iteration 1100
Best Fitness: [2.20096878e-05]
1
iteration 1200
Best Fitness: [9.33045154e-06]
1
iteration 1300
Best Fitness: [5.64992209e-06]
1
iteration 1400
Best Fitness: [3.00862741e-06]
1
iteration 1500
Best Fitness: [1.62176928e-06]
1
iteration 1600
Best Fitness: [7.77474966e-07]
1
iteration 1700
Best Fitness: [4.60009191e-07]
1
iteration 1800
Best Fitness: [2.58608291e-07]
1
iteration 1900
Best Fitness: [1.48217463e-07]
1
iteration 2000
Best Fitness: [7.41158463e-08]
1
iteration 2100
Best Fitness: [3.23837831e-08]
1
iteration 2200
Best Fitness: [2.00070487e-08]
1
iteration 2300
Best Fitness: [8.85701428e-09]
1
iteration 2400
Best Fitness: [4.69428988e-09]
1
iteration 2500
Best Fitness: [2.64832e-09]
1
iteration 2600
Best Fitness: [1.2356365e-09]
1
iteration 2700
Best Fitness: [7.41853507e-10]
1
iteration 2800
Best Fitness: [3.81989054e-10]
1
iteration 2900
Best Fitness: [2.05136195e-10]
1
iteration 2999
Best Fitness: [1.21563346e-10]
1
iteration 0
Best Fitness: [3.20436559e+08]
100
iteration 100
Best Fitness: [0.00360869]
100
iteration 200
Best Fitness: [0.07021998]
1
iteration 300
Best Fitness: [0.03365698]
1
iteration 400
Best Fitness: [0.01334888]
1
iteration 500
Best Fitness: [0.00693664]
1
iteration 600
Best Fitness: [0.00304708]
1
iteration 700
Best Fitness: [0.00164903]
1
iteration 800
Best Fitness: [0.00093061]
1
iteration 900
Best Fitness: [0.00046609]
1
iteration 1000
Best Fitness: [0.00022288]
1
iteration 1100
Best Fitness: [0.00012211]
1
iteration 1200
Best Fitness: [5.51783904e-05]
1
iteration 1300
Best Fitness: [2.69999473e-05]
1
iteration 1400
Best Fitness: [1.64003357e-05]
1
iteration 1500
Best Fitness: [7.98999516e-06]
1
iteration 1600
Best Fitness: [3.8412174e-06]
1
iteration 1700
Best Fitness: [2.25620006e-06]
1
iteration 1800
Best Fitness: [1.34927557e-06]
1
iteration 1900
Best Fitness: [7.32339543e-07]
1
iteration 2000
Best Fitness: [3.41775452e-07]
1
iteration 2100
Best Fitness: [1.97185402e-07]
1
iteration 2200
Best Fitness: [1.00024726e-07]
1
iteration 2300
Best Fitness: [4.92008497e-08]
1
iteration 2400
Best Fitness: [2.63053142e-08]
1
iteration 2500
Best Fitness: [1.4096941e-08]
1
iteration 2600
Best Fitness: [7.33040184e-09]
1
iteration 2700
Best Fitness: [4.04680466e-09]
1
iteration 2800
Best Fitness: [2.05749361e-09]
1
iteration 2900
Best Fitness: [1.14535349e-09]
1
iteration 2999
Best Fitness: [7.3395741e-10]
1
iteration 0
Best Fitness: [4.62055841e+08]
100
iteration 100
Best Fitness: [0.00809455]
100
iteration 200
Best Fitness: [0.02095398]
1
iteration 300
Best Fitness: [0.00853878]
1
iteration 400
Best Fitness: [0.003347]
1
iteration 500
Best Fitness: [0.00226936]
1
iteration 600
Best Fitness: [0.000869]
1
iteration 700
Best Fitness: [0.00045718]
1
iteration 800
Best Fitness: [0.0002363]
1
iteration 900
Best Fitness: [0.00013366]
1
iteration 1000
Best Fitness: [6.44666664e-05]
1
iteration 1100
Best Fitness: [3.6577154e-05]
1
iteration 1200
Best Fitness: [1.9334368e-05]
1
iteration 1300
Best Fitness: [1.06867707e-05]
1
iteration 1400
Best Fitness: [5.81451212e-06]
1
iteration 1500
Best Fitness: [3.60553498e-06]
1
iteration 1600
Best Fitness: [1.91112723e-06]
1
iteration 1700
Best Fitness: [8.12414398e-07]
1
iteration 1800
Best Fitness: [4.40351961e-07]
1
iteration 1900
Best Fitness: [2.71970715e-07]
1
iteration 2000
Best Fitness: [1.07537462e-07]
1
iteration 2100
Best Fitness: [6.88072192e-08]
1
iteration 2200
Best Fitness: [2.900956e-08]
1
iteration 2300
Best Fitness: [1.70886984e-08]
1
iteration 2400
Best Fitness: [9.54807266e-09]
1
iteration 2500
Best Fitness: [4.55569246e-09]
1
iteration 2600
Best Fitness: [2.32827553e-09]
1
iteration 2700
Best Fitness: [9.83977759e-10]
1
iteration 2800
Best Fitness: [6.8860314e-10]
1
iteration 2900
Best Fitness: [3.84268586e-10]
1
iteration 2999
Best Fitness: [1.7492213e-10]
1
iteration 0
Best Fitness: [3.72527306e+08]
100
iteration 100
Best Fitness: [0.00435727]
100
iteration 200
Best Fitness: [0.028791]
1
iteration 300
Best Fitness: [0.01357263]
1
iteration 400
Best Fitness: [0.00621997]
1
iteration 500
Best Fitness: [0.0025425]
1
iteration 600
Best Fitness: [0.0015812]
1
iteration 700
Best Fitness: [0.00059248]
1
iteration 800
Best Fitness: [0.00035074]
1
iteration 900
Best Fitness: [0.00021734]
1
iteration 1000
Best Fitness: [0.00011368]
1
iteration 1100
Best Fitness: [6.47480083e-05]
1
iteration 1200
Best Fitness: [3.33523935e-05]
1
iteration 1300
Best Fitness: [2.16659562e-05]
1
iteration 1400
Best Fitness: [1.05419934e-05]
1
iteration 1500
Best Fitness: [5.80832269e-06]
1
iteration 1600
Best Fitness: [3.20968308e-06]
1
iteration 1700
Best Fitness: [1.66708841e-06]
1
iteration 1800
Best Fitness: [1.0239933e-06]
1
iteration 1900
Best Fitness: [5.99058265e-07]
1
iteration 2000
Best Fitness: [3.06363391e-07]
1
iteration 2100
Best Fitness: [1.94561071e-07]
1
iteration 2200
Best Fitness: [1.03635674e-07]
1
iteration 2300
Best Fitness: [5.45383636e-08]
1
iteration 2400
Best Fitness: [3.33865169e-08]
1
iteration 2500
Best Fitness: [1.40654701e-08]
1
iteration 2600
Best Fitness: [8.24452145e-09]
1
iteration 2700
Best Fitness: [5.61561326e-09]
1
iteration 2800
Best Fitness: [3.18769075e-09]
1
iteration 2900
Best Fitness: [1.73754486e-09]
1
iteration 2999
Best Fitness: [9.09802502e-10]
1
iteration 0
Best Fitness: [4.08326834e+08]
100
iteration 100
Best Fitness: [0.00752757]
100
iteration 200
Best Fitness: [0.02831634]
1
iteration 300
Best Fitness: [0.01319385]
1
iteration 400
Best Fitness: [0.00544729]
1
iteration 500
Best Fitness: [0.00206426]
1
iteration 600
Best Fitness: [0.0010877]
1
iteration 700
Best Fitness: [0.00047165]
1
iteration 800
Best Fitness: [0.00024167]
1
iteration 900
Best Fitness: [0.00014553]
1
iteration 1000
Best Fitness: [6.945623e-05]
1
iteration 1100
Best Fitness: [3.58157675e-05]
1
iteration 1200
Best Fitness: [1.79054205e-05]
1
iteration 1300
Best Fitness: [9.3439528e-06]
1
iteration 1400
Best Fitness: [5.30516775e-06]
1
iteration 1500
Best Fitness: [3.36981974e-06]
1
iteration 1600
Best Fitness: [1.74878988e-06]
1
iteration 1700
Best Fitness: [8.05991568e-07]
1
iteration 1800
Best Fitness: [4.70131321e-07]
1
iteration 1900
Best Fitness: [2.81279214e-07]
1
iteration 2000
Best Fitness: [1.69863347e-07]
1
iteration 2100
Best Fitness: [7.88669234e-08]
1
iteration 2200
Best Fitness: [4.38113535e-08]
1
iteration 2300
Best Fitness: [1.89247326e-08]
1
iteration 2400
Best Fitness: [9.50689692e-09]
1
iteration 2500
Best Fitness: [4.51902126e-09]
1
iteration 2600
Best Fitness: [2.4580789e-09]
1
iteration 2700
Best Fitness: [1.42005537e-09]
1
iteration 2800
Best Fitness: [7.61276692e-10]
1
iteration 2900
Best Fitness: [4.38925484e-10]
1
iteration 2999
Best Fitness: [2.22085353e-10]
1
iteration 0
Best Fitness: [3.66572585e+08]
100
iteration 100
Best Fitness: [0.007828]
100
iteration 200
Best Fitness: [0.12899506]
1
iteration 300
Best Fitness: [0.03639945]
1
iteration 400
Best Fitness: [0.01114508]
1
iteration 500
Best Fitness: [0.00462561]
1
iteration 600
Best Fitness: [0.00194328]
1
iteration 700
Best Fitness: [0.00102182]
1
iteration 800
Best Fitness: [0.00056257]
1
iteration 900
Best Fitness: [0.00030234]
1
iteration 1000
Best Fitness: [0.00015602]
1
iteration 1100
Best Fitness: [7.56669242e-05]
1
iteration 1200
Best Fitness: [3.60761202e-05]
1
iteration 1300
Best Fitness: [1.88211137e-05]
1
iteration 1400
Best Fitness: [8.11109985e-06]
1
iteration 1500
Best Fitness: [4.41789397e-06]
1
iteration 1600
Best Fitness: [2.45304524e-06]
1
iteration 1700
Best Fitness: [1.46880755e-06]
1
iteration 1800
Best Fitness: [8.37859537e-07]
1
iteration 1900
Best Fitness: [3.9185642e-07]
1
iteration 2000
Best Fitness: [2.00202184e-07]
1
iteration 2100
Best Fitness: [1.06406164e-07]
1
iteration 2200
Best Fitness: [5.48275451e-08]
1
iteration 2300
Best Fitness: [3.23614135e-08]
1
iteration 2400
Best Fitness: [1.90061791e-08]
1
iteration 2500
Best Fitness: [8.38788398e-09]
1
iteration 2600
Best Fitness: [4.61125323e-09]
1
iteration 2700
Best Fitness: [2.29665727e-09]
1
iteration 2800
Best Fitness: [1.12206696e-09]
1
iteration 2900
Best Fitness: [5.55536441e-10]
1
iteration 2999
Best Fitness: [3.11147993e-10]
1
iteration 0
Best Fitness: [3.03088291e+08]
100
iteration 100
Best Fitness: [0.00546495]
100
iteration 200
Best Fitness: [0.01001692]
1
iteration 300
Best Fitness: [0.00874961]
1
iteration 400
Best Fitness: [0.00221274]
1
iteration 500
Best Fitness: [0.00091498]
1
iteration 600
Best Fitness: [0.00049251]
1
iteration 700
Best Fitness: [0.00034149]
1
iteration 800
Best Fitness: [0.00019386]
1
iteration 900
Best Fitness: [9.53013199e-05]
1
iteration 1000
Best Fitness: [5.04141682e-05]
1
iteration 1100
Best Fitness: [2.88583684e-05]
1
iteration 1200
Best Fitness: [1.42618112e-05]
1
iteration 1300
Best Fitness: [8.34820274e-06]
1
iteration 1400
Best Fitness: [3.98265831e-06]
1
iteration 1500
Best Fitness: [2.26043552e-06]
1
iteration 1600
Best Fitness: [1.04418142e-06]
1
iteration 1700
Best Fitness: [6.25723116e-07]
1
iteration 1800
Best Fitness: [3.7685582e-07]
1
iteration 1900
Best Fitness: [2.00370904e-07]
1
iteration 2000
Best Fitness: [9.13430036e-08]
1
iteration 2100
Best Fitness: [4.13928537e-08]
1
iteration 2200
Best Fitness: [2.51202159e-08]
1
iteration 2300
Best Fitness: [1.10148392e-08]
1
iteration 2400
Best Fitness: [5.40670519e-09]
1
iteration 2500
Best Fitness: [2.76196692e-09]
1
iteration 2600
Best Fitness: [1.22674517e-09]
1
iteration 2700
Best Fitness: [8.0839961e-10]
1
iteration 2800
Best Fitness: [4.28825377e-10]
1
iteration 2900
Best Fitness: [2.1213232e-10]
1
iteration 2999
Best Fitness: [1.15056537e-10]
1
[array([2.85518717e-10]), array([2.71940476e-10]), array([2.92432698e-10]), array([1.21563346e-10]), array([7.3395741e-10]), array([1.7492213e-10]), array([9.09802502e-10]), array([2.22085353e-10]), array([3.11147993e-10]), array([1.15056537e-10])]
iteration 0
Best Fitness: [5.90099858e+147]
100
iteration 100
Best Fitness: [5.21147251]
1
iteration 200
Best Fitness: [0.02929634]
1
iteration 300
Best Fitness: [0.0140508]
1
iteration 400
Best Fitness: [0.00515047]
1
iteration 500
Best Fitness: [0.00514888]
1
iteration 600
Best Fitness: [0.00514888]
1
iteration 700
Best Fitness: [0.00131228]
1
iteration 800
Best Fitness: [0.00090627]
1
iteration 900
Best Fitness: [0.00075247]
1
iteration 1000
Best Fitness: [0.00027291]
1
iteration 1100
Best Fitness: [0.00016597]
1
iteration 1200
Best Fitness: [0.00016597]
1
iteration 1300
Best Fitness: [0.00016597]
1
iteration 1400
Best Fitness: [0.00016597]
1
iteration 1500
Best Fitness: [0.00016597]
1
iteration 1600
Best Fitness: [0.00016597]
1
iteration 1700
Best Fitness: [0.00013443]
1
iteration 1800
Best Fitness: [0.00013443]
1
iteration 1900
Best Fitness: [0.00013443]
1
iteration 2000
Best Fitness: [0.00013443]
1
iteration 2100
Best Fitness: [0.00013443]
1
iteration 2200
Best Fitness: [0.00013443]
1
iteration 2300
Best Fitness: [0.00013443]
1
iteration 2400
Best Fitness: [0.00013443]
1
iteration 2500
Best Fitness: [0.00011706]
1
iteration 2600
Best Fitness: [0.00011706]
1
iteration 2700
Best Fitness: [0.00011706]
1
iteration 2800
Best Fitness: [0.00011706]
1
iteration 2900
Best Fitness: [0.00011706]
1
iteration 2999
Best Fitness: [0.00011706]
1
iteration 0
Best Fitness: [6.00565766e+140]
100
iteration 100
Best Fitness: [1.00949512e+11]
1
iteration 200
Best Fitness: [4.53517477e+09]
1
iteration 300
Best Fitness: [1.87441293e+09]
1
iteration 400
Best Fitness: [1.63131801e+08]
1
iteration 500
Best Fitness: [1.63027614e+08]
1
iteration 600
Best Fitness: [93441390.95919102]
1
iteration 700
Best Fitness: [502690.29703424]
1
iteration 800
Best Fitness: [422407.25959855]
1
iteration 900
Best Fitness: [221065.62253422]
1
iteration 1000
Best Fitness: [201297.72014179]
1
iteration 1100
Best Fitness: [201297.72013667]
1
iteration 1200
Best Fitness: [112664.9530671]
1
iteration 1300
Best Fitness: [105581.59328324]
1
iteration 1400
Best Fitness: [105581.59328299]
1
iteration 1500
Best Fitness: [9377.63610131]
1
iteration 1600
Best Fitness: [6445.44894162]
1
iteration 1700
Best Fitness: [3683.57732678]
1
iteration 1800
Best Fitness: [3131.82616014]
1
iteration 1900
Best Fitness: [3131.82616014]
1
iteration 2000
Best Fitness: [3131.82616014]
1
iteration 2100
Best Fitness: [3131.82616014]
1
iteration 2200
Best Fitness: [3131.82616014]
1
iteration 2300
Best Fitness: [3131.82616014]
1
iteration 2400
Best Fitness: [3131.82616014]
1
iteration 2500
Best Fitness: [3131.82616014]
1
iteration 2600
Best Fitness: [2640.02621296]
1
iteration 2700
Best Fitness: [2181.58886507]
1
iteration 2800
Best Fitness: [1281.17885818]
1
iteration 2900
Best Fitness: [790.51524394]
1
iteration 2999
Best Fitness: [601.10360338]
1
iteration 0
Best Fitness: [3.67857728e+160]
100
iteration 100
Best Fitness: [7.26526019]
1
iteration 200
Best Fitness: [0.36075975]
1
iteration 300
Best Fitness: [0.15026081]
1
iteration 400
Best Fitness: [0.00779135]
1
iteration 500
Best Fitness: [0.00282421]
1
iteration 600
Best Fitness: [0.0028242]
1
iteration 700
Best Fitness: [0.00255359]
1
iteration 800
Best Fitness: [0.00255334]
1
iteration 900
Best Fitness: [0.00223181]
1
iteration 1000
Best Fitness: [0.00170173]
1
iteration 1100
Best Fitness: [0.00155817]
1
iteration 1200
Best Fitness: [0.00155777]
1
iteration 1300
Best Fitness: [0.00155777]
1
iteration 1400
Best Fitness: [0.00155777]
1
iteration 1500
Best Fitness: [0.00155777]
1
iteration 1600
Best Fitness: [0.00155777]
1
iteration 1700
Best Fitness: [0.00155777]
1
iteration 1800
Best Fitness: [0.00155777]
1
iteration 1900
Best Fitness: [0.00155777]
1
iteration 2000
Best Fitness: [0.00155777]
1
iteration 2100
Best Fitness: [0.00155777]
1
iteration 2200
Best Fitness: [0.00155777]
1
iteration 2300
Best Fitness: [0.00155777]
1
iteration 2400
Best Fitness: [0.00155777]
1
iteration 2500
Best Fitness: [0.00155777]
1
iteration 2600
Best Fitness: [0.00155777]
1
iteration 2700
Best Fitness: [0.00151862]
1
iteration 2800
Best Fitness: [0.00140545]
1
iteration 2900
Best Fitness: [0.00083088]
1
iteration 2999
Best Fitness: [0.00082645]
1
iteration 0
Best Fitness: [1.49423993e+146]
100
iteration 100
Best Fitness: [2.1517722e+14]
1
iteration 200
Best Fitness: [6.67101613e+11]
1
iteration 300
Best Fitness: [1.82022549e+11]
1
iteration 400
Best Fitness: [3.33871604e+10]
1
iteration 500
Best Fitness: [4.99212801e+08]
1
iteration 600
Best Fitness: [1.79746495e+08]
1
iteration 700
Best Fitness: [1.78691596e+08]
1
iteration 800
Best Fitness: [1.46691497e+08]
1
iteration 900
Best Fitness: [65479340.52803301]
1
iteration 1000
Best Fitness: [16121012.22856878]
1
iteration 1100
Best Fitness: [16121012.22660545]
1
iteration 1200
Best Fitness: [16121012.22660545]
1
iteration 1300
Best Fitness: [16121012.22660545]
1
iteration 1400
Best Fitness: [16121012.22660545]
1
iteration 1500
Best Fitness: [16121012.22660545]
1
iteration 1600
Best Fitness: [16121012.22660545]
1
iteration 1700
Best Fitness: [12335904.9087832]
1
iteration 1800
Best Fitness: [10922628.02793605]
1
iteration 1900
Best Fitness: [10922628.02680912]
1
iteration 2000
Best Fitness: [8963864.43323867]
1
iteration 2100
Best Fitness: [2890717.22652216]
1
iteration 2200
Best Fitness: [1031016.84015724]
1
iteration 2300
Best Fitness: [829077.89902607]
1
iteration 2400
Best Fitness: [299837.23122436]
1
iteration 2500
Best Fitness: [299837.2307679]
1
iteration 2600
Best Fitness: [299837.2307679]
1
iteration 2700
Best Fitness: [9458.58705937]
1
iteration 2800
Best Fitness: [2903.62814032]
1
iteration 2900
Best Fitness: [2433.98962653]
1
iteration 2999
Best Fitness: [1716.67114416]
1
iteration 0
Best Fitness: [1.03442099e+146]
100
iteration 100
Best Fitness: [1.14870958e+09]
1
iteration 200
Best Fitness: [186637.64794638]
1
iteration 300
Best Fitness: [68843.89897295]
1
iteration 400
Best Fitness: [1179.85949682]
1
iteration 500
Best Fitness: [732.09787373]
1
iteration 600
Best Fitness: [350.27273618]
1
iteration 700
Best Fitness: [184.80290958]
1
iteration 800
Best Fitness: [167.95587994]
1
iteration 900
Best Fitness: [126.73967826]
1
iteration 1000
Best Fitness: [126.73967782]
1
iteration 1100
Best Fitness: [44.87342824]
1
iteration 1200
Best Fitness: [3.54299892]
1
iteration 1300
Best Fitness: [1.27555555]
1
iteration 1400
Best Fitness: [0.97332001]
1
iteration 1500
Best Fitness: [0.78731661]
1
iteration 1600
Best Fitness: [0.78731661]
1
iteration 1700
Best Fitness: [0.78731661]
1
iteration 1800
Best Fitness: [0.78731661]
1
iteration 1900
Best Fitness: [0.78731661]
1
iteration 2000
Best Fitness: [0.78731661]
1
iteration 2100
Best Fitness: [0.78731661]
1
iteration 2200
Best Fitness: [0.78731661]
1
iteration 2300
Best Fitness: [0.78731661]
1
iteration 2400
Best Fitness: [0.78731661]
1
iteration 2500
Best Fitness: [0.78731661]
1
iteration 2600
Best Fitness: [0.56247071]
1
iteration 2700
Best Fitness: [0.56247039]
1
iteration 2800
Best Fitness: [0.51757004]
1
iteration 2900
Best Fitness: [0.33555749]
1
iteration 2999
Best Fitness: [0.27027423]
1
iteration 0
Best Fitness: [3.6243529e+154]
100
iteration 100
Best Fitness: [0.11341272]
1
iteration 200
Best Fitness: [0.00780201]
1
iteration 300
Best Fitness: [0.00361307]
1
iteration 400
Best Fitness: [0.00361124]
1
iteration 500
Best Fitness: [0.00361124]
1
iteration 600
Best Fitness: [0.00361124]
1
iteration 700
Best Fitness: [0.00142905]
1
iteration 800
Best Fitness: [6.71345032e-05]
1
iteration 900
Best Fitness: [2.33166345e-05]
1
iteration 1000
Best Fitness: [2.32889684e-05]
1
iteration 1100
Best Fitness: [1.53926001e-05]
1
iteration 1200
Best Fitness: [5.10082036e-06]
1
iteration 1300
Best Fitness: [5.10082036e-06]
1
iteration 1400
Best Fitness: [5.10082036e-06]
1
iteration 1500
Best Fitness: [5.10082036e-06]
1
iteration 1600
Best Fitness: [5.10082036e-06]
1
iteration 1700
Best Fitness: [5.10082036e-06]
1
iteration 1800
Best Fitness: [5.10082036e-06]
1
iteration 1900
Best Fitness: [5.10082036e-06]
1
iteration 2000
Best Fitness: [5.10082036e-06]
1
iteration 2100
Best Fitness: [5.10082036e-06]
1
iteration 2200
Best Fitness: [5.10082036e-06]
1
iteration 2300
Best Fitness: [5.10082036e-06]
1
iteration 2400
Best Fitness: [5.10082036e-06]
1
iteration 2500
Best Fitness: [5.10082036e-06]
1
iteration 2600
Best Fitness: [5.10082036e-06]
1
iteration 2700
Best Fitness: [5.10082036e-06]
1
iteration 2800
Best Fitness: [5.10082036e-06]
1
iteration 2900
Best Fitness: [5.10082036e-06]
1
iteration 2999
Best Fitness: [5.10082036e-06]
1
iteration 0
Best Fitness: [1.52255786e+154]
100
iteration 100
Best Fitness: [0.24963899]
1
iteration 200
Best Fitness: [0.01734405]
1
iteration 300
Best Fitness: [0.01641442]
1
iteration 400
Best Fitness: [0.00795062]
1
iteration 500
Best Fitness: [0.00513841]
1
iteration 600
Best Fitness: [0.00513469]
1
iteration 700
Best Fitness: [0.0022001]
1
iteration 800
Best Fitness: [0.00220009]
1
iteration 900
Best Fitness: [0.00192288]
1
iteration 1000
Best Fitness: [0.00119563]
1
iteration 1100
Best Fitness: [0.00115322]
1
iteration 1200
Best Fitness: [0.00115319]
1
iteration 1300
Best Fitness: [0.00115319]
1
iteration 1400
Best Fitness: [0.00115319]
1
iteration 1500
Best Fitness: [0.00061755]
1
iteration 1600
Best Fitness: [0.00061755]
1
iteration 1700
Best Fitness: [0.00061755]
1
iteration 1800
Best Fitness: [0.00061755]
1
iteration 1900
Best Fitness: [0.00061755]
1
iteration 2000
Best Fitness: [0.00061755]
1
iteration 2100
Best Fitness: [0.00061755]
1
iteration 2200
Best Fitness: [0.00061755]
1
iteration 2300
Best Fitness: [0.00061755]
1
iteration 2400
Best Fitness: [0.00061755]
1
iteration 2500
Best Fitness: [0.00061755]
1
iteration 2600
Best Fitness: [0.00061755]
1
iteration 2700
Best Fitness: [0.00061755]
1
iteration 2800
Best Fitness: [0.00061164]
1
iteration 2900
Best Fitness: [0.00050117]
1
iteration 2999
Best Fitness: [0.00050117]
1
iteration 0
Best Fitness: [2.62700823e+155]
100
iteration 100
Best Fitness: [0.44054419]
1
iteration 200
Best Fitness: [0.02666493]
1
iteration 300
Best Fitness: [0.01178018]
1
iteration 400
Best Fitness: [0.00464433]
1
iteration 500
Best Fitness: [0.00464433]
1
iteration 600
Best Fitness: [0.00464433]
1
iteration 700
Best Fitness: [0.0004896]
1
iteration 800
Best Fitness: [0.00021151]
1
iteration 900
Best Fitness: [4.83346194e-05]
1
iteration 1000
Best Fitness: [3.68032027e-05]
1
iteration 1100
Best Fitness: [3.68032027e-05]
1
iteration 1200
Best Fitness: [3.68032027e-05]
1
iteration 1300
Best Fitness: [3.68032027e-05]
1
iteration 1400
Best Fitness: [3.50128837e-05]
1
iteration 1500
Best Fitness: [1.54949899e-05]
1
iteration 1600
Best Fitness: [1.54949898e-05]
1
iteration 1700
Best Fitness: [1.54949898e-05]
1
iteration 1800
Best Fitness: [1.54949898e-05]
1
iteration 1900
Best Fitness: [1.54949898e-05]
1
iteration 2000
Best Fitness: [7.02505918e-06]
1
iteration 2100
Best Fitness: [6.80607933e-06]
1
iteration 2200
Best Fitness: [6.26100297e-06]
1
iteration 2300
Best Fitness: [6.26100277e-06]
1
iteration 2400
Best Fitness: [6.26100277e-06]
1
iteration 2500
Best Fitness: [6.26100277e-06]
1
iteration 2600
Best Fitness: [6.26100277e-06]
1
iteration 2700
Best Fitness: [6.26100277e-06]
1
iteration 2800
Best Fitness: [6.26100277e-06]
1
iteration 2900
Best Fitness: [6.26100277e-06]
1
iteration 2999
Best Fitness: [6.26100277e-06]
1
iteration 0
Best Fitness: [4.30817409e+144]
100
iteration 100
Best Fitness: [5.64455756e+16]
1
iteration 200
Best Fitness: [3.30210977e+13]
1
iteration 300
Best Fitness: [1.32127994e+13]
1
iteration 400
Best Fitness: [1.97645976e+12]
1
iteration 500
Best Fitness: [1.56912016e+11]
1
iteration 600
Best Fitness: [5.27890957e+10]
1
iteration 700
Best Fitness: [9.61874356e+09]
1
iteration 800
Best Fitness: [7.46754186e+09]
1
iteration 900
Best Fitness: [5.38883335e+09]
1
iteration 1000
Best Fitness: [4.99226549e+09]
1
iteration 1100
Best Fitness: [2.76668746e+09]
1
iteration 1200
Best Fitness: [8.12782041e+08]
1
iteration 1300
Best Fitness: [1.63012447e+08]
1
iteration 1400
Best Fitness: [1.63012447e+08]
1
iteration 1500
Best Fitness: [1.63012447e+08]
1
iteration 1600
Best Fitness: [1.63012447e+08]
1
iteration 1700
Best Fitness: [1.63012447e+08]
1
iteration 1800
Best Fitness: [1.27385866e+08]
1
iteration 1900
Best Fitness: [69133902.1654956]
1
iteration 2000
Best Fitness: [68762683.88059834]
1
iteration 2100
Best Fitness: [68762683.88059798]
1
iteration 2200
Best Fitness: [68762683.88059798]
1
iteration 2300
Best Fitness: [27169999.74912839]
1
iteration 2400
Best Fitness: [27153309.5104735]
1
iteration 2500
Best Fitness: [27153309.5104735]
1
iteration 2600
Best Fitness: [27153309.5104735]
1
iteration 2700
Best Fitness: [27153309.5104735]
1
iteration 2800
Best Fitness: [21723978.34979613]
1
iteration 2900
Best Fitness: [8382919.83540833]
1
iteration 2999
Best Fitness: [3262816.9276537]
1
iteration 0
Best Fitness: [1.08300768e+140]
100
iteration 100
Best Fitness: [0.06150101]
1
iteration 200
Best Fitness: [0.0028544]
1
iteration 300
Best Fitness: [0.00056211]
1
iteration 400
Best Fitness: [0.00041951]
1
iteration 500
Best Fitness: [0.00015495]
1
iteration 600
Best Fitness: [0.0001549]
1
iteration 700
Best Fitness: [0.00013523]
1
iteration 800
Best Fitness: [0.00013523]
1
iteration 900
Best Fitness: [0.00011242]
1
iteration 1000
Best Fitness: [0.00011078]
1
iteration 1100
Best Fitness: [8.40266456e-05]
1
iteration 1200
Best Fitness: [6.7109083e-05]
1
iteration 1300
Best Fitness: [6.7109083e-05]
1
iteration 1400
Best Fitness: [6.7109083e-05]
1
iteration 1500
Best Fitness: [6.7109083e-05]
1
iteration 1600
Best Fitness: [2.85036668e-05]
1
iteration 1700
Best Fitness: [2.74816412e-05]
1
iteration 1800
Best Fitness: [2.74816412e-05]
1
iteration 1900
Best Fitness: [4.7972492e-06]
1
iteration 2000
Best Fitness: [4.79385648e-06]
1
iteration 2100
Best Fitness: [4.79385648e-06]
1
iteration 2200
Best Fitness: [4.79385648e-06]
1
iteration 2300
Best Fitness: [4.79385648e-06]
1
iteration 2400
Best Fitness: [3.84261617e-06]
1
iteration 2500
Best Fitness: [3.82449384e-06]
1
iteration 2600
Best Fitness: [3.82449261e-06]
1
iteration 2700
Best Fitness: [2.88459362e-06]
1
iteration 2800
Best Fitness: [2.29123816e-06]
1
iteration 2900
Best Fitness: [1.77370109e-06]
1
iteration 2999
Best Fitness: [1.77370109e-06]
1
[array([0.00011706]), array([601.10360338]), array([0.00082645]), array([1716.67114416]), array([0.27027423]), array([5.10082036e-06]), array([0.00050117]), array([6.26100277e-06]), array([3262816.9276537]), array([1.77370109e-06])]
iteration 0
Best Fitness: [494280.52595829]
100
iteration 100
Best Fitness: [462022.74602425]
100
iteration 200
Best Fitness: [439311.32282193]
100
iteration 300
Best Fitness: [420082.07298104]
100
iteration 400
Best Fitness: [403820.16371517]
100
iteration 500
Best Fitness: [390124.89244345]
100
iteration 600
Best Fitness: [378521.79277776]
100
iteration 700
Best Fitness: [368506.39350821]
100
iteration 800
Best Fitness: [359873.15565104]
100
iteration 900
Best Fitness: [352720.5305459]
100
iteration 1000
Best Fitness: [346710.67808914]
100
iteration 1100
Best Fitness: [341498.68316651]
100
iteration 1200
Best Fitness: [336787.72635135]
100
iteration 1300
Best Fitness: [332407.68523292]
100
iteration 1400
Best Fitness: [328357.46806567]
100
iteration 1500
Best Fitness: [324722.33372753]
100
iteration 1600
Best Fitness: [321187.8367828]
100
iteration 1700
Best Fitness: [317959.35173325]
100
iteration 1800
Best Fitness: [315019.93972248]
100
iteration 1900
Best Fitness: [312192.00977423]
100
iteration 2000
Best Fitness: [309490.90924841]
100
iteration 2100
Best Fitness: [306976.28808813]
100
iteration 2200
Best Fitness: [304705.32698228]
100
iteration 2300
Best Fitness: [302576.62109464]
100
iteration 2400
Best Fitness: [300601.94042039]
100
iteration 2500
Best Fitness: [298791.68930826]
100
iteration 2600
Best Fitness: [297124.45478993]
100
iteration 2700
Best Fitness: [295591.59757959]
100
iteration 2800
Best Fitness: [294181.95234563]
100
iteration 2900
Best Fitness: [292860.92504751]
100
iteration 2999
Best Fitness: [291627.40331569]
100
iteration 0
Best Fitness: [363683.82281433]
100
iteration 100
Best Fitness: [310938.42985115]
100
iteration 200
Best Fitness: [279301.46325902]
100
iteration 300
Best Fitness: [256175.83387422]
100
iteration 400
Best Fitness: [237854.08445816]
100
iteration 500
Best Fitness: [223149.80924745]
100
iteration 600
Best Fitness: [210741.20856941]
100
iteration 700
Best Fitness: [199578.68280309]
100
iteration 800
Best Fitness: [190296.60365808]
100
iteration 900
Best Fitness: [182562.21897446]
100
iteration 1000
Best Fitness: [175687.94417767]
100
iteration 1100
Best Fitness: [169509.91990513]
100
iteration 1200
Best Fitness: [163867.10587397]
100
iteration 1300
Best Fitness: [158791.82503116]
100
iteration 1400
Best Fitness: [154032.72448375]
100
iteration 1500
Best Fitness: [149702.64130716]
100
iteration 1600
Best Fitness: [145629.26718197]
100
iteration 1700
Best Fitness: [141907.58067432]
100
iteration 1800
Best Fitness: [138593.79069781]
100
iteration 1900
Best Fitness: [135467.3933786]
100
iteration 2000
Best Fitness: [132713.16203674]
100
iteration 2100
Best Fitness: [130286.43427659]
100
iteration 2200
Best Fitness: [128006.76950296]
100
iteration 2300
Best Fitness: [125914.78021681]
100
iteration 2400
Best Fitness: [123983.09095892]
100
iteration 2500
Best Fitness: [122218.08569069]
100
iteration 2600
Best Fitness: [120620.42116761]
100
iteration 2700
Best Fitness: [119069.7911021]
100
iteration 2800
Best Fitness: [117543.88803242]
100
iteration 2900
Best Fitness: [116042.09120104]
100
iteration 2999
Best Fitness: [114634.00737932]
100
iteration 0
Best Fitness: [508528.82280304]
100
iteration 100
Best Fitness: [468819.48320609]
100
iteration 200
Best Fitness: [444057.63162819]
100
iteration 300
Best Fitness: [424704.59744042]
100
iteration 400
Best Fitness: [406608.84072276]
100
iteration 500
Best Fitness: [391869.50632265]
100
iteration 600
Best Fitness: [378599.88337342]
100
iteration 700
Best Fitness: [366630.40952081]
100
iteration 800
Best Fitness: [357109.15886887]
100
iteration 900
Best Fitness: [349059.94443503]
100
iteration 1000
Best Fitness: [341770.6145641]
100
iteration 1100
Best Fitness: [335445.19580242]
100
iteration 1200
Best Fitness: [329939.80597112]
100
iteration 1300
Best Fitness: [325050.3064581]
100
iteration 1400
Best Fitness: [320645.83998095]
100
iteration 1500
Best Fitness: [316609.02198303]
100
iteration 1600
Best Fitness: [312876.71953548]
100
iteration 1700
Best Fitness: [309387.97525313]
100
iteration 1800
Best Fitness: [305986.15952487]
100
iteration 1900
Best Fitness: [302685.31738691]
99
iteration 2000
Best Fitness: [299543.56281927]
99
iteration 2100
Best Fitness: [296581.79673643]
99
iteration 2200
Best Fitness: [293769.87628866]
99
iteration 2300
Best Fitness: [291090.38434251]
99
iteration 2400
Best Fitness: [288528.00064676]
99
iteration 2500
Best Fitness: [286090.66198885]
99
iteration 2600
Best Fitness: [283764.23701391]
99
iteration 2700
Best Fitness: [281549.65982137]
99
iteration 2800
Best Fitness: [279505.85491224]
99
iteration 2900
Best Fitness: [277590.86518831]
99
iteration 2999
Best Fitness: [275780.52305512]
99
iteration 0
Best Fitness: [413345.053041]
100
iteration 100
Best Fitness: [385680.57315987]
100
iteration 200
Best Fitness: [367546.286019]
100
iteration 300
Best Fitness: [352386.14714323]
100
iteration 400
Best Fitness: [339752.14558659]
100
iteration 500
Best Fitness: [327921.49882196]
100
iteration 600
Best Fitness: [317554.05778239]
100
iteration 700
Best Fitness: [308358.63685608]
100
iteration 800
Best Fitness: [300148.92195292]
100
iteration 900
Best Fitness: [292757.92472573]
100
iteration 1000
Best Fitness: [286058.9179448]
100
iteration 1100
Best Fitness: [279948.35321001]
100
iteration 1200
Best Fitness: [274367.7681438]
100
iteration 1300
Best Fitness: [269288.25311426]
100
iteration 1400
Best Fitness: [264675.75876492]
100
iteration 1500
Best Fitness: [260441.06761442]
100
iteration 1600
Best Fitness: [256487.33537902]
100
iteration 1700
Best Fitness: [252779.50836431]
100
iteration 1800
Best Fitness: [249314.53371359]
100
iteration 1900
Best Fitness: [246112.81635776]
100
iteration 2000
Best Fitness: [243184.65904927]
100
iteration 2100
Best Fitness: [240505.93427721]
100
iteration 2200
Best Fitness: [238012.09272284]
100
iteration 2300
Best Fitness: [235641.68934655]
100
iteration 2400
Best Fitness: [233341.64564935]
100
iteration 2500
Best Fitness: [231126.83913189]
100
iteration 2600
Best Fitness: [229005.28771939]
100
iteration 2700
Best Fitness: [226999.29380488]
100
iteration 2800
Best Fitness: [225123.09378393]
100
iteration 2900
Best Fitness: [223381.99092709]
100
iteration 2999
Best Fitness: [221784.17810496]
100
iteration 0
Best Fitness: [271100.31544175]
100
iteration 100
Best Fitness: [214951.55862843]
100
iteration 200
Best Fitness: [190358.43083857]
100
iteration 300
Best Fitness: [172745.57294112]
100
iteration 400
Best Fitness: [158928.24762784]
100
iteration 500
Best Fitness: [147492.38658876]
100
iteration 600
Best Fitness: [137610.95776604]
100
iteration 700
Best Fitness: [128849.83154217]
100
iteration 800
Best Fitness: [120927.7716137]
100
iteration 900
Best Fitness: [113660.80358035]
100
iteration 1000
Best Fitness: [106949.32179265]
100
iteration 1100
Best Fitness: [100777.25213778]
100
iteration 1200
Best Fitness: [95135.98744549]
100
iteration 1300
Best Fitness: [89956.19467467]
100
iteration 1400
Best Fitness: [85202.44205061]
100
iteration 1500
Best Fitness: [80773.09789862]
100
iteration 1600
Best Fitness: [76602.9586183]
100
iteration 1700
Best Fitness: [72755.500846]
100
iteration 1800
Best Fitness: [69205.59835414]
100
iteration 1900
Best Fitness: [65914.56357943]
100
iteration 2000
Best Fitness: [62791.72980693]
100
iteration 2100
Best Fitness: [59830.2210848]
100
iteration 2200
Best Fitness: [57062.39329806]
100
iteration 2300
Best Fitness: [54468.71234449]
100
iteration 2400
Best Fitness: [52057.86861689]
100
iteration 2500
Best Fitness: [49799.06662093]
100
iteration 2600
Best Fitness: [47679.60936012]
100
iteration 2700
Best Fitness: [45708.11400782]
100
iteration 2800
Best Fitness: [43876.59476781]
100
iteration 2900
Best Fitness: [42134.58489883]
100
iteration 2999
Best Fitness: [40511.72166485]
100
iteration 0
Best Fitness: [556031.35447499]
100
iteration 100
Best Fitness: [520592.41869083]
100
iteration 200
Best Fitness: [498414.40147787]
100
iteration 300
Best Fitness: [480257.79326908]
100
iteration 400
Best Fitness: [465143.75088712]
100
iteration 500
Best Fitness: [452233.39300245]
100
iteration 600
Best Fitness: [439957.26160433]
100
iteration 700
Best Fitness: [428527.69702319]
100
iteration 800
Best Fitness: [418583.16347123]
100
iteration 900
Best Fitness: [409573.51096875]
100
iteration 1000
Best Fitness: [400831.94862877]
100
iteration 1100
Best Fitness: [393332.60553306]
100
iteration 1200
Best Fitness: [386993.77624275]
100
iteration 1300
Best Fitness: [381082.03566146]
100
iteration 1400
Best Fitness: [375188.2283722]
100
iteration 1500
Best Fitness: [369824.31680208]
100
iteration 1600
Best Fitness: [365060.98337342]
100
iteration 1700
Best Fitness: [360857.45829696]
100
iteration 1800
Best Fitness: [357125.49340342]
100
iteration 1900
Best Fitness: [353787.23324767]
100
iteration 2000
Best Fitness: [350735.31137898]
100
iteration 2100
Best Fitness: [347837.41133212]
100
iteration 2200
Best Fitness: [344991.39153011]
100
iteration 2300
Best Fitness: [342260.38604558]
100
iteration 2400
Best Fitness: [339745.24840644]
100
iteration 2500
Best Fitness: [337466.39603026]
100
iteration 2600
Best Fitness: [335371.49244963]
100
iteration 2700
Best Fitness: [333419.44045379]
100
iteration 2800
Best Fitness: [331608.65457015]
100
iteration 2900
Best Fitness: [329846.85096133]
100
iteration 2999
Best Fitness: [328067.33774698]
100
iteration 0
Best Fitness: [398221.23180137]
100
iteration 100
Best Fitness: [361559.71795336]
100
iteration 200
Best Fitness: [337125.00510691]
100
iteration 300
Best Fitness: [319594.46574566]
100
iteration 400
Best Fitness: [303747.32306597]
100
iteration 500
Best Fitness: [291590.32185178]
100
iteration 600
Best Fitness: [279861.50557792]
100
iteration 700
Best Fitness: [270255.49564778]
100
iteration 800
Best Fitness: [261918.11729431]
100
iteration 900
Best Fitness: [254069.71888816]
100
iteration 1000
Best Fitness: [248124.0594587]
100
iteration 1100
Best Fitness: [242994.53510124]
100
iteration 1200
Best Fitness: [238016.40257418]
100
iteration 1300
Best Fitness: [233810.33758604]
100
iteration 1400
Best Fitness: [230298.7651119]
100
iteration 1500
Best Fitness: [227225.74299198]
100
iteration 1600
Best Fitness: [224321.71856077]
100
iteration 1700
Best Fitness: [221747.2374036]
100
iteration 1800
Best Fitness: [219518.47903909]
100
iteration 1900
Best Fitness: [217470.20993264]
100
iteration 2000
Best Fitness: [215548.8824789]
100
iteration 2100
Best Fitness: [213811.01790272]
100
iteration 2200
Best Fitness: [212171.89615839]
100
iteration 2300
Best Fitness: [210593.66984161]
100
iteration 2400
Best Fitness: [209113.17614345]
100
iteration 2500
Best Fitness: [207691.83862656]
100
iteration 2600
Best Fitness: [206316.03455504]
100
iteration 2700
Best Fitness: [205023.71853142]
100
iteration 2800
Best Fitness: [203796.78887628]
100
iteration 2900
Best Fitness: [202604.71384]
100
iteration 2999
Best Fitness: [201481.09908866]
100
iteration 0
Best Fitness: [493032.23899568]
100
iteration 100
Best Fitness: [464149.18036324]
100
iteration 200
Best Fitness: [444941.29472018]
100
iteration 300
Best Fitness: [430194.41973304]
100
iteration 400
Best Fitness: [417902.24733052]
100
iteration 500
Best Fitness: [406288.29999962]
100
iteration 600
Best Fitness: [396233.31128553]
100
iteration 700
Best Fitness: [387583.71243058]
100
iteration 800
Best Fitness: [379973.74463656]
100
iteration 900
Best Fitness: [373084.86533193]
100
iteration 1000
Best Fitness: [366585.4043391]
100
iteration 1100
Best Fitness: [360330.88346627]
100
iteration 1200
Best Fitness: [354439.85773211]
100
iteration 1300
Best Fitness: [349023.00216106]
100
iteration 1400
Best Fitness: [344034.67327306]
100
iteration 1500
Best Fitness: [339401.00322445]
100
iteration 1600
Best Fitness: [335058.97483702]
100
iteration 1700
Best Fitness: [330947.95876043]
100
iteration 1800
Best Fitness: [327004.53091934]
100
iteration 1900
Best Fitness: [323207.20037725]
100
iteration 2000
Best Fitness: [319584.0523335]
100
iteration 2100
Best Fitness: [316173.44594116]
100
iteration 2200
Best Fitness: [313004.68065356]
100
iteration 2300
Best Fitness: [310070.2111661]
100
iteration 2400
Best Fitness: [307353.13500717]
100
iteration 2500
Best Fitness: [304823.42211785]
100
iteration 2600
Best Fitness: [302450.73252313]
100
iteration 2700
Best Fitness: [300190.23433116]
100
iteration 2800
Best Fitness: [298004.70032155]
100
iteration 2900
Best Fitness: [295886.43957171]
100
iteration 2999
Best Fitness: [293876.38178678]
100
iteration 0
Best Fitness: [521135.68965555]
100
iteration 100
Best Fitness: [482878.02726725]
100
iteration 200
Best Fitness: [462774.71082585]
100
iteration 300
Best Fitness: [445163.33306256]
100
iteration 400
Best Fitness: [430370.27500677]
100
iteration 500
Best Fitness: [417348.22929986]
100
iteration 600
Best Fitness: [404887.03738329]
100
iteration 700
Best Fitness: [393506.38626211]
100
iteration 800
Best Fitness: [383767.11812439]
100
iteration 900
Best Fitness: [375316.5063367]
100
iteration 1000
Best Fitness: [367407.58716778]
100
iteration 1100
Best Fitness: [360041.98487356]
100
iteration 1200
Best Fitness: [353657.53625234]
100
iteration 1300
Best Fitness: [348066.04234655]
100
iteration 1400
Best Fitness: [342925.91987702]
100
iteration 1500
Best Fitness: [337751.12728817]
100
iteration 1600
Best Fitness: [332835.46973698]
100
iteration 1700
Best Fitness: [328428.06640585]
100
iteration 1800
Best Fitness: [324560.34811716]
100
iteration 1900
Best Fitness: [321072.04023207]
100
iteration 2000
Best Fitness: [317740.47172745]
100
iteration 2100
Best Fitness: [314231.80230294]
100
iteration 2200
Best Fitness: [311068.80707372]
100
iteration 2300
Best Fitness: [308115.94239683]
100
iteration 2400
Best Fitness: [305432.55822212]
100
iteration 2500
Best Fitness: [303012.82290512]
100
iteration 2600
Best Fitness: [300573.8141535]
100
iteration 2700
Best Fitness: [297801.44401646]
100
iteration 2800
Best Fitness: [295456.81294572]
100
iteration 2900
Best Fitness: [293436.11281908]
100
iteration 2999
Best Fitness: [291561.59091654]
100
iteration 0
Best Fitness: [486380.98303045]
100
iteration 100
Best Fitness: [445276.64885163]
100
iteration 200
Best Fitness: [420652.98605547]
100
iteration 300
Best Fitness: [400908.53582288]
100
iteration 400
Best Fitness: [385588.10438351]
100
iteration 500
Best Fitness: [373698.10969444]
100
iteration 600
Best Fitness: [362671.10790423]
100
iteration 700
Best Fitness: [353220.53651555]
100
iteration 800
Best Fitness: [345195.73094087]
100
iteration 900
Best Fitness: [338315.26819616]
100
iteration 1000
Best Fitness: [332300.54229547]
100
iteration 1100
Best Fitness: [326847.05784084]
100
iteration 1200
Best Fitness: [321639.18333764]
100
iteration 1300
Best Fitness: [316614.13869722]
100
iteration 1400
Best Fitness: [312002.70470924]
100
iteration 1500
Best Fitness: [307850.00909944]
100
iteration 1600
Best Fitness: [304111.94574183]
100
iteration 1700
Best Fitness: [300683.67211834]
100
iteration 1800
Best Fitness: [297433.65284904]
100
iteration 1900
Best Fitness: [294217.44857606]
100
iteration 2000
Best Fitness: [291132.0572513]
100
iteration 2100
Best Fitness: [288330.73410019]
100
iteration 2200
Best Fitness: [285848.95297507]
100
iteration 2300
Best Fitness: [283642.81281833]
100
iteration 2400
Best Fitness: [281676.89631363]
100
iteration 2500
Best Fitness: [279821.45101891]
100
iteration 2600
Best Fitness: [277896.14604981]
100
iteration 2700
Best Fitness: [276290.72873044]
100
iteration 2800
Best Fitness: [274717.9260755]
100
iteration 2900
Best Fitness: [273357.77693288]
100
iteration 2999
Best Fitness: [272067.0933159]
100
[array([291627.40331569]), array([114634.00737932]), array([275780.52305512]), array([221784.17810496]), array([40511.72166485]), array([328067.33774698]), array([201481.09908866]), array([293876.38178678]), array([291561.59091654]), array([272067.0933159])]
iteration 0
Best Fitness: [1016.82526631]
100
iteration 100
Best Fitness: [0.00451507]
100
iteration 200
Best Fitness: [0.00285578]
100
iteration 300
Best Fitness: [0.00179138]
100
iteration 400
Best Fitness: [0.00111693]
100
iteration 500
Best Fitness: [0.00069475]
100
iteration 600
Best Fitness: [0.000429]
100
iteration 700
Best Fitness: [0.00026439]
100
iteration 800
Best Fitness: [0.00016228]
100
iteration 900
Best Fitness: [9.94590025e-05]
100
iteration 1000
Best Fitness: [6.07764955e-05]
100
iteration 1100
Best Fitness: [3.71271886e-05]
100
iteration 1200
Best Fitness: [2.26198462e-05]
100
iteration 1300
Best Fitness: [1.3799143e-05]
100
iteration 1400
Best Fitness: [8.39722119e-06]
100
iteration 1500
Best Fitness: [5.10589419e-06]
100
iteration 1600
Best Fitness: [3.11208059e-06]
100
iteration 1700
Best Fitness: [1.86419488e-06]
4
iteration 1800
Best Fitness: [1.6189505e-06]
1
iteration 1900
Best Fitness: [1.49155229e-06]
1
iteration 2000
Best Fitness: [1.40619554e-06]
1
iteration 2100
Best Fitness: [1.31811224e-06]
1
iteration 2200
Best Fitness: [1.30437745e-06]
1
iteration 2300
Best Fitness: [1.24804613e-06]
1
iteration 2400
Best Fitness: [1.17697102e-06]
1
iteration 2500
Best Fitness: [1.12177778e-06]
1
iteration 2600
Best Fitness: [1.10261048e-06]
1
iteration 2700
Best Fitness: [1.0706322e-06]
1
iteration 2800
Best Fitness: [1.05417536e-06]
1
iteration 2900
Best Fitness: [1.04064775e-06]
1
iteration 2999
Best Fitness: [1.01437911e-06]
1
iteration 0
Best Fitness: [1279.54265866]
100
iteration 100
Best Fitness: [0.00560809]
100
iteration 200
Best Fitness: [0.00323534]
100
iteration 300
Best Fitness: [0.00188644]
100
iteration 400
Best Fitness: [0.00111292]
100
iteration 500
Best Fitness: [0.00066017]
100
iteration 600
Best Fitness: [0.00039409]
100
iteration 700
Best Fitness: [0.00023671]
100
iteration 800
Best Fitness: [0.00014221]
100
iteration 900
Best Fitness: [8.56263902e-05]
100
iteration 1000
Best Fitness: [5.16702607e-05]
100
iteration 1100
Best Fitness: [3.11989007e-05]
100
iteration 1200
Best Fitness: [1.89252112e-05]
100
iteration 1300
Best Fitness: [1.14827138e-05]
100
iteration 1400
Best Fitness: [6.95516433e-06]
100
iteration 1500
Best Fitness: [4.21333034e-06]
100
iteration 1600
Best Fitness: [2.55585828e-06]
100
iteration 1700
Best Fitness: [1.4935971e-06]
71
iteration 1800
Best Fitness: [1.28988901e-06]
1
iteration 1900
Best Fitness: [1.14359921e-06]
1
iteration 2000
Best Fitness: [1.06298929e-06]
1
iteration 2100
Best Fitness: [1.05256319e-06]
1
iteration 2200
Best Fitness: [1.01862618e-06]
1
iteration 2300
Best Fitness: [9.30793569e-07]
1
iteration 2400
Best Fitness: [9.07141891e-07]
1
iteration 2500
Best Fitness: [8.34575053e-07]
1
iteration 2600
Best Fitness: [7.40355729e-07]
1
iteration 2700
Best Fitness: [7.40355729e-07]
1
iteration 2800
Best Fitness: [7.40355729e-07]
1
iteration 2900
Best Fitness: [7.40355729e-07]
1
iteration 2999
Best Fitness: [7.40355729e-07]
1
iteration 0
Best Fitness: [1136.09156153]
100
iteration 100
Best Fitness: [0.22008296]
100
iteration 200
Best Fitness: [0.09008038]
100
iteration 300
Best Fitness: [0.04335281]
100
iteration 400
Best Fitness: [0.02244305]
100
iteration 500
Best Fitness: [0.01220425]
100
iteration 600
Best Fitness: [0.00685941]
100
iteration 700
Best Fitness: [0.00394072]
100
iteration 800
Best Fitness: [0.00229735]
100
iteration 900
Best Fitness: [0.00135046]
100
iteration 1000
Best Fitness: [0.00079946]
100
iteration 1100
Best Fitness: [0.00047562]
100
iteration 1200
Best Fitness: [0.00028472]
100
iteration 1300
Best Fitness: [0.00017112]
100
iteration 1400
Best Fitness: [0.00010293]
100
iteration 1500
Best Fitness: [6.20487711e-05]
100
iteration 1600
Best Fitness: [3.74477478e-05]
100
iteration 1700
Best Fitness: [2.26832775e-05]
100
iteration 1800
Best Fitness: [1.37298874e-05]
100
iteration 1900
Best Fitness: [8.31849765e-06]
100
iteration 2000
Best Fitness: [5.05358464e-06]
100
iteration 2100
Best Fitness: [3.07798021e-06]
100
iteration 2200
Best Fitness: [1.86062825e-06]
96
iteration 2300
Best Fitness: [1.35592464e-06]
1
iteration 2400
Best Fitness: [1.17564565e-06]
1
iteration 2500
Best Fitness: [1.11459132e-06]
1
iteration 2600
Best Fitness: [1.04358858e-06]
1
iteration 2700
Best Fitness: [9.78912477e-07]
1
iteration 2800
Best Fitness: [9.3764528e-07]
1
iteration 2900
Best Fitness: [9.07327018e-07]
1
iteration 2999
Best Fitness: [8.89570019e-07]
1
iteration 0
Best Fitness: [1133.34765221]
100
iteration 100
Best Fitness: [0.05360506]
100
iteration 200
Best Fitness: [0.02733775]
100
iteration 300
Best Fitness: [0.01470012]
100
iteration 400
Best Fitness: [0.00817712]
100
iteration 500
Best Fitness: [0.00466111]
100
iteration 600
Best Fitness: [0.00270272]
100
iteration 700
Best Fitness: [0.00158717]
100
iteration 800
Best Fitness: [0.00093933]
100
iteration 900
Best Fitness: [0.00055945]
100
iteration 1000
Best Fitness: [0.00033508]
100
iteration 1100
Best Fitness: [0.00020056]
100
iteration 1200
Best Fitness: [0.00012077]
100
iteration 1300
Best Fitness: [7.2770112e-05]
100
iteration 1400
Best Fitness: [4.39960516e-05]
100
iteration 1500
Best Fitness: [2.65962494e-05]
100
iteration 1600
Best Fitness: [1.6099548e-05]
100
iteration 1700
Best Fitness: [9.76746567e-06]
100
iteration 1800
Best Fitness: [5.9294189e-06]
100
iteration 1900
Best Fitness: [3.59016471e-06]
100
iteration 2000
Best Fitness: [2.17796992e-06]
100
iteration 2100
Best Fitness: [1.53976974e-06]
1
iteration 2200
Best Fitness: [1.39049773e-06]
1
iteration 2300
Best Fitness: [1.32125781e-06]
1
iteration 2400
Best Fitness: [1.29455593e-06]
1
iteration 2500
Best Fitness: [1.24082792e-06]
1
iteration 2600
Best Fitness: [1.22433005e-06]
1
iteration 2700
Best Fitness: [1.18554406e-06]
1
iteration 2800
Best Fitness: [1.09949855e-06]
1
iteration 2900
Best Fitness: [1.05282731e-06]
1
iteration 2999
Best Fitness: [1.0433864e-06]
1
iteration 0
Best Fitness: [1297.67939019]
100
iteration 100
Best Fitness: [0.13993418]
100
iteration 200
Best Fitness: [0.10263416]
100
iteration 300
Best Fitness: [0.07390732]
100
iteration 400
Best Fitness: [0.05201165]
100
iteration 500
Best Fitness: [0.03596755]
100
iteration 600
Best Fitness: [0.02433892]
100
iteration 700
Best Fitness: [0.01621312]
100
iteration 800
Best Fitness: [0.01064679]
100
iteration 900
Best Fitness: [0.00686615]
100
iteration 1000
Best Fitness: [0.00438738]
100
iteration 1100
Best Fitness: [0.00277445]
100
iteration 1200
Best Fitness: [0.00174354]
100
iteration 1300
Best Fitness: [0.00108781]
100
iteration 1400
Best Fitness: [0.00067464]
100
iteration 1500
Best Fitness: [0.00041771]
100
iteration 1600
Best Fitness: [0.00025635]
100
iteration 1700
Best Fitness: [0.00015735]
100
iteration 1800
Best Fitness: [9.64404205e-05]
100
iteration 1900
Best Fitness: [5.9055169e-05]
100
iteration 2000
Best Fitness: [3.60043623e-05]
100
iteration 2100
Best Fitness: [2.19815001e-05]
100
iteration 2200
Best Fitness: [1.33931517e-05]
100
iteration 2300
Best Fitness: [8.17163378e-06]
100
iteration 2400
Best Fitness: [4.97097708e-06]
100
iteration 2500
Best Fitness: [3.02842823e-06]
100
iteration 2600
Best Fitness: [1.83822204e-06]
97
iteration 2700
Best Fitness: [1.57580673e-06]
1
iteration 2800
Best Fitness: [1.4227939e-06]
1
iteration 2900
Best Fitness: [1.31700646e-06]
1
iteration 2999
Best Fitness: [1.25345923e-06]
1
iteration 0
Best Fitness: [1221.38891004]
100
iteration 100
Best Fitness: [10.23998415]
1
iteration 200
Best Fitness: [8.0726352]
1
iteration 300
Best Fitness: [5.69386004]
1
iteration 400
Best Fitness: [5.25734777]
1
iteration 500
Best Fitness: [4.76266195]
1
iteration 600
Best Fitness: [2.94189921]
1
iteration 700
Best Fitness: [2.70222162]
1
iteration 800
Best Fitness: [1.64954951]
1
iteration 900
Best Fitness: [1.09962611]
1
iteration 1000
Best Fitness: [0.82358348]
1
iteration 1100
Best Fitness: [0.58697094]
1
iteration 1200
Best Fitness: [0.47042607]
1
iteration 1300
Best Fitness: [0.40850248]
1
iteration 1400
Best Fitness: [0.34223605]
1
iteration 1500
Best Fitness: [0.26532655]
1
iteration 1600
Best Fitness: [0.20886577]
1
iteration 1700
Best Fitness: [0.17466669]
1
iteration 1800
Best Fitness: [0.1598022]
1
iteration 1900
Best Fitness: [0.15269055]
1
iteration 2000
Best Fitness: [0.1438161]
1
iteration 2100
Best Fitness: [0.14149386]
1
iteration 2200
Best Fitness: [0.14071246]
1
iteration 2300
Best Fitness: [0.14036838]
1
iteration 2400
Best Fitness: [0.14036838]
1
iteration 2500
Best Fitness: [0.14036838]
1
iteration 2600
Best Fitness: [0.14036838]
1
iteration 2700
Best Fitness: [0.14036838]
1
iteration 2800
Best Fitness: [0.14036838]
1
iteration 2900
Best Fitness: [0.14036838]
1
iteration 2999
Best Fitness: [0.14036838]
1
iteration 0
Best Fitness: [1204.54445964]
100
iteration 100
Best Fitness: [0.1353711]
100
iteration 200
Best Fitness: [0.06118863]
100
iteration 300
Best Fitness: [0.0307235]
100
iteration 400
Best Fitness: [0.01628849]
100
iteration 500
Best Fitness: [0.00904084]
100
iteration 600
Best Fitness: [0.00514883]
100
iteration 700
Best Fitness: [0.00298209]
100
iteration 800
Best Fitness: [0.0017404]
100
iteration 900
Best Fitness: [0.00102791]
100
iteration 1000
Best Fitness: [0.0006106]
100
iteration 1100
Best Fitness: [0.00036389]
100
iteration 1200
Best Fitness: [0.00021812]
100
iteration 1300
Best Fitness: [0.00013116]
100
iteration 1400
Best Fitness: [7.89062093e-05]
100
iteration 1500
Best Fitness: [4.76488479e-05]
100
iteration 1600
Best Fitness: [2.88069201e-05]
100
iteration 1700
Best Fitness: [1.74086295e-05]
100
iteration 1800
Best Fitness: [1.05618957e-05]
100
iteration 1900
Best Fitness: [6.40998939e-06]
100
iteration 2000
Best Fitness: [3.89719695e-06]
100
iteration 2100
Best Fitness: [2.36592045e-06]
100
iteration 2200
Best Fitness: [1.35365514e-06]
2
iteration 2300
Best Fitness: [1.12455141e-06]
1
iteration 2400
Best Fitness: [1.03490104e-06]
1
iteration 2500
Best Fitness: [1.00768414e-06]
1
iteration 2600
Best Fitness: [1.00133484e-06]
1
iteration 2700
Best Fitness: [9.64417142e-07]
1
iteration 2800
Best Fitness: [9.53903262e-07]
1
iteration 2900
Best Fitness: [9.39146639e-07]
1
iteration 2999
Best Fitness: [8.74378611e-07]
1
iteration 0
Best Fitness: [954.80533113]
100
iteration 100
Best Fitness: [0.23605269]
100
iteration 200
Best Fitness: [0.18039971]
100
iteration 300
Best Fitness: [0.13502923]
100
iteration 400
Best Fitness: [0.09881411]
100
iteration 500
Best Fitness: [0.07104857]
100
iteration 600
Best Fitness: [0.04994778]
100
iteration 700
Best Fitness: [0.03440878]
100
iteration 800
Best Fitness: [0.02325015]
100
iteration 900
Best Fitness: [0.01545855]
100
iteration 1000
Best Fitness: [0.01012709]
100
iteration 1100
Best Fitness: [0.00653499]
100
iteration 1200
Best Fitness: [0.00416991]
100
iteration 1300
Best Fitness: [0.00263547]
100
iteration 1400
Best Fitness: [0.00165207]
100
iteration 1500
Best Fitness: [0.00102985]
100
iteration 1600
Best Fitness: [0.0006398]
100
iteration 1700
Best Fitness: [0.00039611]
100
iteration 1800
Best Fitness: [0.00024402]
100
iteration 1900
Best Fitness: [0.0001497]
100
iteration 2000
Best Fitness: [9.14820979e-05]
100
iteration 2100
Best Fitness: [5.59094826e-05]
100
iteration 2200
Best Fitness: [3.41093547e-05]
100
iteration 2300
Best Fitness: [2.08505122e-05]
100
iteration 2400
Best Fitness: [1.26823312e-05]
100
iteration 2500
Best Fitness: [7.71395569e-06]
100
iteration 2600
Best Fitness: [4.68866088e-06]
100
iteration 2700
Best Fitness: [2.85084381e-06]
100
iteration 2800
Best Fitness: [1.70759436e-06]
2
iteration 2900
Best Fitness: [1.48556132e-06]
1
iteration 2999
Best Fitness: [1.32488448e-06]
1
iteration 0
Best Fitness: [1254.11862685]
100
iteration 100
Best Fitness: [0.14993185]
100
iteration 200
Best Fitness: [0.06639867]
100
iteration 300
Best Fitness: [0.03312871]
100
iteration 400
Best Fitness: [0.01768764]
100
iteration 500
Best Fitness: [0.00974168]
100
iteration 600
Best Fitness: [0.00552974]
100
iteration 700
Best Fitness: [0.00318905]
100
iteration 800
Best Fitness: [0.00186295]
100
iteration 900
Best Fitness: [0.001099]
100
iteration 1000
Best Fitness: [0.00065416]
100
iteration 1100
Best Fitness: [0.00039115]
100
iteration 1200
Best Fitness: [0.0002349]
100
iteration 1300
Best Fitness: [0.00014117]
100
iteration 1400
Best Fitness: [8.48382285e-05]
100
iteration 1500
Best Fitness: [5.13138871e-05]
100
iteration 1600
Best Fitness: [3.09706698e-05]
100
iteration 1700
Best Fitness: [1.87986189e-05]
100
iteration 1800
Best Fitness: [1.13440974e-05]
100
iteration 1900
Best Fitness: [6.85945439e-06]
100
iteration 2000
Best Fitness: [4.14938276e-06]
100
iteration 2100
Best Fitness: [2.51842031e-06]
100
iteration 2200
Best Fitness: [1.61979467e-06]
1
iteration 2300
Best Fitness: [1.46545071e-06]
1
iteration 2400
Best Fitness: [1.35335573e-06]
1
iteration 2500
Best Fitness: [1.27475721e-06]
1
iteration 2600
Best Fitness: [1.23425109e-06]
1
iteration 2700
Best Fitness: [1.22748065e-06]
1
iteration 2800
Best Fitness: [1.20554575e-06]
1
iteration 2900
Best Fitness: [1.1270105e-06]
1
iteration 2999
Best Fitness: [1.12687652e-06]
1
iteration 0
Best Fitness: [1225.69840478]
100
iteration 100
Best Fitness: [0.45500115]
100
iteration 200
Best Fitness: [0.36729375]
100
iteration 300
Best Fitness: [0.29035344]
100
iteration 400
Best Fitness: [0.22552186]
100
iteration 500
Best Fitness: [0.17206225]
100
iteration 600
Best Fitness: [0.12850376]
100
iteration 700
Best Fitness: [0.09378853]
100
iteration 800
Best Fitness: [0.06696759]
100
iteration 900
Best Fitness: [0.0469313]
100
iteration 1000
Best Fitness: [0.03224572]
100
iteration 1100
Best Fitness: [0.02170598]
100
iteration 1200
Best Fitness: [0.01439318]
100
iteration 1300
Best Fitness: [0.00939644]
100
iteration 1400
Best Fitness: [0.00608196]
100
iteration 1500
Best Fitness: [0.00387626]
100
iteration 1600
Best Fitness: [0.00244653]
100
iteration 1700
Best Fitness: [0.00153121]
100
iteration 1800
Best Fitness: [0.00095122]
100
iteration 1900
Best Fitness: [0.00058849]
100
iteration 2000
Best Fitness: [0.00036274]
100
iteration 2100
Best Fitness: [0.00022318]
100
iteration 2200
Best Fitness: [0.00013694]
100
iteration 2300
Best Fitness: [8.37558086e-05]
100
iteration 2400
Best Fitness: [5.12579558e-05]
100
iteration 2500
Best Fitness: [3.13808631e-05]
100
iteration 2600
Best Fitness: [1.90650415e-05]
100
iteration 2700
Best Fitness: [1.15739673e-05]
100
iteration 2800
Best Fitness: [7.03944847e-06]
100
iteration 2900
Best Fitness: [4.28996274e-06]
100
iteration 2999
Best Fitness: [2.62283586e-06]
100
[array([1.01437911e-06]), array([7.40355729e-07]), array([8.89570019e-07]), array([1.0433864e-06]), array([1.25345923e-06]), array([0.14036838]), array([8.74378611e-07]), array([1.32488448e-06]), array([1.12687652e-06]), array([2.62283586e-06])]
iteration 0
Best Fitness: [21.18790512]
100
iteration 100
Best Fitness: [1.20493332e-06]
33
iteration 200
Best Fitness: [0.00465729]
1
iteration 300
Best Fitness: [0.00135979]
1
iteration 400
Best Fitness: [0.00059015]
1
iteration 500
Best Fitness: [0.00029077]
1
iteration 600
Best Fitness: [0.00014469]
1
iteration 700
Best Fitness: [7.19595495e-05]
1
iteration 800
Best Fitness: [4.55138068e-05]
1
iteration 900
Best Fitness: [2.30599141e-05]
1
iteration 1000
Best Fitness: [1.25440962e-05]
1
iteration 1100
Best Fitness: [5.49077517e-06]
1
iteration 1200
Best Fitness: [2.82104898e-06]
1
iteration 1300
Best Fitness: [1.77789013e-06]
1
iteration 1400
Best Fitness: [9.26542551e-07]
1
iteration 1500
Best Fitness: [5.02421232e-07]
1
iteration 1600
Best Fitness: [2.70473684e-07]
1
iteration 1700
Best Fitness: [1.19541776e-07]
1
iteration 1800
Best Fitness: [7.14605264e-08]
1
iteration 1900
Best Fitness: [3.63038968e-08]
1
iteration 2000
Best Fitness: [1.62023532e-08]
1
iteration 2100
Best Fitness: [1.02349578e-08]
1
iteration 2200
Best Fitness: [5.76828185e-09]
1
iteration 2300
Best Fitness: [2.5448319e-09]
1
iteration 2400
Best Fitness: [1.29598554e-09]
1
iteration 2500
Best Fitness: [7.02591763e-10]
1
iteration 2600
Best Fitness: [3.65915298e-10]
1
iteration 2700
Best Fitness: [2.13459472e-10]
1
iteration 2800
Best Fitness: [1.19076304e-10]
1
iteration 2900
Best Fitness: [5.88382676e-11]
1
iteration 2999
Best Fitness: [2.90878432e-11]
1
iteration 0
Best Fitness: [22.63724772]
100
iteration 100
Best Fitness: [4.17396942e-06]
25
iteration 200
Best Fitness: [0.0041907]
1
iteration 300
Best Fitness: [0.00157007]
1
iteration 400
Best Fitness: [0.0011614]
1
iteration 500
Best Fitness: [0.00043775]
1
iteration 600
Best Fitness: [0.00018237]
1
iteration 700
Best Fitness: [0.00010045]
1
iteration 800
Best Fitness: [4.9411931e-05]
1
iteration 900
Best Fitness: [2.45448699e-05]
1
iteration 1000
Best Fitness: [1.22571e-05]
1
iteration 1100
Best Fitness: [6.71089907e-06]
1
iteration 1200
Best Fitness: [4.20289227e-06]
1
iteration 1300
Best Fitness: [2.19400984e-06]
1
iteration 1400
Best Fitness: [9.80503282e-07]
1
iteration 1500
Best Fitness: [5.20388435e-07]
1
iteration 1600
Best Fitness: [3.32425138e-07]
1
iteration 1700
Best Fitness: [1.76073943e-07]
1
iteration 1800
Best Fitness: [8.79270221e-08]
1
iteration 1900
Best Fitness: [4.30202487e-08]
1
iteration 2000
Best Fitness: [2.64686157e-08]
1
iteration 2100
Best Fitness: [1.29089361e-08]
1
iteration 2200
Best Fitness: [7.32774375e-09]
1
iteration 2300
Best Fitness: [3.71810138e-09]
1
iteration 2400
Best Fitness: [1.91800176e-09]
1
iteration 2500
Best Fitness: [1.25234578e-09]
1
iteration 2600
Best Fitness: [6.53800569e-10]
1
iteration 2700
Best Fitness: [3.3958969e-10]
1
iteration 2800
Best Fitness: [1.58992819e-10]
1
iteration 2900
Best Fitness: [1.03936415e-10]
1
iteration 2999
Best Fitness: [3.97637478e-11]
1
iteration 0
Best Fitness: [21.77524783]
100
iteration 100
Best Fitness: [0.02187576]
1
iteration 200
Best Fitness: [0.00638329]
1
iteration 300
Best Fitness: [0.00248231]
1
iteration 400
Best Fitness: [0.00134884]
1
iteration 500
Best Fitness: [0.00054403]
1
iteration 600
Best Fitness: [0.00027332]
1
iteration 700
Best Fitness: [0.00013892]
1
iteration 800
Best Fitness: [6.04773331e-05]
1
iteration 900
Best Fitness: [3.98459978e-05]
1
iteration 1000
Best Fitness: [1.85091344e-05]
1
iteration 1100
Best Fitness: [8.98018649e-06]
1
iteration 1200
Best Fitness: [5.63951683e-06]
1
iteration 1300
Best Fitness: [2.77563657e-06]
1
iteration 1400
Best Fitness: [1.52435593e-06]
1
iteration 1500
Best Fitness: [8.60541968e-07]
1
iteration 1600
Best Fitness: [4.89663673e-07]
1
iteration 1700
Best Fitness: [2.32675148e-07]
1
iteration 1800
Best Fitness: [1.28515627e-07]
1
iteration 1900
Best Fitness: [7.44295576e-08]
1
iteration 2000
Best Fitness: [3.15548352e-08]
1
iteration 2100
Best Fitness: [1.68550525e-08]
1
iteration 2200
Best Fitness: [9.87602178e-09]
1
iteration 2300
Best Fitness: [5.3826632e-09]
1
iteration 2400
Best Fitness: [3.00897263e-09]
1
iteration 2500
Best Fitness: [1.333337e-09]
1
iteration 2600
Best Fitness: [6.35060005e-10]
1
iteration 2700
Best Fitness: [4.41957582e-10]
1
iteration 2800
Best Fitness: [2.07045048e-10]
1
iteration 2900
Best Fitness: [1.14827259e-10]
1
iteration 2999
Best Fitness: [6.04352124e-11]
1
iteration 0
Best Fitness: [17.42305605]
100
iteration 100
Best Fitness: [7.41168867e-07]
35
iteration 200
Best Fitness: [0.00146569]
1
iteration 300
Best Fitness: [0.00079101]
1
iteration 400
Best Fitness: [0.00044314]
1
iteration 500
Best Fitness: [0.00020593]
1
iteration 600
Best Fitness: [0.00010288]
1
iteration 700
Best Fitness: [4.01764447e-05]
1
iteration 800
Best Fitness: [2.05753916e-05]
1
iteration 900
Best Fitness: [1.18052386e-05]
1
iteration 1000
Best Fitness: [6.45046404e-06]
1
iteration 1100
Best Fitness: [3.53361737e-06]
1
iteration 1200
Best Fitness: [2.1673007e-06]
1
iteration 1300
Best Fitness: [9.61733113e-07]
1
iteration 1400
Best Fitness: [4.75620419e-07]
1
iteration 1500
Best Fitness: [2.47691197e-07]
1
iteration 1600
Best Fitness: [1.17875741e-07]
1
iteration 1700
Best Fitness: [5.62944944e-08]
1
iteration 1800
Best Fitness: [2.9202825e-08]
1
iteration 1900
Best Fitness: [1.68994472e-08]
1
iteration 2000
Best Fitness: [9.26447719e-09]
1
iteration 2100
Best Fitness: [5.2083351e-09]
1
iteration 2200
Best Fitness: [2.72607892e-09]
1
iteration 2300
Best Fitness: [1.34570577e-09]
1
iteration 2400
Best Fitness: [7.15690618e-10]
1
iteration 2500
Best Fitness: [4.64453365e-10]
1
iteration 2600
Best Fitness: [2.89663404e-10]
1
iteration 2700
Best Fitness: [1.44138923e-10]
1
iteration 2800
Best Fitness: [9.11821729e-11]
1
iteration 2900
Best Fitness: [5.80602233e-11]
1
iteration 2999
Best Fitness: [2.81925594e-11]
1
iteration 0
Best Fitness: [21.57479109]
100
iteration 100
Best Fitness: [0.00213433]
3
iteration 200
Best Fitness: [0.00532183]
1
iteration 300
Best Fitness: [0.00132625]
1
iteration 400
Best Fitness: [0.00075182]
1
iteration 500
Best Fitness: [0.00032665]
1
iteration 600
Best Fitness: [0.00022352]
1
iteration 700
Best Fitness: [0.00013391]
1
iteration 800
Best Fitness: [8.27822698e-05]
1
iteration 900
Best Fitness: [5.18482607e-05]
1
iteration 1000
Best Fitness: [2.80651428e-05]
1
iteration 1100
Best Fitness: [1.66869869e-05]
1
iteration 1200
Best Fitness: [7.24565401e-06]
1
iteration 1300
Best Fitness: [4.31558337e-06]
1
iteration 1400
Best Fitness: [2.20626364e-06]
1
iteration 1500
Best Fitness: [1.33188946e-06]
1
iteration 1600
Best Fitness: [7.41682166e-07]
1
iteration 1700
Best Fitness: [3.43377703e-07]
1
iteration 1800
Best Fitness: [2.10424314e-07]
1
iteration 1900
Best Fitness: [1.20086e-07]
1
iteration 2000
Best Fitness: [5.82884585e-08]
1
iteration 2100
Best Fitness: [2.45474503e-08]
1
iteration 2200
Best Fitness: [1.4857477e-08]
1
iteration 2300
Best Fitness: [6.23304608e-09]
1
iteration 2400
Best Fitness: [3.63081121e-09]
1
iteration 2500
Best Fitness: [1.61952407e-09]
1
iteration 2600
Best Fitness: [9.6779651e-10]
1
iteration 2700
Best Fitness: [4.71972683e-10]
1
iteration 2800
Best Fitness: [2.5288216e-10]
1
iteration 2900
Best Fitness: [1.28457245e-10]
1
iteration 2999
Best Fitness: [6.25082208e-11]
1
iteration 0
Best Fitness: [21.93130645]
100
iteration 100
Best Fitness: [1.16356197e-05]
18
iteration 200
Best Fitness: [0.00392934]
1
iteration 300
Best Fitness: [0.00230292]
1
iteration 400
Best Fitness: [0.00079902]
1
iteration 500
Best Fitness: [0.00038016]
1
iteration 600
Best Fitness: [0.00020658]
1
iteration 700
Best Fitness: [0.00012669]
1
iteration 800
Best Fitness: [5.91538177e-05]
1
iteration 900
Best Fitness: [2.88278545e-05]
1
iteration 1000
Best Fitness: [1.46830082e-05]
1
iteration 1100
Best Fitness: [7.55002277e-06]
1
iteration 1200
Best Fitness: [3.67473598e-06]
1
iteration 1300
Best Fitness: [2.07551773e-06]
1
iteration 1400
Best Fitness: [1.11940922e-06]
1
iteration 1500
Best Fitness: [6.94152765e-07]
1
iteration 1600
Best Fitness: [2.29291192e-07]
1
iteration 1700
Best Fitness: [1.4636513e-07]
1
iteration 1800
Best Fitness: [6.09968467e-08]
1
iteration 1900
Best Fitness: [2.76116126e-08]
1
iteration 2000
Best Fitness: [1.68314234e-08]
1
iteration 2100
Best Fitness: [9.72849357e-09]
1
iteration 2200
Best Fitness: [6.10531892e-09]
1
iteration 2300
Best Fitness: [3.07271009e-09]
1
iteration 2400
Best Fitness: [1.40242129e-09]
1
iteration 2500
Best Fitness: [7.52796936e-10]
1
iteration 2600
Best Fitness: [3.81286114e-10]
1
iteration 2700
Best Fitness: [2.29949393e-10]
1
iteration 2800
Best Fitness: [1.42401646e-10]
1
iteration 2900
Best Fitness: [7.2445161e-11]
1
iteration 2999
Best Fitness: [3.94386745e-11]
1
iteration 0
Best Fitness: [21.57908241]
100
iteration 100
Best Fitness: [0.00013184]
11
iteration 200
Best Fitness: [0.00528117]
1
iteration 300
Best Fitness: [0.0022931]
1
iteration 400
Best Fitness: [0.00100601]
1
iteration 500
Best Fitness: [0.00056654]
1
iteration 600
Best Fitness: [0.00031758]
1
iteration 700
Best Fitness: [0.00013187]
1
iteration 800
Best Fitness: [7.14777953e-05]
1
iteration 900
Best Fitness: [3.25935781e-05]
1
iteration 1000
Best Fitness: [1.56856542e-05]
1
iteration 1100
Best Fitness: [8.34400732e-06]
1
iteration 1200
Best Fitness: [4.89482333e-06]
1
iteration 1300
Best Fitness: [3.04252591e-06]
1
iteration 1400
Best Fitness: [1.4260537e-06]
1
iteration 1500
Best Fitness: [7.70914259e-07]
1
iteration 1600
Best Fitness: [3.73799576e-07]
1
iteration 1700
Best Fitness: [2.07924973e-07]
1
iteration 1800
Best Fitness: [1.26552218e-07]
1
iteration 1900
Best Fitness: [6.58173409e-08]
1
iteration 2000
Best Fitness: [3.06045269e-08]
1
iteration 2100
Best Fitness: [1.91055882e-08]
1
iteration 2200
Best Fitness: [1.14289396e-08]
1
iteration 2300
Best Fitness: [5.88507376e-09]
1
iteration 2400
Best Fitness: [2.77049317e-09]
1
iteration 2500
Best Fitness: [1.35499789e-09]
1
iteration 2600
Best Fitness: [8.02137023e-10]
1
iteration 2700
Best Fitness: [4.41110259e-10]
1
iteration 2800
Best Fitness: [2.0602009e-10]
1
iteration 2900
Best Fitness: [1.17974963e-10]
1
iteration 2999
Best Fitness: [5.40101297e-11]
1
iteration 0
Best Fitness: [14.18905569]
100
iteration 100
Best Fitness: [0.00025864]
8
iteration 200
Best Fitness: [0.00792845]
1
iteration 300
Best Fitness: [0.00260361]
1
iteration 400
Best Fitness: [0.00147046]
1
iteration 500
Best Fitness: [0.00079857]
1
iteration 600
Best Fitness: [0.00040442]
1
iteration 700
Best Fitness: [0.00022127]
1
iteration 800
Best Fitness: [0.00010327]
1
iteration 900
Best Fitness: [5.09332272e-05]
1
iteration 1000
Best Fitness: [3.09871164e-05]
1
iteration 1100
Best Fitness: [1.5290395e-05]
1
iteration 1200
Best Fitness: [7.90185018e-06]
1
iteration 1300
Best Fitness: [3.72829344e-06]
1
iteration 1400
Best Fitness: [1.93739662e-06]
1
iteration 1500
Best Fitness: [1.2355473e-06]
1
iteration 1600
Best Fitness: [6.67459316e-07]
1
iteration 1700
Best Fitness: [3.34919068e-07]
1
iteration 1800
Best Fitness: [1.71111559e-07]
1
iteration 1900
Best Fitness: [8.40678691e-08]
1
iteration 2000
Best Fitness: [4.36906067e-08]
1
iteration 2100
Best Fitness: [2.61963002e-08]
1
iteration 2200
Best Fitness: [1.45977985e-08]
1
iteration 2300
Best Fitness: [7.36563521e-09]
1
iteration 2400
Best Fitness: [3.95884214e-09]
1
iteration 2500
Best Fitness: [2.05016626e-09]
1
iteration 2600
Best Fitness: [1.24831523e-09]
1
iteration 2700
Best Fitness: [6.61451338e-10]
1
iteration 2800
Best Fitness: [3.27828431e-10]
1
iteration 2900
Best Fitness: [1.89301019e-10]
1
iteration 2999
Best Fitness: [1.05949027e-10]
1
iteration 0
Best Fitness: [18.94911303]
100
iteration 100
Best Fitness: [3.83482009e-05]
15
iteration 200
Best Fitness: [0.00452109]
1
iteration 300
Best Fitness: [0.00164756]
1
iteration 400
Best Fitness: [0.00070189]
1
iteration 500
Best Fitness: [0.00036858]
1
iteration 600
Best Fitness: [0.00017335]
1
iteration 700
Best Fitness: [9.96272949e-05]
1
iteration 800
Best Fitness: [5.27191659e-05]
1
iteration 900
Best Fitness: [2.9838374e-05]
1
iteration 1000
Best Fitness: [1.16030113e-05]
1
iteration 1100
Best Fitness: [6.43188791e-06]
1
iteration 1200
Best Fitness: [3.47760276e-06]
1
iteration 1300
Best Fitness: [2.05948932e-06]
1
iteration 1400
Best Fitness: [1.25677889e-06]
1
iteration 1500
Best Fitness: [6.70653865e-07]
1
iteration 1600
Best Fitness: [3.21935362e-07]
1
iteration 1700
Best Fitness: [1.71764608e-07]
1
iteration 1800
Best Fitness: [9.27698078e-08]
1
iteration 1900
Best Fitness: [5.76557202e-08]
1
iteration 2000
Best Fitness: [2.63676814e-08]
1
iteration 2100
Best Fitness: [1.37478331e-08]
1
iteration 2200
Best Fitness: [8.55183302e-09]
1
iteration 2300
Best Fitness: [4.47849757e-09]
1
iteration 2400
Best Fitness: [2.42441445e-09]
1
iteration 2500
Best Fitness: [1.1513297e-09]
1
iteration 2600
Best Fitness: [6.75072442e-10]
1
iteration 2700
Best Fitness: [3.68494568e-10]
1
iteration 2800
Best Fitness: [1.84591897e-10]
1
iteration 2900
Best Fitness: [8.00230993e-11]
1
iteration 2999
Best Fitness: [4.14388523e-11]
1
iteration 0
Best Fitness: [17.8558035]
100
iteration 100
Best Fitness: [1.11222153e-06]
31
iteration 200
Best Fitness: [0.003104]
1
iteration 300
Best Fitness: [0.00187225]
1
iteration 400
Best Fitness: [0.00094804]
1
iteration 500
Best Fitness: [0.00039749]
1
iteration 600
Best Fitness: [0.00020251]
1
iteration 700
Best Fitness: [0.00010943]
1
iteration 800
Best Fitness: [6.45045706e-05]
1
iteration 900
Best Fitness: [3.61062295e-05]
1
iteration 1000
Best Fitness: [1.60947045e-05]
1
iteration 1100
Best Fitness: [7.73434178e-06]
1
iteration 1200
Best Fitness: [4.12865176e-06]
1
iteration 1300
Best Fitness: [2.08441864e-06]
1
iteration 1400
Best Fitness: [1.26717826e-06]
1
iteration 1500
Best Fitness: [6.43027558e-07]
1
iteration 1600
Best Fitness: [4.47866986e-07]
1
iteration 1700
Best Fitness: [2.35596985e-07]
1
iteration 1800
Best Fitness: [1.31879357e-07]
1
iteration 1900
Best Fitness: [5.88205165e-08]
1
iteration 2000
Best Fitness: [3.07939452e-08]
1
iteration 2100
Best Fitness: [1.97483505e-08]
1
iteration 2200
Best Fitness: [9.72050174e-09]
1
iteration 2300
Best Fitness: [4.93110619e-09]
1
iteration 2400
Best Fitness: [3.28112648e-09]
1
iteration 2500
Best Fitness: [1.7710633e-09]
1
iteration 2600
Best Fitness: [7.96488209e-10]
1
iteration 2700
Best Fitness: [4.2513193e-10]
1
iteration 2800
Best Fitness: [2.56786592e-10]
1
iteration 2900
Best Fitness: [1.18637544e-10]
1
iteration 2999
Best Fitness: [6.97859548e-11]
1
[array([2.90878432e-11]), array([3.97637478e-11]), array([6.04352124e-11]), array([2.81925594e-11]), array([6.25082208e-11]), array([3.94386745e-11]), array([5.40101297e-11]), array([1.05949027e-10]), array([4.14388523e-11]), array([6.97859548e-11])]
iteration 0
Best Fitness: [7.04036659]
100
iteration 100
Best Fitness: [0.9658383]
100
iteration 200
Best Fitness: [0.9277318]
100
iteration 300
Best Fitness: [0.92267264]
100
iteration 400
Best Fitness: [0.92135028]
100
iteration 500
Best Fitness: [0.92074041]
100
iteration 600
Best Fitness: [0.92034452]
100
iteration 700
Best Fitness: [0.91999933]
100
iteration 800
Best Fitness: [0.91969341]
100
iteration 900
Best Fitness: [0.91938235]
100
iteration 1000
Best Fitness: [0.91909118]
100
iteration 1100
Best Fitness: [0.91881983]
100
iteration 1200
Best Fitness: [0.91855663]
100
iteration 1300
Best Fitness: [0.91832636]
100
iteration 1400
Best Fitness: [0.92581846]
1
iteration 1500
Best Fitness: [0.92560317]
1
iteration 1600
Best Fitness: [0.92560264]
1
iteration 1700
Best Fitness: [0.92560264]
1
iteration 1800
Best Fitness: [0.92560264]
1
iteration 1900
Best Fitness: [0.92560264]
1
iteration 2000
Best Fitness: [0.92560264]
1
iteration 2100
Best Fitness: [0.92560264]
1
iteration 2200
Best Fitness: [0.92560264]
1
iteration 2300
Best Fitness: [0.92560264]
1
iteration 2400
Best Fitness: [0.92560264]
1
iteration 2500
Best Fitness: [0.92560264]
1
iteration 2600
Best Fitness: [0.92560264]
1
iteration 2700
Best Fitness: [0.92560264]
1
iteration 2800
Best Fitness: [0.92560264]
1
iteration 2900
Best Fitness: [0.92560264]
1
iteration 2999
Best Fitness: [0.92560264]
1
iteration 0
Best Fitness: [9.45480748]
100
iteration 100
Best Fitness: [1.64364055]
100
iteration 200
Best Fitness: [1.52738087]
100
iteration 300
Best Fitness: [1.5241364]
100
iteration 400
Best Fitness: [1.52244743]
100
iteration 500
Best Fitness: [1.52144291]
100
iteration 600
Best Fitness: [1.52080362]
100
iteration 700
Best Fitness: [1.52037767]
100
iteration 800
Best Fitness: [1.5200789]
100
iteration 900
Best Fitness: [1.52864838]
1
iteration 1000
Best Fitness: [1.5281797]
1
iteration 1100
Best Fitness: [1.5281773]
1
iteration 1200
Best Fitness: [1.5281773]
1
iteration 1300
Best Fitness: [1.5281773]
1
iteration 1400
Best Fitness: [1.5281773]
1
iteration 1500
Best Fitness: [1.5281773]
1
iteration 1600
Best Fitness: [1.5281773]
1
iteration 1700
Best Fitness: [1.5281773]
1
iteration 1800
Best Fitness: [1.5281773]
1
iteration 1900
Best Fitness: [1.5281773]
1
iteration 2000
Best Fitness: [1.5281773]
1
iteration 2100
Best Fitness: [1.5281773]
1
iteration 2200
Best Fitness: [1.5281773]
1
iteration 2300
Best Fitness: [1.5281773]
1
iteration 2400
Best Fitness: [1.5281773]
1
iteration 2500
Best Fitness: [1.5281773]
1
iteration 2600
Best Fitness: [1.5281773]
1
iteration 2700
Best Fitness: [1.5281773]
1
iteration 2800
Best Fitness: [1.5281773]
1
iteration 2900
Best Fitness: [1.5281773]
1
iteration 2999
Best Fitness: [1.5281773]
1
iteration 0
Best Fitness: [5.89406908]
100
iteration 100
Best Fitness: [1.88603827]
100
iteration 200
Best Fitness: [1.43211906]
100
iteration 300
Best Fitness: [0.8990842]
100
iteration 400
Best Fitness: [0.89416634]
100
iteration 500
Best Fitness: [0.89310966]
100
iteration 600
Best Fitness: [0.91022644]
1
iteration 700
Best Fitness: [0.91010431]
1
iteration 800
Best Fitness: [0.91010431]
1
iteration 900
Best Fitness: [0.91010431]
1
iteration 1000
Best Fitness: [0.91010431]
1
iteration 1100
Best Fitness: [0.91010431]
1
iteration 1200
Best Fitness: [0.91010431]
1
iteration 1300
Best Fitness: [0.91010431]
1
iteration 1400
Best Fitness: [0.91010431]
1
iteration 1500
Best Fitness: [0.91010431]
1
iteration 1600
Best Fitness: [0.91010431]
1
iteration 1700
Best Fitness: [0.91010431]
1
iteration 1800
Best Fitness: [0.91010431]
1
iteration 1900
Best Fitness: [0.91010431]
1
iteration 2000
Best Fitness: [0.91010431]
1
iteration 2100
Best Fitness: [0.91010431]
1
iteration 2200
Best Fitness: [0.91010431]
1
iteration 2300
Best Fitness: [0.91010431]
1
iteration 2400
Best Fitness: [0.91010431]
1
iteration 2500
Best Fitness: [0.91010431]
1
iteration 2600
Best Fitness: [0.91010431]
1
iteration 2700
Best Fitness: [0.91010431]
1
iteration 2800
Best Fitness: [0.91010431]
1
iteration 2900
Best Fitness: [0.91010431]
1
iteration 2999
Best Fitness: [0.91010431]
1
iteration 0
Best Fitness: [7.8767523]
100
iteration 100
Best Fitness: [3.721114]
1
iteration 200
Best Fitness: [3.30862327]
1
iteration 300
Best Fitness: [3.30862269]
1
iteration 400
Best Fitness: [3.30862269]
1
iteration 500
Best Fitness: [3.30862269]
1
iteration 600
Best Fitness: [3.30862269]
1
iteration 700
Best Fitness: [3.30862269]
1
iteration 800
Best Fitness: [3.30862269]
1
iteration 900
Best Fitness: [3.30862269]
1
iteration 1000
Best Fitness: [3.30862269]
1
iteration 1100
Best Fitness: [3.30862269]
1
iteration 1200
Best Fitness: [3.30862269]
1
iteration 1300
Best Fitness: [3.30862269]
1
iteration 1400
Best Fitness: [3.30862269]
1
iteration 1500
Best Fitness: [3.30862269]
1
iteration 1600
Best Fitness: [3.30862269]
1
iteration 1700
Best Fitness: [3.30862269]
1
iteration 1800
Best Fitness: [3.30862269]
1
iteration 1900
Best Fitness: [3.30862269]
1
iteration 2000
Best Fitness: [3.30862269]
1
iteration 2100
Best Fitness: [3.30862269]
1
iteration 2200
Best Fitness: [3.30862269]
1
iteration 2300
Best Fitness: [3.30862269]
1
iteration 2400
Best Fitness: [3.30862269]
1
iteration 2500
Best Fitness: [3.30862269]
1
iteration 2600
Best Fitness: [3.30862269]
1
iteration 2700
Best Fitness: [3.30862269]
1
iteration 2800
Best Fitness: [3.30862269]
1
iteration 2900
Best Fitness: [3.30862269]
1
iteration 2999
Best Fitness: [3.30862269]
1
iteration 0
Best Fitness: [6.96768409]
100
iteration 100
Best Fitness: [1.18345975]
2
iteration 200
Best Fitness: [1.3243406]
1
iteration 300
Best Fitness: [1.32428748]
1
iteration 400
Best Fitness: [1.32428748]
1
iteration 500
Best Fitness: [1.32428748]
1
iteration 600
Best Fitness: [1.32428748]
1
iteration 700
Best Fitness: [1.32428748]
1
iteration 800
Best Fitness: [1.32428748]
1
iteration 900
Best Fitness: [1.32428748]
1
iteration 1000
Best Fitness: [1.32428748]
1
iteration 1100
Best Fitness: [1.32428748]
1
iteration 1200
Best Fitness: [1.32428748]
1
iteration 1300
Best Fitness: [1.32428748]
1
iteration 1400
Best Fitness: [1.32428748]
1
iteration 1500
Best Fitness: [1.32428748]
1
iteration 1600
Best Fitness: [1.32428748]
1
iteration 1700
Best Fitness: [1.32428748]
1
iteration 1800
Best Fitness: [1.32428748]
1
iteration 1900
Best Fitness: [1.32428748]
1
iteration 2000
Best Fitness: [1.32428748]
1
iteration 2100
Best Fitness: [1.32428748]
1
iteration 2200
Best Fitness: [1.32428748]
1
iteration 2300
Best Fitness: [1.32428748]
1
iteration 2400
Best Fitness: [1.32428748]
1
iteration 2500
Best Fitness: [1.32428748]
1
iteration 2600
Best Fitness: [1.32428748]
1
iteration 2700
Best Fitness: [1.32428748]
1
iteration 2800
Best Fitness: [1.32428748]
1
iteration 2900
Best Fitness: [1.32428748]
1
iteration 2999
Best Fitness: [1.32428748]
1
iteration 0
Best Fitness: [6.13080687]
100
iteration 100
Best Fitness: [1.03117124]
100
iteration 200
Best Fitness: [0.99119903]
100
iteration 300
Best Fitness: [0.97491666]
100
iteration 400
Best Fitness: [0.96524404]
100
iteration 500
Best Fitness: [0.95929778]
100
iteration 600
Best Fitness: [0.95549777]
100
iteration 700
Best Fitness: [0.95297925]
100
iteration 800
Best Fitness: [0.95124752]
100
iteration 900
Best Fitness: [0.94999853]
100
iteration 1000
Best Fitness: [0.94899762]
100
iteration 1100
Best Fitness: [0.9482258]
100
iteration 1200
Best Fitness: [0.9475789]
100
iteration 1300
Best Fitness: [0.94701442]
100
iteration 1400
Best Fitness: [0.94653936]
100
iteration 1500
Best Fitness: [0.94623246]
100
iteration 1600
Best Fitness: [0.9565245]
1
iteration 1700
Best Fitness: [0.95652215]
1
iteration 1800
Best Fitness: [0.95652212]
1
iteration 1900
Best Fitness: [0.95652212]
1
iteration 2000
Best Fitness: [0.95652212]
1
iteration 2100
Best Fitness: [0.95652212]
1
iteration 2200
Best Fitness: [0.95652212]
1
iteration 2300
Best Fitness: [0.95652212]
1
iteration 2400
Best Fitness: [0.95652212]
1
iteration 2500
Best Fitness: [0.95652212]
1
iteration 2600
Best Fitness: [0.95652212]
1
iteration 2700
Best Fitness: [0.95652212]
1
iteration 2800
Best Fitness: [0.95652212]
1
iteration 2900
Best Fitness: [0.95652212]
1
iteration 2999
Best Fitness: [0.95652212]
1
iteration 0
Best Fitness: [7.83688464]
100
iteration 100
Best Fitness: [1.7147437]
100
iteration 200
Best Fitness: [1.60949551]
100
iteration 300
Best Fitness: [1.6355976]
1
iteration 400
Best Fitness: [1.62209519]
1
iteration 500
Best Fitness: [1.62209517]
1
iteration 600
Best Fitness: [1.62209517]
1
iteration 700
Best Fitness: [1.62209517]
1
iteration 800
Best Fitness: [1.62209517]
1
iteration 900
Best Fitness: [1.62209517]
1
iteration 1000
Best Fitness: [1.62209517]
1
iteration 1100
Best Fitness: [1.62209517]
1
iteration 1200
Best Fitness: [1.62209517]
1
iteration 1300
Best Fitness: [1.62209517]
1
iteration 1400
Best Fitness: [1.62209517]
1
iteration 1500
Best Fitness: [1.62209517]
1
iteration 1600
Best Fitness: [1.62209517]
1
iteration 1700
Best Fitness: [1.62209517]
1
iteration 1800
Best Fitness: [1.62209517]
1
iteration 1900
Best Fitness: [1.62209517]
1
iteration 2000
Best Fitness: [1.62209517]
1
iteration 2100
Best Fitness: [1.62209517]
1
iteration 2200
Best Fitness: [1.62209517]
1
iteration 2300
Best Fitness: [1.62209517]
1
iteration 2400
Best Fitness: [1.62209517]
1
iteration 2500
Best Fitness: [1.62209517]
1
iteration 2600
Best Fitness: [1.62209517]
1
iteration 2700
Best Fitness: [1.62209517]
1
iteration 2800
Best Fitness: [1.62209517]
1
iteration 2900
Best Fitness: [1.62209517]
1
iteration 2999
Best Fitness: [1.62209517]
1
iteration 0
Best Fitness: [7.43912304]
100
iteration 100
Best Fitness: [1.81620947]
100
iteration 200
Best Fitness: [1.66519959]
100
iteration 300
Best Fitness: [1.67963861]
1
iteration 400
Best Fitness: [1.67916385]
1
iteration 500
Best Fitness: [1.67916385]
1
iteration 600
Best Fitness: [1.67916385]
1
iteration 700
Best Fitness: [1.67916385]
1
iteration 800
Best Fitness: [1.67916385]
1
iteration 900
Best Fitness: [1.67916385]
1
iteration 1000
Best Fitness: [1.67916385]
1
iteration 1100
Best Fitness: [1.67916385]
1
iteration 1200
Best Fitness: [1.67916385]
1
iteration 1300
Best Fitness: [1.67916385]
1
iteration 1400
Best Fitness: [1.67916385]
1
iteration 1500
Best Fitness: [1.67916385]
1
iteration 1600
Best Fitness: [1.67916385]
1
iteration 1700
Best Fitness: [1.67916385]
1
iteration 1800
Best Fitness: [1.67916385]
1
iteration 1900
Best Fitness: [1.67916385]
1
iteration 2000
Best Fitness: [1.67916385]
1
iteration 2100
Best Fitness: [1.67916385]
1
iteration 2200
Best Fitness: [1.67916385]
1
iteration 2300
Best Fitness: [1.67916385]
1
iteration 2400
Best Fitness: [1.67916385]
1
iteration 2500
Best Fitness: [1.67916385]
1
iteration 2600
Best Fitness: [1.67916385]
1
iteration 2700
Best Fitness: [1.67916385]
1
iteration 2800
Best Fitness: [1.67916385]
1
iteration 2900
Best Fitness: [1.67916385]
1
iteration 2999
Best Fitness: [1.67916385]
1
iteration 0
Best Fitness: [8.19405742]
100
iteration 100
Best Fitness: [2.07041803]
100
iteration 200
Best Fitness: [2.07743688]
1
iteration 300
Best Fitness: [2.05680511]
1
iteration 400
Best Fitness: [2.05680511]
1
iteration 500
Best Fitness: [2.05680511]
1
iteration 600
Best Fitness: [2.05680511]
1
iteration 700
Best Fitness: [2.05680511]
1
iteration 800
Best Fitness: [2.05680511]
1
iteration 900
Best Fitness: [2.05680511]
1
iteration 1000
Best Fitness: [2.05680511]
1
iteration 1100
Best Fitness: [2.05680511]
1
iteration 1200
Best Fitness: [2.05680511]
1
iteration 1300
Best Fitness: [2.05680511]
1
iteration 1400
Best Fitness: [2.05680511]
1
iteration 1500
Best Fitness: [2.05680511]
1
iteration 1600
Best Fitness: [2.05680511]
1
iteration 1700
Best Fitness: [2.05680511]
1
iteration 1800
Best Fitness: [2.05680511]
1
iteration 1900
Best Fitness: [2.05680511]
1
iteration 2000
Best Fitness: [2.05680511]
1
iteration 2100
Best Fitness: [2.05680511]
1
iteration 2200
Best Fitness: [2.05680511]
1
iteration 2300
Best Fitness: [2.05680511]
1
iteration 2400
Best Fitness: [2.05680511]
1
iteration 2500
Best Fitness: [2.05680511]
1
iteration 2600
Best Fitness: [2.05680511]
1
iteration 2700
Best Fitness: [2.05680511]
1
iteration 2800
Best Fitness: [2.05680511]
1
iteration 2900
Best Fitness: [2.05680511]
1
iteration 2999
Best Fitness: [2.05680511]
1
iteration 0
Best Fitness: [6.34824257]
100
iteration 100
Best Fitness: [1.76532415]
100
iteration 200
Best Fitness: [1.7003584]
100
iteration 300
Best Fitness: [1.65505038]
100
iteration 400
Best Fitness: [1.63875438]
100
iteration 500
Best Fitness: [1.63276202]
100
iteration 600
Best Fitness: [1.62995472]
100
iteration 700
Best Fitness: [1.62823369]
100
iteration 800
Best Fitness: [1.62696131]
100
iteration 900
Best Fitness: [1.62347466]
1
iteration 1000
Best Fitness: [1.62310691]
1
iteration 1100
Best Fitness: [1.62310689]
1
iteration 1200
Best Fitness: [1.62310689]
1
iteration 1300
Best Fitness: [1.62310689]
1
iteration 1400
Best Fitness: [1.62310689]
1
iteration 1500
Best Fitness: [1.62310689]
1
iteration 1600
Best Fitness: [1.62310689]
1
iteration 1700
Best Fitness: [1.62310689]
1
iteration 1800
Best Fitness: [1.62310689]
1
iteration 1900
Best Fitness: [1.62310689]
1
iteration 2000
Best Fitness: [1.62310689]
1
iteration 2100
Best Fitness: [1.62310689]
1
iteration 2200
Best Fitness: [1.62310689]
1
iteration 2300
Best Fitness: [1.62310689]
1
iteration 2400
Best Fitness: [1.62310689]
1
iteration 2500
Best Fitness: [1.62310689]
1
iteration 2600
Best Fitness: [1.62310689]
1
iteration 2700
Best Fitness: [1.62310689]
1
iteration 2800
Best Fitness: [1.62310689]
1
iteration 2900
Best Fitness: [1.62310689]
1
iteration 2999
Best Fitness: [1.62310689]
1
[array([0.92560264]), array([1.5281773]), array([0.91010431]), array([3.30862269]), array([1.32428748]), array([0.95652212]), array([1.62209517]), array([1.67916385]), array([2.05680511]), array([1.62310689])]
iteration 0
Best Fitness: [83.98649494]
100
iteration 100
Best Fitness: [5.65289409e-08]
100
iteration 200
Best Fitness: [0.00999251]
1
iteration 300
Best Fitness: [0.0043556]
1
iteration 400
Best Fitness: [0.00141395]
1
iteration 500
Best Fitness: [0.00061509]
1
iteration 600
Best Fitness: [0.00033297]
1
iteration 700
Best Fitness: [0.00017091]
1
iteration 800
Best Fitness: [0.00010803]
1
iteration 900
Best Fitness: [6.24739006e-05]
1
iteration 1000
Best Fitness: [3.44830976e-05]
1
iteration 1100
Best Fitness: [1.8766002e-05]
1
iteration 1200
Best Fitness: [8.81711585e-06]
1
iteration 1300
Best Fitness: [5.37897759e-06]
1
iteration 1400
Best Fitness: [3.46183979e-06]
1
iteration 1500
Best Fitness: [1.95668244e-06]
1
iteration 1600
Best Fitness: [1.05965204e-06]
1
iteration 1700
Best Fitness: [5.23546639e-07]
1
iteration 1800
Best Fitness: [3.16005149e-07]
1
iteration 1900
Best Fitness: [1.59758793e-07]
1
iteration 2000
Best Fitness: [8.42235259e-08]
1
iteration 2100
Best Fitness: [4.61620209e-08]
1
iteration 2200
Best Fitness: [2.15858097e-08]
1
iteration 2300
Best Fitness: [1.13840002e-08]
1
iteration 2400
Best Fitness: [5.66314929e-09]
1
iteration 2500
Best Fitness: [3.41145759e-09]
1
iteration 2600
Best Fitness: [1.6939455e-09]
1
iteration 2700
Best Fitness: [1.05064534e-09]
1
iteration 2800
Best Fitness: [4.93900472e-10]
1
iteration 2900
Best Fitness: [2.35667842e-10]
1
iteration 2999
Best Fitness: [1.17405336e-10]
1
iteration 0
Best Fitness: [78.35217105]
100
iteration 100
Best Fitness: [7.92693771e-08]
100
iteration 200
Best Fitness: [0.00820728]
1
iteration 300
Best Fitness: [0.0025524]
1
iteration 400
Best Fitness: [0.00122308]
1
iteration 500
Best Fitness: [0.00042473]
1
iteration 600
Best Fitness: [0.00022622]
1
iteration 700
Best Fitness: [0.00014048]
1
iteration 800
Best Fitness: [8.21786455e-05]
1
iteration 900
Best Fitness: [3.8675283e-05]
1
iteration 1000
Best Fitness: [1.8396678e-05]
1
iteration 1100
Best Fitness: [8.41335089e-06]
1
iteration 1200
Best Fitness: [4.76802964e-06]
1
iteration 1300
Best Fitness: [2.90908601e-06]
1
iteration 1400
Best Fitness: [1.39485748e-06]
1
iteration 1500
Best Fitness: [8.40900805e-07]
1
iteration 1600
Best Fitness: [5.08494375e-07]
1
iteration 1700
Best Fitness: [2.51651208e-07]
1
iteration 1800
Best Fitness: [1.32831056e-07]
1
iteration 1900
Best Fitness: [7.21160983e-08]
1
iteration 2000
Best Fitness: [3.63507054e-08]
1
iteration 2100
Best Fitness: [1.72839595e-08]
1
iteration 2200
Best Fitness: [8.58970587e-09]
1
iteration 2300
Best Fitness: [4.60807603e-09]
1
iteration 2400
Best Fitness: [2.81286449e-09]
1
iteration 2500
Best Fitness: [1.2141848e-09]
1
iteration 2600
Best Fitness: [6.86719728e-10]
1
iteration 2700
Best Fitness: [3.47644844e-10]
1
iteration 2800
Best Fitness: [1.75536431e-10]
1
iteration 2900
Best Fitness: [1.06407193e-10]
1
iteration 2999
Best Fitness: [5.45609377e-11]
1
iteration 0
Best Fitness: [85.16299563]
100
iteration 100
Best Fitness: [6.37162128e-08]
100
iteration 200
Best Fitness: [0.00826278]
1
iteration 300
Best Fitness: [0.00369886]
1
iteration 400
Best Fitness: [0.00166505]
1
iteration 500
Best Fitness: [0.00080528]
1
iteration 600
Best Fitness: [0.00034802]
1
iteration 700
Best Fitness: [0.00018021]
1
iteration 800
Best Fitness: [8.40296667e-05]
1
iteration 900
Best Fitness: [4.95006462e-05]
1
iteration 1000
Best Fitness: [2.87269036e-05]
1
iteration 1100
Best Fitness: [1.59691515e-05]
1
iteration 1200
Best Fitness: [7.27967498e-06]
1
iteration 1300
Best Fitness: [3.27423372e-06]
1
iteration 1400
Best Fitness: [1.82924602e-06]
1
iteration 1500
Best Fitness: [9.33221277e-07]
1
iteration 1600
Best Fitness: [5.27970323e-07]
1
iteration 1700
Best Fitness: [2.58140621e-07]
1
iteration 1800
Best Fitness: [1.20990861e-07]
1
iteration 1900
Best Fitness: [7.11961393e-08]
1
iteration 2000
Best Fitness: [3.40700197e-08]
1
iteration 2100
Best Fitness: [1.88430746e-08]
1
iteration 2200
Best Fitness: [1.12530265e-08]
1
iteration 2300
Best Fitness: [5.15682214e-09]
1
iteration 2400
Best Fitness: [2.67175012e-09]
1
iteration 2500
Best Fitness: [1.60896346e-09]
1
iteration 2600
Best Fitness: [7.56990544e-10]
1
iteration 2700
Best Fitness: [4.35484197e-10]
1
iteration 2800
Best Fitness: [2.04958643e-10]
1
iteration 2900
Best Fitness: [8.81250782e-11]
1
iteration 2999
Best Fitness: [5.17041966e-11]
1
iteration 0
Best Fitness: [72.89714455]
100
iteration 100
Best Fitness: [3.2298374e-08]
100
iteration 200
Best Fitness: [0.00796488]
1
iteration 300
Best Fitness: [0.00435724]
1
iteration 400
Best Fitness: [0.00187183]
1
iteration 500
Best Fitness: [0.00103337]
1
iteration 600
Best Fitness: [0.00050181]
1
iteration 700
Best Fitness: [0.00028443]
1
iteration 800
Best Fitness: [0.00017228]
1
iteration 900
Best Fitness: [7.54973536e-05]
1
iteration 1000
Best Fitness: [3.52317938e-05]
1
iteration 1100
Best Fitness: [1.76590656e-05]
1
iteration 1200
Best Fitness: [1.11397644e-05]
1
iteration 1300
Best Fitness: [5.75718197e-06]
1
iteration 1400
Best Fitness: [3.61258996e-06]
1
iteration 1500
Best Fitness: [1.7016132e-06]
1
iteration 1600
Best Fitness: [8.4620674e-07]
1
iteration 1700
Best Fitness: [4.04877027e-07]
1
iteration 1800
Best Fitness: [2.3101792e-07]
1
iteration 1900
Best Fitness: [1.42215744e-07]
1
iteration 2000
Best Fitness: [8.87314774e-08]
1
iteration 2100
Best Fitness: [4.59236403e-08]
1
iteration 2200
Best Fitness: [2.15438185e-08]
1
iteration 2300
Best Fitness: [1.05076052e-08]
1
iteration 2400
Best Fitness: [4.21272606e-09]
1
iteration 2500
Best Fitness: [2.06744228e-09]
1
iteration 2600
Best Fitness: [9.0667537e-10]
1
iteration 2700
Best Fitness: [5.17611205e-10]
1
iteration 2800
Best Fitness: [3.64070662e-10]
1
iteration 2900
Best Fitness: [1.62395779e-10]
1
iteration 2999
Best Fitness: [9.02681801e-11]
1
iteration 0
Best Fitness: [84.67137217]
100
iteration 100
Best Fitness: [5.73913386e-08]
100
iteration 200
Best Fitness: [0.00621322]
1
iteration 300
Best Fitness: [0.00315761]
1
iteration 400
Best Fitness: [0.00103368]
1
iteration 500
Best Fitness: [0.00055099]
1
iteration 600
Best Fitness: [0.0003105]
1
iteration 700
Best Fitness: [0.00013894]
1
iteration 800
Best Fitness: [7.03349825e-05]
1
iteration 900
Best Fitness: [3.56624233e-05]
1
iteration 1000
Best Fitness: [1.71691139e-05]
1
iteration 1100
Best Fitness: [9.44882007e-06]
1
iteration 1200
Best Fitness: [5.4297814e-06]
1
iteration 1300
Best Fitness: [2.98570363e-06]
1
iteration 1400
Best Fitness: [1.80436929e-06]
1
iteration 1500
Best Fitness: [9.30227876e-07]
1
iteration 1600
Best Fitness: [4.00317514e-07]
1
iteration 1700
Best Fitness: [2.48076925e-07]
1
iteration 1800
Best Fitness: [1.21410205e-07]
1
iteration 1900
Best Fitness: [6.06936757e-08]
1
iteration 2000
Best Fitness: [2.8908912e-08]
1
iteration 2100
Best Fitness: [1.26536028e-08]
1
iteration 2200
Best Fitness: [7.56519514e-09]
1
iteration 2300
Best Fitness: [4.81031951e-09]
1
iteration 2400
Best Fitness: [2.72488155e-09]
1
iteration 2500
Best Fitness: [1.33530364e-09]
1
iteration 2600
Best Fitness: [7.08999801e-10]
1
iteration 2700
Best Fitness: [3.47644577e-10]
1
iteration 2800
Best Fitness: [1.61539322e-10]
1
iteration 2900
Best Fitness: [8.39830781e-11]
1
iteration 2999
Best Fitness: [4.11351605e-11]
1
iteration 0
Best Fitness: [83.51342201]
100
iteration 100
Best Fitness: [5.21939534e-08]
100
iteration 200
Best Fitness: [0.00463329]
1
iteration 300
Best Fitness: [0.00257291]
1
iteration 400
Best Fitness: [0.001155]
1
iteration 500
Best Fitness: [0.0004873]
1
iteration 600
Best Fitness: [0.0002541]
1
iteration 700
Best Fitness: [0.00013079]
1
iteration 800
Best Fitness: [8.47585346e-05]
1
iteration 900
Best Fitness: [4.94401866e-05]
1
iteration 1000
Best Fitness: [2.72669016e-05]
1
iteration 1100
Best Fitness: [1.45400431e-05]
1
iteration 1200
Best Fitness: [8.22297209e-06]
1
iteration 1300
Best Fitness: [4.951314e-06]
1
iteration 1400
Best Fitness: [2.45939155e-06]
1
iteration 1500
Best Fitness: [1.03826319e-06]
1
iteration 1600
Best Fitness: [6.28860503e-07]
1
iteration 1700
Best Fitness: [3.65201849e-07]
1
iteration 1800
Best Fitness: [2.03241924e-07]
1
iteration 1900
Best Fitness: [1.014315e-07]
1
iteration 2000
Best Fitness: [5.75590197e-08]
1
iteration 2100
Best Fitness: [2.54581761e-08]
1
iteration 2200
Best Fitness: [1.47913179e-08]
1
iteration 2300
Best Fitness: [6.93975069e-09]
1
iteration 2400
Best Fitness: [4.39583263e-09]
1
iteration 2500
Best Fitness: [1.74522136e-09]
1
iteration 2600
Best Fitness: [8.39260714e-10]
1
iteration 2700
Best Fitness: [4.13918036e-10]
1
iteration 2800
Best Fitness: [2.09957832e-10]
1
iteration 2900
Best Fitness: [1.15118038e-10]
1
iteration 2999
Best Fitness: [6.5558173e-11]
1
iteration 0
Best Fitness: [83.70648264]
100
iteration 100
Best Fitness: [6.44095018e-08]
100
iteration 200
Best Fitness: [0.01026608]
1
iteration 300
Best Fitness: [0.00596342]
1
iteration 400
Best Fitness: [0.00233975]
1
iteration 500
Best Fitness: [0.00122302]
1
iteration 600
Best Fitness: [0.0006996]
1
iteration 700
Best Fitness: [0.00038168]
1
iteration 800
Best Fitness: [0.00019426]
1
iteration 900
Best Fitness: [0.00010356]
1
iteration 1000
Best Fitness: [5.37413001e-05]
1
iteration 1100
Best Fitness: [3.21922304e-05]
1
iteration 1200
Best Fitness: [1.38984433e-05]
1
iteration 1300
Best Fitness: [8.22055558e-06]
1
iteration 1400
Best Fitness: [4.75467303e-06]
1
iteration 1500
Best Fitness: [2.88168537e-06]
1
iteration 1600
Best Fitness: [1.51464359e-06]
1
iteration 1700
Best Fitness: [8.37090712e-07]
1
iteration 1800
Best Fitness: [3.45779747e-07]
1
iteration 1900
Best Fitness: [1.99804043e-07]
1
iteration 2000
Best Fitness: [1.06246819e-07]
1
iteration 2100
Best Fitness: [5.76054382e-08]
1
iteration 2200
Best Fitness: [2.86051159e-08]
1
iteration 2300
Best Fitness: [1.88549301e-08]
1
iteration 2400
Best Fitness: [9.33326962e-09]
1
iteration 2500
Best Fitness: [5.43319589e-09]
1
iteration 2600
Best Fitness: [2.75330403e-09]
1
iteration 2700
Best Fitness: [1.59096647e-09]
1
iteration 2800
Best Fitness: [8.61683431e-10]
1
iteration 2900
Best Fitness: [4.32627172e-10]
1
iteration 2999
Best Fitness: [2.03245382e-10]
1
iteration 0
Best Fitness: [91.14414997]
100
iteration 100
Best Fitness: [8.2512297e-08]
100
iteration 200
Best Fitness: [0.00468063]
1
iteration 300
Best Fitness: [0.00199829]
1
iteration 400
Best Fitness: [0.00123052]
1
iteration 500
Best Fitness: [0.00062894]
1
iteration 600
Best Fitness: [0.00032937]
1
iteration 700
Best Fitness: [0.00016319]
1
iteration 800
Best Fitness: [9.94321712e-05]
1
iteration 900
Best Fitness: [4.91612236e-05]
1
iteration 1000
Best Fitness: [2.62337354e-05]
1
iteration 1100
Best Fitness: [1.47862112e-05]
1
iteration 1200
Best Fitness: [7.52487492e-06]
1
iteration 1300
Best Fitness: [3.83694808e-06]
1
iteration 1400
Best Fitness: [1.96877073e-06]
1
iteration 1500
Best Fitness: [9.77345563e-07]
1
iteration 1600
Best Fitness: [5.6839021e-07]
1
iteration 1700
Best Fitness: [3.24320195e-07]
1
iteration 1800
Best Fitness: [2.07152709e-07]
1
iteration 1900
Best Fitness: [1.1243972e-07]
1
iteration 2000
Best Fitness: [4.97814371e-08]
1
iteration 2100
Best Fitness: [2.53756224e-08]
1
iteration 2200
Best Fitness: [1.24689264e-08]
1
iteration 2300
Best Fitness: [6.99773901e-09]
1
iteration 2400
Best Fitness: [3.46330518e-09]
1
iteration 2500
Best Fitness: [1.65923792e-09]
1
iteration 2600
Best Fitness: [8.89536032e-10]
1
iteration 2700
Best Fitness: [4.79046911e-10]
1
iteration 2800
Best Fitness: [2.57948947e-10]
1
iteration 2900
Best Fitness: [1.3211594e-10]
1
iteration 2999
Best Fitness: [7.72701957e-11]
1
iteration 0
Best Fitness: [93.20281365]
100
iteration 100
Best Fitness: [8.19108462e-08]
100
iteration 200
Best Fitness: [0.00660724]
1
iteration 300
Best Fitness: [0.00236084]
1
iteration 400
Best Fitness: [0.00070459]
1
iteration 500
Best Fitness: [0.00036145]
1
iteration 600
Best Fitness: [0.00024031]
1
iteration 700
Best Fitness: [0.0001435]
1
iteration 800
Best Fitness: [9.01571204e-05]
1
iteration 900
Best Fitness: [4.14710463e-05]
1
iteration 1000
Best Fitness: [2.44643268e-05]
1
iteration 1100
Best Fitness: [1.60222227e-05]
1
iteration 1200
Best Fitness: [6.0811151e-06]
1
iteration 1300
Best Fitness: [4.03297645e-06]
1
iteration 1400
Best Fitness: [2.30373507e-06]
1
iteration 1500
Best Fitness: [9.18949997e-07]
1
iteration 1600
Best Fitness: [4.62533457e-07]
1
iteration 1700
Best Fitness: [3.14021262e-07]
1
iteration 1800
Best Fitness: [1.89876749e-07]
1
iteration 1900
Best Fitness: [9.32949892e-08]
1
iteration 2000
Best Fitness: [4.94177961e-08]
1
iteration 2100
Best Fitness: [2.8284608e-08]
1
iteration 2200
Best Fitness: [1.46793395e-08]
1
iteration 2300
Best Fitness: [7.55177018e-09]
1
iteration 2400
Best Fitness: [4.08703623e-09]
1
iteration 2500
Best Fitness: [2.23969414e-09]
1
iteration 2600
Best Fitness: [1.35444239e-09]
1
iteration 2700
Best Fitness: [7.81986415e-10]
1
iteration 2800
Best Fitness: [4.11060591e-10]
1
iteration 2900
Best Fitness: [1.77964568e-10]
1
iteration 2999
Best Fitness: [1.06835696e-10]
1
iteration 0
Best Fitness: [91.58605171]
100
iteration 100
Best Fitness: [203.82293338]
1
iteration 200
Best Fitness: [202.88187427]
1
iteration 300
Best Fitness: [202.88187427]
1
iteration 400
Best Fitness: [202.88187427]
1
iteration 500
Best Fitness: [202.88187427]
1
iteration 600
Best Fitness: [202.88187427]
1
iteration 700
Best Fitness: [202.88187427]
1
iteration 800
Best Fitness: [202.88187427]
1
iteration 900
Best Fitness: [202.88187427]
1
iteration 1000
Best Fitness: [202.88187427]
1
iteration 1100
Best Fitness: [202.88187427]
1
iteration 1200
Best Fitness: [202.88187427]
1
iteration 1300
Best Fitness: [202.88187427]
1
iteration 1400
Best Fitness: [202.88187427]
1
iteration 1500
Best Fitness: [202.88187427]
1
iteration 1600
Best Fitness: [202.88187427]
1
iteration 1700
Best Fitness: [202.88187427]
1
iteration 1800
Best Fitness: [202.88187427]
1
iteration 1900
Best Fitness: [202.88187427]
1
iteration 2000
Best Fitness: [202.88187427]
1
iteration 2100
Best Fitness: [202.88187427]
1
iteration 2200
Best Fitness: [202.88187427]
1
iteration 2300
Best Fitness: [202.88187427]
1
iteration 2400
Best Fitness: [202.88187427]
1
iteration 2500
Best Fitness: [202.88187427]
1
iteration 2600
Best Fitness: [202.88187427]
1
iteration 2700
Best Fitness: [202.88187427]
1
iteration 2800
Best Fitness: [202.88187427]
1
iteration 2900
Best Fitness: [202.88187427]
1
iteration 2999
Best Fitness: [202.88187427]
1
[array([1.17405336e-10]), array([5.45609377e-11]), array([5.17041966e-11]), array([9.02681801e-11]), array([4.11351605e-11]), array([6.5558173e-11]), array([2.03245382e-10]), array([7.72701957e-11]), array([1.06835696e-10]), array([202.88187427])]
iteration 0
Best Fitness: [21.94522775]
100
iteration 100
Best Fitness: [3.73113273e-06]
29
iteration 200
Best Fitness: [0.00520547]
1
iteration 300
Best Fitness: [0.00157993]
1
iteration 400
Best Fitness: [0.00061368]
1
iteration 500
Best Fitness: [0.00030589]
1
iteration 600
Best Fitness: [0.00015941]
1
iteration 700
Best Fitness: [7.68586007e-05]
1
iteration 800
Best Fitness: [3.75752498e-05]
1
iteration 900
Best Fitness: [1.92529089e-05]
1
iteration 1000
Best Fitness: [1.11372846e-05]
1
iteration 1100
Best Fitness: [6.64758082e-06]
1
iteration 1200
Best Fitness: [3.66138394e-06]
1
iteration 1300
Best Fitness: [2.11554839e-06]
1
iteration 1400
Best Fitness: [9.06829449e-07]
1
iteration 1500
Best Fitness: [5.05972794e-07]
1
iteration 1600
Best Fitness: [2.62727101e-07]
1
iteration 1700
Best Fitness: [1.29310434e-07]
1
iteration 1800
Best Fitness: [6.75904772e-08]
1
iteration 1900
Best Fitness: [4.05464569e-08]
1
iteration 2000
Best Fitness: [2.3008301e-08]
1
iteration 2100
Best Fitness: [1.00026796e-08]
1
iteration 2200
Best Fitness: [6.20003426e-09]
1
iteration 2300
Best Fitness: [2.84495272e-09]
1
iteration 2400
Best Fitness: [1.64858704e-09]
1
iteration 2500
Best Fitness: [9.09766484e-10]
1
iteration 2600
Best Fitness: [4.76052975e-10]
1
iteration 2700
Best Fitness: [2.30739872e-10]
1
iteration 2800
Best Fitness: [1.29139366e-10]
1
iteration 2900
Best Fitness: [7.1439743e-11]
1
iteration 2999
Best Fitness: [3.60973473e-11]
1
iteration 0
Best Fitness: [18.35457686]
100
iteration 100
Best Fitness: [8.80923473e-07]
34
iteration 200
Best Fitness: [0.00155456]
1
iteration 300
Best Fitness: [0.00054471]
1
iteration 400
Best Fitness: [0.00030453]
1
iteration 500
Best Fitness: [0.00011631]
1
iteration 600
Best Fitness: [6.16959279e-05]
1
iteration 700
Best Fitness: [3.13095284e-05]
1
iteration 800
Best Fitness: [1.85953191e-05]
1
iteration 900
Best Fitness: [1.0229125e-05]
1
iteration 1000
Best Fitness: [5.83984049e-06]
1
iteration 1100
Best Fitness: [2.98213926e-06]
1
iteration 1200
Best Fitness: [1.7367591e-06]
1
iteration 1300
Best Fitness: [1.03580754e-06]
1
iteration 1400
Best Fitness: [5.91442701e-07]
1
iteration 1500
Best Fitness: [3.63323254e-07]
1
iteration 1600
Best Fitness: [2.04202477e-07]
1
iteration 1700
Best Fitness: [9.35779898e-08]
1
iteration 1800
Best Fitness: [5.3441207e-08]
1
iteration 1900
Best Fitness: [2.49510794e-08]
1
iteration 2000
Best Fitness: [1.3472949e-08]
1
iteration 2100
Best Fitness: [7.53376028e-09]
1
iteration 2200
Best Fitness: [3.70124731e-09]
1
iteration 2300
Best Fitness: [2.1831994e-09]
1
iteration 2400
Best Fitness: [1.1171899e-09]
1
iteration 2500
Best Fitness: [4.54820182e-10]
1
iteration 2600
Best Fitness: [3.16074278e-10]
1
iteration 2700
Best Fitness: [1.51278101e-10]
1
iteration 2800
Best Fitness: [7.40705275e-11]
1
iteration 2900
Best Fitness: [4.11866097e-11]
1
iteration 2999
Best Fitness: [2.15703011e-11]
1
iteration 0
Best Fitness: [23.13698631]
100
iteration 100
Best Fitness: [3.33635281e-05]
17
iteration 200
Best Fitness: [0.00662494]
1
iteration 300
Best Fitness: [0.00218704]
1
iteration 400
Best Fitness: [0.00087403]
1
iteration 500
Best Fitness: [0.00046633]
1
iteration 600
Best Fitness: [0.00026027]
1
iteration 700
Best Fitness: [0.00013429]
1
iteration 800
Best Fitness: [7.84217301e-05]
1
iteration 900
Best Fitness: [3.29193372e-05]
1
iteration 1000
Best Fitness: [2.05883938e-05]
1
iteration 1100
Best Fitness: [1.23610792e-05]
1
iteration 1200
Best Fitness: [5.98915105e-06]
1
iteration 1300
Best Fitness: [3.68903546e-06]
1
iteration 1400
Best Fitness: [1.56689944e-06]
1
iteration 1500
Best Fitness: [8.5714087e-07]
1
iteration 1600
Best Fitness: [4.60043617e-07]
1
iteration 1700
Best Fitness: [2.52326004e-07]
1
iteration 1800
Best Fitness: [1.53113874e-07]
1
iteration 1900
Best Fitness: [6.79752041e-08]
1
iteration 2000
Best Fitness: [4.10926777e-08]
1
iteration 2100
Best Fitness: [2.37453417e-08]
1
iteration 2200
Best Fitness: [1.11321974e-08]
1
iteration 2300
Best Fitness: [6.41738929e-09]
1
iteration 2400
Best Fitness: [3.09977466e-09]
1
iteration 2500
Best Fitness: [1.53750968e-09]
1
iteration 2600
Best Fitness: [8.83060736e-10]
1
iteration 2700
Best Fitness: [4.30976144e-10]
1
iteration 2800
Best Fitness: [2.03698391e-10]
1
iteration 2900
Best Fitness: [1.09718457e-10]
1
iteration 2999
Best Fitness: [5.44275736e-11]
1
iteration 0
Best Fitness: [21.94906866]
100
iteration 100
Best Fitness: [7.23325034e-07]
35
iteration 200
Best Fitness: [0.00415418]
1
iteration 300
Best Fitness: [0.00132533]
1
iteration 400
Best Fitness: [0.0005853]
1
iteration 500
Best Fitness: [0.00032342]
1
iteration 600
Best Fitness: [0.00015116]
1
iteration 700
Best Fitness: [7.95964621e-05]
1
iteration 800
Best Fitness: [4.09702519e-05]
1
iteration 900
Best Fitness: [2.33811981e-05]
1
iteration 1000
Best Fitness: [9.6178354e-06]
1
iteration 1100
Best Fitness: [5.25361734e-06]
1
iteration 1200
Best Fitness: [2.98099695e-06]
1
iteration 1300
Best Fitness: [1.96276033e-06]
1
iteration 1400
Best Fitness: [7.12583912e-07]
1
iteration 1500
Best Fitness: [4.41846595e-07]
1
iteration 1600
Best Fitness: [2.36576547e-07]
1
iteration 1700
Best Fitness: [1.30816881e-07]
1
iteration 1800
Best Fitness: [7.59228147e-08]
1
iteration 1900
Best Fitness: [3.13923785e-08]
1
iteration 2000
Best Fitness: [1.99951771e-08]
1
iteration 2100
Best Fitness: [8.1238376e-09]
1
iteration 2200
Best Fitness: [4.79204587e-09]
1
iteration 2300
Best Fitness: [2.73660206e-09]
1
iteration 2400
Best Fitness: [1.60514091e-09]
1
iteration 2500
Best Fitness: [7.96999799e-10]
1
iteration 2600
Best Fitness: [5.32141442e-10]
1
iteration 2700
Best Fitness: [2.56020982e-10]
1
iteration 2800
Best Fitness: [1.41010759e-10]
1
iteration 2900
Best Fitness: [9.100809e-11]
1
iteration 2999
Best Fitness: [4.29896119e-11]
1
iteration 0
Best Fitness: [19.4608064]
100
iteration 100
Best Fitness: [1.09821752e-06]
35
iteration 200
Best Fitness: [0.00535709]
1
iteration 300
Best Fitness: [0.00245047]
1
iteration 400
Best Fitness: [0.00097638]
1
iteration 500
Best Fitness: [0.00045451]
1
iteration 600
Best Fitness: [0.00018927]
1
iteration 700
Best Fitness: [9.41562187e-05]
1
iteration 800
Best Fitness: [5.65593418e-05]
1
iteration 900
Best Fitness: [3.37508089e-05]
1
iteration 1000
Best Fitness: [1.936546e-05]
1
iteration 1100
Best Fitness: [8.8232615e-06]
1
iteration 1200
Best Fitness: [4.87916943e-06]
1
iteration 1300
Best Fitness: [2.77852843e-06]
1
iteration 1400
Best Fitness: [1.4107365e-06]
1
iteration 1500
Best Fitness: [7.57286191e-07]
1
iteration 1600
Best Fitness: [3.86178451e-07]
1
iteration 1700
Best Fitness: [2.17277991e-07]
1
iteration 1800
Best Fitness: [1.17802394e-07]
1
iteration 1900
Best Fitness: [6.07721837e-08]
1
iteration 2000
Best Fitness: [3.52517553e-08]
1
iteration 2100
Best Fitness: [1.75239911e-08]
1
iteration 2200
Best Fitness: [9.26520727e-09]
1
iteration 2300
Best Fitness: [4.34750902e-09]
1
iteration 2400
Best Fitness: [2.49752574e-09]
1
iteration 2500
Best Fitness: [1.32241595e-09]
1
iteration 2600
Best Fitness: [6.30558716e-10]
1
iteration 2700
Best Fitness: [3.54090091e-10]
1
iteration 2800
Best Fitness: [1.70878423e-10]
1
iteration 2900
Best Fitness: [8.45705728e-11]
1
iteration 2999
Best Fitness: [4.35740333e-11]
1
iteration 0
Best Fitness: [16.78234936]
100
iteration 100
Best Fitness: [0.05128015]
1
iteration 200
Best Fitness: [0.03701621]
1
iteration 300
Best Fitness: [0.02117867]
1
iteration 400
Best Fitness: [0.01096355]
1
iteration 500
Best Fitness: [0.00544435]
1
iteration 600
Best Fitness: [0.00209858]
1
iteration 700
Best Fitness: [0.00109836]
1
iteration 800
Best Fitness: [0.00067344]
1
iteration 900
Best Fitness: [0.00044889]
1
iteration 1000
Best Fitness: [0.00022817]
1
iteration 1100
Best Fitness: [0.00017406]
1
iteration 1200
Best Fitness: [0.00017402]
1
iteration 1300
Best Fitness: [0.00017402]
1
iteration 1400
Best Fitness: [0.00017402]
1
iteration 1500
Best Fitness: [0.00017402]
1
iteration 1600
Best Fitness: [0.00017402]
1
iteration 1700
Best Fitness: [0.00016733]
1
iteration 1800
Best Fitness: [0.00014999]
1
iteration 1900
Best Fitness: [0.00012199]
1
iteration 2000
Best Fitness: [8.77490604e-05]
1
iteration 2100
Best Fitness: [6.37880611e-05]
1
iteration 2200
Best Fitness: [4.22225487e-05]
1
iteration 2300
Best Fitness: [2.64538747e-05]
1
iteration 2400
Best Fitness: [1.43953436e-05]
1
iteration 2500
Best Fitness: [8.65396349e-06]
1
iteration 2600
Best Fitness: [4.56723547e-06]
1
iteration 2700
Best Fitness: [2.58749346e-06]
1
iteration 2800
Best Fitness: [1.60354194e-06]
1
iteration 2900
Best Fitness: [7.66935003e-07]
1
iteration 2999
Best Fitness: [4.79184903e-07]
1
iteration 0
Best Fitness: [23.91998832]
100
iteration 100
Best Fitness: [0.11636459]
1
iteration 200
Best Fitness: [0.0261168]
1
iteration 300
Best Fitness: [0.01138553]
1
iteration 400
Best Fitness: [0.00441786]
1
iteration 500
Best Fitness: [0.00271398]
1
iteration 600
Best Fitness: [0.00141192]
1
iteration 700
Best Fitness: [0.00085363]
1
iteration 800
Best Fitness: [0.00054628]
1
iteration 900
Best Fitness: [0.00028869]
1
iteration 1000
Best Fitness: [0.00015205]
1
iteration 1100
Best Fitness: [8.63919623e-05]
1
iteration 1200
Best Fitness: [4.62506747e-05]
1
iteration 1300
Best Fitness: [2.28907553e-05]
1
iteration 1400
Best Fitness: [1.27046288e-05]
1
iteration 1500
Best Fitness: [7.58299623e-06]
1
iteration 1600
Best Fitness: [3.58119362e-06]
1
iteration 1700
Best Fitness: [1.77445112e-06]
1
iteration 1800
Best Fitness: [9.69220514e-07]
1
iteration 1900
Best Fitness: [4.73843896e-07]
1
iteration 2000
Best Fitness: [2.14244398e-07]
1
iteration 2100
Best Fitness: [1.23690981e-07]
1
iteration 2200
Best Fitness: [7.66713466e-08]
1
iteration 2300
Best Fitness: [4.27356674e-08]
1
iteration 2400
Best Fitness: [2.21290684e-08]
1
iteration 2500
Best Fitness: [1.54347024e-08]
1
iteration 2600
Best Fitness: [7.83848009e-09]
1
iteration 2700
Best Fitness: [3.38944517e-09]
1
iteration 2800
Best Fitness: [1.83819715e-09]
1
iteration 2900
Best Fitness: [1.05063158e-09]
1
iteration 2999
Best Fitness: [5.8388494e-10]
1
iteration 0
Best Fitness: [23.88133547]
100
iteration 100
Best Fitness: [2.66694753e-05]
20
iteration 200
Best Fitness: [0.00170558]
1
iteration 300
Best Fitness: [0.00105121]
1
iteration 400
Best Fitness: [0.00055157]
1
iteration 500
Best Fitness: [0.0002605]
1
iteration 600
Best Fitness: [0.00012282]
1
iteration 700
Best Fitness: [8.84362687e-05]
1
iteration 800
Best Fitness: [6.05990243e-05]
1
iteration 900
Best Fitness: [4.06504405e-05]
1
iteration 1000
Best Fitness: [2.83686241e-05]
1
iteration 1100
Best Fitness: [1.40240061e-05]
1
iteration 1200
Best Fitness: [9.27718538e-06]
1
iteration 1300
Best Fitness: [5.40924658e-06]
1
iteration 1400
Best Fitness: [3.34976656e-06]
1
iteration 1500
Best Fitness: [1.62237454e-06]
1
iteration 1600
Best Fitness: [8.24232044e-07]
1
iteration 1700
Best Fitness: [4.06151997e-07]
1
iteration 1800
Best Fitness: [2.5655128e-07]
1
iteration 1900
Best Fitness: [1.42126213e-07]
1
iteration 2000
Best Fitness: [8.56095461e-08]
1
iteration 2100
Best Fitness: [4.64502001e-08]
1
iteration 2200
Best Fitness: [2.15410836e-08]
1
iteration 2300
Best Fitness: [1.13794165e-08]
1
iteration 2400
Best Fitness: [5.64469538e-09]
1
iteration 2500
Best Fitness: [2.81735701e-09]
1
iteration 2600
Best Fitness: [1.52092383e-09]
1
iteration 2700
Best Fitness: [1.04537357e-09]
1
iteration 2800
Best Fitness: [6.17339069e-10]
1
iteration 2900
Best Fitness: [3.10025783e-10]
1
iteration 2999
Best Fitness: [1.92413196e-10]
1
iteration 0
Best Fitness: [14.9326863]
100
iteration 100
Best Fitness: [3.36930752e-06]
25
iteration 200
Best Fitness: [0.00347248]
1
iteration 300
Best Fitness: [0.00083956]
1
iteration 400
Best Fitness: [0.00036074]
1
iteration 500
Best Fitness: [0.00017955]
1
iteration 600
Best Fitness: [9.70724274e-05]
1
iteration 700
Best Fitness: [5.34222337e-05]
1
iteration 800
Best Fitness: [3.10594717e-05]
1
iteration 900
Best Fitness: [1.6923601e-05]
1
iteration 1000
Best Fitness: [8.27693838e-06]
1
iteration 1100
Best Fitness: [3.82885175e-06]
1
iteration 1200
Best Fitness: [2.09601944e-06]
1
iteration 1300
Best Fitness: [1.40651634e-06]
1
iteration 1400
Best Fitness: [7.0696704e-07]
1
iteration 1500
Best Fitness: [4.47258797e-07]
1
iteration 1600
Best Fitness: [2.84630877e-07]
1
iteration 1700
Best Fitness: [1.66982609e-07]
1
iteration 1800
Best Fitness: [6.87606558e-08]
1
iteration 1900
Best Fitness: [3.57349013e-08]
1
iteration 2000
Best Fitness: [2.10968825e-08]
1
iteration 2100
Best Fitness: [1.25766633e-08]
1
iteration 2200
Best Fitness: [7.01606062e-09]
1
iteration 2300
Best Fitness: [3.97238509e-09]
1
iteration 2400
Best Fitness: [2.30974706e-09]
1
iteration 2500
Best Fitness: [1.07834097e-09]
1
iteration 2600
Best Fitness: [4.92262231e-10]
1
iteration 2700
Best Fitness: [2.6082958e-10]
1
iteration 2800
Best Fitness: [1.38813405e-10]
1
iteration 2900
Best Fitness: [6.85886903e-11]
1
iteration 2999
Best Fitness: [3.48823193e-11]
1
iteration 0
Best Fitness: [26.86207538]
100
iteration 100
Best Fitness: [4.55085105e-06]
22
iteration 200
Best Fitness: [0.00665299]
1
iteration 300
Best Fitness: [0.00155515]
1
iteration 400
Best Fitness: [0.0010882]
1
iteration 500
Best Fitness: [0.00047942]
1
iteration 600
Best Fitness: [0.00026262]
1
iteration 700
Best Fitness: [0.00019867]
1
iteration 800
Best Fitness: [9.30912349e-05]
1
iteration 900
Best Fitness: [4.90039107e-05]
1
iteration 1000
Best Fitness: [2.17466373e-05]
1
iteration 1100
Best Fitness: [1.52550299e-05]
1
iteration 1200
Best Fitness: [9.8374446e-06]
1
iteration 1300
Best Fitness: [4.64459595e-06]
1
iteration 1400
Best Fitness: [3.27903531e-06]
1
iteration 1500
Best Fitness: [1.88856263e-06]
1
iteration 1600
Best Fitness: [9.77981415e-07]
1
iteration 1700
Best Fitness: [4.37315254e-07]
1
iteration 1800
Best Fitness: [2.57883404e-07]
1
iteration 1900
Best Fitness: [1.23896696e-07]
1
iteration 2000
Best Fitness: [5.9566716e-08]
1
iteration 2100
Best Fitness: [3.36619035e-08]
1
iteration 2200
Best Fitness: [2.49092587e-08]
1
iteration 2300
Best Fitness: [1.04870139e-08]
1
iteration 2400
Best Fitness: [5.73445824e-09]
1
iteration 2500
Best Fitness: [3.37223405e-09]
1
iteration 2600
Best Fitness: [1.73401915e-09]
1
iteration 2700
Best Fitness: [9.19374799e-10]
1
iteration 2800
Best Fitness: [4.40078196e-10]
1
iteration 2900
Best Fitness: [2.50105714e-10]
1
iteration 2999
Best Fitness: [1.46137324e-10]
1
[array([3.60973473e-11]), array([2.15703011e-11]), array([5.44275736e-11]), array([4.29896119e-11]), array([4.35740333e-11]), array([4.79184903e-07]), array([5.8388494e-10]), array([1.92413196e-10]), array([3.48823193e-11]), array([1.46137324e-10])]
iteration 0
Best Fitness: [12.75068767]
100
iteration 100
Best Fitness: [0.00071115]
2
iteration 200
Best Fitness: [0.0009084]
1
iteration 300
Best Fitness: [0.00029272]
1
iteration 400
Best Fitness: [0.00013464]
1
iteration 500
Best Fitness: [5.51410549e-05]
1
iteration 600
Best Fitness: [3.73002765e-05]
1
iteration 700
Best Fitness: [1.89731756e-05]
1
iteration 800
Best Fitness: [1.06773684e-05]
1
iteration 900
Best Fitness: [6.14473532e-06]
1
iteration 1000
Best Fitness: [3.72472108e-06]
1
iteration 1100
Best Fitness: [1.65878817e-06]
1
iteration 1200
Best Fitness: [9.77317274e-07]
1
iteration 1300
Best Fitness: [3.5494373e-07]
1
iteration 1400
Best Fitness: [1.85749549e-07]
1
iteration 1500
Best Fitness: [8.09682695e-08]
1
iteration 1600
Best Fitness: [5.38620429e-08]
1
iteration 1700
Best Fitness: [3.8657897e-08]
1
iteration 1800
Best Fitness: [1.70821298e-08]
1
iteration 1900
Best Fitness: [8.75058504e-09]
1
iteration 2000
Best Fitness: [4.51166139e-09]
1
iteration 2100
Best Fitness: [2.54866005e-09]
1
iteration 2200
Best Fitness: [1.61582752e-09]
1
iteration 2300
Best Fitness: [8.81249642e-10]
1
iteration 2400
Best Fitness: [4.66194001e-10]
1
iteration 2500
Best Fitness: [2.491907e-10]
1
iteration 2600
Best Fitness: [1.24532594e-10]
1
iteration 2700
Best Fitness: [7.32819642e-11]
1
iteration 2800
Best Fitness: [3.67567705e-11]
1
iteration 2900
Best Fitness: [2.01830308e-11]
1
iteration 2999
Best Fitness: [1.08876475e-11]
1
iteration 0
Best Fitness: [10.53380614]
100
iteration 100
Best Fitness: [0.0008491]
1
iteration 200
Best Fitness: [0.00065909]
1
iteration 300
Best Fitness: [0.00014366]
1
iteration 400
Best Fitness: [8.33817933e-05]
1
iteration 500
Best Fitness: [4.95031688e-05]
1
iteration 600
Best Fitness: [2.70910618e-05]
1
iteration 700
Best Fitness: [1.46151196e-05]
1
iteration 800
Best Fitness: [7.99568462e-06]
1
iteration 900
Best Fitness: [4.10213938e-06]
1
iteration 1000
Best Fitness: [2.05143516e-06]
1
iteration 1100
Best Fitness: [1.53889526e-06]
1
iteration 1200
Best Fitness: [8.18741969e-07]
1
iteration 1300
Best Fitness: [4.40494951e-07]
1
iteration 1400
Best Fitness: [2.39262041e-07]
1
iteration 1500
Best Fitness: [1.04200541e-07]
1
iteration 1600
Best Fitness: [6.30254774e-08]
1
iteration 1700
Best Fitness: [3.18338337e-08]
1
iteration 1800
Best Fitness: [1.62669225e-08]
1
iteration 1900
Best Fitness: [7.84930099e-09]
1
iteration 2000
Best Fitness: [3.84698017e-09]
1
iteration 2100
Best Fitness: [2.06529738e-09]
1
iteration 2200
Best Fitness: [1.11319911e-09]
1
iteration 2300
Best Fitness: [5.82173713e-10]
1
iteration 2400
Best Fitness: [3.02061876e-10]
1
iteration 2500
Best Fitness: [1.73976286e-10]
1
iteration 2600
Best Fitness: [9.55552154e-11]
1
iteration 2700
Best Fitness: [5.56877238e-11]
1
iteration 2800
Best Fitness: [2.46311085e-11]
1
iteration 2900
Best Fitness: [1.34433327e-11]
1
iteration 2999
Best Fitness: [6.55542892e-12]
1
iteration 0
Best Fitness: [8.42726246]
100
iteration 100
Best Fitness: [0.00335322]
1
iteration 200
Best Fitness: [0.00133749]
1
iteration 300
Best Fitness: [0.00047314]
1
iteration 400
Best Fitness: [0.00019302]
1
iteration 500
Best Fitness: [0.00011529]
1
iteration 600
Best Fitness: [5.03101447e-05]
1
iteration 700
Best Fitness: [2.19446502e-05]
1
iteration 800
Best Fitness: [9.87975505e-06]
1
iteration 900
Best Fitness: [7.5270776e-06]
1
iteration 1000
Best Fitness: [3.86760133e-06]
1
iteration 1100
Best Fitness: [2.1903228e-06]
1
iteration 1200
Best Fitness: [1.03570426e-06]
1
iteration 1300
Best Fitness: [5.15628633e-07]
1
iteration 1400
Best Fitness: [2.79319618e-07]
1
iteration 1500
Best Fitness: [1.57211247e-07]
1
iteration 1600
Best Fitness: [8.25233346e-08]
1
iteration 1700
Best Fitness: [4.60328114e-08]
1
iteration 1800
Best Fitness: [2.04749751e-08]
1
iteration 1900
Best Fitness: [9.93651079e-09]
1
iteration 2000
Best Fitness: [4.56674201e-09]
1
iteration 2100
Best Fitness: [3.1759946e-09]
1
iteration 2200
Best Fitness: [1.52077033e-09]
1
iteration 2300
Best Fitness: [6.25422247e-10]
1
iteration 2400
Best Fitness: [3.29678771e-10]
1
iteration 2500
Best Fitness: [1.88156548e-10]
1
iteration 2600
Best Fitness: [9.96366851e-11]
1
iteration 2700
Best Fitness: [4.82040359e-11]
1
iteration 2800
Best Fitness: [2.47717505e-11]
1
iteration 2900
Best Fitness: [1.25948757e-11]
1
iteration 2999
Best Fitness: [6.00510229e-12]
1
iteration 0
Best Fitness: [8.84090949]
100
iteration 100
Best Fitness: [0.00081635]
2
iteration 200
Best Fitness: [0.00041456]
1
iteration 300
Best Fitness: [0.00014497]
1
iteration 400
Best Fitness: [7.21889244e-05]
1
iteration 500
Best Fitness: [4.17118383e-05]
1
iteration 600
Best Fitness: [2.12751752e-05]
1
iteration 700
Best Fitness: [8.24848849e-06]
1
iteration 800
Best Fitness: [5.15903332e-06]
1
iteration 900
Best Fitness: [2.67397357e-06]
1
iteration 1000
Best Fitness: [1.40102711e-06]
1
iteration 1100
Best Fitness: [7.46268935e-07]
1
iteration 1200
Best Fitness: [4.22251658e-07]
1
iteration 1300
Best Fitness: [2.12243364e-07]
1
iteration 1400
Best Fitness: [1.08122537e-07]
1
iteration 1500
Best Fitness: [4.88775582e-08]
1
iteration 1600
Best Fitness: [2.47871161e-08]
1
iteration 1700
Best Fitness: [1.50727598e-08]
1
iteration 1800
Best Fitness: [8.17294908e-09]
1
iteration 1900
Best Fitness: [4.8300765e-09]
1
iteration 2000
Best Fitness: [2.64879074e-09]
1
iteration 2100
Best Fitness: [1.27096397e-09]
1
iteration 2200
Best Fitness: [7.05465746e-10]
1
iteration 2300
Best Fitness: [3.85937919e-10]
1
iteration 2400
Best Fitness: [2.21216059e-10]
1
iteration 2500
Best Fitness: [1.28950452e-10]
1
iteration 2600
Best Fitness: [7.37850848e-11]
1
iteration 2700
Best Fitness: [3.87579446e-11]
1
iteration 2800
Best Fitness: [2.14315127e-11]
1
iteration 2900
Best Fitness: [1.06547468e-11]
1
iteration 2999
Best Fitness: [4.87978318e-12]
1
iteration 0
Best Fitness: [14.7779795]
100
iteration 100
Best Fitness: [0.00083059]
1
iteration 200
Best Fitness: [0.0004933]
1
iteration 300
Best Fitness: [0.0001985]
1
iteration 400
Best Fitness: [9.98837416e-05]
1
iteration 500
Best Fitness: [5.17300388e-05]
1
iteration 600
Best Fitness: [2.97670849e-05]
1
iteration 700
Best Fitness: [1.52898534e-05]
1
iteration 800
Best Fitness: [7.49000916e-06]
1
iteration 900
Best Fitness: [4.28590094e-06]
1
iteration 1000
Best Fitness: [2.00616098e-06]
1
iteration 1100
Best Fitness: [1.13560742e-06]
1
iteration 1200
Best Fitness: [5.50084279e-07]
1
iteration 1300
Best Fitness: [2.12576387e-07]
1
iteration 1400
Best Fitness: [1.44235753e-07]
1
iteration 1500
Best Fitness: [8.41751477e-08]
1
iteration 1600
Best Fitness: [4.58967611e-08]
1
iteration 1700
Best Fitness: [2.29200024e-08]
1
iteration 1800
Best Fitness: [1.26054709e-08]
1
iteration 1900
Best Fitness: [6.17619101e-09]
1
iteration 2000
Best Fitness: [3.37309726e-09]
1
iteration 2100
Best Fitness: [1.75969475e-09]
1
iteration 2200
Best Fitness: [8.92925912e-10]
1
iteration 2300
Best Fitness: [4.16235532e-10]
1
iteration 2400
Best Fitness: [1.98778578e-10]
1
iteration 2500
Best Fitness: [1.32442754e-10]
1
iteration 2600
Best Fitness: [6.16529535e-11]
1
iteration 2700
Best Fitness: [3.03739057e-11]
1
iteration 2800
Best Fitness: [1.51392292e-11]
1
iteration 2900
Best Fitness: [9.46571372e-12]
1
iteration 2999
Best Fitness: [4.55807624e-12]
1
iteration 0
Best Fitness: [10.14732041]
100
iteration 100
Best Fitness: [0.0016829]
1
iteration 200
Best Fitness: [0.0005141]
1
iteration 300
Best Fitness: [0.00018222]
1
iteration 400
Best Fitness: [0.0001066]
1
iteration 500
Best Fitness: [5.24890418e-05]
1
iteration 600
Best Fitness: [2.82062444e-05]
1
iteration 700
Best Fitness: [1.70026887e-05]
1
iteration 800
Best Fitness: [9.36394447e-06]
1
iteration 900
Best Fitness: [5.352269e-06]
1
iteration 1000
Best Fitness: [2.70054615e-06]
1
iteration 1100
Best Fitness: [1.36940403e-06]
1
iteration 1200
Best Fitness: [7.92186524e-07]
1
iteration 1300
Best Fitness: [4.07970317e-07]
1
iteration 1400
Best Fitness: [1.92935041e-07]
1
iteration 1500
Best Fitness: [9.57368112e-08]
1
iteration 1600
Best Fitness: [5.55689562e-08]
1
iteration 1700
Best Fitness: [3.41126118e-08]
1
iteration 1800
Best Fitness: [1.5951053e-08]
1
iteration 1900
Best Fitness: [8.06259012e-09]
1
iteration 2000
Best Fitness: [4.60284858e-09]
1
iteration 2100
Best Fitness: [2.28905449e-09]
1
iteration 2200
Best Fitness: [1.05437498e-09]
1
iteration 2300
Best Fitness: [5.34006177e-10]
1
iteration 2400
Best Fitness: [2.66390596e-10]
1
iteration 2500
Best Fitness: [1.60610108e-10]
1
iteration 2600
Best Fitness: [8.41027807e-11]
1
iteration 2700
Best Fitness: [3.79669013e-11]
1
iteration 2800
Best Fitness: [1.90204336e-11]
1
iteration 2900
Best Fitness: [1.05149806e-11]
1
iteration 2999
Best Fitness: [5.96721754e-12]
1
iteration 0
Best Fitness: [8.75717766]
100
iteration 100
Best Fitness: [0.00011728]
4
iteration 200
Best Fitness: [0.00035558]
1
iteration 300
Best Fitness: [0.00013425]
1
iteration 400
Best Fitness: [6.54931264e-05]
1
iteration 500
Best Fitness: [3.84789067e-05]
1
iteration 600
Best Fitness: [2.56198188e-05]
1
iteration 700
Best Fitness: [1.17425547e-05]
1
iteration 800
Best Fitness: [7.33159516e-06]
1
iteration 900
Best Fitness: [3.86658369e-06]
1
iteration 1000
Best Fitness: [1.96773909e-06]
1
iteration 1100
Best Fitness: [1.10177191e-06]
1
iteration 1200
Best Fitness: [5.98410469e-07]
1
iteration 1300
Best Fitness: [2.39333978e-07]
1
iteration 1400
Best Fitness: [1.24978334e-07]
1
iteration 1500
Best Fitness: [5.84169088e-08]
1
iteration 1600
Best Fitness: [3.46267616e-08]
1
iteration 1700
Best Fitness: [2.04717433e-08]
1
iteration 1800
Best Fitness: [1.22446719e-08]
1
iteration 1900
Best Fitness: [6.60519071e-09]
1
iteration 2000
Best Fitness: [3.10454902e-09]
1
iteration 2100
Best Fitness: [1.62733372e-09]
1
iteration 2200
Best Fitness: [9.51088626e-10]
1
iteration 2300
Best Fitness: [5.10837746e-10]
1
iteration 2400
Best Fitness: [2.17350386e-10]
1
iteration 2500
Best Fitness: [1.10916566e-10]
1
iteration 2600
Best Fitness: [7.37794263e-11]
1
iteration 2700
Best Fitness: [3.6521476e-11]
1
iteration 2800
Best Fitness: [1.97933885e-11]
1
iteration 2900
Best Fitness: [1.07435261e-11]
1
iteration 2999
Best Fitness: [5.21917038e-12]
1
iteration 0
Best Fitness: [6.80287765]
100
iteration 100
Best Fitness: [0.00198696]
1
iteration 200
Best Fitness: [0.00061557]
1
iteration 300
Best Fitness: [0.00023358]
1
iteration 400
Best Fitness: [0.00015527]
1
iteration 500
Best Fitness: [0.00010187]
1
iteration 600
Best Fitness: [4.70750357e-05]
1
iteration 700
Best Fitness: [2.53319704e-05]
1
iteration 800
Best Fitness: [1.62771377e-05]
1
iteration 900
Best Fitness: [8.97676115e-06]
1
iteration 1000
Best Fitness: [4.52071984e-06]
1
iteration 1100
Best Fitness: [2.34565192e-06]
1
iteration 1200
Best Fitness: [9.76189775e-07]
1
iteration 1300
Best Fitness: [5.20850329e-07]
1
iteration 1400
Best Fitness: [3.03934386e-07]
1
iteration 1500
Best Fitness: [1.59761168e-07]
1
iteration 1600
Best Fitness: [1.07584536e-07]
1
iteration 1700
Best Fitness: [4.63713014e-08]
1
iteration 1800
Best Fitness: [2.69567428e-08]
1
iteration 1900
Best Fitness: [1.27531143e-08]
1
iteration 2000
Best Fitness: [7.00615322e-09]
1
iteration 2100
Best Fitness: [3.22102206e-09]
1
iteration 2200
Best Fitness: [1.68318045e-09]
1
iteration 2300
Best Fitness: [8.10131838e-10]
1
iteration 2400
Best Fitness: [4.56881708e-10]
1
iteration 2500
Best Fitness: [2.34919461e-10]
1
iteration 2600
Best Fitness: [1.09324425e-10]
1
iteration 2700
Best Fitness: [5.35626819e-11]
1
iteration 2800
Best Fitness: [2.97487313e-11]
1
iteration 2900
Best Fitness: [1.50871329e-11]
1
iteration 2999
Best Fitness: [8.2707853e-12]
1
iteration 0
Best Fitness: [14.15622608]
100
iteration 100
Best Fitness: [0.0003593]
3
iteration 200
Best Fitness: [0.00062088]
1
iteration 300
Best Fitness: [0.0001889]
1
iteration 400
Best Fitness: [0.00010105]
1
iteration 500
Best Fitness: [5.05876395e-05]
1
iteration 600
Best Fitness: [2.67218626e-05]
1
iteration 700
Best Fitness: [1.36661537e-05]
1
iteration 800
Best Fitness: [7.247505e-06]
1
iteration 900
Best Fitness: [3.67785689e-06]
1
iteration 1000
Best Fitness: [1.86983914e-06]
1
iteration 1100
Best Fitness: [1.15379434e-06]
1
iteration 1200
Best Fitness: [7.32851884e-07]
1
iteration 1300
Best Fitness: [3.82369364e-07]
1
iteration 1400
Best Fitness: [2.36906091e-07]
1
iteration 1500
Best Fitness: [1.42931348e-07]
1
iteration 1600
Best Fitness: [7.70961326e-08]
1
iteration 1700
Best Fitness: [3.73975613e-08]
1
iteration 1800
Best Fitness: [1.91027263e-08]
1
iteration 1900
Best Fitness: [1.01610726e-08]
1
iteration 2000
Best Fitness: [5.57094419e-09]
1
iteration 2100
Best Fitness: [2.73823002e-09]
1
iteration 2200
Best Fitness: [1.4848229e-09]
1
iteration 2300
Best Fitness: [7.70644427e-10]
1
iteration 2400
Best Fitness: [3.46260139e-10]
1
iteration 2500
Best Fitness: [2.03809416e-10]
1
iteration 2600
Best Fitness: [1.3374452e-10]
1
iteration 2700
Best Fitness: [6.61202357e-11]
1
iteration 2800
Best Fitness: [3.8705401e-11]
1
iteration 2900
Best Fitness: [1.55870831e-11]
1
iteration 2999
Best Fitness: [9.13228657e-12]
1
iteration 0
Best Fitness: [8.37767372]
100
iteration 100
Best Fitness: [0.00301793]
1
iteration 200
Best Fitness: [0.00097339]
1
iteration 300
Best Fitness: [0.00048888]
1
iteration 400
Best Fitness: [0.00017819]
1
iteration 500
Best Fitness: [7.66905447e-05]
1
iteration 600
Best Fitness: [3.98624068e-05]
1
iteration 700
Best Fitness: [2.07220496e-05]
1
iteration 800
Best Fitness: [1.036426e-05]
1
iteration 900
Best Fitness: [5.27575895e-06]
1
iteration 1000
Best Fitness: [2.33340394e-06]
1
iteration 1100
Best Fitness: [1.48037812e-06]
1
iteration 1200
Best Fitness: [7.53506391e-07]
1
iteration 1300
Best Fitness: [4.01864426e-07]
1
iteration 1400
Best Fitness: [2.04102246e-07]
1
iteration 1500
Best Fitness: [8.36315171e-08]
1
iteration 1600
Best Fitness: [4.71743825e-08]
1
iteration 1700
Best Fitness: [2.44405286e-08]
1
iteration 1800
Best Fitness: [1.32415248e-08]
1
iteration 1900
Best Fitness: [7.54872221e-09]
1
iteration 2000
Best Fitness: [3.87273818e-09]
1
iteration 2100
Best Fitness: [2.46902243e-09]
1
iteration 2200
Best Fitness: [1.20713621e-09]
1
iteration 2300
Best Fitness: [4.5813733e-10]
1
iteration 2400
Best Fitness: [2.28602563e-10]
1
iteration 2500
Best Fitness: [1.1587134e-10]
1
iteration 2600
Best Fitness: [6.60273258e-11]
1
iteration 2700
Best Fitness: [3.26922838e-11]
1
iteration 2800
Best Fitness: [1.49906077e-11]
1
iteration 2900
Best Fitness: [7.37730247e-12]
1
iteration 2999
Best Fitness: [4.47608986e-12]
1
[array([1.08876475e-11]), array([6.55542892e-12]), array([6.00510229e-12]), array([4.87978318e-12]), array([4.55807624e-12]), array([5.96721754e-12]), array([5.21917038e-12]), array([8.2707853e-12]), array([9.13228657e-12]), array([4.47608986e-12])]
iteration 0
Best Fitness: [90.775199]
100
iteration 100
Best Fitness: [0.0015343]
100
iteration 200
Best Fitness: [7.18093409]
1
iteration 300
Best Fitness: [6.629853]
1
iteration 400
Best Fitness: [6.62985293]
1
iteration 500
Best Fitness: [6.62985293]
1
iteration 600
Best Fitness: [6.62985293]
1
iteration 700
Best Fitness: [6.62985293]
1
iteration 800
Best Fitness: [6.62985293]
1
iteration 900
Best Fitness: [6.62985293]
1
iteration 1000
Best Fitness: [6.62985293]
1
iteration 1100
Best Fitness: [6.62985293]
1
iteration 1200
Best Fitness: [6.62985293]
1
iteration 1300
Best Fitness: [6.62985293]
1
iteration 1400
Best Fitness: [6.62985293]
1
iteration 1500
Best Fitness: [6.62985293]
1
iteration 1600
Best Fitness: [6.62985293]
1
iteration 1700
Best Fitness: [6.62985293]
1
iteration 1800
Best Fitness: [6.62985293]
1
iteration 1900
Best Fitness: [6.62985293]
1
iteration 2000
Best Fitness: [6.62985293]
1
iteration 2100
Best Fitness: [6.62985293]
1
iteration 2200
Best Fitness: [6.62985293]
1
iteration 2300
Best Fitness: [6.62985293]
1
iteration 2400
Best Fitness: [6.62985293]
1
iteration 2500
Best Fitness: [6.62985293]
1
iteration 2600
Best Fitness: [6.62985293]
1
iteration 2700
Best Fitness: [6.62985293]
1
iteration 2800
Best Fitness: [6.62985293]
1
iteration 2900
Best Fitness: [6.62985293]
1
iteration 2999
Best Fitness: [6.62985293]
1
iteration 0
Best Fitness: [90.07180324]
100
iteration 100
Best Fitness: [30.19288758]
1
iteration 200
Best Fitness: [29.41903179]
1
iteration 300
Best Fitness: [29.4185502]
1
iteration 400
Best Fitness: [29.4185502]
1
iteration 500
Best Fitness: [29.4185502]
1
iteration 600
Best Fitness: [29.4185502]
1
iteration 700
Best Fitness: [29.4185502]
1
iteration 800
Best Fitness: [29.4185502]
1
iteration 900
Best Fitness: [29.4185502]
1
iteration 1000
Best Fitness: [29.4185502]
1
iteration 1100
Best Fitness: [29.4185502]
1
iteration 1200
Best Fitness: [29.4185502]
1
iteration 1300
Best Fitness: [29.4185502]
1
iteration 1400
Best Fitness: [29.4185502]
1
iteration 1500
Best Fitness: [29.4185502]
1
iteration 1600
Best Fitness: [29.4185502]
1
iteration 1700
Best Fitness: [29.4185502]
1
iteration 1800
Best Fitness: [29.4185502]
1
iteration 1900
Best Fitness: [29.4185502]
1
iteration 2000
Best Fitness: [29.4185502]
1
iteration 2100
Best Fitness: [29.4185502]
1
iteration 2200
Best Fitness: [29.4185502]
1
iteration 2300
Best Fitness: [29.4185502]
1
iteration 2400
Best Fitness: [29.4185502]
1
iteration 2500
Best Fitness: [29.4185502]
1
iteration 2600
Best Fitness: [29.4185502]
1
iteration 2700
Best Fitness: [29.4185502]
1
iteration 2800
Best Fitness: [29.4185502]
1
iteration 2900
Best Fitness: [29.4185502]
1
iteration 2999
Best Fitness: [29.4185502]
1
iteration 0
Best Fitness: [72.31638853]
100
iteration 100
Best Fitness: [0.00144491]
100
iteration 200
Best Fitness: [8.28400584]
1
iteration 300
Best Fitness: [7.3163211]
1
iteration 400
Best Fitness: [7.3163211]
1
iteration 500
Best Fitness: [7.3163211]
1
iteration 600
Best Fitness: [7.3163211]
1
iteration 700
Best Fitness: [7.3163211]
1
iteration 800
Best Fitness: [7.3163211]
1
iteration 900
Best Fitness: [7.3163211]
1
iteration 1000
Best Fitness: [7.3163211]
1
iteration 1100
Best Fitness: [7.3163211]
1
iteration 1200
Best Fitness: [7.3163211]
1
iteration 1300
Best Fitness: [7.3163211]
1
iteration 1400
Best Fitness: [7.3163211]
1
iteration 1500
Best Fitness: [7.3163211]
1
iteration 1600
Best Fitness: [7.3163211]
1
iteration 1700
Best Fitness: [7.3163211]
1
iteration 1800
Best Fitness: [7.3163211]
1
iteration 1900
Best Fitness: [7.3163211]
1
iteration 2000
Best Fitness: [7.3163211]
1
iteration 2100
Best Fitness: [7.3163211]
1
iteration 2200
Best Fitness: [7.3163211]
1
iteration 2300
Best Fitness: [7.3163211]
1
iteration 2400
Best Fitness: [7.3163211]
1
iteration 2500
Best Fitness: [7.3163211]
1
iteration 2600
Best Fitness: [7.3163211]
1
iteration 2700
Best Fitness: [7.3163211]
1
iteration 2800
Best Fitness: [7.3163211]
1
iteration 2900
Best Fitness: [7.3163211]
1
iteration 2999
Best Fitness: [7.3163211]
1
iteration 0
Best Fitness: [107.75677867]
100
iteration 100
Best Fitness: [29.08167553]
1
iteration 200
Best Fitness: [27.8207454]
1
iteration 300
Best Fitness: [27.80692778]
1
iteration 400
Best Fitness: [27.80692778]
1
iteration 500
Best Fitness: [27.80692778]
1
iteration 600
Best Fitness: [27.80692778]
1
iteration 700
Best Fitness: [27.80692778]
1
iteration 800
Best Fitness: [27.80692778]
1
iteration 900
Best Fitness: [27.80692778]
1
iteration 1000
Best Fitness: [27.80692778]
1
iteration 1100
Best Fitness: [27.80692778]
1
iteration 1200
Best Fitness: [27.80692778]
1
iteration 1300
Best Fitness: [27.80692778]
1
iteration 1400
Best Fitness: [27.80692778]
1
iteration 1500
Best Fitness: [27.80692778]
1
iteration 1600
Best Fitness: [27.80692778]
1
iteration 1700
Best Fitness: [27.80692778]
1
iteration 1800
Best Fitness: [27.80692778]
1
iteration 1900
Best Fitness: [27.80692778]
1
iteration 2000
Best Fitness: [27.80692778]
1
iteration 2100
Best Fitness: [27.80692778]
1
iteration 2200
Best Fitness: [27.80692778]
1
iteration 2300
Best Fitness: [27.80692778]
1
iteration 2400
Best Fitness: [27.80692778]
1
iteration 2500
Best Fitness: [27.80692778]
1
iteration 2600
Best Fitness: [27.80692778]
1
iteration 2700
Best Fitness: [27.80692778]
1
iteration 2800
Best Fitness: [27.80692778]
1
iteration 2900
Best Fitness: [27.80692778]
1
iteration 2999
Best Fitness: [27.80692778]
1
iteration 0
Best Fitness: [97.12778895]
100
iteration 100
Best Fitness: [0.10741698]
43
iteration 200
Best Fitness: [11.78735862]
1
iteration 300
Best Fitness: [11.11441107]
1
iteration 400
Best Fitness: [11.11441107]
1
iteration 500
Best Fitness: [11.11441107]
1
iteration 600
Best Fitness: [11.11441107]
1
iteration 700
Best Fitness: [11.11441107]
1
iteration 800
Best Fitness: [11.11441107]
1
iteration 900
Best Fitness: [11.11441107]
1
iteration 1000
Best Fitness: [11.11441107]
1
iteration 1100
Best Fitness: [11.11441107]
1
iteration 1200
Best Fitness: [11.11441107]
1
iteration 1300
Best Fitness: [11.11441107]
1
iteration 1400
Best Fitness: [11.11441107]
1
iteration 1500
Best Fitness: [11.11441107]
1
iteration 1600
Best Fitness: [11.11441107]
1
iteration 1700
Best Fitness: [11.11441107]
1
iteration 1800
Best Fitness: [11.11441107]
1
iteration 1900
Best Fitness: [11.11441107]
1
iteration 2000
Best Fitness: [11.11441107]
1
iteration 2100
Best Fitness: [11.11441107]
1
iteration 2200
Best Fitness: [11.11441107]
1
iteration 2300
Best Fitness: [11.11441107]
1
iteration 2400
Best Fitness: [11.11441107]
1
iteration 2500
Best Fitness: [11.11441107]
1
iteration 2600
Best Fitness: [11.11441107]
1
iteration 2700
Best Fitness: [11.11441107]
1
iteration 2800
Best Fitness: [11.11441107]
1
iteration 2900
Best Fitness: [11.11441107]
1
iteration 2999
Best Fitness: [11.11441107]
1
iteration 0
Best Fitness: [77.28457019]
100
iteration 100
Best Fitness: [0.00139965]
100
iteration 200
Best Fitness: [5.53945992]
1
iteration 300
Best Fitness: [4.78446706]
1
iteration 400
Best Fitness: [4.78446706]
1
iteration 500
Best Fitness: [4.78446706]
1
iteration 600
Best Fitness: [4.78446706]
1
iteration 700
Best Fitness: [4.78446706]
1
iteration 800
Best Fitness: [4.78446706]
1
iteration 900
Best Fitness: [4.78446706]
1
iteration 1000
Best Fitness: [4.78446706]
1
iteration 1100
Best Fitness: [4.78446706]
1
iteration 1200
Best Fitness: [4.78446706]
1
iteration 1300
Best Fitness: [4.78446706]
1
iteration 1400
Best Fitness: [4.78446706]
1
iteration 1500
Best Fitness: [4.78446706]
1
iteration 1600
Best Fitness: [4.78446706]
1
iteration 1700
Best Fitness: [4.78446706]
1
iteration 1800
Best Fitness: [4.78446706]
1
iteration 1900
Best Fitness: [4.78446706]
1
iteration 2000
Best Fitness: [4.78446706]
1
iteration 2100
Best Fitness: [4.78446706]
1
iteration 2200
Best Fitness: [4.78446706]
1
iteration 2300
Best Fitness: [4.78446706]
1
iteration 2400
Best Fitness: [4.78446706]
1
iteration 2500
Best Fitness: [4.78446706]
1
iteration 2600
Best Fitness: [4.78446706]
1
iteration 2700
Best Fitness: [4.78446706]
1
iteration 2800
Best Fitness: [4.78446706]
1
iteration 2900
Best Fitness: [4.78446706]
1
iteration 2999
Best Fitness: [4.78446706]
1
iteration 0
Best Fitness: [98.9655698]
100
iteration 100
Best Fitness: [19.41562447]
1
iteration 200
Best Fitness: [19.20823986]
1
iteration 300
Best Fitness: [19.2075198]
1
iteration 400
Best Fitness: [19.2075198]
1
iteration 500
Best Fitness: [19.2075198]
1
iteration 600
Best Fitness: [19.2075198]
1
iteration 700
Best Fitness: [19.2075198]
1
iteration 800
Best Fitness: [19.2075198]
1
iteration 900
Best Fitness: [19.2075198]
1
iteration 1000
Best Fitness: [19.2075198]
1
iteration 1100
Best Fitness: [19.2075198]
1
iteration 1200
Best Fitness: [19.2075198]
1
iteration 1300
Best Fitness: [19.2075198]
1
iteration 1400
Best Fitness: [19.2075198]
1
iteration 1500
Best Fitness: [19.2075198]
1
iteration 1600
Best Fitness: [19.2075198]
1
iteration 1700
Best Fitness: [19.2075198]
1
iteration 1800
Best Fitness: [19.2075198]
1
iteration 1900
Best Fitness: [19.2075198]
1
iteration 2000
Best Fitness: [19.2075198]
1
iteration 2100
Best Fitness: [19.2075198]
1
iteration 2200
Best Fitness: [19.2075198]
1
iteration 2300
Best Fitness: [19.2075198]
1
iteration 2400
Best Fitness: [19.2075198]
1
iteration 2500
Best Fitness: [19.2075198]
1
iteration 2600
Best Fitness: [19.2075198]
1
iteration 2700
Best Fitness: [19.2075198]
1
iteration 2800
Best Fitness: [19.2075198]
1
iteration 2900
Best Fitness: [19.2075198]
1
iteration 2999
Best Fitness: [19.2075198]
1
iteration 0
Best Fitness: [77.86878845]
100
iteration 100
Best Fitness: [56.54344491]
1
iteration 200
Best Fitness: [49.9257088]
1
iteration 300
Best Fitness: [49.92570749]
1
iteration 400
Best Fitness: [49.92570749]
1
iteration 500
Best Fitness: [49.92570749]
1
iteration 600
Best Fitness: [49.92570749]
1
iteration 700
Best Fitness: [49.92570749]
1
iteration 800
Best Fitness: [49.92570749]
1
iteration 900
Best Fitness: [49.92570749]
1
iteration 1000
Best Fitness: [49.92570749]
1
iteration 1100
Best Fitness: [49.92570749]
1
iteration 1200
Best Fitness: [49.92570749]
1
iteration 1300
Best Fitness: [49.92570749]
1
iteration 1400
Best Fitness: [49.92570749]
1
iteration 1500
Best Fitness: [49.92570749]
1
iteration 1600
Best Fitness: [49.92570749]
1
iteration 1700
Best Fitness: [49.92570749]
1
iteration 1800
Best Fitness: [49.92570749]
1
iteration 1900
Best Fitness: [49.92570749]
1
iteration 2000
Best Fitness: [49.92570749]
1
iteration 2100
Best Fitness: [49.92570749]
1
iteration 2200
Best Fitness: [49.92570749]
1
iteration 2300
Best Fitness: [49.92570749]
1
iteration 2400
Best Fitness: [49.92570749]
1
iteration 2500
Best Fitness: [49.92570749]
1
iteration 2600
Best Fitness: [49.92570749]
1
iteration 2700
Best Fitness: [49.92570749]
1
iteration 2800
Best Fitness: [49.92570749]
1
iteration 2900
Best Fitness: [49.92570749]
1
iteration 2999
Best Fitness: [49.92570749]
1
iteration 0
Best Fitness: [101.25659364]
100
iteration 100
Best Fitness: [865.41594671]
1
iteration 200
Best Fitness: [833.84670997]
1
iteration 300
Best Fitness: [833.84670997]
1
iteration 400
Best Fitness: [833.84670997]
1
iteration 500
Best Fitness: [833.84670997]
1
iteration 600
Best Fitness: [833.84670997]
1
iteration 700
Best Fitness: [833.84670997]
1
iteration 800
Best Fitness: [833.84670997]
1
iteration 900
Best Fitness: [833.84670997]
1
iteration 1000
Best Fitness: [833.84670997]
1
iteration 1100
Best Fitness: [833.84670997]
1
iteration 1200
Best Fitness: [833.84670997]
1
iteration 1300
Best Fitness: [833.84670997]
1
iteration 1400
Best Fitness: [833.84670997]
1
iteration 1500
Best Fitness: [833.84670997]
1
iteration 1600
Best Fitness: [833.84670997]
1
iteration 1700
Best Fitness: [833.84670997]
1
iteration 1800
Best Fitness: [833.84670997]
1
iteration 1900
Best Fitness: [833.84670997]
1
iteration 2000
Best Fitness: [833.84670997]
1
iteration 2100
Best Fitness: [833.84670997]
1
iteration 2200
Best Fitness: [833.84670997]
1
iteration 2300
Best Fitness: [833.84670997]
1
iteration 2400
Best Fitness: [833.84670997]
1
iteration 2500
Best Fitness: [833.84670997]
1
iteration 2600
Best Fitness: [833.84670997]
1
iteration 2700
Best Fitness: [833.84670997]
1
iteration 2800
Best Fitness: [833.84670997]
1
iteration 2900
Best Fitness: [833.84670997]
1
iteration 2999
Best Fitness: [833.84670997]
1
iteration 0
Best Fitness: [87.84522734]
100
iteration 100
Best Fitness: [97.27527125]
1
iteration 200
Best Fitness: [91.56247743]
1
iteration 300
Best Fitness: [91.56247446]
1
iteration 400
Best Fitness: [91.56247446]
1
iteration 500
Best Fitness: [91.56247446]
1
iteration 600
Best Fitness: [91.56247446]
1
iteration 700
Best Fitness: [91.56247446]
1
iteration 800
Best Fitness: [91.56247446]
1
iteration 900
Best Fitness: [91.56247446]
1
iteration 1000
Best Fitness: [91.56247446]
1
iteration 1100
Best Fitness: [91.56247446]
1
iteration 1200
Best Fitness: [91.56247446]
1
iteration 1300
Best Fitness: [91.56247446]
1
iteration 1400
Best Fitness: [91.56247446]
1
iteration 1500
Best Fitness: [91.56247446]
1
iteration 1600
Best Fitness: [91.56247446]
1
iteration 1700
Best Fitness: [91.56247446]
1
iteration 1800
Best Fitness: [91.56247446]
1
iteration 1900
Best Fitness: [91.56247446]
1
iteration 2000
Best Fitness: [91.56247446]
1
iteration 2100
Best Fitness: [91.56247446]
1
iteration 2200
Best Fitness: [91.56247446]
1
iteration 2300
Best Fitness: [91.56247446]
1
iteration 2400
Best Fitness: [91.56247446]
1
iteration 2500
Best Fitness: [91.56247446]
1
iteration 2600
Best Fitness: [91.56247446]
1
iteration 2700
Best Fitness: [91.56247446]
1
iteration 2800
Best Fitness: [91.56247446]
1
iteration 2900
Best Fitness: [91.56247446]
1
iteration 2999
Best Fitness: [91.56247446]
1
[array([6.62985293]), array([29.4185502]), array([7.3163211]), array([27.80692778]), array([11.11441107]), array([4.78446706]), array([19.2075198]), array([49.92570749]), array([833.84670997]), array([91.56247446])]
iteration 0
Best Fitness: [3236291.33660439]
100
iteration 100
Best Fitness: [0.00160731]
95
iteration 200
Best Fitness: [0.10770626]
1
iteration 300
Best Fitness: [0.01907619]
1
iteration 400
Best Fitness: [0.00711214]
1
iteration 500
Best Fitness: [0.00418849]
1
iteration 600
Best Fitness: [0.00212444]
1
iteration 700
Best Fitness: [0.00106838]
1
iteration 800
Best Fitness: [0.0006194]
1
iteration 900
Best Fitness: [0.00032539]
1
iteration 1000
Best Fitness: [0.00014018]
1
iteration 1100
Best Fitness: [6.555675e-05]
1
iteration 1200
Best Fitness: [3.4211777e-05]
1
iteration 1300
Best Fitness: [1.76010692e-05]
1
iteration 1400
Best Fitness: [1.06655709e-05]
1
iteration 1500
Best Fitness: [5.96235121e-06]
1
iteration 1600
Best Fitness: [3.1751762e-06]
1
iteration 1700
Best Fitness: [1.49780311e-06]
1
iteration 1800
Best Fitness: [9.19562811e-07]
1
iteration 1900
Best Fitness: [5.18941416e-07]
1
iteration 2000
Best Fitness: [2.04686767e-07]
1
iteration 2100
Best Fitness: [1.4562495e-07]
1
iteration 2200
Best Fitness: [9.31013207e-08]
1
iteration 2300
Best Fitness: [4.87558939e-08]
1
iteration 2400
Best Fitness: [2.10223651e-08]
1
iteration 2500
Best Fitness: [1.03686351e-08]
1
iteration 2600
Best Fitness: [4.96462581e-09]
1
iteration 2700
Best Fitness: [2.83839785e-09]
1
iteration 2800
Best Fitness: [1.66868149e-09]
1
iteration 2900
Best Fitness: [9.02350082e-10]
1
iteration 2999
Best Fitness: [4.51120635e-10]
1
iteration 0
Best Fitness: [2130574.53501395]
100
iteration 100
Best Fitness: [6.8236686]
2
iteration 200
Best Fitness: [3.32252662]
1
iteration 300
Best Fitness: [1.2308626]
1
iteration 400
Best Fitness: [0.459939]
1
iteration 500
Best Fitness: [0.19151409]
1
iteration 600
Best Fitness: [0.11822948]
1
iteration 700
Best Fitness: [0.07307858]
1
iteration 800
Best Fitness: [0.03865903]
1
iteration 900
Best Fitness: [0.02106295]
1
iteration 1000
Best Fitness: [0.01201335]
1
iteration 1100
Best Fitness: [0.00640788]
1
iteration 1200
Best Fitness: [0.00344966]
1
iteration 1300
Best Fitness: [0.00173339]
1
iteration 1400
Best Fitness: [0.00078934]
1
iteration 1500
Best Fitness: [0.0004608]
1
iteration 1600
Best Fitness: [0.00021837]
1
iteration 1700
Best Fitness: [0.00010074]
1
iteration 1800
Best Fitness: [5.19102605e-05]
1
iteration 1900
Best Fitness: [2.43736682e-05]
1
iteration 2000
Best Fitness: [1.27100859e-05]
1
iteration 2100
Best Fitness: [7.73316177e-06]
1
iteration 2200
Best Fitness: [3.9191373e-06]
1
iteration 2300
Best Fitness: [1.95120533e-06]
1
iteration 2400
Best Fitness: [1.05751356e-06]
1
iteration 2500
Best Fitness: [5.69969827e-07]
1
iteration 2600
Best Fitness: [2.83405445e-07]
1
iteration 2700
Best Fitness: [1.89698239e-07]
1
iteration 2800
Best Fitness: [9.34838264e-08]
1
iteration 2900
Best Fitness: [5.44730285e-08]
1
iteration 2999
Best Fitness: [3.04807189e-08]
1
iteration 0
Best Fitness: [2420454.4882503]
100
iteration 100
Best Fitness: [1001727.6889045]
1
iteration 200
Best Fitness: [248734.4522631]
1
iteration 300
Best Fitness: [99328.45360156]
1
iteration 400
Best Fitness: [58383.76053098]
1
iteration 500
Best Fitness: [28965.76864225]
1
iteration 600
Best Fitness: [13272.23150571]
1
iteration 700
Best Fitness: [6505.50096525]
1
iteration 800
Best Fitness: [3680.28034229]
1
iteration 900
Best Fitness: [1789.73363327]
1
iteration 1000
Best Fitness: [1038.62150278]
1
iteration 1100
Best Fitness: [570.96894621]
1
iteration 1200
Best Fitness: [303.03354791]
1
iteration 1300
Best Fitness: [148.26333824]
1
iteration 1400
Best Fitness: [69.60772104]
1
iteration 1500
Best Fitness: [40.31773054]
1
iteration 1600
Best Fitness: [20.38740272]
1
iteration 1700
Best Fitness: [9.62860688]
1
iteration 1800
Best Fitness: [4.49193856]
1
iteration 1900
Best Fitness: [2.22107499]
1
iteration 2000
Best Fitness: [1.03351473]
1
iteration 2100
Best Fitness: [0.58063722]
1
iteration 2200
Best Fitness: [0.31957675]
1
iteration 2300
Best Fitness: [0.17459805]
1
iteration 2400
Best Fitness: [0.10923837]
1
iteration 2500
Best Fitness: [0.05677468]
1
iteration 2600
Best Fitness: [0.03007052]
1
iteration 2700
Best Fitness: [0.0155795]
1
iteration 2800
Best Fitness: [0.00803281]
1
iteration 2900
Best Fitness: [0.00447248]
1
iteration 2999
Best Fitness: [0.00239003]
1
iteration 0
Best Fitness: [2969257.37649569]
100
iteration 100
Best Fitness: [38.72905781]
1
iteration 200
Best Fitness: [10.76564473]
1
iteration 300
Best Fitness: [4.02141296]
1
iteration 400
Best Fitness: [1.54667636]
1
iteration 500
Best Fitness: [0.64877778]
1
iteration 600
Best Fitness: [0.30374694]
1
iteration 700
Best Fitness: [0.13831939]
1
iteration 800
Best Fitness: [0.07643325]
1
iteration 900
Best Fitness: [0.05047798]
1
iteration 1000
Best Fitness: [0.0325651]
1
iteration 1100
Best Fitness: [0.01343014]
1
iteration 1200
Best Fitness: [0.0084525]
1
iteration 1300
Best Fitness: [0.00455751]
1
iteration 1400
Best Fitness: [0.00233388]
1
iteration 1500
Best Fitness: [0.00110445]
1
iteration 1600
Best Fitness: [0.00065219]
1
iteration 1700
Best Fitness: [0.00030017]
1
iteration 1800
Best Fitness: [0.00016324]
1
iteration 1900
Best Fitness: [8.11578024e-05]
1
iteration 2000
Best Fitness: [4.50740513e-05]
1
iteration 2100
Best Fitness: [2.48964528e-05]
1
iteration 2200
Best Fitness: [1.26223267e-05]
1
iteration 2300
Best Fitness: [6.23605204e-06]
1
iteration 2400
Best Fitness: [3.09901178e-06]
1
iteration 2500
Best Fitness: [1.69281123e-06]
1
iteration 2600
Best Fitness: [8.71813275e-07]
1
iteration 2700
Best Fitness: [3.95843401e-07]
1
iteration 2800
Best Fitness: [2.51440026e-07]
1
iteration 2900
Best Fitness: [1.52130339e-07]
1
iteration 2999
Best Fitness: [8.31742229e-08]
1
iteration 0
Best Fitness: [4801803.42899998]
100
iteration 100
Best Fitness: [31595.85468819]
1
iteration 200
Best Fitness: [9163.88224736]
1
iteration 300
Best Fitness: [2742.09961706]
1
iteration 400
Best Fitness: [1085.65219705]
1
iteration 500
Best Fitness: [499.85546673]
1
iteration 600
Best Fitness: [226.47216117]
1
iteration 700
Best Fitness: [127.23512931]
1
iteration 800
Best Fitness: [46.92783485]
1
iteration 900
Best Fitness: [27.98921512]
1
iteration 1000
Best Fitness: [14.14979453]
1
iteration 1100
Best Fitness: [8.3431206]
1
iteration 1200
Best Fitness: [4.43774545]
1
iteration 1300
Best Fitness: [2.532573]
1
iteration 1400
Best Fitness: [1.26508295]
1
iteration 1500
Best Fitness: [0.61690088]
1
iteration 1600
Best Fitness: [0.38443834]
1
iteration 1700
Best Fitness: [0.21224034]
1
iteration 1800
Best Fitness: [0.10725986]
1
iteration 1900
Best Fitness: [0.0529105]
1
iteration 2000
Best Fitness: [0.02809075]
1
iteration 2100
Best Fitness: [0.01472544]
1
iteration 2200
Best Fitness: [0.00861863]
1
iteration 2300
Best Fitness: [0.00434413]
1
iteration 2400
Best Fitness: [0.00239895]
1
iteration 2500
Best Fitness: [0.00122958]
1
iteration 2600
Best Fitness: [0.00059563]
1
iteration 2700
Best Fitness: [0.00034851]
1
iteration 2800
Best Fitness: [0.00015089]
1
iteration 2900
Best Fitness: [6.71762932e-05]
1
iteration 2999
Best Fitness: [4.48544034e-05]
1
iteration 0
Best Fitness: [3590146.97123386]
100
iteration 100
Best Fitness: [188748.18470517]
1
iteration 200
Best Fitness: [106125.2904205]
1
iteration 300
Best Fitness: [41942.17119571]
1
iteration 400
Best Fitness: [15493.28838294]
1
iteration 500
Best Fitness: [8207.52862078]
1
iteration 600
Best Fitness: [4344.19806473]
1
iteration 700
Best Fitness: [2079.45404873]
1
iteration 800
Best Fitness: [1135.1352129]
1
iteration 900
Best Fitness: [528.16780874]
1
iteration 1000
Best Fitness: [323.05022951]
1
iteration 1100
Best Fitness: [172.93167471]
1
iteration 1200
Best Fitness: [96.06115526]
1
iteration 1300
Best Fitness: [48.08470346]
1
iteration 1400
Best Fitness: [27.2912169]
1
iteration 1500
Best Fitness: [14.8839822]
1
iteration 1600
Best Fitness: [7.51844873]
1
iteration 1700
Best Fitness: [3.53416357]
1
iteration 1800
Best Fitness: [2.20389466]
1
iteration 1900
Best Fitness: [1.08188366]
1
iteration 2000
Best Fitness: [0.65484399]
1
iteration 2100
Best Fitness: [0.32105609]
1
iteration 2200
Best Fitness: [0.15601053]
1
iteration 2300
Best Fitness: [0.07845876]
1
iteration 2400
Best Fitness: [0.04229757]
1
iteration 2500
Best Fitness: [0.02358945]
1
iteration 2600
Best Fitness: [0.01191554]
1
iteration 2700
Best Fitness: [0.00602783]
1
iteration 2800
Best Fitness: [0.0037085]
1
iteration 2900
Best Fitness: [0.00149143]
1
iteration 2999
Best Fitness: [0.00083334]
1
iteration 0
Best Fitness: [6785432.4027296]
100
iteration 100
Best Fitness: [1.29780172e-05]
100
iteration 200
Best Fitness: [0.01390056]
1
iteration 300
Best Fitness: [0.00560087]
1
iteration 400
Best Fitness: [0.00189486]
1
iteration 500
Best Fitness: [0.00077073]
1
iteration 600
Best Fitness: [0.00034032]
1
iteration 700
Best Fitness: [0.00015726]
1
iteration 800
Best Fitness: [9.54953715e-05]
1
iteration 900
Best Fitness: [4.95762471e-05]
1
iteration 1000
Best Fitness: [1.9965024e-05]
1
iteration 1100
Best Fitness: [1.29336098e-05]
1
iteration 1200
Best Fitness: [5.7517554e-06]
1
iteration 1300
Best Fitness: [2.92883371e-06]
1
iteration 1400
Best Fitness: [1.63756571e-06]
1
iteration 1500
Best Fitness: [7.98876041e-07]
1
iteration 1600
Best Fitness: [4.60440935e-07]
1
iteration 1700
Best Fitness: [2.34337441e-07]
1
iteration 1800
Best Fitness: [1.28345254e-07]
1
iteration 1900
Best Fitness: [5.66267413e-08]
1
iteration 2000
Best Fitness: [3.26285767e-08]
1
iteration 2100
Best Fitness: [1.6345726e-08]
1
iteration 2200
Best Fitness: [1.02338113e-08]
1
iteration 2300
Best Fitness: [6.07429673e-09]
1
iteration 2400
Best Fitness: [2.57840555e-09]
1
iteration 2500
Best Fitness: [1.33758742e-09]
1
iteration 2600
Best Fitness: [5.9716147e-10]
1
iteration 2700
Best Fitness: [3.66371462e-10]
1
iteration 2800
Best Fitness: [2.49069205e-10]
1
iteration 2900
Best Fitness: [1.17281185e-10]
1
iteration 2999
Best Fitness: [6.4250256e-11]
1
iteration 0
Best Fitness: [5524260.54737432]
100
iteration 100
Best Fitness: [0.89391877]
3
iteration 200
Best Fitness: [1.29640217]
1
iteration 300
Best Fitness: [0.56297003]
1
iteration 400
Best Fitness: [0.23470512]
1
iteration 500
Best Fitness: [0.10337056]
1
iteration 600
Best Fitness: [0.05392652]
1
iteration 700
Best Fitness: [0.02412264]
1
iteration 800
Best Fitness: [0.01117154]
1
iteration 900
Best Fitness: [0.0058562]
1
iteration 1000
Best Fitness: [0.0029267]
1
iteration 1100
Best Fitness: [0.00133279]
1
iteration 1200
Best Fitness: [0.0007128]
1
iteration 1300
Best Fitness: [0.00054294]
1
iteration 1400
Best Fitness: [0.00027417]
1
iteration 1500
Best Fitness: [0.00012308]
1
iteration 1600
Best Fitness: [6.99915414e-05]
1
iteration 1700
Best Fitness: [3.76057957e-05]
1
iteration 1800
Best Fitness: [2.02274315e-05]
1
iteration 1900
Best Fitness: [1.18361072e-05]
1
iteration 2000
Best Fitness: [5.78559748e-06]
1
iteration 2100
Best Fitness: [2.79557801e-06]
1
iteration 2200
Best Fitness: [1.70974131e-06]
1
iteration 2300
Best Fitness: [8.57563278e-07]
1
iteration 2400
Best Fitness: [4.11595451e-07]
1
iteration 2500
Best Fitness: [2.04833908e-07]
1
iteration 2600
Best Fitness: [1.12218135e-07]
1
iteration 2700
Best Fitness: [5.14306809e-08]
1
iteration 2800
Best Fitness: [2.3202061e-08]
1
iteration 2900
Best Fitness: [1.15424143e-08]
1
iteration 2999
Best Fitness: [5.45860753e-09]
1
iteration 0
Best Fitness: [2669863.48440781]
100
iteration 100
Best Fitness: [1.05623457e-05]
100
iteration 200
Best Fitness: [0.00148737]
1
iteration 300
Best Fitness: [0.00087975]
1
iteration 400
Best Fitness: [0.00032652]
1
iteration 500
Best Fitness: [0.00013251]
1
iteration 600
Best Fitness: [6.23560181e-05]
1
iteration 700
Best Fitness: [3.50415563e-05]
1
iteration 800
Best Fitness: [1.95427064e-05]
1
iteration 900
Best Fitness: [9.94632078e-06]
1
iteration 1000
Best Fitness: [4.77510754e-06]
1
iteration 1100
Best Fitness: [2.78579129e-06]
1
iteration 1200
Best Fitness: [1.54018875e-06]
1
iteration 1300
Best Fitness: [7.95738106e-07]
1
iteration 1400
Best Fitness: [4.06269148e-07]
1
iteration 1500
Best Fitness: [2.14782874e-07]
1
iteration 1600
Best Fitness: [9.33323501e-08]
1
iteration 1700
Best Fitness: [5.02883387e-08]
1
iteration 1800
Best Fitness: [2.4558727e-08]
1
iteration 1900
Best Fitness: [1.43768763e-08]
1
iteration 2000
Best Fitness: [9.33680783e-09]
1
iteration 2100
Best Fitness: [4.3973648e-09]
1
iteration 2200
Best Fitness: [2.04296952e-09]
1
iteration 2300
Best Fitness: [1.01658771e-09]
1
iteration 2400
Best Fitness: [5.28680576e-10]
1
iteration 2500
Best Fitness: [2.73830232e-10]
1
iteration 2600
Best Fitness: [1.25782199e-10]
1
iteration 2700
Best Fitness: [6.65696041e-11]
1
iteration 2800
Best Fitness: [3.51015231e-11]
1
iteration 2900
Best Fitness: [1.94372868e-11]
1
iteration 2999
Best Fitness: [1.05180109e-11]
1
iteration 0
Best Fitness: [1602177.45942483]
100
iteration 100
Best Fitness: [1956737.93424638]
1
iteration 200
Best Fitness: [538138.38948876]
1
iteration 300
Best Fitness: [192641.04339074]
1
iteration 400
Best Fitness: [105471.93726453]
1
iteration 500
Best Fitness: [51802.29948648]
1
iteration 600
Best Fitness: [26558.85789472]
1
iteration 700
Best Fitness: [14002.0073682]
1
iteration 800
Best Fitness: [6427.66767941]
1
iteration 900
Best Fitness: [3386.31195881]
1
iteration 1000
Best Fitness: [1522.81091701]
1
iteration 1100
Best Fitness: [873.31278072]
1
iteration 1200
Best Fitness: [501.08467606]
1
iteration 1300
Best Fitness: [282.00945452]
1
iteration 1400
Best Fitness: [138.97849743]
1
iteration 1500
Best Fitness: [71.11559789]
1
iteration 1600
Best Fitness: [39.59751169]
1
iteration 1700
Best Fitness: [23.12425271]
1
iteration 1800
Best Fitness: [9.67555017]
1
iteration 1900
Best Fitness: [4.48695606]
1
iteration 2000
Best Fitness: [2.66717415]
1
iteration 2100
Best Fitness: [1.17638727]
1
iteration 2200
Best Fitness: [0.60803977]
1
iteration 2300
Best Fitness: [0.31708904]
1
iteration 2400
Best Fitness: [0.16051155]
1
iteration 2500
Best Fitness: [0.08071563]
1
iteration 2600
Best Fitness: [0.05205333]
1
iteration 2700
Best Fitness: [0.03192565]
1
iteration 2800
Best Fitness: [0.01905282]
1
iteration 2900
Best Fitness: [0.0107731]
1
iteration 2999
Best Fitness: [0.00505114]
1
[array([4.51120635e-10]), array([3.04807189e-08]), array([0.00239003]), array([8.31742229e-08]), array([4.48544034e-05]), array([0.00083334]), array([6.4250256e-11]), array([5.45860753e-09]), array([1.05180109e-11]), array([0.00505114])]
iteration 0
Best Fitness: [412863.17389511]
100
iteration 100
Best Fitness: [810.6376162]
1
iteration 200
Best Fitness: [295.04563333]
1
iteration 300
Best Fitness: [143.98666412]
1
iteration 400
Best Fitness: [69.00514823]
1
iteration 500
Best Fitness: [41.61679114]
1
iteration 600
Best Fitness: [17.61525667]
1
iteration 700
Best Fitness: [10.36373568]
1
iteration 800
Best Fitness: [5.88242637]
1
iteration 900
Best Fitness: [3.42875619]
1
iteration 1000
Best Fitness: [1.73718845]
1
iteration 1100
Best Fitness: [0.94607934]
1
iteration 1200
Best Fitness: [0.51220408]
1
iteration 1300
Best Fitness: [0.21778456]
1
iteration 1400
Best Fitness: [0.12108444]
1
iteration 1500
Best Fitness: [0.05778261]
1
iteration 1600
Best Fitness: [0.03309702]
1
iteration 1700
Best Fitness: [0.01700618]
1
iteration 1800
Best Fitness: [0.00875688]
1
iteration 1900
Best Fitness: [0.00385776]
1
iteration 2000
Best Fitness: [0.002266]
1
iteration 2100
Best Fitness: [0.00113367]
1
iteration 2200
Best Fitness: [0.00052955]
1
iteration 2300
Best Fitness: [0.00029646]
1
iteration 2400
Best Fitness: [0.00016451]
1
iteration 2500
Best Fitness: [8.513691e-05]
1
iteration 2600
Best Fitness: [3.6651797e-05]
1
iteration 2700
Best Fitness: [2.2612511e-05]
1
iteration 2800
Best Fitness: [1.26045709e-05]
1
iteration 2900
Best Fitness: [7.47438228e-06]
1
iteration 2999
Best Fitness: [4.17110887e-06]
1
iteration 0
Best Fitness: [40358.85037564]
100
iteration 100
Best Fitness: [79.48485996]
1
iteration 200
Best Fitness: [33.19636362]
1
iteration 300
Best Fitness: [15.46609889]
1
iteration 400
Best Fitness: [7.63705209]
1
iteration 500
Best Fitness: [3.87128124]
1
iteration 600
Best Fitness: [2.06471202]
1
iteration 700
Best Fitness: [1.1285874]
1
iteration 800
Best Fitness: [0.42026291]
1
iteration 900
Best Fitness: [0.26240878]
1
iteration 1000
Best Fitness: [0.11863852]
1
iteration 1100
Best Fitness: [0.06655159]
1
iteration 1200
Best Fitness: [0.03023126]
1
iteration 1300
Best Fitness: [0.01966838]
1
iteration 1400
Best Fitness: [0.01020253]
1
iteration 1500
Best Fitness: [0.00485334]
1
iteration 1600
Best Fitness: [0.00254149]
1
iteration 1700
Best Fitness: [0.00120434]
1
iteration 1800
Best Fitness: [0.00067911]
1
iteration 1900
Best Fitness: [0.00035373]
1
iteration 2000
Best Fitness: [0.000194]
1
iteration 2100
Best Fitness: [8.30500665e-05]
1
iteration 2200
Best Fitness: [4.58022964e-05]
1
iteration 2300
Best Fitness: [2.54334263e-05]
1
iteration 2400
Best Fitness: [1.48741932e-05]
1
iteration 2500
Best Fitness: [7.89258169e-06]
1
iteration 2600
Best Fitness: [4.56174537e-06]
1
iteration 2700
Best Fitness: [2.22506663e-06]
1
iteration 2800
Best Fitness: [1.49006275e-06]
1
iteration 2900
Best Fitness: [8.16907963e-07]
1
iteration 2999
Best Fitness: [4.08455981e-07]
1
iteration 0
Best Fitness: [552828.00462667]
100
iteration 100
Best Fitness: [67.20268591]
1
iteration 200
Best Fitness: [37.74096065]
1
iteration 300
Best Fitness: [18.82590683]
1
iteration 400
Best Fitness: [10.03631273]
1
iteration 500
Best Fitness: [5.1846825]
1
iteration 600
Best Fitness: [2.90656097]
1
iteration 700
Best Fitness: [1.35577847]
1
iteration 800
Best Fitness: [0.65715964]
1
iteration 900
Best Fitness: [0.33801094]
1
iteration 1000
Best Fitness: [0.17131466]
1
iteration 1100
Best Fitness: [0.09620392]
1
iteration 1200
Best Fitness: [0.0453143]
1
iteration 1300
Best Fitness: [0.02836165]
1
iteration 1400
Best Fitness: [0.01752312]
1
iteration 1500
Best Fitness: [0.00923129]
1
iteration 1600
Best Fitness: [0.0041822]
1
iteration 1700
Best Fitness: [0.00243537]
1
iteration 1800
Best Fitness: [0.00124664]
1
iteration 1900
Best Fitness: [0.00062933]
1
iteration 2000
Best Fitness: [0.00031965]
1
iteration 2100
Best Fitness: [0.00016372]
1
iteration 2200
Best Fitness: [0.00010646]
1
iteration 2300
Best Fitness: [4.90210802e-05]
1
iteration 2400
Best Fitness: [2.39886204e-05]
1
iteration 2500
Best Fitness: [1.25810724e-05]
1
iteration 2600
Best Fitness: [6.98225414e-06]
1
iteration 2700
Best Fitness: [3.34816814e-06]
1
iteration 2800
Best Fitness: [1.7997845e-06]
1
iteration 2900
Best Fitness: [9.13198303e-07]
1
iteration 2999
Best Fitness: [5.00637624e-07]
1
iteration 0
Best Fitness: [5141.59700002]
100
iteration 100
Best Fitness: [19.82708521]
1
iteration 200
Best Fitness: [6.20800951]
1
iteration 300
Best Fitness: [3.26840718]
1
iteration 400
Best Fitness: [1.71269366]
1
iteration 500
Best Fitness: [0.82693202]
1
iteration 600
Best Fitness: [0.48353651]
1
iteration 700
Best Fitness: [0.23190824]
1
iteration 800
Best Fitness: [0.11350389]
1
iteration 900
Best Fitness: [0.05779437]
1
iteration 1000
Best Fitness: [0.03464272]
1
iteration 1100
Best Fitness: [0.0203351]
1
iteration 1200
Best Fitness: [0.0114844]
1
iteration 1300
Best Fitness: [0.00526353]
1
iteration 1400
Best Fitness: [0.00305073]
1
iteration 1500
Best Fitness: [0.00146187]
1
iteration 1600
Best Fitness: [0.00064849]
1
iteration 1700
Best Fitness: [0.00035357]
1
iteration 1800
Best Fitness: [0.00019212]
1
iteration 1900
Best Fitness: [0.0001011]
1
iteration 2000
Best Fitness: [5.44530908e-05]
1
iteration 2100
Best Fitness: [2.67503989e-05]
1
iteration 2200
Best Fitness: [1.3885604e-05]
1
iteration 2300
Best Fitness: [7.23974157e-06]
1
iteration 2400
Best Fitness: [4.19343286e-06]
1
iteration 2500
Best Fitness: [1.94757523e-06]
1
iteration 2600
Best Fitness: [1.21722016e-06]
1
iteration 2700
Best Fitness: [5.02048659e-07]
1
iteration 2800
Best Fitness: [3.16167595e-07]
1
iteration 2900
Best Fitness: [1.77802245e-07]
1
iteration 2999
Best Fitness: [9.53493315e-08]
1
iteration 0
Best Fitness: [3901.09606288]
100
iteration 100
Best Fitness: [210.66975461]
1
iteration 200
Best Fitness: [69.37804307]
1
iteration 300
Best Fitness: [39.86208301]
1
iteration 400
Best Fitness: [21.07366141]
1
iteration 500
Best Fitness: [8.96391151]
1
iteration 600
Best Fitness: [5.59936507]
1
iteration 700
Best Fitness: [2.82611868]
1
iteration 800
Best Fitness: [1.50548303]
1
iteration 900
Best Fitness: [0.74605801]
1
iteration 1000
Best Fitness: [0.39778335]
1
iteration 1100
Best Fitness: [0.2175866]
1
iteration 1200
Best Fitness: [0.1094992]
1
iteration 1300
Best Fitness: [0.05863056]
1
iteration 1400
Best Fitness: [0.03626552]
1
iteration 1500
Best Fitness: [0.01994922]
1
iteration 1600
Best Fitness: [0.01021318]
1
iteration 1700
Best Fitness: [0.00487873]
1
iteration 1800
Best Fitness: [0.00312684]
1
iteration 1900
Best Fitness: [0.00147561]
1
iteration 2000
Best Fitness: [0.00089663]
1
iteration 2100
Best Fitness: [0.00041271]
1
iteration 2200
Best Fitness: [0.00019779]
1
iteration 2300
Best Fitness: [8.84738536e-05]
1
iteration 2400
Best Fitness: [6.20014888e-05]
1
iteration 2500
Best Fitness: [2.29654266e-05]
1
iteration 2600
Best Fitness: [1.3019383e-05]
1
iteration 2700
Best Fitness: [6.28629723e-06]
1
iteration 2800
Best Fitness: [3.05927459e-06]
1
iteration 2900
Best Fitness: [1.58282686e-06]
1
iteration 2999
Best Fitness: [8.51097612e-07]
1
iteration 0
Best Fitness: [117478.21625615]
100
iteration 100
Best Fitness: [277.6576081]
1
iteration 200
Best Fitness: [123.28670637]
1
iteration 300
Best Fitness: [69.03078474]
1
iteration 400
Best Fitness: [33.44315619]
1
iteration 500
Best Fitness: [14.95302305]
1
iteration 600
Best Fitness: [9.52921447]
1
iteration 700
Best Fitness: [4.22315112]
1
iteration 800
Best Fitness: [2.07382947]
1
iteration 900
Best Fitness: [1.05723065]
1
iteration 1000
Best Fitness: [0.53937417]
1
iteration 1100
Best Fitness: [0.35129848]
1
iteration 1200
Best Fitness: [0.17193843]
1
iteration 1300
Best Fitness: [0.09015667]
1
iteration 1400
Best Fitness: [0.0433044]
1
iteration 1500
Best Fitness: [0.02003012]
1
iteration 1600
Best Fitness: [0.01200313]
1
iteration 1700
Best Fitness: [0.00662942]
1
iteration 1800
Best Fitness: [0.0032121]
1
iteration 1900
Best Fitness: [0.00165208]
1
iteration 2000
Best Fitness: [0.00083006]
1
iteration 2100
Best Fitness: [0.00055523]
1
iteration 2200
Best Fitness: [0.00032306]
1
iteration 2300
Best Fitness: [0.0001362]
1
iteration 2400
Best Fitness: [8.75666385e-05]
1
iteration 2500
Best Fitness: [4.93394082e-05]
1
iteration 2600
Best Fitness: [2.6070202e-05]
1
iteration 2700
Best Fitness: [1.37260371e-05]
1
iteration 2800
Best Fitness: [7.90713029e-06]
1
iteration 2900
Best Fitness: [4.17181341e-06]
1
iteration 2999
Best Fitness: [1.93196396e-06]
1
iteration 0
Best Fitness: [1512107.28835804]
100
iteration 100
Best Fitness: [1312.30916553]
1
iteration 200
Best Fitness: [330.82578845]
1
iteration 300
Best Fitness: [206.7633807]
1
iteration 400
Best Fitness: [78.23056969]
1
iteration 500
Best Fitness: [49.50206609]
1
iteration 600
Best Fitness: [32.60320981]
1
iteration 700
Best Fitness: [17.84686851]
1
iteration 800
Best Fitness: [9.98240102]
1
iteration 900
Best Fitness: [4.50464853]
1
iteration 1000
Best Fitness: [1.97455998]
1
iteration 1100
Best Fitness: [1.23703027]
1
iteration 1200
Best Fitness: [0.69594207]
1
iteration 1300
Best Fitness: [0.42091387]
1
iteration 1400
Best Fitness: [0.20284401]
1
iteration 1500
Best Fitness: [0.09715215]
1
iteration 1600
Best Fitness: [0.05264248]
1
iteration 1700
Best Fitness: [0.02845925]
1
iteration 1800
Best Fitness: [0.01332075]
1
iteration 1900
Best Fitness: [0.00881259]
1
iteration 2000
Best Fitness: [0.00441069]
1
iteration 2100
Best Fitness: [0.00199571]
1
iteration 2200
Best Fitness: [0.0009106]
1
iteration 2300
Best Fitness: [0.00046761]
1
iteration 2400
Best Fitness: [0.00027358]
1
iteration 2500
Best Fitness: [0.0001582]
1
iteration 2600
Best Fitness: [8.846444e-05]
1
iteration 2700
Best Fitness: [5.07730299e-05]
1
iteration 2800
Best Fitness: [2.26394091e-05]
1
iteration 2900
Best Fitness: [1.21987521e-05]
1
iteration 2999
Best Fitness: [6.92894063e-06]
1
iteration 0
Best Fitness: [258093.58619717]
100
iteration 100
Best Fitness: [205.69472623]
1
iteration 200
Best Fitness: [81.86696253]
1
iteration 300
Best Fitness: [37.00759184]
1
iteration 400
Best Fitness: [19.98432808]
1
iteration 500
Best Fitness: [9.41519241]
1
iteration 600
Best Fitness: [4.66983352]
1
iteration 700
Best Fitness: [2.26671445]
1
iteration 800
Best Fitness: [1.08988673]
1
iteration 900
Best Fitness: [0.77594614]
1
iteration 1000
Best Fitness: [0.47960793]
1
iteration 1100
Best Fitness: [0.25044392]
1
iteration 1200
Best Fitness: [0.12335385]
1
iteration 1300
Best Fitness: [0.05722925]
1
iteration 1400
Best Fitness: [0.02700799]
1
iteration 1500
Best Fitness: [0.01371076]
1
iteration 1600
Best Fitness: [0.00825653]
1
iteration 1700
Best Fitness: [0.00430615]
1
iteration 1800
Best Fitness: [0.00232678]
1
iteration 1900
Best Fitness: [0.00119749]
1
iteration 2000
Best Fitness: [0.00063829]
1
iteration 2100
Best Fitness: [0.00032607]
1
iteration 2200
Best Fitness: [0.00015405]
1
iteration 2300
Best Fitness: [8.40175121e-05]
1
iteration 2400
Best Fitness: [4.01977673e-05]
1
iteration 2500
Best Fitness: [2.022615e-05]
1
iteration 2600
Best Fitness: [1.07728208e-05]
1
iteration 2700
Best Fitness: [4.39915029e-06]
1
iteration 2800
Best Fitness: [2.54863078e-06]
1
iteration 2900
Best Fitness: [1.74584725e-06]
1
iteration 2999
Best Fitness: [1.06314549e-06]
1
iteration 0
Best Fitness: [52171.55714457]
100
iteration 100
Best Fitness: [1664.38661454]
1
iteration 200
Best Fitness: [769.70318386]
1
iteration 300
Best Fitness: [296.62523408]
1
iteration 400
Best Fitness: [169.23435055]
1
iteration 500
Best Fitness: [78.51209524]
1
iteration 600
Best Fitness: [48.48467239]
1
iteration 700
Best Fitness: [28.82007806]
1
iteration 800
Best Fitness: [16.61024178]
1
iteration 900
Best Fitness: [7.4417223]
1
iteration 1000
Best Fitness: [3.93706792]
1
iteration 1100
Best Fitness: [2.13114384]
1
iteration 1200
Best Fitness: [1.3338374]
1
iteration 1300
Best Fitness: [0.70376357]
1
iteration 1400
Best Fitness: [0.39887658]
1
iteration 1500
Best Fitness: [0.18744313]
1
iteration 1600
Best Fitness: [0.0940188]
1
iteration 1700
Best Fitness: [0.05066286]
1
iteration 1800
Best Fitness: [0.02545028]
1
iteration 1900
Best Fitness: [0.0136677]
1
iteration 2000
Best Fitness: [0.00723741]
1
iteration 2100
Best Fitness: [0.0036409]
1
iteration 2200
Best Fitness: [0.0016187]
1
iteration 2300
Best Fitness: [0.00096404]
1
iteration 2400
Best Fitness: [0.00053779]
1
iteration 2500
Best Fitness: [0.00027545]
1
iteration 2600
Best Fitness: [0.00013489]
1
iteration 2700
Best Fitness: [6.43655158e-05]
1
iteration 2800
Best Fitness: [3.0042089e-05]
1
iteration 2900
Best Fitness: [1.7286906e-05]
1
iteration 2999
Best Fitness: [7.30408512e-06]
1
iteration 0
Best Fitness: [54634.04297707]
100
iteration 100
Best Fitness: [424.33983592]
1
iteration 200
Best Fitness: [208.02947334]
1
iteration 300
Best Fitness: [96.79924309]
1
iteration 400
Best Fitness: [54.42994407]
1
iteration 500
Best Fitness: [25.86512994]
1
iteration 600
Best Fitness: [14.89231572]
1
iteration 700
Best Fitness: [7.07337209]
1
iteration 800
Best Fitness: [3.90444276]
1
iteration 900
Best Fitness: [1.95200864]
1
iteration 1000
Best Fitness: [1.00352219]
1
iteration 1100
Best Fitness: [0.56471145]
1
iteration 1200
Best Fitness: [0.24893012]
1
iteration 1300
Best Fitness: [0.14769383]
1
iteration 1400
Best Fitness: [0.07779312]
1
iteration 1500
Best Fitness: [0.04256694]
1
iteration 1600
Best Fitness: [0.02239983]
1
iteration 1700
Best Fitness: [0.01252672]
1
iteration 1800
Best Fitness: [0.00579871]
1
iteration 1900
Best Fitness: [0.00295045]
1
iteration 2000
Best Fitness: [0.00179088]
1
iteration 2100
Best Fitness: [0.00105123]
1
iteration 2200
Best Fitness: [0.00059477]
1
iteration 2300
Best Fitness: [0.00026177]
1
iteration 2400
Best Fitness: [0.00012267]
1
iteration 2500
Best Fitness: [6.81535009e-05]
1
iteration 2600
Best Fitness: [3.86844747e-05]
1
iteration 2700
Best Fitness: [2.18267929e-05]
1
iteration 2800
Best Fitness: [1.13419943e-05]
1
iteration 2900
Best Fitness: [6.24511194e-06]
1
iteration 2999
Best Fitness: [4.0445204e-06]
1
[array([4.17110887e-06]), array([4.08455981e-07]), array([5.00637624e-07]), array([9.53493315e-08]), array([8.51097612e-07]), array([1.93196396e-06]), array([6.92894063e-06]), array([1.06314549e-06]), array([7.30408512e-06]), array([4.0445204e-06])]
iteration 0
Best Fitness: [10.32932665]
100
iteration 100
Best Fitness: [1.36026195e-05]
100
iteration 200
Best Fitness: [5.94945041e-05]
1
iteration 300
Best Fitness: [3.60779913e-05]
1
iteration 400
Best Fitness: [2.11744583e-05]
1
iteration 500
Best Fitness: [1.54472306e-05]
1
iteration 600
Best Fitness: [9.16321047e-06]
1
iteration 700
Best Fitness: [6.70911003e-06]
1
iteration 800
Best Fitness: [5.17191741e-06]
1
iteration 900
Best Fitness: [3.93291874e-06]
1
iteration 1000
Best Fitness: [2.93889002e-06]
1
iteration 1100
Best Fitness: [1.93457645e-06]
1
iteration 1200
Best Fitness: [1.42491617e-06]
1
iteration 1300
Best Fitness: [1.00992474e-06]
1
iteration 1400
Best Fitness: [7.39585435e-07]
1
iteration 1500
Best Fitness: [5.27593063e-07]
1
iteration 1600
Best Fitness: [3.65866669e-07]
1
iteration 1700
Best Fitness: [2.5634779e-07]
1
iteration 1800
Best Fitness: [1.86611008e-07]
1
iteration 1900
Best Fitness: [1.38293999e-07]
1
iteration 2000
Best Fitness: [1.00195731e-07]
1
iteration 2100
Best Fitness: [7.94824229e-08]
1
iteration 2200
Best Fitness: [6.26221888e-08]
1
iteration 2300
Best Fitness: [4.33197695e-08]
1
iteration 2400
Best Fitness: [3.43130258e-08]
1
iteration 2500
Best Fitness: [2.46115701e-08]
1
iteration 2600
Best Fitness: [1.86570941e-08]
1
iteration 2700
Best Fitness: [1.20763812e-08]
1
iteration 2800
Best Fitness: [9.79494574e-09]
1
iteration 2900
Best Fitness: [6.7018715e-09]
1
iteration 2999
Best Fitness: [4.65060213e-09]
1
iteration 0
Best Fitness: [18.78277305]
100
iteration 100
Best Fitness: [1.48266741e-05]
100
iteration 200
Best Fitness: [3.56691413e-05]
1
iteration 300
Best Fitness: [2.22150552e-05]
1
iteration 400
Best Fitness: [1.53646434e-05]
1
iteration 500
Best Fitness: [1.09379592e-05]
1
iteration 600
Best Fitness: [8.55476431e-06]
1
iteration 700
Best Fitness: [6.25695593e-06]
1
iteration 800
Best Fitness: [4.48152291e-06]
1
iteration 900
Best Fitness: [3.49662603e-06]
1
iteration 1000
Best Fitness: [2.42141383e-06]
1
iteration 1100
Best Fitness: [1.91887049e-06]
1
iteration 1200
Best Fitness: [1.394715e-06]
1
iteration 1300
Best Fitness: [1.00005024e-06]
1
iteration 1400
Best Fitness: [7.35423616e-07]
1
iteration 1500
Best Fitness: [5.18628668e-07]
1
iteration 1600
Best Fitness: [3.78604576e-07]
1
iteration 1700
Best Fitness: [2.62357233e-07]
1
iteration 1800
Best Fitness: [1.71978837e-07]
1
iteration 1900
Best Fitness: [1.25952355e-07]
1
iteration 2000
Best Fitness: [9.72925673e-08]
1
iteration 2100
Best Fitness: [7.2661408e-08]
1
iteration 2200
Best Fitness: [5.32773012e-08]
1
iteration 2300
Best Fitness: [3.90821353e-08]
1
iteration 2400
Best Fitness: [2.7224996e-08]
1
iteration 2500
Best Fitness: [2.02016612e-08]
1
iteration 2600
Best Fitness: [1.49508534e-08]
1
iteration 2700
Best Fitness: [1.14291052e-08]
1
iteration 2800
Best Fitness: [8.42797876e-09]
1
iteration 2900
Best Fitness: [5.93830807e-09]
1
iteration 2999
Best Fitness: [4.01314937e-09]
1
iteration 0
Best Fitness: [18.71916252]
100
iteration 100
Best Fitness: [1.50080798e-05]
100
iteration 200
Best Fitness: [5.48607809e-05]
1
iteration 300
Best Fitness: [2.8190628e-05]
1
iteration 400
Best Fitness: [1.4431352e-05]
1
iteration 500
Best Fitness: [1.19091098e-05]
1
iteration 600
Best Fitness: [9.0194322e-06]
1
iteration 700
Best Fitness: [6.52363574e-06]
1
iteration 800
Best Fitness: [4.54783524e-06]
1
iteration 900
Best Fitness: [3.01744782e-06]
1
iteration 1000
Best Fitness: [2.17263682e-06]
1
iteration 1100
Best Fitness: [1.55669153e-06]
1
iteration 1200
Best Fitness: [1.10690663e-06]
1
iteration 1300
Best Fitness: [8.58483798e-07]
1
iteration 1400
Best Fitness: [6.64825436e-07]
1
iteration 1500
Best Fitness: [5.03077957e-07]
1
iteration 1600
Best Fitness: [4.10118457e-07]
1
iteration 1700
Best Fitness: [3.0299125e-07]
1
iteration 1800
Best Fitness: [2.21149432e-07]
1
iteration 1900
Best Fitness: [1.62138367e-07]
1
iteration 2000
Best Fitness: [1.19471228e-07]
1
iteration 2100
Best Fitness: [9.37812428e-08]
1
iteration 2200
Best Fitness: [6.81429246e-08]
1
iteration 2300
Best Fitness: [5.01568427e-08]
1
iteration 2400
Best Fitness: [3.73273044e-08]
1
iteration 2500
Best Fitness: [2.7823742e-08]
1
iteration 2600
Best Fitness: [2.03161901e-08]
1
iteration 2700
Best Fitness: [1.45004191e-08]
1
iteration 2800
Best Fitness: [1.04499809e-08]
1
iteration 2900
Best Fitness: [7.74750619e-09]
1
iteration 2999
Best Fitness: [5.50246471e-09]
1
iteration 0
Best Fitness: [14.69861182]
100
iteration 100
Best Fitness: [1.35597583e-05]
100
iteration 200
Best Fitness: [0.00010213]
1
iteration 300
Best Fitness: [6.20649017e-05]
1
iteration 400
Best Fitness: [3.42542868e-05]
1
iteration 500
Best Fitness: [2.08632883e-05]
1
iteration 600
Best Fitness: [1.63170616e-05]
1
iteration 700
Best Fitness: [1.11029404e-05]
1
iteration 800
Best Fitness: [9.1388596e-06]
1
iteration 900
Best Fitness: [7.13079317e-06]
1
iteration 1000
Best Fitness: [5.05493962e-06]
1
iteration 1100
Best Fitness: [3.85612882e-06]
1
iteration 1200
Best Fitness: [2.76316534e-06]
1
iteration 1300
Best Fitness: [2.23372915e-06]
1
iteration 1400
Best Fitness: [1.67146579e-06]
1
iteration 1500
Best Fitness: [1.1324201e-06]
1
iteration 1600
Best Fitness: [8.32351806e-07]
1
iteration 1700
Best Fitness: [5.75817456e-07]
1
iteration 1800
Best Fitness: [4.65969418e-07]
1
iteration 1900
Best Fitness: [3.67070822e-07]
1
iteration 2000
Best Fitness: [2.81490526e-07]
1
iteration 2100
Best Fitness: [2.00194606e-07]
1
iteration 2200
Best Fitness: [1.39431755e-07]
1
iteration 2300
Best Fitness: [1.04590143e-07]
1
iteration 2400
Best Fitness: [7.77630729e-08]
1
iteration 2500
Best Fitness: [5.39515992e-08]
1
iteration 2600
Best Fitness: [3.67196802e-08]
1
iteration 2700
Best Fitness: [2.80876518e-08]
1
iteration 2800
Best Fitness: [1.90421905e-08]
1
iteration 2900
Best Fitness: [1.42845953e-08]
1
iteration 2999
Best Fitness: [1.06494302e-08]
1
iteration 0
Best Fitness: [18.25892906]
100
iteration 100
Best Fitness: [1.92662227e-05]
100
iteration 200
Best Fitness: [6.35201266e-05]
1
iteration 300
Best Fitness: [3.32966324e-05]
1
iteration 400
Best Fitness: [1.82362213e-05]
1
iteration 500
Best Fitness: [1.408896e-05]
1
iteration 600
Best Fitness: [9.49342038e-06]
1
iteration 700
Best Fitness: [7.62108854e-06]
1
iteration 800
Best Fitness: [5.24236344e-06]
1
iteration 900
Best Fitness: [3.60994419e-06]
1
iteration 1000
Best Fitness: [2.58687144e-06]
1
iteration 1100
Best Fitness: [1.75010841e-06]
1
iteration 1200
Best Fitness: [1.46821342e-06]
1
iteration 1300
Best Fitness: [1.01756903e-06]
1
iteration 1400
Best Fitness: [7.5992811e-07]
1
iteration 1500
Best Fitness: [4.90270353e-07]
1
iteration 1600
Best Fitness: [3.77305942e-07]
1
iteration 1700
Best Fitness: [2.61194355e-07]
1
iteration 1800
Best Fitness: [1.89642798e-07]
1
iteration 1900
Best Fitness: [1.40837639e-07]
1
iteration 2000
Best Fitness: [9.69463092e-08]
1
iteration 2100
Best Fitness: [6.22581067e-08]
1
iteration 2200
Best Fitness: [4.50559665e-08]
1
iteration 2300
Best Fitness: [3.27326117e-08]
1
iteration 2400
Best Fitness: [2.46810079e-08]
1
iteration 2500
Best Fitness: [1.67893508e-08]
1
iteration 2600
Best Fitness: [1.27865936e-08]
1
iteration 2700
Best Fitness: [8.82919027e-09]
1
iteration 2800
Best Fitness: [6.62511157e-09]
1
iteration 2900
Best Fitness: [4.35617098e-09]
1
iteration 2999
Best Fitness: [3.2383487e-09]
1
iteration 0
Best Fitness: [14.47602947]
100
iteration 100
Best Fitness: [1.43593251e-05]
100
iteration 200
Best Fitness: [6.45600559e-05]
1
iteration 300
Best Fitness: [4.64334309e-05]
1
iteration 400
Best Fitness: [2.94840056e-05]
1
iteration 500
Best Fitness: [1.9484082e-05]
1
iteration 600
Best Fitness: [1.43003485e-05]
1
iteration 700
Best Fitness: [1.02516579e-05]
1
iteration 800
Best Fitness: [8.18660491e-06]
1
iteration 900
Best Fitness: [5.52279544e-06]
1
iteration 1000
Best Fitness: [4.00888092e-06]
1
iteration 1100
Best Fitness: [2.95725083e-06]
1
iteration 1200
Best Fitness: [2.08815295e-06]
1
iteration 1300
Best Fitness: [1.4621348e-06]
1
iteration 1400
Best Fitness: [1.11215688e-06]
1
iteration 1500
Best Fitness: [8.69705258e-07]
1
iteration 1600
Best Fitness: [6.31290554e-07]
1
iteration 1700
Best Fitness: [4.29759169e-07]
1
iteration 1800
Best Fitness: [3.01526971e-07]
1
iteration 1900
Best Fitness: [2.35942399e-07]
1
iteration 2000
Best Fitness: [1.7323595e-07]
1
iteration 2100
Best Fitness: [1.38361309e-07]
1
iteration 2200
Best Fitness: [1.02247523e-07]
1
iteration 2300
Best Fitness: [7.16094175e-08]
1
iteration 2400
Best Fitness: [5.2188629e-08]
1
iteration 2500
Best Fitness: [3.41986106e-08]
1
iteration 2600
Best Fitness: [2.58528243e-08]
1
iteration 2700
Best Fitness: [1.83626878e-08]
1
iteration 2800
Best Fitness: [1.24895867e-08]
1
iteration 2900
Best Fitness: [9.22165855e-09]
1
iteration 2999
Best Fitness: [7.1837154e-09]
1
iteration 0
Best Fitness: [14.77489815]
100
iteration 100
Best Fitness: [1.5092597e-05]
100
iteration 200
Best Fitness: [4.91759134e-05]
1
iteration 300
Best Fitness: [2.46372884e-05]
1
iteration 400
Best Fitness: [1.6466029e-05]
1
iteration 500
Best Fitness: [1.04935385e-05]
1
iteration 600
Best Fitness: [7.50603361e-06]
1
iteration 700
Best Fitness: [5.39037893e-06]
1
iteration 800
Best Fitness: [3.96045897e-06]
1
iteration 900
Best Fitness: [2.64550376e-06]
1
iteration 1000
Best Fitness: [1.91362274e-06]
1
iteration 1100
Best Fitness: [1.41246906e-06]
1
iteration 1200
Best Fitness: [1.19170509e-06]
1
iteration 1300
Best Fitness: [7.94137435e-07]
1
iteration 1400
Best Fitness: [6.26127733e-07]
1
iteration 1500
Best Fitness: [4.65223313e-07]
1
iteration 1600
Best Fitness: [3.28922628e-07]
1
iteration 1700
Best Fitness: [2.13540507e-07]
1
iteration 1800
Best Fitness: [1.5842937e-07]
1
iteration 1900
Best Fitness: [1.14247634e-07]
1
iteration 2000
Best Fitness: [8.93592831e-08]
1
iteration 2100
Best Fitness: [6.31359325e-08]
1
iteration 2200
Best Fitness: [4.57638554e-08]
1
iteration 2300
Best Fitness: [3.2531013e-08]
1
iteration 2400
Best Fitness: [2.46561815e-08]
1
iteration 2500
Best Fitness: [1.75404442e-08]
1
iteration 2600
Best Fitness: [1.10095795e-08]
1
iteration 2700
Best Fitness: [7.69456721e-09]
1
iteration 2800
Best Fitness: [5.32291766e-09]
1
iteration 2900
Best Fitness: [4.00792688e-09]
1
iteration 2999
Best Fitness: [2.92340774e-09]
1
iteration 0
Best Fitness: [14.36235798]
100
iteration 100
Best Fitness: [1.24550956e-05]
100
iteration 200
Best Fitness: [8.75802795e-05]
1
iteration 300
Best Fitness: [6.0004308e-05]
1
iteration 400
Best Fitness: [3.79260105e-05]
1
iteration 500
Best Fitness: [2.64261782e-05]
1
iteration 600
Best Fitness: [1.89958863e-05]
1
iteration 700
Best Fitness: [1.38989733e-05]
1
iteration 800
Best Fitness: [1.02803995e-05]
1
iteration 900
Best Fitness: [6.52255402e-06]
1
iteration 1000
Best Fitness: [5.05083322e-06]
1
iteration 1100
Best Fitness: [3.82883784e-06]
1
iteration 1200
Best Fitness: [2.71483515e-06]
1
iteration 1300
Best Fitness: [1.86356636e-06]
1
iteration 1400
Best Fitness: [1.41558426e-06]
1
iteration 1500
Best Fitness: [9.51336443e-07]
1
iteration 1600
Best Fitness: [7.1898602e-07]
1
iteration 1700
Best Fitness: [5.18638299e-07]
1
iteration 1800
Best Fitness: [3.68520543e-07]
1
iteration 1900
Best Fitness: [2.7136387e-07]
1
iteration 2000
Best Fitness: [2.26423062e-07]
1
iteration 2100
Best Fitness: [1.61159893e-07]
1
iteration 2200
Best Fitness: [9.59061066e-08]
1
iteration 2300
Best Fitness: [7.1276173e-08]
1
iteration 2400
Best Fitness: [5.11735512e-08]
1
iteration 2500
Best Fitness: [3.8712106e-08]
1
iteration 2600
Best Fitness: [3.10460817e-08]
1
iteration 2700
Best Fitness: [2.33619279e-08]
1
iteration 2800
Best Fitness: [1.63283755e-08]
1
iteration 2900
Best Fitness: [1.23580475e-08]
1
iteration 2999
Best Fitness: [9.08273323e-09]
1
iteration 0
Best Fitness: [18.61733719]
100
iteration 100
Best Fitness: [1.47718206e-05]
100
iteration 200
Best Fitness: [7.40562113e-05]
1
iteration 300
Best Fitness: [3.7469331e-05]
1
iteration 400
Best Fitness: [2.4141545e-05]
1
iteration 500
Best Fitness: [1.82662433e-05]
1
iteration 600
Best Fitness: [1.37658389e-05]
1
iteration 700
Best Fitness: [1.01304348e-05]
1
iteration 800
Best Fitness: [7.25593884e-06]
1
iteration 900
Best Fitness: [4.99144094e-06]
1
iteration 1000
Best Fitness: [3.9215686e-06]
1
iteration 1100
Best Fitness: [2.72880974e-06]
1
iteration 1200
Best Fitness: [1.87816124e-06]
1
iteration 1300
Best Fitness: [1.20993636e-06]
1
iteration 1400
Best Fitness: [9.57736706e-07]
1
iteration 1500
Best Fitness: [7.49472612e-07]
1
iteration 1600
Best Fitness: [5.73762378e-07]
1
iteration 1700
Best Fitness: [4.01299229e-07]
1
iteration 1800
Best Fitness: [2.74392228e-07]
1
iteration 1900
Best Fitness: [1.93321768e-07]
1
iteration 2000
Best Fitness: [1.45295122e-07]
1
iteration 2100
Best Fitness: [9.92088975e-08]
1
iteration 2200
Best Fitness: [7.78114679e-08]
1
iteration 2300
Best Fitness: [5.90551115e-08]
1
iteration 2400
Best Fitness: [4.24279318e-08]
1
iteration 2500
Best Fitness: [3.13792481e-08]
1
iteration 2600
Best Fitness: [1.9506452e-08]
1
iteration 2700
Best Fitness: [1.43783265e-08]
1
iteration 2800
Best Fitness: [1.02012412e-08]
1
iteration 2900
Best Fitness: [7.18598914e-09]
1
iteration 2999
Best Fitness: [5.6749454e-09]
1
iteration 0
Best Fitness: [15.53898882]
100
iteration 100
Best Fitness: [1.26828367e-05]
100
iteration 200
Best Fitness: [6.16911669e-05]
1
iteration 300
Best Fitness: [4.79869372e-05]
1
iteration 400
Best Fitness: [3.20534898e-05]
1
iteration 500
Best Fitness: [2.0468778e-05]
1
iteration 600
Best Fitness: [1.45031069e-05]
1
iteration 700
Best Fitness: [1.0379164e-05]
1
iteration 800
Best Fitness: [8.42321527e-06]
1
iteration 900
Best Fitness: [5.81032414e-06]
1
iteration 1000
Best Fitness: [4.15008818e-06]
1
iteration 1100
Best Fitness: [3.09198375e-06]
1
iteration 1200
Best Fitness: [2.41887971e-06]
1
iteration 1300
Best Fitness: [1.76675202e-06]
1
iteration 1400
Best Fitness: [1.32755271e-06]
1
iteration 1500
Best Fitness: [9.56794889e-07]
1
iteration 1600
Best Fitness: [7.48574618e-07]
1
iteration 1700
Best Fitness: [5.22328584e-07]
1
iteration 1800
Best Fitness: [3.59979297e-07]
1
iteration 1900
Best Fitness: [2.63639251e-07]
1
iteration 2000
Best Fitness: [1.98271643e-07]
1
iteration 2100
Best Fitness: [1.51121764e-07]
1
iteration 2200
Best Fitness: [1.07545681e-07]
1
iteration 2300
Best Fitness: [8.01550653e-08]
1
iteration 2400
Best Fitness: [4.74650759e-08]
1
iteration 2500
Best Fitness: [3.65630659e-08]
1
iteration 2600
Best Fitness: [2.77615482e-08]
1
iteration 2700
Best Fitness: [1.99706602e-08]
1
iteration 2800
Best Fitness: [1.28451139e-08]
1
iteration 2900
Best Fitness: [1.04518922e-08]
1
iteration 2999
Best Fitness: [7.3306059e-09]
1
[array([4.65060213e-09]), array([4.01314937e-09]), array([5.50246471e-09]), array([1.06494302e-08]), array([3.2383487e-09]), array([7.1837154e-09]), array([2.92340774e-09]), array([9.08273323e-09]), array([5.6749454e-09]), array([7.3306059e-09])]
iteration 0
Best Fitness: [11.70076143]
100
iteration 100
Best Fitness: [0.01086671]
100
iteration 200
Best Fitness: [5.86117892e-08]
100
iteration 300
Best Fitness: [0.00031932]
1
iteration 400
Best Fitness: [0.00021555]
1
iteration 500
Best Fitness: [0.00016528]
1
iteration 600
Best Fitness: [0.00012957]
1
iteration 700
Best Fitness: [9.72589252e-05]
1
iteration 800
Best Fitness: [8.12182779e-05]
1
iteration 900
Best Fitness: [5.41012619e-05]
1
iteration 1000
Best Fitness: [2.74232121e-05]
1
iteration 1100
Best Fitness: [1.11756675e-05]
1
iteration 1200
Best Fitness: [5.89991001e-06]
1
iteration 1300
Best Fitness: [3.23489971e-06]
1
iteration 1400
Best Fitness: [1.5624168e-06]
1
iteration 1500
Best Fitness: [9.06800409e-07]
1
iteration 1600
Best Fitness: [5.11166945e-07]
1
iteration 1700
Best Fitness: [2.55527112e-07]
1
iteration 1800
Best Fitness: [1.30041769e-07]
1
iteration 1900
Best Fitness: [6.71191458e-08]
1
iteration 2000
Best Fitness: [3.31579599e-08]
1
iteration 2100
Best Fitness: [1.71216925e-08]
1
iteration 2200
Best Fitness: [1.08525455e-08]
1
iteration 2300
Best Fitness: [5.00850206e-09]
1
iteration 2400
Best Fitness: [2.71074896e-09]
1
iteration 2500
Best Fitness: [1.58891567e-09]
1
iteration 2600
Best Fitness: [9.13217946e-10]
1
iteration 2700
Best Fitness: [5.26966915e-10]
1
iteration 2800
Best Fitness: [2.55027999e-10]
1
iteration 2900
Best Fitness: [1.25055521e-10]
1
iteration 2999
Best Fitness: [8.13145107e-11]
1
iteration 0
Best Fitness: [12.64785063]
100
iteration 100
Best Fitness: [0.01174737]
100
iteration 200
Best Fitness: [0.00079781]
2
iteration 300
Best Fitness: [0.00099514]
1
iteration 400
Best Fitness: [0.00073442]
1
iteration 500
Best Fitness: [0.00060313]
1
iteration 600
Best Fitness: [0.00054012]
1
iteration 700
Best Fitness: [0.00042949]
1
iteration 800
Best Fitness: [0.00031784]
1
iteration 900
Best Fitness: [0.0002359]
1
iteration 1000
Best Fitness: [0.00018786]
1
iteration 1100
Best Fitness: [0.00012966]
1
iteration 1200
Best Fitness: [7.89442017e-05]
1
iteration 1300
Best Fitness: [5.7696286e-05]
1
iteration 1400
Best Fitness: [3.16330147e-05]
1
iteration 1500
Best Fitness: [1.69950324e-05]
1
iteration 1600
Best Fitness: [8.26468425e-06]
1
iteration 1700
Best Fitness: [3.47731003e-06]
1
iteration 1800
Best Fitness: [2.05276132e-06]
1
iteration 1900
Best Fitness: [1.01618591e-06]
1
iteration 2000
Best Fitness: [5.71581069e-07]
1
iteration 2100
Best Fitness: [2.95339589e-07]
1
iteration 2200
Best Fitness: [1.57517945e-07]
1
iteration 2300
Best Fitness: [7.47469073e-08]
1
iteration 2400
Best Fitness: [4.46209469e-08]
1
iteration 2500
Best Fitness: [2.32636808e-08]
1
iteration 2600
Best Fitness: [1.33597098e-08]
1
iteration 2700
Best Fitness: [7.35803951e-09]
1
iteration 2800
Best Fitness: [3.95093025e-09]
1
iteration 2900
Best Fitness: [2.14009788e-09]
1
iteration 2999
Best Fitness: [1.39260692e-09]
1
iteration 0
Best Fitness: [11.60788536]
100
iteration 100
Best Fitness: [0.01130749]
100
iteration 200
Best Fitness: [4.09996233e-08]
100
iteration 300
Best Fitness: [0.00034428]
1
iteration 400
Best Fitness: [0.00031442]
1
iteration 500
Best Fitness: [0.00023941]
1
iteration 600
Best Fitness: [0.00018978]
1
iteration 700
Best Fitness: [0.000131]
1
iteration 800
Best Fitness: [8.194888e-05]
1
iteration 900
Best Fitness: [4.7476382e-05]
1
iteration 1000
Best Fitness: [2.57004208e-05]
1
iteration 1100
Best Fitness: [1.26850065e-05]
1
iteration 1200
Best Fitness: [8.27489919e-06]
1
iteration 1300
Best Fitness: [3.46025232e-06]
1
iteration 1400
Best Fitness: [1.98542213e-06]
1
iteration 1500
Best Fitness: [1.1667633e-06]
1
iteration 1600
Best Fitness: [6.95634895e-07]
1
iteration 1700
Best Fitness: [3.12731061e-07]
1
iteration 1800
Best Fitness: [1.41450471e-07]
1
iteration 1900
Best Fitness: [8.02608611e-08]
1
iteration 2000
Best Fitness: [5.12006864e-08]
1
iteration 2100
Best Fitness: [2.9049005e-08]
1
iteration 2200
Best Fitness: [1.55296505e-08]
1
iteration 2300
Best Fitness: [7.82191023e-09]
1
iteration 2400
Best Fitness: [4.28181579e-09]
1
iteration 2500
Best Fitness: [2.11878159e-09]
1
iteration 2600
Best Fitness: [1.26544819e-09]
1
iteration 2700
Best Fitness: [5.90688387e-10]
1
iteration 2800
Best Fitness: [3.28412852e-10]
1
iteration 2900
Best Fitness: [1.76726189e-10]
1
iteration 2999
Best Fitness: [9.04663011e-11]
1
iteration 0
Best Fitness: [11.96847093]
100
iteration 100
Best Fitness: [0.01069977]
100
iteration 200
Best Fitness: [6.41667839e-08]
100
iteration 300
Best Fitness: [0.00028676]
1
iteration 400
Best Fitness: [0.000224]
1
iteration 500
Best Fitness: [0.00020088]
1
iteration 600
Best Fitness: [0.00015525]
1
iteration 700
Best Fitness: [9.97412764e-05]
1
iteration 800
Best Fitness: [6.30942988e-05]
1
iteration 900
Best Fitness: [3.44242837e-05]
1
iteration 1000
Best Fitness: [2.36727128e-05]
1
iteration 1100
Best Fitness: [1.54418056e-05]
1
iteration 1200
Best Fitness: [9.08844703e-06]
1
iteration 1300
Best Fitness: [3.94387681e-06]
1
iteration 1400
Best Fitness: [2.06355108e-06]
1
iteration 1500
Best Fitness: [9.43792145e-07]
1
iteration 1600
Best Fitness: [5.72768812e-07]
1
iteration 1700
Best Fitness: [3.10998388e-07]
1
iteration 1800
Best Fitness: [1.3702396e-07]
1
iteration 1900
Best Fitness: [8.20830053e-08]
1
iteration 2000
Best Fitness: [3.60475951e-08]
1
iteration 2100
Best Fitness: [1.66995164e-08]
1
iteration 2200
Best Fitness: [1.08230722e-08]
1
iteration 2300
Best Fitness: [6.02759087e-09]
1
iteration 2400
Best Fitness: [3.50303253e-09]
1
iteration 2500
Best Fitness: [1.78081905e-09]
1
iteration 2600
Best Fitness: [9.26291932e-10]
1
iteration 2700
Best Fitness: [4.57532678e-10]
1
iteration 2800
Best Fitness: [2.57074362e-10]
1
iteration 2900
Best Fitness: [1.34235734e-10]
1
iteration 2999
Best Fitness: [7.51754214e-11]
1
iteration 0
Best Fitness: [11.47228721]
100
iteration 100
Best Fitness: [0.01145035]
100
iteration 200
Best Fitness: [6.2996719e-08]
100
iteration 300
Best Fitness: [0.00025597]
1
iteration 400
Best Fitness: [0.00022772]
1
iteration 500
Best Fitness: [0.00020671]
1
iteration 600
Best Fitness: [0.00014598]
1
iteration 700
Best Fitness: [0.0001142]
1
iteration 800
Best Fitness: [5.54215114e-05]
1
iteration 900
Best Fitness: [3.83326176e-05]
1
iteration 1000
Best Fitness: [2.10491136e-05]
1
iteration 1100
Best Fitness: [1.381768e-05]
1
iteration 1200
Best Fitness: [5.54677155e-06]
1
iteration 1300
Best Fitness: [2.77291466e-06]
1
iteration 1400
Best Fitness: [1.59139995e-06]
1
iteration 1500
Best Fitness: [7.71946304e-07]
1
iteration 1600
Best Fitness: [3.48476533e-07]
1
iteration 1700
Best Fitness: [1.61452931e-07]
1
iteration 1800
Best Fitness: [1.02873116e-07]
1
iteration 1900
Best Fitness: [5.60987701e-08]
1
iteration 2000
Best Fitness: [2.68534848e-08]
1
iteration 2100
Best Fitness: [1.70041687e-08]
1
iteration 2200
Best Fitness: [8.64059757e-09]
1
iteration 2300
Best Fitness: [4.67665018e-09]
1
iteration 2400
Best Fitness: [2.243155e-09]
1
iteration 2500
Best Fitness: [1.23549171e-09]
1
iteration 2600
Best Fitness: [5.6246563e-10]
1
iteration 2700
Best Fitness: [2.99621661e-10]
1
iteration 2800
Best Fitness: [1.35258915e-10]
1
iteration 2900
Best Fitness: [7.84723397e-11]
1
iteration 2999
Best Fitness: [4.05009359e-11]
1
iteration 0
Best Fitness: [13.00832384]
100
iteration 100
Best Fitness: [0.0148402]
99
iteration 200
Best Fitness: [0.1981564]
1
iteration 300
Best Fitness: [0.18139661]
1
iteration 400
Best Fitness: [0.17081722]
1
iteration 500
Best Fitness: [0.13781783]
1
iteration 600
Best Fitness: [0.12150168]
1
iteration 700
Best Fitness: [0.10968642]
1
iteration 800
Best Fitness: [0.09152477]
1
iteration 900
Best Fitness: [0.08012586]
1
iteration 1000
Best Fitness: [0.06561304]
1
iteration 1100
Best Fitness: [0.05629113]
1
iteration 1200
Best Fitness: [0.04634142]
1
iteration 1300
Best Fitness: [0.03783306]
1
iteration 1400
Best Fitness: [0.03307237]
1
iteration 1500
Best Fitness: [0.02730612]
1
iteration 1600
Best Fitness: [0.02357647]
1
iteration 1700
Best Fitness: [0.01966764]
1
iteration 1800
Best Fitness: [0.01636473]
1
iteration 1900
Best Fitness: [0.01261398]
1
iteration 2000
Best Fitness: [0.01108917]
1
iteration 2100
Best Fitness: [0.00919298]
1
iteration 2200
Best Fitness: [0.00785247]
1
iteration 2300
Best Fitness: [0.00695365]
1
iteration 2400
Best Fitness: [0.00545899]
1
iteration 2500
Best Fitness: [0.00437494]
1
iteration 2600
Best Fitness: [0.00382011]
1
iteration 2700
Best Fitness: [0.00307725]
1
iteration 2800
Best Fitness: [0.00248048]
1
iteration 2900
Best Fitness: [0.00218419]
1
iteration 2999
Best Fitness: [0.00165806]
1
iteration 0
Best Fitness: [11.09459956]
100
iteration 100
Best Fitness: [0.01039268]
100
iteration 200
Best Fitness: [8.20623711e-08]
100
iteration 300
Best Fitness: [0.00028475]
1
iteration 400
Best Fitness: [0.00023987]
1
iteration 500
Best Fitness: [0.00020746]
1
iteration 600
Best Fitness: [0.00014852]
1
iteration 700
Best Fitness: [9.7644149e-05]
1
iteration 800
Best Fitness: [5.02594119e-05]
1
iteration 900
Best Fitness: [2.7522536e-05]
1
iteration 1000
Best Fitness: [1.29904149e-05]
1
iteration 1100
Best Fitness: [8.86078925e-06]
1
iteration 1200
Best Fitness: [5.27815482e-06]
1
iteration 1300
Best Fitness: [2.40046671e-06]
1
iteration 1400
Best Fitness: [1.06005342e-06]
1
iteration 1500
Best Fitness: [5.10761879e-07]
1
iteration 1600
Best Fitness: [3.42271136e-07]
1
iteration 1700
Best Fitness: [1.78029524e-07]
1
iteration 1800
Best Fitness: [8.70582539e-08]
1
iteration 1900
Best Fitness: [5.39392317e-08]
1
iteration 2000
Best Fitness: [2.56661394e-08]
1
iteration 2100
Best Fitness: [1.50472772e-08]
1
iteration 2200
Best Fitness: [7.9001552e-09]
1
iteration 2300
Best Fitness: [3.87893806e-09]
1
iteration 2400
Best Fitness: [1.69239911e-09]
1
iteration 2500
Best Fitness: [7.7679374e-10]
1
iteration 2600
Best Fitness: [4.74415174e-10]
1
iteration 2700
Best Fitness: [2.81545454e-10]
1
iteration 2800
Best Fitness: [1.67943881e-10]
1
iteration 2900
Best Fitness: [8.78799256e-11]
1
iteration 2999
Best Fitness: [4.74926765e-11]
1
iteration 0
Best Fitness: [12.90317335]
100
iteration 100
Best Fitness: [0.0106688]
100
iteration 200
Best Fitness: [8.75682247e-08]
100
iteration 300
Best Fitness: [0.00023838]
1
iteration 400
Best Fitness: [0.00021655]
1
iteration 500
Best Fitness: [0.00017993]
1
iteration 600
Best Fitness: [0.00014256]
1
iteration 700
Best Fitness: [0.00010625]
1
iteration 800
Best Fitness: [8.52252749e-05]
1
iteration 900
Best Fitness: [5.10073227e-05]
1
iteration 1000
Best Fitness: [2.78958174e-05]
1
iteration 1100
Best Fitness: [1.35425692e-05]
1
iteration 1200
Best Fitness: [8.46892084e-06]
1
iteration 1300
Best Fitness: [4.47694271e-06]
1
iteration 1400
Best Fitness: [2.32864903e-06]
1
iteration 1500
Best Fitness: [1.27053804e-06]
1
iteration 1600
Best Fitness: [6.92950437e-07]
1
iteration 1700
Best Fitness: [3.78862694e-07]
1
iteration 1800
Best Fitness: [2.23504003e-07]
1
iteration 1900
Best Fitness: [1.09817734e-07]
1
iteration 2000
Best Fitness: [5.96141092e-08]
1
iteration 2100
Best Fitness: [3.38314692e-08]
1
iteration 2200
Best Fitness: [1.80087909e-08]
1
iteration 2300
Best Fitness: [8.54893756e-09]
1
iteration 2400
Best Fitness: [4.26138058e-09]
1
iteration 2500
Best Fitness: [2.35198172e-09]
1
iteration 2600
Best Fitness: [1.1785346e-09]
1
iteration 2700
Best Fitness: [7.47746753e-10]
1
iteration 2800
Best Fitness: [3.68686415e-10]
1
iteration 2900
Best Fitness: [1.80165216e-10]
1
iteration 2999
Best Fitness: [1.08315135e-10]
1
iteration 0
Best Fitness: [11.71666989]
100
iteration 100
Best Fitness: [0.01229066]
100
iteration 200
Best Fitness: [8.51389927e-08]
100
iteration 300
Best Fitness: [0.00024575]
1
iteration 400
Best Fitness: [0.00020939]
1
iteration 500
Best Fitness: [0.00015176]
1
iteration 600
Best Fitness: [9.7534309e-05]
1
iteration 700
Best Fitness: [6.09668793e-05]
1
iteration 800
Best Fitness: [3.77566624e-05]
1
iteration 900
Best Fitness: [2.82086234e-05]
1
iteration 1000
Best Fitness: [1.64151901e-05]
1
iteration 1100
Best Fitness: [7.1388888e-06]
1
iteration 1200
Best Fitness: [4.14360579e-06]
1
iteration 1300
Best Fitness: [1.91461353e-06]
1
iteration 1400
Best Fitness: [9.50397322e-07]
1
iteration 1500
Best Fitness: [5.19575082e-07]
1
iteration 1600
Best Fitness: [2.98472486e-07]
1
iteration 1700
Best Fitness: [1.41903939e-07]
1
iteration 1800
Best Fitness: [7.15513124e-08]
1
iteration 1900
Best Fitness: [3.38912685e-08]
1
iteration 2000
Best Fitness: [1.97607619e-08]
1
iteration 2100
Best Fitness: [1.17944978e-08]
1
iteration 2200
Best Fitness: [6.47577281e-09]
1
iteration 2300
Best Fitness: [3.40068596e-09]
1
iteration 2400
Best Fitness: [1.69296754e-09]
1
iteration 2500
Best Fitness: [1.05112008e-09]
1
iteration 2600
Best Fitness: [5.52716983e-10]
1
iteration 2700
Best Fitness: [2.8879299e-10]
1
iteration 2800
Best Fitness: [1.88691729e-10]
1
iteration 2900
Best Fitness: [8.36735126e-11]
1
iteration 2999
Best Fitness: [4.62136995e-11]
1
iteration 0
Best Fitness: [11.22629965]
100
iteration 100
Best Fitness: [0.01165418]
100
iteration 200
Best Fitness: [8.37167136e-08]
100
iteration 300
Best Fitness: [0.00029406]
1
iteration 400
Best Fitness: [0.0001869]
1
iteration 500
Best Fitness: [0.00012239]
1
iteration 600
Best Fitness: [8.38991365e-05]
1
iteration 700
Best Fitness: [6.54223324e-05]
1
iteration 800
Best Fitness: [4.71908105e-05]
1
iteration 900
Best Fitness: [3.19621163e-05]
1
iteration 1000
Best Fitness: [1.52143851e-05]
1
iteration 1100
Best Fitness: [7.8699627e-06]
1
iteration 1200
Best Fitness: [4.25223257e-06]
1
iteration 1300
Best Fitness: [2.0067464e-06]
1
iteration 1400
Best Fitness: [1.19972654e-06]
1
iteration 1500
Best Fitness: [5.31114239e-07]
1
iteration 1600
Best Fitness: [3.0532803e-07]
1
iteration 1700
Best Fitness: [1.58728142e-07]
1
iteration 1800
Best Fitness: [8.13330701e-08]
1
iteration 1900
Best Fitness: [4.11149017e-08]
1
iteration 2000
Best Fitness: [2.2084663e-08]
1
iteration 2100
Best Fitness: [1.09761231e-08]
1
iteration 2200
Best Fitness: [5.41942313e-09]
1
iteration 2300
Best Fitness: [2.74164336e-09]
1
iteration 2400
Best Fitness: [1.32112632e-09]
1
iteration 2500
Best Fitness: [7.23900939e-10]
1
iteration 2600
Best Fitness: [3.95687039e-10]
1
iteration 2700
Best Fitness: [2.16459739e-10]
1
iteration 2800
Best Fitness: [1.19939614e-10]
1
iteration 2900
Best Fitness: [5.03064257e-11]
1
iteration 2999
Best Fitness: [2.93596258e-11]
1
[array([8.13145107e-11]), array([1.39260692e-09]), array([9.04663011e-11]), array([7.51754214e-11]), array([4.05009359e-11]), array([0.00165806]), array([4.74926765e-11]), array([1.08315135e-10]), array([4.62136995e-11]), array([2.93596258e-11])]
iteration 0
Best Fitness: [1.42355371]
100
iteration 100
Best Fitness: [0.06981069]
1
iteration 200
Best Fitness: [0.04316606]
1
iteration 300
Best Fitness: [0.04178779]
1
iteration 400
Best Fitness: [0.03359956]
1
iteration 500
Best Fitness: [0.03247897]
1
iteration 600
Best Fitness: [0.02314201]
1
iteration 700
Best Fitness: [0.02111862]
1
iteration 800
Best Fitness: [0.01868968]
1
iteration 900
Best Fitness: [0.01817753]
1
iteration 1000
Best Fitness: [0.01803851]
1
iteration 1100
Best Fitness: [0.01626066]
1
iteration 1200
Best Fitness: [0.01574348]
1
iteration 1300
Best Fitness: [0.01574348]
1
iteration 1400
Best Fitness: [0.01457807]
1
iteration 1500
Best Fitness: [0.01359709]
1
iteration 1600
Best Fitness: [0.01316938]
1
iteration 1700
Best Fitness: [0.01301503]
1
iteration 1800
Best Fitness: [0.01300596]
1
iteration 1900
Best Fitness: [0.01297179]
1
iteration 2000
Best Fitness: [0.01040972]
1
iteration 2100
Best Fitness: [0.01029525]
1
iteration 2200
Best Fitness: [0.00327212]
1
iteration 2300
Best Fitness: [0.00327121]
1
iteration 2400
Best Fitness: [0.00327121]
1
iteration 2500
Best Fitness: [0.00327121]
1
iteration 2600
Best Fitness: [0.0019391]
1
iteration 2700
Best Fitness: [0.00193909]
1
iteration 2800
Best Fitness: [0.00193909]
1
iteration 2900
Best Fitness: [0.00193909]
1
iteration 2999
Best Fitness: [0.00193909]
1
iteration 0
Best Fitness: [1.01196382]
100
iteration 100
Best Fitness: [2.03938896]
1
iteration 200
Best Fitness: [1.11273519]
1
iteration 300
Best Fitness: [0.87420315]
1
iteration 400
Best Fitness: [0.66558543]
1
iteration 500
Best Fitness: [0.3649136]
1
iteration 600
Best Fitness: [0.34178078]
1
iteration 700
Best Fitness: [0.22139255]
1
iteration 800
Best Fitness: [0.19538135]
1
iteration 900
Best Fitness: [0.16013468]
1
iteration 1000
Best Fitness: [0.1237429]
1
iteration 1100
Best Fitness: [0.11476447]
1
iteration 1200
Best Fitness: [0.11187107]
1
iteration 1300
Best Fitness: [0.11187105]
1
iteration 1400
Best Fitness: [0.11187105]
1
iteration 1500
Best Fitness: [0.10759769]
1
iteration 1600
Best Fitness: [0.0967512]
1
iteration 1700
Best Fitness: [0.09266856]
1
iteration 1800
Best Fitness: [0.08617933]
1
iteration 1900
Best Fitness: [0.08343746]
1
iteration 2000
Best Fitness: [0.08343745]
1
iteration 2100
Best Fitness: [0.08343745]
1
iteration 2200
Best Fitness: [0.08343745]
1
iteration 2300
Best Fitness: [0.07858169]
1
iteration 2400
Best Fitness: [0.07794366]
1
iteration 2500
Best Fitness: [0.07714689]
1
iteration 2600
Best Fitness: [0.07714689]
1
iteration 2700
Best Fitness: [0.07357213]
1
iteration 2800
Best Fitness: [0.07357213]
1
iteration 2900
Best Fitness: [0.07357213]
1
iteration 2999
Best Fitness: [0.07357213]
1
iteration 0
Best Fitness: [1.24178314]
100
iteration 100
Best Fitness: [2.06813301]
1
iteration 200
Best Fitness: [1.56259293]
1
iteration 300
Best Fitness: [1.00475884]
1
iteration 400
Best Fitness: [0.71996725]
1
iteration 500
Best Fitness: [0.62040327]
1
iteration 600
Best Fitness: [0.58581566]
1
iteration 700
Best Fitness: [0.53099313]
1
iteration 800
Best Fitness: [0.53098607]
1
iteration 900
Best Fitness: [0.5121383]
1
iteration 1000
Best Fitness: [0.37740435]
1
iteration 1100
Best Fitness: [0.32638549]
1
iteration 1200
Best Fitness: [0.30751285]
1
iteration 1300
Best Fitness: [0.26970549]
1
iteration 1400
Best Fitness: [0.25123012]
1
iteration 1500
Best Fitness: [0.24070944]
1
iteration 1600
Best Fitness: [0.23005181]
1
iteration 1700
Best Fitness: [0.20637099]
1
iteration 1800
Best Fitness: [0.18637207]
1
iteration 1900
Best Fitness: [0.14812946]
1
iteration 2000
Best Fitness: [0.09186052]
1
iteration 2100
Best Fitness: [0.07525855]
1
iteration 2200
Best Fitness: [0.04892344]
1
iteration 2300
Best Fitness: [0.04223279]
1
iteration 2400
Best Fitness: [0.03280923]
1
iteration 2500
Best Fitness: [0.02963254]
1
iteration 2600
Best Fitness: [0.02688206]
1
iteration 2700
Best Fitness: [0.02688206]
1
iteration 2800
Best Fitness: [0.02652271]
1
iteration 2900
Best Fitness: [0.02652271]
1
iteration 2999
Best Fitness: [0.02611978]
1
iteration 0
Best Fitness: [1.47082573]
100
iteration 100
Best Fitness: [0.03425976]
1
iteration 200
Best Fitness: [0.01463643]
1
iteration 300
Best Fitness: [0.00953352]
1
iteration 400
Best Fitness: [0.00878116]
1
iteration 500
Best Fitness: [0.00722005]
1
iteration 600
Best Fitness: [0.00663276]
1
iteration 700
Best Fitness: [0.00642553]
1
iteration 800
Best Fitness: [0.00325941]
1
iteration 900
Best Fitness: [0.00149461]
1
iteration 1000
Best Fitness: [0.00090337]
1
iteration 1100
Best Fitness: [0.00048443]
1
iteration 1200
Best Fitness: [0.00032098]
1
iteration 1300
Best Fitness: [0.00019329]
1
iteration 1400
Best Fitness: [0.00015865]
1
iteration 1500
Best Fitness: [0.00015865]
1
iteration 1600
Best Fitness: [0.00014873]
1
iteration 1700
Best Fitness: [0.00011983]
1
iteration 1800
Best Fitness: [8.0376244e-05]
1
iteration 1900
Best Fitness: [6.62142951e-05]
1
iteration 2000
Best Fitness: [4.75163674e-05]
1
iteration 2100
Best Fitness: [3.27956967e-05]
1
iteration 2200
Best Fitness: [2.07489631e-05]
1
iteration 2300
Best Fitness: [1.12048239e-05]
1
iteration 2400
Best Fitness: [5.36610733e-06]
1
iteration 2500
Best Fitness: [3.09533209e-06]
1
iteration 2600
Best Fitness: [1.58611912e-06]
1
iteration 2700
Best Fitness: [1.03027688e-06]
1
iteration 2800
Best Fitness: [5.64057349e-07]
1
iteration 2900
Best Fitness: [3.19340928e-07]
1
iteration 2999
Best Fitness: [1.7007888e-07]
1
iteration 0
Best Fitness: [1.37339547]
100
iteration 100
Best Fitness: [0.79017586]
1
iteration 200
Best Fitness: [0.7446236]
1
iteration 300
Best Fitness: [0.41134335]
1
iteration 400
Best Fitness: [0.40859044]
1
iteration 500
Best Fitness: [0.38789614]
1
iteration 600
Best Fitness: [0.38789613]
1
iteration 700
Best Fitness: [0.37497966]
1
iteration 800
Best Fitness: [0.36054216]
1
iteration 900
Best Fitness: [0.35986924]
1
iteration 1000
Best Fitness: [0.31148016]
1
iteration 1100
Best Fitness: [0.24850242]
1
iteration 1200
Best Fitness: [0.24244198]
1
iteration 1300
Best Fitness: [0.24244198]
1
iteration 1400
Best Fitness: [0.24244198]
1
iteration 1500
Best Fitness: [0.24244198]
1
iteration 1600
Best Fitness: [0.22399495]
1
iteration 1700
Best Fitness: [0.22399441]
1
iteration 1800
Best Fitness: [0.21153734]
1
iteration 1900
Best Fitness: [0.20985296]
1
iteration 2000
Best Fitness: [0.17723668]
1
iteration 2100
Best Fitness: [0.15525542]
1
iteration 2200
Best Fitness: [0.15481703]
1
iteration 2300
Best Fitness: [0.14730644]
1
iteration 2400
Best Fitness: [0.11748314]
1
iteration 2500
Best Fitness: [0.11748314]
1
iteration 2600
Best Fitness: [0.11748314]
1
iteration 2700
Best Fitness: [0.1074328]
1
iteration 2800
Best Fitness: [0.10731982]
1
iteration 2900
Best Fitness: [0.10103159]
1
iteration 2999
Best Fitness: [0.10103159]
1
iteration 0
Best Fitness: [1.46188556]
100
iteration 100
Best Fitness: [1.85241037]
1
iteration 200
Best Fitness: [1.26866937]
1
iteration 300
Best Fitness: [0.89814695]
1
iteration 400
Best Fitness: [0.58068193]
1
iteration 500
Best Fitness: [0.38331703]
1
iteration 600
Best Fitness: [0.37250754]
1
iteration 700
Best Fitness: [0.37250754]
1
iteration 800
Best Fitness: [0.32331467]
1
iteration 900
Best Fitness: [0.30018087]
1
iteration 1000
Best Fitness: [0.28360513]
1
iteration 1100
Best Fitness: [0.20663015]
1
iteration 1200
Best Fitness: [0.20385312]
1
iteration 1300
Best Fitness: [0.19686452]
1
iteration 1400
Best Fitness: [0.19686429]
1
iteration 1500
Best Fitness: [0.17961275]
1
iteration 1600
Best Fitness: [0.15868994]
1
iteration 1700
Best Fitness: [0.15641917]
1
iteration 1800
Best Fitness: [0.15641917]
1
iteration 1900
Best Fitness: [0.14347167]
1
iteration 2000
Best Fitness: [0.12551133]
1
iteration 2100
Best Fitness: [0.1234595]
1
iteration 2200
Best Fitness: [0.10964877]
1
iteration 2300
Best Fitness: [0.09470075]
1
iteration 2400
Best Fitness: [0.09177542]
1
iteration 2500
Best Fitness: [0.07779902]
1
iteration 2600
Best Fitness: [0.07779901]
1
iteration 2700
Best Fitness: [0.07779901]
1
iteration 2800
Best Fitness: [0.07724657]
1
iteration 2900
Best Fitness: [0.07724653]
1
iteration 2999
Best Fitness: [0.07458792]
1
iteration 0
Best Fitness: [1.35789719]
100
iteration 100
Best Fitness: [1.45234719]
1
iteration 200
Best Fitness: [0.99100391]
1
iteration 300
Best Fitness: [0.85984269]
1
iteration 400
Best Fitness: [0.79835268]
1
iteration 500
Best Fitness: [0.50810429]
1
iteration 600
Best Fitness: [0.34938833]
1
iteration 700
Best Fitness: [0.28951787]
1
iteration 800
Best Fitness: [0.28654182]
1
iteration 900
Best Fitness: [0.25970696]
1
iteration 1000
Best Fitness: [0.22862698]
1
iteration 1100
Best Fitness: [0.20724793]
1
iteration 1200
Best Fitness: [0.20165408]
1
iteration 1300
Best Fitness: [0.13127157]
1
iteration 1400
Best Fitness: [0.09071122]
1
iteration 1500
Best Fitness: [0.07277061]
1
iteration 1600
Best Fitness: [0.0727706]
1
iteration 1700
Best Fitness: [0.07222867]
1
iteration 1800
Best Fitness: [0.07143081]
1
iteration 1900
Best Fitness: [0.06666453]
1
iteration 2000
Best Fitness: [0.0550694]
1
iteration 2100
Best Fitness: [0.05298507]
1
iteration 2200
Best Fitness: [0.0496594]
1
iteration 2300
Best Fitness: [0.04838573]
1
iteration 2400
Best Fitness: [0.04172661]
1
iteration 2500
Best Fitness: [0.04172661]
1
iteration 2600
Best Fitness: [0.04172661]
1
iteration 2700
Best Fitness: [0.04013831]
1
iteration 2800
Best Fitness: [0.03427129]
1
iteration 2900
Best Fitness: [0.03126682]
1
iteration 2999
Best Fitness: [0.02875876]
1
iteration 0
Best Fitness: [1.20526996]
100
iteration 100
Best Fitness: [0.12077517]
1
iteration 200
Best Fitness: [0.11339578]
1
iteration 300
Best Fitness: [0.10434716]
1
iteration 400
Best Fitness: [0.10028819]
1
iteration 500
Best Fitness: [0.07451005]
1
iteration 600
Best Fitness: [0.07269577]
1
iteration 700
Best Fitness: [0.07269577]
1
iteration 800
Best Fitness: [0.07269577]
1
iteration 900
Best Fitness: [0.07269577]
1
iteration 1000
Best Fitness: [0.07035313]
1
iteration 1100
Best Fitness: [0.07035313]
1
iteration 1200
Best Fitness: [0.07035313]
1
iteration 1300
Best Fitness: [0.06232303]
1
iteration 1400
Best Fitness: [0.05904669]
1
iteration 1500
Best Fitness: [0.04320762]
1
iteration 1600
Best Fitness: [0.04320613]
1
iteration 1700
Best Fitness: [0.04320613]
1
iteration 1800
Best Fitness: [0.04320613]
1
iteration 1900
Best Fitness: [0.04320613]
1
iteration 2000
Best Fitness: [0.04158328]
1
iteration 2100
Best Fitness: [0.04158327]
1
iteration 2200
Best Fitness: [0.04158327]
1
iteration 2300
Best Fitness: [0.04158327]
1
iteration 2400
Best Fitness: [0.04158327]
1
iteration 2500
Best Fitness: [0.04158327]
1
iteration 2600
Best Fitness: [0.04158327]
1
iteration 2700
Best Fitness: [0.04071568]
1
iteration 2800
Best Fitness: [0.03753633]
1
iteration 2900
Best Fitness: [0.03352104]
1
iteration 2999
Best Fitness: [0.03167685]
1
iteration 0
Best Fitness: [1.42050539]
100
iteration 100
Best Fitness: [0.27884024]
1
iteration 200
Best Fitness: [0.19524074]
1
iteration 300
Best Fitness: [0.14570848]
1
iteration 400
Best Fitness: [0.1159399]
1
iteration 500
Best Fitness: [0.09920148]
1
iteration 600
Best Fitness: [0.08869702]
1
iteration 700
Best Fitness: [0.08351465]
1
iteration 800
Best Fitness: [0.07050969]
1
iteration 900
Best Fitness: [0.06725273]
1
iteration 1000
Best Fitness: [0.04910695]
1
iteration 1100
Best Fitness: [0.03102589]
1
iteration 1200
Best Fitness: [0.02386345]
1
iteration 1300
Best Fitness: [0.02093915]
1
iteration 1400
Best Fitness: [0.0175143]
1
iteration 1500
Best Fitness: [0.01717576]
1
iteration 1600
Best Fitness: [0.01488081]
1
iteration 1700
Best Fitness: [0.00861982]
1
iteration 1800
Best Fitness: [0.00639368]
1
iteration 1900
Best Fitness: [0.00535748]
1
iteration 2000
Best Fitness: [0.00441212]
1
iteration 2100
Best Fitness: [0.00392305]
1
iteration 2200
Best Fitness: [0.00383443]
1
iteration 2300
Best Fitness: [0.00365194]
1
iteration 2400
Best Fitness: [0.00365194]
1
iteration 2500
Best Fitness: [0.00365194]
1
iteration 2600
Best Fitness: [0.00312099]
1
iteration 2700
Best Fitness: [0.00219767]
1
iteration 2800
Best Fitness: [0.00149273]
1
iteration 2900
Best Fitness: [0.00104056]
1
iteration 2999
Best Fitness: [0.00085955]
1
iteration 0
Best Fitness: [1.17458371]
100
iteration 100
Best Fitness: [1.24733549]
1
iteration 200
Best Fitness: [0.96387623]
1
iteration 300
Best Fitness: [0.89903857]
1
iteration 400
Best Fitness: [0.55094021]
1
iteration 500
Best Fitness: [0.52221249]
1
iteration 600
Best Fitness: [0.45666728]
1
iteration 700
Best Fitness: [0.45663568]
1
iteration 800
Best Fitness: [0.43918683]
1
iteration 900
Best Fitness: [0.41494116]
1
iteration 1000
Best Fitness: [0.39755543]
1
iteration 1100
Best Fitness: [0.35624031]
1
iteration 1200
Best Fitness: [0.33151008]
1
iteration 1300
Best Fitness: [0.28257304]
1
iteration 1400
Best Fitness: [0.18688987]
1
iteration 1500
Best Fitness: [0.13294195]
1
iteration 1600
Best Fitness: [0.10970007]
1
iteration 1700
Best Fitness: [0.10970007]
1
iteration 1800
Best Fitness: [0.10483724]
1
iteration 1900
Best Fitness: [0.10483724]
1
iteration 2000
Best Fitness: [0.10067352]
1
iteration 2100
Best Fitness: [0.07596218]
1
iteration 2200
Best Fitness: [0.06588309]
1
iteration 2300
Best Fitness: [0.04240894]
1
iteration 2400
Best Fitness: [0.02771555]
1
iteration 2500
Best Fitness: [0.02427363]
1
iteration 2600
Best Fitness: [0.02317174]
1
iteration 2700
Best Fitness: [0.02309267]
1
iteration 2800
Best Fitness: [0.02103776]
1
iteration 2900
Best Fitness: [0.01907489]
1
iteration 2999
Best Fitness: [0.016991]
1
[array([0.00193909]), array([0.07357213]), array([0.02611978]), array([1.7007888e-07]), array([0.10103159]), array([0.07458792]), array([0.02875876]), array([0.03167685]), array([0.00085955]), array([0.016991])]
iteration 0
Best Fitness: [7.10446445e-06]
100
iteration 100
Best Fitness: [0.00010736]
1
iteration 200
Best Fitness: [0.0001071]
1
iteration 300
Best Fitness: [0.0001071]
1
iteration 400
Best Fitness: [0.0001071]
1
iteration 500
Best Fitness: [0.0001071]
1
iteration 600
Best Fitness: [0.0001071]
1
iteration 700
Best Fitness: [9.89747578e-05]
1
iteration 800
Best Fitness: [9.79170624e-05]
1
iteration 900
Best Fitness: [9.79170593e-05]
1
iteration 1000
Best Fitness: [9.79170593e-05]
1
iteration 1100
Best Fitness: [9.79170593e-05]
1
iteration 1200
Best Fitness: [9.79170593e-05]
1
iteration 1300
Best Fitness: [9.79170593e-05]
1
iteration 1400
Best Fitness: [9.79170593e-05]
1
iteration 1500
Best Fitness: [9.79170593e-05]
1
iteration 1600
Best Fitness: [9.79170593e-05]
1
iteration 1700
Best Fitness: [9.79170593e-05]
1
iteration 1800
Best Fitness: [9.79170593e-05]
1
iteration 1900
Best Fitness: [9.79170593e-05]
1
iteration 2000
Best Fitness: [9.79170593e-05]
1
iteration 2100
Best Fitness: [9.34392652e-05]
1
iteration 2200
Best Fitness: [9.34378586e-05]
1
iteration 2300
Best Fitness: [9.34378583e-05]
1
iteration 2400
Best Fitness: [9.34378583e-05]
1
iteration 2500
Best Fitness: [9.34378583e-05]
1
iteration 2600
Best Fitness: [9.34378583e-05]
1
iteration 2700
Best Fitness: [9.34378583e-05]
1
iteration 2800
Best Fitness: [9.34378583e-05]
1
iteration 2900
Best Fitness: [9.34378583e-05]
1
iteration 2999
Best Fitness: [9.34378583e-05]
1
iteration 0
Best Fitness: [4.09223099e-05]
100
iteration 100
Best Fitness: [7.37250435e-05]
1
iteration 200
Best Fitness: [6.62292934e-05]
1
iteration 300
Best Fitness: [6.62278784e-05]
1
iteration 400
Best Fitness: [6.62278777e-05]
1
iteration 500
Best Fitness: [6.62278777e-05]
1
iteration 600
Best Fitness: [6.62278777e-05]
1
iteration 700
Best Fitness: [6.62278777e-05]
1
iteration 800
Best Fitness: [6.62278777e-05]
1
iteration 900
Best Fitness: [6.62278777e-05]
1
iteration 1000
Best Fitness: [6.62278777e-05]
1
iteration 1100
Best Fitness: [6.62278777e-05]
1
iteration 1200
Best Fitness: [6.62278777e-05]
1
iteration 1300
Best Fitness: [6.62278777e-05]
1
iteration 1400
Best Fitness: [6.62278777e-05]
1
iteration 1500
Best Fitness: [6.62278777e-05]
1
iteration 1600
Best Fitness: [6.62278777e-05]
1
iteration 1700
Best Fitness: [6.62278777e-05]
1
iteration 1800
Best Fitness: [6.62278777e-05]
1
iteration 1900
Best Fitness: [6.62278777e-05]
1
iteration 2000
Best Fitness: [6.62278777e-05]
1
iteration 2100
Best Fitness: [6.62278777e-05]
1
iteration 2200
Best Fitness: [6.62278777e-05]
1
iteration 2300
Best Fitness: [6.62278777e-05]
1
iteration 2400
Best Fitness: [6.62278777e-05]
1
iteration 2500
Best Fitness: [6.62278777e-05]
1
iteration 2600
Best Fitness: [6.62278777e-05]
1
iteration 2700
Best Fitness: [6.62278777e-05]
1
iteration 2800
Best Fitness: [6.62278777e-05]
1
iteration 2900
Best Fitness: [6.62278777e-05]
1
iteration 2999
Best Fitness: [6.62278777e-05]
1
iteration 0
Best Fitness: [6.33061483e-05]
100
iteration 100
Best Fitness: [0.00017584]
1
iteration 200
Best Fitness: [0.00017569]
1
iteration 300
Best Fitness: [0.00017569]
1
iteration 400
Best Fitness: [0.00017569]
1
iteration 500
Best Fitness: [0.00017569]
1
iteration 600
Best Fitness: [0.00017569]
1
iteration 700
Best Fitness: [0.00017569]
1
iteration 800
Best Fitness: [0.00017569]
1
iteration 900
Best Fitness: [0.00017569]
1
iteration 1000
Best Fitness: [0.00017569]
1
iteration 1100
Best Fitness: [0.00017569]
1
iteration 1200
Best Fitness: [0.00017569]
1
iteration 1300
Best Fitness: [0.00017569]
1
iteration 1400
Best Fitness: [0.00017569]
1
iteration 1500
Best Fitness: [0.00017569]
1
iteration 1600
Best Fitness: [0.00017569]
1
iteration 1700
Best Fitness: [0.00017569]
1
iteration 1800
Best Fitness: [0.00017569]
1
iteration 1900
Best Fitness: [0.00017569]
1
iteration 2000
Best Fitness: [0.00017569]
1
iteration 2100
Best Fitness: [0.00017569]
1
iteration 2200
Best Fitness: [0.00017569]
1
iteration 2300
Best Fitness: [0.00017569]
1
iteration 2400
Best Fitness: [0.00017569]
1
iteration 2500
Best Fitness: [0.00017569]
1
iteration 2600
Best Fitness: [0.00017569]
1
iteration 2700
Best Fitness: [0.00017569]
1
iteration 2800
Best Fitness: [0.00017569]
1
iteration 2900
Best Fitness: [0.00017569]
1
iteration 2999
Best Fitness: [0.00017569]
1
iteration 0
Best Fitness: [7.7695631e-06]
100
iteration 100
Best Fitness: [6.20644968e-06]
1
iteration 200
Best Fitness: [7.0324445e-07]
1
iteration 300
Best Fitness: [7.03242086e-07]
1
iteration 400
Best Fitness: [7.03242086e-07]
1
iteration 500
Best Fitness: [7.03242086e-07]
1
iteration 600
Best Fitness: [7.03242086e-07]
1
iteration 700
Best Fitness: [7.03242086e-07]
1
iteration 800
Best Fitness: [7.03242086e-07]
1
iteration 900
Best Fitness: [7.03242086e-07]
1
iteration 1000
Best Fitness: [7.03242086e-07]
1
iteration 1100
Best Fitness: [7.03242086e-07]
1
iteration 1200
Best Fitness: [7.03242086e-07]
1
iteration 1300
Best Fitness: [7.03242086e-07]
1
iteration 1400
Best Fitness: [7.03242086e-07]
1
iteration 1500
Best Fitness: [7.03242086e-07]
1
iteration 1600
Best Fitness: [7.03242086e-07]
1
iteration 1700
Best Fitness: [7.03242086e-07]
1
iteration 1800
Best Fitness: [7.03242086e-07]
1
iteration 1900
Best Fitness: [7.03242086e-07]
1
iteration 2000
Best Fitness: [7.03242086e-07]
1
iteration 2100
Best Fitness: [7.03242086e-07]
1
iteration 2200
Best Fitness: [7.03242086e-07]
1
iteration 2300
Best Fitness: [7.03242086e-07]
1
iteration 2400
Best Fitness: [7.03242086e-07]
1
iteration 2500
Best Fitness: [7.03242086e-07]
1
iteration 2600
Best Fitness: [7.03242086e-07]
1
iteration 2700
Best Fitness: [7.03242086e-07]
1
iteration 2800
Best Fitness: [7.03242086e-07]
1
iteration 2900
Best Fitness: [7.03242086e-07]
1
iteration 2999
Best Fitness: [7.03242086e-07]
1
iteration 0
Best Fitness: [4.70880442e-06]
100
iteration 100
Best Fitness: [4.43094285e-05]
1
iteration 200
Best Fitness: [4.42560078e-05]
1
iteration 300
Best Fitness: [4.42559835e-05]
1
iteration 400
Best Fitness: [4.42559834e-05]
1
iteration 500
Best Fitness: [4.42559834e-05]
1
iteration 600
Best Fitness: [4.42559834e-05]
1
iteration 700
Best Fitness: [4.42559834e-05]
1
iteration 800
Best Fitness: [4.42559834e-05]
1
iteration 900
Best Fitness: [4.42559834e-05]
1
iteration 1000
Best Fitness: [3.88586288e-05]
1
iteration 1100
Best Fitness: [3.88586173e-05]
1
iteration 1200
Best Fitness: [3.88586173e-05]
1
iteration 1300
Best Fitness: [3.88586173e-05]
1
iteration 1400
Best Fitness: [3.88586173e-05]
1
iteration 1500
Best Fitness: [3.88586173e-05]
1
iteration 1600
Best Fitness: [3.88586173e-05]
1
iteration 1700
Best Fitness: [3.88586173e-05]
1
iteration 1800
Best Fitness: [3.88586173e-05]
1
iteration 1900
Best Fitness: [3.88586173e-05]
1
iteration 2000
Best Fitness: [3.88586173e-05]
1
iteration 2100
Best Fitness: [3.88586173e-05]
1
iteration 2200
Best Fitness: [3.88586173e-05]
1
iteration 2300
Best Fitness: [3.88586173e-05]
1
iteration 2400
Best Fitness: [3.88586173e-05]
1
iteration 2500
Best Fitness: [3.88586173e-05]
1
iteration 2600
Best Fitness: [3.88586173e-05]
1
iteration 2700
Best Fitness: [3.88586173e-05]
1
iteration 2800
Best Fitness: [3.88586173e-05]
1
iteration 2900
Best Fitness: [3.88586173e-05]
1
iteration 2999
Best Fitness: [3.88586173e-05]
1
iteration 0
Best Fitness: [5.22545974e-05]
100
iteration 100
Best Fitness: [9.82989601e-05]
1
iteration 200
Best Fitness: [9.07061266e-05]
1
iteration 300
Best Fitness: [9.07004466e-05]
1
iteration 400
Best Fitness: [9.07004465e-05]
1
iteration 500
Best Fitness: [9.07004465e-05]
1
iteration 600
Best Fitness: [9.07004465e-05]
1
iteration 700
Best Fitness: [9.07004465e-05]
1
iteration 800
Best Fitness: [9.07004465e-05]
1
iteration 900
Best Fitness: [9.07004465e-05]
1
iteration 1000
Best Fitness: [9.07004465e-05]
1
iteration 1100
Best Fitness: [9.07004465e-05]
1
iteration 1200
Best Fitness: [9.07004465e-05]
1
iteration 1300
Best Fitness: [9.07004465e-05]
1
iteration 1400
Best Fitness: [9.07004465e-05]
1
iteration 1500
Best Fitness: [9.07004465e-05]
1
iteration 1600
Best Fitness: [9.07004465e-05]
1
iteration 1700
Best Fitness: [9.07004465e-05]
1
iteration 1800
Best Fitness: [9.07004465e-05]
1
iteration 1900
Best Fitness: [9.07004465e-05]
1
iteration 2000
Best Fitness: [9.07004465e-05]
1
iteration 2100
Best Fitness: [9.07004465e-05]
1
iteration 2200
Best Fitness: [9.07004465e-05]
1
iteration 2300
Best Fitness: [9.07004465e-05]
1
iteration 2400
Best Fitness: [9.07004465e-05]
1
iteration 2500
Best Fitness: [9.07004465e-05]
1
iteration 2600
Best Fitness: [9.07004465e-05]
1
iteration 2700
Best Fitness: [9.07004465e-05]
1
iteration 2800
Best Fitness: [9.07004465e-05]
1
iteration 2900
Best Fitness: [9.07004465e-05]
1
iteration 2999
Best Fitness: [9.07004465e-05]
1
iteration 0
Best Fitness: [5.55751791e-05]
100
iteration 100
Best Fitness: [3.92060311e-08]
1
iteration 200
Best Fitness: [1.16007976e-11]
1
iteration 300
Best Fitness: [5.9392595e-16]
1
iteration 400
Best Fitness: [0.]
1
iteration 500
Best Fitness: [0.]
1
iteration 600
Best Fitness: [0.]
1
iteration 700
Best Fitness: [0.]
1
iteration 800
Best Fitness: [0.]
1
iteration 900
Best Fitness: [0.]
1
iteration 1000
Best Fitness: [0.]
1
iteration 1100
Best Fitness: [0.]
1
iteration 1200
Best Fitness: [0.]
1
iteration 1300
Best Fitness: [0.]
1
iteration 1400
Best Fitness: [0.]
1
iteration 1500
Best Fitness: [0.]
1
iteration 1600
Best Fitness: [0.]
1
iteration 1700
Best Fitness: [0.]
1
iteration 1800
Best Fitness: [0.]
1
iteration 1900
Best Fitness: [0.]
1
iteration 2000
Best Fitness: [0.]
1
iteration 2100
Best Fitness: [0.]
1
iteration 2200
Best Fitness: [0.]
1
iteration 2300
Best Fitness: [0.]
1
iteration 2400
Best Fitness: [0.]
1
iteration 2500
Best Fitness: [0.]
1
iteration 2600
Best Fitness: [0.]
1
iteration 2700
Best Fitness: [0.]
1
iteration 2800
Best Fitness: [0.]
1
iteration 2900
Best Fitness: [0.]
1
iteration 2999
Best Fitness: [0.]
1
iteration 0
Best Fitness: [5.8442132e-05]
100
iteration 100
Best Fitness: [6.42193419e-05]
1
iteration 200
Best Fitness: [6.3428217e-05]
1
iteration 300
Best Fitness: [6.34281165e-05]
1
iteration 400
Best Fitness: [6.34281163e-05]
1
iteration 500
Best Fitness: [6.34281163e-05]
1
iteration 600
Best Fitness: [6.34281163e-05]
1
iteration 700
Best Fitness: [6.34281163e-05]
1
iteration 800
Best Fitness: [6.34281163e-05]
1
iteration 900
Best Fitness: [6.34281163e-05]
1
iteration 1000
Best Fitness: [6.34281163e-05]
1
iteration 1100
Best Fitness: [6.34281163e-05]
1
iteration 1200
Best Fitness: [6.34281163e-05]
1
iteration 1300
Best Fitness: [6.34281163e-05]
1
iteration 1400
Best Fitness: [6.34281163e-05]
1
iteration 1500
Best Fitness: [6.34281163e-05]
1
iteration 1600
Best Fitness: [6.34281163e-05]
1
iteration 1700
Best Fitness: [6.34281163e-05]
1
iteration 1800
Best Fitness: [6.34281163e-05]
1
iteration 1900
Best Fitness: [6.34281163e-05]
1
iteration 2000
Best Fitness: [6.34281163e-05]
1
iteration 2100
Best Fitness: [6.34281163e-05]
1
iteration 2200
Best Fitness: [6.34281163e-05]
1
iteration 2300
Best Fitness: [6.34281163e-05]
1
iteration 2400
Best Fitness: [6.34281163e-05]
1
iteration 2500
Best Fitness: [6.34281163e-05]
1
iteration 2600
Best Fitness: [6.34281163e-05]
1
iteration 2700
Best Fitness: [6.34281163e-05]
1
iteration 2800
Best Fitness: [6.34281163e-05]
1
iteration 2900
Best Fitness: [6.34281163e-05]
1
iteration 2999
Best Fitness: [6.34281163e-05]
1
iteration 0
Best Fitness: [3.61809336e-06]
100
iteration 100
Best Fitness: [0.000149]
1
iteration 200
Best Fitness: [0.00014888]
1
iteration 300
Best Fitness: [0.00014888]
1
iteration 400
Best Fitness: [0.00014888]
1
iteration 500
Best Fitness: [0.00014888]
1
iteration 600
Best Fitness: [0.00014888]
1
iteration 700
Best Fitness: [0.00014888]
1
iteration 800
Best Fitness: [0.00014888]
1
iteration 900
Best Fitness: [0.00014888]
1
iteration 1000
Best Fitness: [0.00014888]
1
iteration 1100
Best Fitness: [0.00014888]
1
iteration 1200
Best Fitness: [0.00014888]
1
iteration 1300
Best Fitness: [0.00014888]
1
iteration 1400
Best Fitness: [0.00014888]
1
iteration 1500
Best Fitness: [0.00014888]
1
iteration 1600
Best Fitness: [0.00014888]
1
iteration 1700
Best Fitness: [0.00014888]
1
iteration 1800
Best Fitness: [0.00014888]
1
iteration 1900
Best Fitness: [0.00014888]
1
iteration 2000
Best Fitness: [0.00014888]
1
iteration 2100
Best Fitness: [0.00014888]
1
iteration 2200
Best Fitness: [0.00014888]
1
iteration 2300
Best Fitness: [0.00014888]
1
iteration 2400
Best Fitness: [0.00014888]
1
iteration 2500
Best Fitness: [0.00014888]
1
iteration 2600
Best Fitness: [0.00014888]
1
iteration 2700
Best Fitness: [0.00014888]
1
iteration 2800
Best Fitness: [0.00014888]
1
iteration 2900
Best Fitness: [0.00014888]
1
iteration 2999
Best Fitness: [0.00014888]
1
iteration 0
Best Fitness: [3.95071008e-05]
100
iteration 100
Best Fitness: [0.00016172]
1
iteration 200
Best Fitness: [0.0001596]
1
iteration 300
Best Fitness: [0.0001596]
1
iteration 400
Best Fitness: [0.0001596]
1
iteration 500
Best Fitness: [0.0001596]
1
iteration 600
Best Fitness: [0.0001596]
1
iteration 700
Best Fitness: [0.0001596]
1
iteration 800
Best Fitness: [0.0001596]
1
iteration 900
Best Fitness: [0.0001596]
1
iteration 1000
Best Fitness: [0.0001596]
1
iteration 1100
Best Fitness: [0.0001596]
1
iteration 1200
Best Fitness: [0.0001596]
1
iteration 1300
Best Fitness: [0.0001596]
1
iteration 1400
Best Fitness: [0.0001596]
1
iteration 1500
Best Fitness: [0.0001596]
1
iteration 1600
Best Fitness: [0.0001596]
1
iteration 1700
Best Fitness: [0.0001596]
1
iteration 1800
Best Fitness: [0.0001596]
1
iteration 1900
Best Fitness: [0.0001596]
1
iteration 2000
Best Fitness: [0.0001596]
1
iteration 2100
Best Fitness: [0.00013202]
1
iteration 2200
Best Fitness: [0.00013202]
1
iteration 2300
Best Fitness: [0.00013202]
1
iteration 2400
Best Fitness: [0.00013202]
1
iteration 2500
Best Fitness: [0.00013202]
1
iteration 2600
Best Fitness: [0.00013202]
1
iteration 2700
Best Fitness: [0.00013202]
1
iteration 2800
Best Fitness: [0.00013202]
1
iteration 2900
Best Fitness: [0.00013202]
1
iteration 2999
Best Fitness: [0.00013202]
1
[array([9.34378583e-05]), array([6.62278777e-05]), array([0.00017569]), array([7.03242086e-07]), array([3.88586173e-05]), array([9.07004465e-05]), array([0.]), array([6.34281163e-05]), array([0.00014888]), array([0.00013202])]
iteration 0
Best Fitness: [0.61655741]
100
iteration 100
Best Fitness: [0.86069945]
1
iteration 200
Best Fitness: [0.77955211]
1
iteration 300
Best Fitness: [0.75301365]
1
iteration 400
Best Fitness: [0.75098237]
1
iteration 500
Best Fitness: [0.75098237]
1
iteration 600
Best Fitness: [0.75098237]
1
iteration 700
Best Fitness: [0.75098237]
1
iteration 800
Best Fitness: [0.75098237]
1
iteration 900
Best Fitness: [0.75098237]
1
iteration 1000
Best Fitness: [0.75098237]
1
iteration 1100
Best Fitness: [0.75098237]
1
iteration 1200
Best Fitness: [0.75098237]
1
iteration 1300
Best Fitness: [0.75098237]
1
iteration 1400
Best Fitness: [0.75098237]
1
iteration 1500
Best Fitness: [0.75098237]
1
iteration 1600
Best Fitness: [0.75098237]
1
iteration 1700
Best Fitness: [0.75098237]
1
iteration 1800
Best Fitness: [0.75098237]
1
iteration 1900
Best Fitness: [0.75098237]
1
iteration 2000
Best Fitness: [0.75098237]
1
iteration 2100
Best Fitness: [0.75098237]
1
iteration 2200
Best Fitness: [0.75098237]
1
iteration 2300
Best Fitness: [0.75098237]
1
iteration 2400
Best Fitness: [0.75098237]
1
iteration 2500
Best Fitness: [0.75098237]
1
iteration 2600
Best Fitness: [0.75098237]
1
iteration 2700
Best Fitness: [0.75098237]
1
iteration 2800
Best Fitness: [0.75098237]
1
iteration 2900
Best Fitness: [0.75098237]
1
iteration 2999
Best Fitness: [0.75098237]
1
iteration 0
Best Fitness: [0.41838469]
100
iteration 100
Best Fitness: [0.85793785]
1
iteration 200
Best Fitness: [0.79383606]
1
iteration 300
Best Fitness: [0.71343947]
1
iteration 400
Best Fitness: [0.6807768]
1
iteration 500
Best Fitness: [0.66272834]
1
iteration 600
Best Fitness: [0.65858907]
1
iteration 700
Best Fitness: [0.65748491]
1
iteration 800
Best Fitness: [0.65635563]
1
iteration 900
Best Fitness: [0.65635563]
1
iteration 1000
Best Fitness: [0.65635563]
1
iteration 1100
Best Fitness: [0.65635563]
1
iteration 1200
Best Fitness: [0.65635563]
1
iteration 1300
Best Fitness: [0.65635563]
1
iteration 1400
Best Fitness: [0.65635563]
1
iteration 1500
Best Fitness: [0.65635563]
1
iteration 1600
Best Fitness: [0.65635563]
1
iteration 1700
Best Fitness: [0.65635563]
1
iteration 1800
Best Fitness: [0.65635563]
1
iteration 1900
Best Fitness: [0.65635563]
1
iteration 2000
Best Fitness: [0.65635563]
1
iteration 2100
Best Fitness: [0.65635563]
1
iteration 2200
Best Fitness: [0.65635563]
1
iteration 2300
Best Fitness: [0.65635563]
1
iteration 2400
Best Fitness: [0.65635563]
1
iteration 2500
Best Fitness: [0.65635563]
1
iteration 2600
Best Fitness: [0.65635563]
1
iteration 2700
Best Fitness: [0.65635563]
1
iteration 2800
Best Fitness: [0.65635563]
1
iteration 2900
Best Fitness: [0.65635563]
1
iteration 2999
Best Fitness: [0.65635563]
1
iteration 0
Best Fitness: [0.67746942]
100
iteration 100
Best Fitness: [0.90903633]
1
iteration 200
Best Fitness: [0.70277829]
1
iteration 300
Best Fitness: [0.6735919]
1
iteration 400
Best Fitness: [0.6581192]
1
iteration 500
Best Fitness: [0.65613418]
1
iteration 600
Best Fitness: [0.65613418]
1
iteration 700
Best Fitness: [0.65613418]
1
iteration 800
Best Fitness: [0.65613418]
1
iteration 900
Best Fitness: [0.65613418]
1
iteration 1000
Best Fitness: [0.65613418]
1
iteration 1100
Best Fitness: [0.65613418]
1
iteration 1200
Best Fitness: [0.65613418]
1
iteration 1300
Best Fitness: [0.65613418]
1
iteration 1400
Best Fitness: [0.65613418]
1
iteration 1500
Best Fitness: [0.65613418]
1
iteration 1600
Best Fitness: [0.65613418]
1
iteration 1700
Best Fitness: [0.65613418]
1
iteration 1800
Best Fitness: [0.65613418]
1
iteration 1900
Best Fitness: [0.65613418]
1
iteration 2000
Best Fitness: [0.65613418]
1
iteration 2100
Best Fitness: [0.65613418]
1
iteration 2200
Best Fitness: [0.65613418]
1
iteration 2300
Best Fitness: [0.65613418]
1
iteration 2400
Best Fitness: [0.65613418]
1
iteration 2500
Best Fitness: [0.65613418]
1
iteration 2600
Best Fitness: [0.65613418]
1
iteration 2700
Best Fitness: [0.65613418]
1
iteration 2800
Best Fitness: [0.65613418]
1
iteration 2900
Best Fitness: [0.65613418]
1
iteration 2999
Best Fitness: [0.65613418]
1
iteration 0
Best Fitness: [0.52038852]
100
iteration 100
Best Fitness: [0.96376775]
1
iteration 200
Best Fitness: [0.79908304]
1
iteration 300
Best Fitness: [0.76504416]
1
iteration 400
Best Fitness: [0.71069862]
1
iteration 500
Best Fitness: [0.69342638]
1
iteration 600
Best Fitness: [0.69249922]
1
iteration 700
Best Fitness: [0.69249922]
1
iteration 800
Best Fitness: [0.69249922]
1
iteration 900
Best Fitness: [0.69249922]
1
iteration 1000
Best Fitness: [0.69249922]
1
iteration 1100
Best Fitness: [0.69249922]
1
iteration 1200
Best Fitness: [0.69249922]
1
iteration 1300
Best Fitness: [0.69249922]
1
iteration 1400
Best Fitness: [0.69249922]
1
iteration 1500
Best Fitness: [0.69249922]
1
iteration 1600
Best Fitness: [0.69249922]
1
iteration 1700
Best Fitness: [0.69249922]
1
iteration 1800
Best Fitness: [0.69249922]
1
iteration 1900
Best Fitness: [0.69249922]
1
iteration 2000
Best Fitness: [0.69249922]
1
iteration 2100
Best Fitness: [0.69249922]
1
iteration 2200
Best Fitness: [0.69249922]
1
iteration 2300
Best Fitness: [0.69249922]
1
iteration 2400
Best Fitness: [0.69249922]
1
iteration 2500
Best Fitness: [0.69249922]
1
iteration 2600
Best Fitness: [0.69249922]
1
iteration 2700
Best Fitness: [0.69249922]
1
iteration 2800
Best Fitness: [0.69249922]
1
iteration 2900
Best Fitness: [0.69249922]
1
iteration 2999
Best Fitness: [0.69249922]
1
iteration 0
Best Fitness: [0.64057694]
100
iteration 100
Best Fitness: [0.84159776]
1
iteration 200
Best Fitness: [0.65089724]
1
iteration 300
Best Fitness: [0.65089724]
1
iteration 400
Best Fitness: [0.63245909]
1
iteration 500
Best Fitness: [0.63194279]
1
iteration 600
Best Fitness: [0.63194279]
1
iteration 700
Best Fitness: [0.63194279]
1
iteration 800
Best Fitness: [0.61688567]
1
iteration 900
Best Fitness: [0.61613791]
1
iteration 1000
Best Fitness: [0.61613791]
1
iteration 1100
Best Fitness: [0.61613791]
1
iteration 1200
Best Fitness: [0.61613791]
1
iteration 1300
Best Fitness: [0.61613791]
1
iteration 1400
Best Fitness: [0.61613791]
1
iteration 1500
Best Fitness: [0.61613791]
1
iteration 1600
Best Fitness: [0.61613791]
1
iteration 1700
Best Fitness: [0.61613791]
1
iteration 1800
Best Fitness: [0.61613791]
1
iteration 1900
Best Fitness: [0.61613791]
1
iteration 2000
Best Fitness: [0.61613791]
1
iteration 2100
Best Fitness: [0.61613791]
1
iteration 2200
Best Fitness: [0.61613791]
1
iteration 2300
Best Fitness: [0.61613791]
1
iteration 2400
Best Fitness: [0.61613791]
1
iteration 2500
Best Fitness: [0.61613791]
1
iteration 2600
Best Fitness: [0.61613791]
1
iteration 2700
Best Fitness: [0.61613791]
1
iteration 2800
Best Fitness: [0.61613791]
1
iteration 2900
Best Fitness: [0.61613791]
1
iteration 2999
Best Fitness: [0.61613791]
1
iteration 0
Best Fitness: [0.4957103]
100
iteration 100
Best Fitness: [0.87363888]
1
iteration 200
Best Fitness: [0.67663012]
1
iteration 300
Best Fitness: [0.66488068]
1
iteration 400
Best Fitness: [0.66367846]
1
iteration 500
Best Fitness: [0.66367846]
1
iteration 600
Best Fitness: [0.66367846]
1
iteration 700
Best Fitness: [0.66367846]
1
iteration 800
Best Fitness: [0.66367846]
1
iteration 900
Best Fitness: [0.66367846]
1
iteration 1000
Best Fitness: [0.66367846]
1
iteration 1100
Best Fitness: [0.66367846]
1
iteration 1200
Best Fitness: [0.66367846]
1
iteration 1300
Best Fitness: [0.66367846]
1
iteration 1400
Best Fitness: [0.66367846]
1
iteration 1500
Best Fitness: [0.66367846]
1
iteration 1600
Best Fitness: [0.66367846]
1
iteration 1700
Best Fitness: [0.66367846]
1
iteration 1800
Best Fitness: [0.66367846]
1
iteration 1900
Best Fitness: [0.66367846]
1
iteration 2000
Best Fitness: [0.66367846]
1
iteration 2100
Best Fitness: [0.66367846]
1
iteration 2200
Best Fitness: [0.66367846]
1
iteration 2300
Best Fitness: [0.66367846]
1
iteration 2400
Best Fitness: [0.66367846]
1
iteration 2500
Best Fitness: [0.66367846]
1
iteration 2600
Best Fitness: [0.66367846]
1
iteration 2700
Best Fitness: [0.66367846]
1
iteration 2800
Best Fitness: [0.66367846]
1
iteration 2900
Best Fitness: [0.66367846]
1
iteration 2999
Best Fitness: [0.66367846]
1
iteration 0
Best Fitness: [0.51590367]
100
iteration 100
Best Fitness: [0.94047653]
1
iteration 200
Best Fitness: [0.75958737]
1
iteration 300
Best Fitness: [0.72368065]
1
iteration 400
Best Fitness: [0.7210603]
1
iteration 500
Best Fitness: [0.72071503]
1
iteration 600
Best Fitness: [0.71721574]
1
iteration 700
Best Fitness: [0.71524945]
1
iteration 800
Best Fitness: [0.71483886]
1
iteration 900
Best Fitness: [0.71483886]
1
iteration 1000
Best Fitness: [0.71483886]
1
iteration 1100
Best Fitness: [0.71483886]
1
iteration 1200
Best Fitness: [0.71483886]
1
iteration 1300
Best Fitness: [0.71483886]
1
iteration 1400
Best Fitness: [0.71483886]
1
iteration 1500
Best Fitness: [0.71483886]
1
iteration 1600
Best Fitness: [0.71483886]
1
iteration 1700
Best Fitness: [0.71483886]
1
iteration 1800
Best Fitness: [0.71483886]
1
iteration 1900
Best Fitness: [0.71483886]
1
iteration 2000
Best Fitness: [0.71483886]
1
iteration 2100
Best Fitness: [0.71483886]
1
iteration 2200
Best Fitness: [0.71483886]
1
iteration 2300
Best Fitness: [0.71483886]
1
iteration 2400
Best Fitness: [0.71483886]
1
iteration 2500
Best Fitness: [0.71483886]
1
iteration 2600
Best Fitness: [0.71483886]
1
iteration 2700
Best Fitness: [0.71483886]
1
iteration 2800
Best Fitness: [0.71483886]
1
iteration 2900
Best Fitness: [0.71483886]
1
iteration 2999
Best Fitness: [0.71483886]
1
iteration 0
Best Fitness: [0.4649143]
100
iteration 100
Best Fitness: [1.02180152]
1
iteration 200
Best Fitness: [0.79082752]
1
iteration 300
Best Fitness: [0.73140288]
1
iteration 400
Best Fitness: [0.72950463]
1
iteration 500
Best Fitness: [0.72832991]
1
iteration 600
Best Fitness: [0.72832991]
1
iteration 700
Best Fitness: [0.72832991]
1
iteration 800
Best Fitness: [0.72832991]
1
iteration 900
Best Fitness: [0.72832991]
1
iteration 1000
Best Fitness: [0.72832991]
1
iteration 1100
Best Fitness: [0.72832991]
1
iteration 1200
Best Fitness: [0.71870312]
1
iteration 1300
Best Fitness: [0.71799195]
1
iteration 1400
Best Fitness: [0.71799195]
1
iteration 1500
Best Fitness: [0.71799195]
1
iteration 1600
Best Fitness: [0.71799195]
1
iteration 1700
Best Fitness: [0.71799195]
1
iteration 1800
Best Fitness: [0.71799195]
1
iteration 1900
Best Fitness: [0.71799195]
1
iteration 2000
Best Fitness: [0.71799195]
1
iteration 2100
Best Fitness: [0.71799195]
1
iteration 2200
Best Fitness: [0.71799195]
1
iteration 2300
Best Fitness: [0.71799195]
1
iteration 2400
Best Fitness: [0.71799195]
1
iteration 2500
Best Fitness: [0.71799195]
1
iteration 2600
Best Fitness: [0.71799195]
1
iteration 2700
Best Fitness: [0.71799195]
1
iteration 2800
Best Fitness: [0.71799195]
1
iteration 2900
Best Fitness: [0.71799195]
1
iteration 2999
Best Fitness: [0.71799195]
1
iteration 0
Best Fitness: [0.4947794]
100
iteration 100
Best Fitness: [0.9482138]
1
iteration 200
Best Fitness: [0.70222387]
1
iteration 300
Best Fitness: [0.6887147]
1
iteration 400
Best Fitness: [0.6872118]
1
iteration 500
Best Fitness: [0.6872118]
1
iteration 600
Best Fitness: [0.6872118]
1
iteration 700
Best Fitness: [0.6872118]
1
iteration 800
Best Fitness: [0.6872118]
1
iteration 900
Best Fitness: [0.6872118]
1
iteration 1000
Best Fitness: [0.6872118]
1
iteration 1100
Best Fitness: [0.6872118]
1
iteration 1200
Best Fitness: [0.6872118]
1
iteration 1300
Best Fitness: [0.6872118]
1
iteration 1400
Best Fitness: [0.6872118]
1
iteration 1500
Best Fitness: [0.6872118]
1
iteration 1600
Best Fitness: [0.6872118]
1
iteration 1700
Best Fitness: [0.6872118]
1
iteration 1800
Best Fitness: [0.6872118]
1
iteration 1900
Best Fitness: [0.6872118]
1
iteration 2000
Best Fitness: [0.6872118]
1
iteration 2100
Best Fitness: [0.6872118]
1
iteration 2200
Best Fitness: [0.6872118]
1
iteration 2300
Best Fitness: [0.6872118]
1
iteration 2400
Best Fitness: [0.6872118]
1
iteration 2500
Best Fitness: [0.6872118]
1
iteration 2600
Best Fitness: [0.6872118]
1
iteration 2700
Best Fitness: [0.6872118]
1
iteration 2800
Best Fitness: [0.6872118]
1
iteration 2900
Best Fitness: [0.68717306]
1
iteration 2999
Best Fitness: [0.67569569]
1
iteration 0
Best Fitness: [0.4835233]
100
iteration 100
Best Fitness: [0.81093683]
1
iteration 200
Best Fitness: [0.66160035]
1
iteration 300
Best Fitness: [0.64869016]
1
iteration 400
Best Fitness: [0.64869016]
1
iteration 500
Best Fitness: [0.64869016]
1
iteration 600
Best Fitness: [0.64869016]
1
iteration 700
Best Fitness: [0.64869016]
1
iteration 800
Best Fitness: [0.64869016]
1
iteration 900
Best Fitness: [0.64869016]
1
iteration 1000
Best Fitness: [0.64869016]
1
iteration 1100
Best Fitness: [0.64869016]
1
iteration 1200
Best Fitness: [0.64869016]
1
iteration 1300
Best Fitness: [0.64869016]
1
iteration 1400
Best Fitness: [0.64869016]
1
iteration 1500
Best Fitness: [0.64869016]
1
iteration 1600
Best Fitness: [0.64869016]
1
iteration 1700
Best Fitness: [0.64869016]
1
iteration 1800
Best Fitness: [0.64869016]
1
iteration 1900
Best Fitness: [0.64869016]
1
iteration 2000
Best Fitness: [0.64869016]
1
iteration 2100
Best Fitness: [0.64869016]
1
iteration 2200
Best Fitness: [0.64869016]
1
iteration 2300
Best Fitness: [0.64869016]
1
iteration 2400
Best Fitness: [0.64869016]
1
iteration 2500
Best Fitness: [0.64869016]
1
iteration 2600
Best Fitness: [0.64869016]
1
iteration 2700
Best Fitness: [0.64869016]
1
iteration 2800
Best Fitness: [0.64869016]
1
iteration 2900
Best Fitness: [0.64869016]
1
iteration 2999
Best Fitness: [0.64869016]
1
[array([0.75098237]), array([0.65635563]), array([0.65613418]), array([0.69249922]), array([0.61613791]), array([0.66367846]), array([0.71483886]), array([0.71799195]), array([0.67569569]), array([0.64869016])]
iteration 0
Best Fitness: [0.47178987]
100
iteration 100
Best Fitness: [0.35344196]
1
iteration 200
Best Fitness: [0.23972453]
1
iteration 300
Best Fitness: [0.2367207]
1
iteration 400
Best Fitness: [0.23495691]
1
iteration 500
Best Fitness: [0.23449105]
1
iteration 600
Best Fitness: [0.23439806]
1
iteration 700
Best Fitness: [0.23439806]
1
iteration 800
Best Fitness: [0.23439806]
1
iteration 900
Best Fitness: [0.2141881]
1
iteration 1000
Best Fitness: [0.21318686]
1
iteration 1100
Best Fitness: [0.21317605]
1
iteration 1200
Best Fitness: [0.21317605]
1
iteration 1300
Best Fitness: [0.21317605]
1
iteration 1400
Best Fitness: [0.21317605]
1
iteration 1500
Best Fitness: [0.21317605]
1
iteration 1600
Best Fitness: [0.21317605]
1
iteration 1700
Best Fitness: [0.21317605]
1
iteration 1800
Best Fitness: [0.21317605]
1
iteration 1900
Best Fitness: [0.21317605]
1
iteration 2000
Best Fitness: [0.21317605]
1
iteration 2100
Best Fitness: [0.21317605]
1
iteration 2200
Best Fitness: [0.21317605]
1
iteration 2300
Best Fitness: [0.21317605]
1
iteration 2400
Best Fitness: [0.21317605]
1
iteration 2500
Best Fitness: [0.21317605]
1
iteration 2600
Best Fitness: [0.21317605]
1
iteration 2700
Best Fitness: [0.21317605]
1
iteration 2800
Best Fitness: [0.21317605]
1
iteration 2900
Best Fitness: [0.21317605]
1
iteration 2999
Best Fitness: [0.21317605]
1
iteration 0
Best Fitness: [0.47791046]
100
iteration 100
Best Fitness: [0.85755068]
1
iteration 200
Best Fitness: [0.1930233]
1
iteration 300
Best Fitness: [0.18908935]
1
iteration 400
Best Fitness: [0.18897384]
1
iteration 500
Best Fitness: [0.18897384]
1
iteration 600
Best Fitness: [0.18897384]
1
iteration 700
Best Fitness: [0.18897384]
1
iteration 800
Best Fitness: [0.18897384]
1
iteration 900
Best Fitness: [0.18897384]
1
iteration 1000
Best Fitness: [0.18897384]
1
iteration 1100
Best Fitness: [0.18897384]
1
iteration 1200
Best Fitness: [0.18897384]
1
iteration 1300
Best Fitness: [0.18897384]
1
iteration 1400
Best Fitness: [0.18897384]
1
iteration 1500
Best Fitness: [0.18897384]
1
iteration 1600
Best Fitness: [0.18897384]
1
iteration 1700
Best Fitness: [0.18897384]
1
iteration 1800
Best Fitness: [0.18897384]
1
iteration 1900
Best Fitness: [0.18897384]
1
iteration 2000
Best Fitness: [0.18897384]
1
iteration 2100
Best Fitness: [0.18897384]
1
iteration 2200
Best Fitness: [0.18897384]
1
iteration 2300
Best Fitness: [0.18897384]
1
iteration 2400
Best Fitness: [0.18897384]
1
iteration 2500
Best Fitness: [0.18897384]
1
iteration 2600
Best Fitness: [0.18897384]
1
iteration 2700
Best Fitness: [0.18897384]
1
iteration 2800
Best Fitness: [0.18897384]
1
iteration 2900
Best Fitness: [0.18897384]
1
iteration 2999
Best Fitness: [0.18897384]
1
iteration 0
Best Fitness: [0.51075855]
100
iteration 100
Best Fitness: [0.34677402]
1
iteration 200
Best Fitness: [0.24181468]
1
iteration 300
Best Fitness: [0.20616006]
1
iteration 400
Best Fitness: [0.20541958]
1
iteration 500
Best Fitness: [0.20541213]
1
iteration 600
Best Fitness: [0.20541213]
1
iteration 700
Best Fitness: [0.20541213]
1
iteration 800
Best Fitness: [0.20541213]
1
iteration 900
Best Fitness: [0.20541213]
1
iteration 1000
Best Fitness: [0.20541213]
1
iteration 1100
Best Fitness: [0.20541213]
1
iteration 1200
Best Fitness: [0.20541213]
1
iteration 1300
Best Fitness: [0.20541213]
1
iteration 1400
Best Fitness: [0.20541213]
1
iteration 1500
Best Fitness: [0.20541213]
1
iteration 1600
Best Fitness: [0.20541213]
1
iteration 1700
Best Fitness: [0.20541213]
1
iteration 1800
Best Fitness: [0.20541213]
1
iteration 1900
Best Fitness: [0.20541213]
1
iteration 2000
Best Fitness: [0.20541213]
1
iteration 2100
Best Fitness: [0.20541213]
1
iteration 2200
Best Fitness: [0.20541213]
1
iteration 2300
Best Fitness: [0.20541213]
1
iteration 2400
Best Fitness: [0.20541213]
1
iteration 2500
Best Fitness: [0.20541213]
1
iteration 2600
Best Fitness: [0.20541213]
1
iteration 2700
Best Fitness: [0.20541213]
1
iteration 2800
Best Fitness: [0.20541213]
1
iteration 2900
Best Fitness: [0.20541213]
1
iteration 2999
Best Fitness: [0.20541213]
1
iteration 0
Best Fitness: [0.48785346]
100
iteration 100
Best Fitness: [0.3187161]
1
iteration 200
Best Fitness: [0.21025046]
1
iteration 300
Best Fitness: [0.20915159]
1
iteration 400
Best Fitness: [0.20914965]
1
iteration 500
Best Fitness: [0.20914722]
1
iteration 600
Best Fitness: [0.20914722]
1
iteration 700
Best Fitness: [0.20914722]
1
iteration 800
Best Fitness: [0.20914722]
1
iteration 900
Best Fitness: [0.20914722]
1
iteration 1000
Best Fitness: [0.20914722]
1
iteration 1100
Best Fitness: [0.20914722]
1
iteration 1200
Best Fitness: [0.20914722]
1
iteration 1300
Best Fitness: [0.20914722]
1
iteration 1400
Best Fitness: [0.20914722]
1
iteration 1500
Best Fitness: [0.20914722]
1
iteration 1600
Best Fitness: [0.20914722]
1
iteration 1700
Best Fitness: [0.20914722]
1
iteration 1800
Best Fitness: [0.20914722]
1
iteration 1900
Best Fitness: [0.20914722]
1
iteration 2000
Best Fitness: [0.20914722]
1
iteration 2100
Best Fitness: [0.20914722]
1
iteration 2200
Best Fitness: [0.20914722]
1
iteration 2300
Best Fitness: [0.20914722]
1
iteration 2400
Best Fitness: [0.20914722]
1
iteration 2500
Best Fitness: [0.20914722]
1
iteration 2600
Best Fitness: [0.20914722]
1
iteration 2700
Best Fitness: [0.20914722]
1
iteration 2800
Best Fitness: [0.20914722]
1
iteration 2900
Best Fitness: [0.20914722]
1
iteration 2999
Best Fitness: [0.20914722]
1
iteration 0
Best Fitness: [0.46537619]
100
iteration 100
Best Fitness: [0.35773165]
1
iteration 200
Best Fitness: [0.22553472]
1
iteration 300
Best Fitness: [0.22519603]
1
iteration 400
Best Fitness: [0.22517492]
1
iteration 500
Best Fitness: [0.22517492]
1
iteration 600
Best Fitness: [0.22517492]
1
iteration 700
Best Fitness: [0.22517492]
1
iteration 800
Best Fitness: [0.22517492]
1
iteration 900
Best Fitness: [0.22517492]
1
iteration 1000
Best Fitness: [0.22517492]
1
iteration 1100
Best Fitness: [0.22517492]
1
iteration 1200
Best Fitness: [0.22517492]
1
iteration 1300
Best Fitness: [0.22517492]
1
iteration 1400
Best Fitness: [0.22517492]
1
iteration 1500
Best Fitness: [0.22517492]
1
iteration 1600
Best Fitness: [0.22517492]
1
iteration 1700
Best Fitness: [0.22517492]
1
iteration 1800
Best Fitness: [0.22517492]
1
iteration 1900
Best Fitness: [0.22517492]
1
iteration 2000
Best Fitness: [0.22517492]
1
iteration 2100
Best Fitness: [0.22517492]
1
iteration 2200
Best Fitness: [0.22517492]
1
iteration 2300
Best Fitness: [0.22517492]
1
iteration 2400
Best Fitness: [0.22517492]
1
iteration 2500
Best Fitness: [0.22517492]
1
iteration 2600
Best Fitness: [0.22517492]
1
iteration 2700
Best Fitness: [0.22517492]
1
iteration 2800
Best Fitness: [0.22517492]
1
iteration 2900
Best Fitness: [0.22517492]
1
iteration 2999
Best Fitness: [0.22517492]
1
iteration 0
Best Fitness: [0.48824905]
100
iteration 100
Best Fitness: [0.33179143]
1
iteration 200
Best Fitness: [0.23455085]
1
iteration 300
Best Fitness: [0.20708848]
1
iteration 400
Best Fitness: [0.19810564]
1
iteration 500
Best Fitness: [0.19809798]
1
iteration 600
Best Fitness: [0.19809798]
1
iteration 700
Best Fitness: [0.19809798]
1
iteration 800
Best Fitness: [0.19809798]
1
iteration 900
Best Fitness: [0.19809798]
1
iteration 1000
Best Fitness: [0.19809798]
1
iteration 1100
Best Fitness: [0.19809798]
1
iteration 1200
Best Fitness: [0.19809798]
1
iteration 1300
Best Fitness: [0.19809798]
1
iteration 1400
Best Fitness: [0.19809798]
1
iteration 1500
Best Fitness: [0.19809798]
1
iteration 1600
Best Fitness: [0.19809798]
1
iteration 1700
Best Fitness: [0.19809798]
1
iteration 1800
Best Fitness: [0.19809798]
1
iteration 1900
Best Fitness: [0.19809798]
1
iteration 2000
Best Fitness: [0.19809798]
1
iteration 2100
Best Fitness: [0.19809798]
1
iteration 2200
Best Fitness: [0.19809798]
1
iteration 2300
Best Fitness: [0.19809798]
1
iteration 2400
Best Fitness: [0.19809798]
1
iteration 2500
Best Fitness: [0.19809798]
1
iteration 2600
Best Fitness: [0.19809798]
1
iteration 2700
Best Fitness: [0.19809798]
1
iteration 2800
Best Fitness: [0.19809798]
1
iteration 2900
Best Fitness: [0.19809798]
1
iteration 2999
Best Fitness: [0.19809798]
1
iteration 0
Best Fitness: [0.50958189]
100
iteration 100
Best Fitness: [0.44032084]
1
iteration 200
Best Fitness: [0.2450945]
1
iteration 300
Best Fitness: [0.22894946]
1
iteration 400
Best Fitness: [0.22373242]
1
iteration 500
Best Fitness: [0.22367652]
1
iteration 600
Best Fitness: [0.22367652]
1
iteration 700
Best Fitness: [0.21336434]
1
iteration 800
Best Fitness: [0.21333417]
1
iteration 900
Best Fitness: [0.21333417]
1
iteration 1000
Best Fitness: [0.21333417]
1
iteration 1100
Best Fitness: [0.21333417]
1
iteration 1200
Best Fitness: [0.21333417]
1
iteration 1300
Best Fitness: [0.21333417]
1
iteration 1400
Best Fitness: [0.21333417]
1
iteration 1500
Best Fitness: [0.21333417]
1
iteration 1600
Best Fitness: [0.21333417]
1
iteration 1700
Best Fitness: [0.21333417]
1
iteration 1800
Best Fitness: [0.21333417]
1
iteration 1900
Best Fitness: [0.21333417]
1
iteration 2000
Best Fitness: [0.21333417]
1
iteration 2100
Best Fitness: [0.21333417]
1
iteration 2200
Best Fitness: [0.21333417]
1
iteration 2300
Best Fitness: [0.21333417]
1
iteration 2400
Best Fitness: [0.21333417]
1
iteration 2500
Best Fitness: [0.21333417]
1
iteration 2600
Best Fitness: [0.21333417]
1
iteration 2700
Best Fitness: [0.21333417]
1
iteration 2800
Best Fitness: [0.21333417]
1
iteration 2900
Best Fitness: [0.21333417]
1
iteration 2999
Best Fitness: [0.21333417]
1
iteration 0
Best Fitness: [0.51723477]
100
iteration 100
Best Fitness: [0.3172111]
1
iteration 200
Best Fitness: [0.23599623]
1
iteration 300
Best Fitness: [0.22581493]
1
iteration 400
Best Fitness: [0.22578961]
1
iteration 500
Best Fitness: [0.21941045]
1
iteration 600
Best Fitness: [0.21890682]
1
iteration 700
Best Fitness: [0.21890682]
1
iteration 800
Best Fitness: [0.21890682]
1
iteration 900
Best Fitness: [0.21890682]
1
iteration 1000
Best Fitness: [0.21890682]
1
iteration 1100
Best Fitness: [0.21890682]
1
iteration 1200
Best Fitness: [0.21890682]
1
iteration 1300
Best Fitness: [0.21890682]
1
iteration 1400
Best Fitness: [0.21890682]
1
iteration 1500
Best Fitness: [0.21890682]
1
iteration 1600
Best Fitness: [0.21890682]
1
iteration 1700
Best Fitness: [0.21890682]
1
iteration 1800
Best Fitness: [0.21890682]
1
iteration 1900
Best Fitness: [0.21890682]
1
iteration 2000
Best Fitness: [0.21890682]
1
iteration 2100
Best Fitness: [0.21890682]
1
iteration 2200
Best Fitness: [0.21890682]
1
iteration 2300
Best Fitness: [0.21890682]
1
iteration 2400
Best Fitness: [0.21890682]
1
iteration 2500
Best Fitness: [0.21890682]
1
iteration 2600
Best Fitness: [0.21890682]
1
iteration 2700
Best Fitness: [0.21890682]
1
iteration 2800
Best Fitness: [0.21890682]
1
iteration 2900
Best Fitness: [0.21890682]
1
iteration 2999
Best Fitness: [0.21890682]
1
iteration 0
Best Fitness: [0.53548221]
100
iteration 100
Best Fitness: [0.45552193]
1
iteration 200
Best Fitness: [0.23724862]
1
iteration 300
Best Fitness: [0.22480983]
1
iteration 400
Best Fitness: [0.22478675]
1
iteration 500
Best Fitness: [0.22478675]
1
iteration 600
Best Fitness: [0.22478675]
1
iteration 700
Best Fitness: [0.22478675]
1
iteration 800
Best Fitness: [0.22478675]
1
iteration 900
Best Fitness: [0.22478675]
1
iteration 1000
Best Fitness: [0.22478675]
1
iteration 1100
Best Fitness: [0.22478675]
1
iteration 1200
Best Fitness: [0.22478675]
1
iteration 1300
Best Fitness: [0.22478675]
1
iteration 1400
Best Fitness: [0.22478675]
1
iteration 1500
Best Fitness: [0.22478675]
1
iteration 1600
Best Fitness: [0.22478675]
1
iteration 1700
Best Fitness: [0.22478675]
1
iteration 1800
Best Fitness: [0.22478675]
1
iteration 1900
Best Fitness: [0.22478675]
1
iteration 2000
Best Fitness: [0.22478675]
1
iteration 2100
Best Fitness: [0.22478675]
1
iteration 2200
Best Fitness: [0.22478675]
1
iteration 2300
Best Fitness: [0.22478675]
1
iteration 2400
Best Fitness: [0.22478675]
1
iteration 2500
Best Fitness: [0.22478675]
1
iteration 2600
Best Fitness: [0.22478675]
1
iteration 2700
Best Fitness: [0.22478675]
1
iteration 2800
Best Fitness: [0.22478675]
1
iteration 2900
Best Fitness: [0.22478675]
1
iteration 2999
Best Fitness: [0.22478675]
1
iteration 0
Best Fitness: [0.49877284]
100
iteration 100
Best Fitness: [0.37293785]
1
iteration 200
Best Fitness: [0.23129343]
1
iteration 300
Best Fitness: [0.19624091]
1
iteration 400
Best Fitness: [0.19522145]
1
iteration 500
Best Fitness: [0.19521385]
1
iteration 600
Best Fitness: [0.19521385]
1
iteration 700
Best Fitness: [0.19521385]
1
iteration 800
Best Fitness: [0.19521385]
1
iteration 900
Best Fitness: [0.19521385]
1
iteration 1000
Best Fitness: [0.19521385]
1
iteration 1100
Best Fitness: [0.19521385]
1
iteration 1200
Best Fitness: [0.19521385]
1
iteration 1300
Best Fitness: [0.19521385]
1
iteration 1400
Best Fitness: [0.19521385]
1
iteration 1500
Best Fitness: [0.19521385]
1
iteration 1600
Best Fitness: [0.19521385]
1
iteration 1700
Best Fitness: [0.19521385]
1
iteration 1800
Best Fitness: [0.19521385]
1
iteration 1900
Best Fitness: [0.19521385]
1
iteration 2000
Best Fitness: [0.19521385]
1
iteration 2100
Best Fitness: [0.19521385]
1
iteration 2200
Best Fitness: [0.19521385]
1
iteration 2300
Best Fitness: [0.19521385]
1
iteration 2400
Best Fitness: [0.19521385]
1
iteration 2500
Best Fitness: [0.19521385]
1
iteration 2600
Best Fitness: [0.19521385]
1
iteration 2700
Best Fitness: [0.19521385]
1
iteration 2800
Best Fitness: [0.19521385]
1
iteration 2900
Best Fitness: [0.19521385]
1
iteration 2999
Best Fitness: [0.19521385]
1
[array([0.21317605]), array([0.18897384]), array([0.20541213]), array([0.20914722]), array([0.22517492]), array([0.19809798]), array([0.21333417]), array([0.21890682]), array([0.22478675]), array([0.19521385])]
iteration 0
Best Fitness: [13854.881805]
100
iteration 100
Best Fitness: [35.41235461]
1
iteration 200
Best Fitness: [27.77793076]
1
iteration 300
Best Fitness: [27.77212381]
1
iteration 400
Best Fitness: [27.77212381]
1
iteration 500
Best Fitness: [27.77212381]
1
iteration 600
Best Fitness: [27.77212381]
1
iteration 700
Best Fitness: [27.77212381]
1
iteration 800
Best Fitness: [27.77212381]
1
iteration 900
Best Fitness: [27.77212381]
1
iteration 1000
Best Fitness: [27.77212381]
1
iteration 1100
Best Fitness: [27.77212381]
1
iteration 1200
Best Fitness: [27.77212381]
1
iteration 1300
Best Fitness: [27.77212381]
1
iteration 1400
Best Fitness: [27.77212381]
1
iteration 1500
Best Fitness: [27.77212381]
1
iteration 1600
Best Fitness: [27.77212381]
1
iteration 1700
Best Fitness: [27.77212381]
1
iteration 1800
Best Fitness: [27.77212381]
1
iteration 1900
Best Fitness: [27.77212381]
1
iteration 2000
Best Fitness: [27.77212381]
1
iteration 2100
Best Fitness: [27.77212381]
1
iteration 2200
Best Fitness: [27.77212381]
1
iteration 2300
Best Fitness: [27.77212381]
1
iteration 2400
Best Fitness: [27.77212381]
1
iteration 2500
Best Fitness: [27.77212381]
1
iteration 2600
Best Fitness: [27.77212381]
1
iteration 2700
Best Fitness: [27.77212381]
1
iteration 2800
Best Fitness: [27.77212381]
1
iteration 2900
Best Fitness: [27.77212381]
1
iteration 2999
Best Fitness: [27.77212381]
1
iteration 0
Best Fitness: [15317.52728038]
100
iteration 100
Best Fitness: [0.56223584]
100
iteration 200
Best Fitness: [0.54205447]
100
iteration 300
Best Fitness: [0.52340744]
100
iteration 400
Best Fitness: [0.52272603]
100
iteration 500
Best Fitness: [0.52241233]
100
iteration 600
Best Fitness: [0.52223178]
100
iteration 700
Best Fitness: [0.52211414]
100
iteration 800
Best Fitness: [0.52203065]
100
iteration 900
Best Fitness: [0.52196724]
100
iteration 1000
Best Fitness: [0.5219166]
100
iteration 1100
Best Fitness: [0.52187504]
100
iteration 1200
Best Fitness: [0.52184056]
100
iteration 1300
Best Fitness: [0.52181172]
100
iteration 1400
Best Fitness: [0.5217879]
100
iteration 1500
Best Fitness: [0.5217685]
100
iteration 1600
Best Fitness: [0.5217528]
100
iteration 1700
Best Fitness: [0.52174016]
100
iteration 1800
Best Fitness: [0.52172983]
100
iteration 1900
Best Fitness: [0.52172128]
100
iteration 2000
Best Fitness: [0.52171405]
100
iteration 2100
Best Fitness: [0.52170778]
100
iteration 2200
Best Fitness: [0.52170221]
100
iteration 2300
Best Fitness: [0.52169715]
100
iteration 2400
Best Fitness: [0.52169244]
100
iteration 2500
Best Fitness: [0.52168805]
100
iteration 2600
Best Fitness: [0.52168391]
100
iteration 2700
Best Fitness: [0.52168002]
100
iteration 2800
Best Fitness: [0.52167642]
100
iteration 2900
Best Fitness: [0.5216731]
100
iteration 2999
Best Fitness: [0.52167009]
100
iteration 0
Best Fitness: [5198.68099002]
100
iteration 100
Best Fitness: [13.62040961]
1
iteration 200
Best Fitness: [13.51525283]
1
iteration 300
Best Fitness: [13.51525283]
1
iteration 400
Best Fitness: [13.33267543]
1
iteration 500
Best Fitness: [13.31436906]
1
iteration 600
Best Fitness: [13.31436906]
1
iteration 700
Best Fitness: [13.31436906]
1
iteration 800
Best Fitness: [13.31436906]
1
iteration 900
Best Fitness: [13.31436906]
1
iteration 1000
Best Fitness: [13.31436906]
1
iteration 1100
Best Fitness: [13.31436906]
1
iteration 1200
Best Fitness: [13.31436906]
1
iteration 1300
Best Fitness: [13.31436906]
1
iteration 1400
Best Fitness: [13.31436906]
1
iteration 1500
Best Fitness: [13.31436906]
1
iteration 1600
Best Fitness: [13.31436906]
1
iteration 1700
Best Fitness: [13.31436906]
1
iteration 1800
Best Fitness: [13.31436906]
1
iteration 1900
Best Fitness: [13.31436906]
1
iteration 2000
Best Fitness: [13.31436906]
1
iteration 2100
Best Fitness: [13.31436906]
1
iteration 2200
Best Fitness: [13.31436906]
1
iteration 2300
Best Fitness: [13.31436906]
1
iteration 2400
Best Fitness: [13.31436906]
1
iteration 2500
Best Fitness: [13.31436906]
1
iteration 2600
Best Fitness: [13.31436906]
1
iteration 2700
Best Fitness: [13.31436906]
1
iteration 2800
Best Fitness: [13.31436906]
1
iteration 2900
Best Fitness: [13.31436906]
1
iteration 2999
Best Fitness: [13.31436906]
1
iteration 0
Best Fitness: [2135.88670238]
100
iteration 100
Best Fitness: [1.45110707]
99
iteration 200
Best Fitness: [1.49584343]
1
iteration 300
Best Fitness: [1.49031142]
1
iteration 400
Best Fitness: [1.4903108]
1
iteration 500
Best Fitness: [1.4599949]
1
iteration 600
Best Fitness: [1.45964432]
1
iteration 700
Best Fitness: [1.4596443]
1
iteration 800
Best Fitness: [1.4596443]
1
iteration 900
Best Fitness: [1.4596443]
1
iteration 1000
Best Fitness: [1.4596443]
1
iteration 1100
Best Fitness: [1.4596443]
1
iteration 1200
Best Fitness: [1.4596443]
1
iteration 1300
Best Fitness: [1.4596443]
1
iteration 1400
Best Fitness: [1.4596443]
1
iteration 1500
Best Fitness: [1.4596443]
1
iteration 1600
Best Fitness: [1.4596443]
1
iteration 1700
Best Fitness: [1.4596443]
1
iteration 1800
Best Fitness: [1.4596443]
1
iteration 1900
Best Fitness: [1.4596443]
1
iteration 2000
Best Fitness: [1.4596443]
1
iteration 2100
Best Fitness: [1.4596443]
1
iteration 2200
Best Fitness: [1.4596443]
1
iteration 2300
Best Fitness: [1.4596443]
1
iteration 2400
Best Fitness: [1.4596443]
1
iteration 2500
Best Fitness: [1.4596443]
1
iteration 2600
Best Fitness: [1.4596443]
1
iteration 2700
Best Fitness: [1.4596443]
1
iteration 2800
Best Fitness: [1.4596443]
1
iteration 2900
Best Fitness: [1.4596443]
1
iteration 2999
Best Fitness: [1.4596443]
1
iteration 0
Best Fitness: [173.23713892]
100
iteration 100
Best Fitness: [61.94338722]
1
iteration 200
Best Fitness: [51.97450216]
1
iteration 300
Best Fitness: [51.77928236]
1
iteration 400
Best Fitness: [51.77928236]
1
iteration 500
Best Fitness: [51.77928236]
1
iteration 600
Best Fitness: [47.26525261]
1
iteration 700
Best Fitness: [47.26525199]
1
iteration 800
Best Fitness: [47.26525199]
1
iteration 900
Best Fitness: [47.26525199]
1
iteration 1000
Best Fitness: [47.26525199]
1
iteration 1100
Best Fitness: [47.26525199]
1
iteration 1200
Best Fitness: [47.26525199]
1
iteration 1300
Best Fitness: [47.26525199]
1
iteration 1400
Best Fitness: [43.83404114]
1
iteration 1500
Best Fitness: [43.81389069]
1
iteration 1600
Best Fitness: [43.72267631]
1
iteration 1700
Best Fitness: [42.65469952]
1
iteration 1800
Best Fitness: [42.65469951]
1
iteration 1900
Best Fitness: [42.65469951]
1
iteration 2000
Best Fitness: [42.65469951]
1
iteration 2100
Best Fitness: [42.65469951]
1
iteration 2200
Best Fitness: [42.65469951]
1
iteration 2300
Best Fitness: [42.65469951]
1
iteration 2400
Best Fitness: [42.65469951]
1
iteration 2500
Best Fitness: [42.65469951]
1
iteration 2600
Best Fitness: [42.65469951]
1
iteration 2700
Best Fitness: [42.65469951]
1
iteration 2800
Best Fitness: [42.65469951]
1
iteration 2900
Best Fitness: [42.65469951]
1
iteration 2999
Best Fitness: [42.65469951]
1
iteration 0
Best Fitness: [305.96818434]
100
iteration 100
Best Fitness: [47.56749501]
1
iteration 200
Best Fitness: [43.92273584]
1
iteration 300
Best Fitness: [42.55996837]
1
iteration 400
Best Fitness: [42.16432086]
1
iteration 500
Best Fitness: [41.69626848]
1
iteration 600
Best Fitness: [39.03730877]
1
iteration 700
Best Fitness: [35.6449994]
1
iteration 800
Best Fitness: [35.6449994]
1
iteration 900
Best Fitness: [35.6449994]
1
iteration 1000
Best Fitness: [31.70102266]
1
iteration 1100
Best Fitness: [27.47297495]
1
iteration 1200
Best Fitness: [27.4726346]
1
iteration 1300
Best Fitness: [27.4726346]
1
iteration 1400
Best Fitness: [27.4726346]
1
iteration 1500
Best Fitness: [27.4726346]
1
iteration 1600
Best Fitness: [27.4726346]
1
iteration 1700
Best Fitness: [27.4726346]
1
iteration 1800
Best Fitness: [27.4726346]
1
iteration 1900
Best Fitness: [27.4726346]
1
iteration 2000
Best Fitness: [27.4726346]
1
iteration 2100
Best Fitness: [27.4726346]
1
iteration 2200
Best Fitness: [27.4726346]
1
iteration 2300
Best Fitness: [27.4726346]
1
iteration 2400
Best Fitness: [27.4726346]
1
iteration 2500
Best Fitness: [27.4726346]
1
iteration 2600
Best Fitness: [27.4726346]
1
iteration 2700
Best Fitness: [27.4726346]
1
iteration 2800
Best Fitness: [27.4726346]
1
iteration 2900
Best Fitness: [27.4726346]
1
iteration 2999
Best Fitness: [27.4726346]
1
iteration 0
Best Fitness: [3598.16800902]
100
iteration 100
Best Fitness: [1.48302555]
100
iteration 200
Best Fitness: [1.47602771]
100
iteration 300
Best Fitness: [1.47326526]
100
iteration 400
Best Fitness: [1.47154116]
100
iteration 500
Best Fitness: [1.47024444]
100
iteration 600
Best Fitness: [1.46918976]
100
iteration 700
Best Fitness: [1.46829767]
100
iteration 800
Best Fitness: [1.46754044]
100
iteration 900
Best Fitness: [1.4668966]
100
iteration 1000
Best Fitness: [1.46634304]
100
iteration 1100
Best Fitness: [1.4658705]
100
iteration 1200
Best Fitness: [1.46546117]
100
iteration 1300
Best Fitness: [1.46510282]
100
iteration 1400
Best Fitness: [1.46478375]
100
iteration 1500
Best Fitness: [1.4644963]
100
iteration 1600
Best Fitness: [1.46423228]
100
iteration 1700
Best Fitness: [1.4639893]
100
iteration 1800
Best Fitness: [1.46376309]
100
iteration 1900
Best Fitness: [1.46355034]
100
iteration 2000
Best Fitness: [1.46334862]
100
iteration 2100
Best Fitness: [1.46315741]
100
iteration 2200
Best Fitness: [1.4629755]
100
iteration 2300
Best Fitness: [1.46280193]
100
iteration 2400
Best Fitness: [1.46263551]
100
iteration 2500
Best Fitness: [1.46247462]
100
iteration 2600
Best Fitness: [1.46232024]
100
iteration 2700
Best Fitness: [1.46217093]
100
iteration 2800
Best Fitness: [1.46202727]
100
iteration 2900
Best Fitness: [1.46188799]
100
iteration 2999
Best Fitness: [1.46175347]
100
iteration 0
Best Fitness: [335.6691465]
100
iteration 100
Best Fitness: [24.43591874]
1
iteration 200
Best Fitness: [23.31709857]
1
iteration 300
Best Fitness: [22.34970841]
1
iteration 400
Best Fitness: [22.34970841]
1
iteration 500
Best Fitness: [22.34970841]
1
iteration 600
Best Fitness: [22.34970841]
1
iteration 700
Best Fitness: [22.34970841]
1
iteration 800
Best Fitness: [22.34970841]
1
iteration 900
Best Fitness: [22.34970841]
1
iteration 1000
Best Fitness: [22.34970841]
1
iteration 1100
Best Fitness: [22.34970841]
1
iteration 1200
Best Fitness: [22.34970841]
1
iteration 1300
Best Fitness: [22.34970841]
1
iteration 1400
Best Fitness: [22.34970841]
1
iteration 1500
Best Fitness: [22.34970841]
1
iteration 1600
Best Fitness: [22.34970841]
1
iteration 1700
Best Fitness: [22.34970841]
1
iteration 1800
Best Fitness: [22.34970841]
1
iteration 1900
Best Fitness: [22.34970841]
1
iteration 2000
Best Fitness: [22.34970841]
1
iteration 2100
Best Fitness: [22.34970841]
1
iteration 2200
Best Fitness: [22.34970841]
1
iteration 2300
Best Fitness: [22.34970841]
1
iteration 2400
Best Fitness: [22.34970841]
1
iteration 2500
Best Fitness: [22.34970841]
1
iteration 2600
Best Fitness: [22.34970841]
1
iteration 2700
Best Fitness: [22.34970841]
1
iteration 2800
Best Fitness: [22.34970841]
1
iteration 2900
Best Fitness: [22.34970841]
1
iteration 2999
Best Fitness: [22.34970841]
1
iteration 0
Best Fitness: [1988.39180595]
100
iteration 100
Best Fitness: [1.02444901]
96
iteration 200
Best Fitness: [1.01877479]
96
iteration 300
Best Fitness: [1.01694706]
96
iteration 400
Best Fitness: [1.0157626]
96
iteration 500
Best Fitness: [1.01480263]
96
iteration 600
Best Fitness: [1.0139493]
96
iteration 700
Best Fitness: [1.01317877]
96
iteration 800
Best Fitness: [1.01247916]
96
iteration 900
Best Fitness: [1.01186742]
96
iteration 1000
Best Fitness: [1.0113369]
96
iteration 1100
Best Fitness: [1.01088133]
96
iteration 1200
Best Fitness: [1.01048346]
96
iteration 1300
Best Fitness: [1.01012506]
96
iteration 1400
Best Fitness: [1.00979671]
96
iteration 1500
Best Fitness: [1.00948726]
96
iteration 1600
Best Fitness: [1.0091971]
96
iteration 1700
Best Fitness: [1.00892117]
96
iteration 1800
Best Fitness: [1.0086604]
96
iteration 1900
Best Fitness: [1.00841013]
96
iteration 2000
Best Fitness: [1.00817246]
96
iteration 2100
Best Fitness: [1.00794513]
96
iteration 2200
Best Fitness: [1.00772837]
96
iteration 2300
Best Fitness: [1.00752108]
96
iteration 2400
Best Fitness: [1.00732252]
96
iteration 2500
Best Fitness: [1.00713296]
96
iteration 2600
Best Fitness: [1.00694971]
96
iteration 2700
Best Fitness: [1.00677432]
96
iteration 2800
Best Fitness: [1.00660545]
96
iteration 2900
Best Fitness: [1.00644372]
96
iteration 2999
Best Fitness: [1.00628891]
96
iteration 0
Best Fitness: [169.59591807]
100
iteration 100
Best Fitness: [53.20357576]
1
iteration 200
Best Fitness: [48.2198081]
1
iteration 300
Best Fitness: [43.52528268]
1
iteration 400
Best Fitness: [41.51638882]
1
iteration 500
Best Fitness: [41.50274715]
1
iteration 600
Best Fitness: [41.50274715]
1
iteration 700
Best Fitness: [41.50274715]
1
iteration 800
Best Fitness: [41.50274715]
1
iteration 900
Best Fitness: [41.50274715]
1
iteration 1000
Best Fitness: [41.50274715]
1
iteration 1100
Best Fitness: [37.63618613]
1
iteration 1200
Best Fitness: [37.22975779]
1
iteration 1300
Best Fitness: [37.22975779]
1
iteration 1400
Best Fitness: [37.22975779]
1
iteration 1500
Best Fitness: [37.22975779]
1
iteration 1600
Best Fitness: [37.22975779]
1
iteration 1700
Best Fitness: [37.22975779]
1
iteration 1800
Best Fitness: [37.22975779]
1
iteration 1900
Best Fitness: [37.22975779]
1
iteration 2000
Best Fitness: [37.22975779]
1
iteration 2100
Best Fitness: [37.22975779]
1
iteration 2200
Best Fitness: [37.22975779]
1
iteration 2300
Best Fitness: [37.22975779]
1
iteration 2400
Best Fitness: [37.22975779]
1
iteration 2500
Best Fitness: [37.22975779]
1
iteration 2600
Best Fitness: [37.22975779]
1
iteration 2700
Best Fitness: [37.22975779]
1
iteration 2800
Best Fitness: [37.22975779]
1
iteration 2900
Best Fitness: [37.22975779]
1
iteration 2999
Best Fitness: [37.22975779]
1
[array([27.77212381]), array([0.52167009]), array([13.31436906]), array([1.4596443]), array([42.65469951]), array([27.4726346]), array([1.46175347]), array([22.34970841]), array([1.00628891]), array([37.22975779])]
iteration 0
Best Fitness: [5.31785804]
100
iteration 100
Best Fitness: [3.67405781e-05]
100
iteration 200
Best Fitness: [7.12425956e-06]
1
iteration 300
Best Fitness: [6.98066922e-06]
1
iteration 400
Best Fitness: [6.82929626e-06]
1
iteration 500
Best Fitness: [6.59218427e-06]
1
iteration 600
Best Fitness: [6.12013011e-06]
1
iteration 700
Best Fitness: [5.336313e-06]
1
iteration 800
Best Fitness: [4.09278695e-06]
1
iteration 900
Best Fitness: [3.4680339e-06]
1
iteration 1000
Best Fitness: [2.93049354e-06]
1
iteration 1100
Best Fitness: [2.16367014e-06]
1
iteration 1200
Best Fitness: [1.81550914e-06]
1
iteration 1300
Best Fitness: [1.58573706e-06]
1
iteration 1400
Best Fitness: [1.38163548e-06]
1
iteration 1500
Best Fitness: [1.11315125e-06]
1
iteration 1600
Best Fitness: [9.33276398e-07]
1
iteration 1700
Best Fitness: [8.09585841e-07]
1
iteration 1800
Best Fitness: [7.00707509e-07]
1
iteration 1900
Best Fitness: [6.01739583e-07]
1
iteration 2000
Best Fitness: [5.41091047e-07]
1
iteration 2100
Best Fitness: [4.72994518e-07]
1
iteration 2200
Best Fitness: [3.88464653e-07]
1
iteration 2300
Best Fitness: [3.45643286e-07]
1
iteration 2400
Best Fitness: [2.97133201e-07]
1
iteration 2500
Best Fitness: [2.44375039e-07]
1
iteration 2600
Best Fitness: [2.16105223e-07]
1
iteration 2700
Best Fitness: [1.9094567e-07]
1
iteration 2800
Best Fitness: [1.71094093e-07]
1
iteration 2900
Best Fitness: [1.35432762e-07]
1
iteration 2999
Best Fitness: [1.08961114e-07]
1
iteration 0
Best Fitness: [4.96212969]
100
iteration 100
Best Fitness: [3.83978301e-05]
100
iteration 200
Best Fitness: [5.52688093e-06]
1
iteration 300
Best Fitness: [4.70570845e-06]
1
iteration 400
Best Fitness: [3.01830507e-06]
1
iteration 500
Best Fitness: [2.66231671e-06]
1
iteration 600
Best Fitness: [2.11788897e-06]
1
iteration 700
Best Fitness: [1.88732273e-06]
1
iteration 800
Best Fitness: [1.42565035e-06]
1
iteration 900
Best Fitness: [1.17312034e-06]
1
iteration 1000
Best Fitness: [9.31137577e-07]
1
iteration 1100
Best Fitness: [8.30061864e-07]
1
iteration 1200
Best Fitness: [7.39091095e-07]
1
iteration 1300
Best Fitness: [6.70084633e-07]
1
iteration 1400
Best Fitness: [6.01710072e-07]
1
iteration 1500
Best Fitness: [5.12145659e-07]
1
iteration 1600
Best Fitness: [4.23421446e-07]
1
iteration 1700
Best Fitness: [3.3958311e-07]
1
iteration 1800
Best Fitness: [2.65849611e-07]
1
iteration 1900
Best Fitness: [2.04020453e-07]
1
iteration 2000
Best Fitness: [1.59442973e-07]
1
iteration 2100
Best Fitness: [1.29416002e-07]
1
iteration 2200
Best Fitness: [1.01710025e-07]
1
iteration 2300
Best Fitness: [7.92260985e-08]
1
iteration 2400
Best Fitness: [5.29950973e-08]
1
iteration 2500
Best Fitness: [3.76665285e-08]
1
iteration 2600
Best Fitness: [2.67332182e-08]
1
iteration 2700
Best Fitness: [2.03337358e-08]
1
iteration 2800
Best Fitness: [1.5225527e-08]
1
iteration 2900
Best Fitness: [1.19276472e-08]
1
iteration 2999
Best Fitness: [8.67704537e-09]
1
iteration 0
Best Fitness: [4.33224143]
100
iteration 100
Best Fitness: [4.84853426e-05]
100
iteration 200
Best Fitness: [7.46539681e-06]
1
iteration 300
Best Fitness: [6.49014718e-06]
1
iteration 400
Best Fitness: [5.44740973e-06]
1
iteration 500
Best Fitness: [5.18889882e-06]
1
iteration 600
Best Fitness: [4.65769046e-06]
1
iteration 700
Best Fitness: [4.16739406e-06]
1
iteration 800
Best Fitness: [3.95595023e-06]
1
iteration 900
Best Fitness: [3.56782438e-06]
1
iteration 1000
Best Fitness: [2.96619956e-06]
1
iteration 1100
Best Fitness: [2.76223029e-06]
1
iteration 1200
Best Fitness: [2.22599735e-06]
1
iteration 1300
Best Fitness: [1.40778371e-06]
1
iteration 1400
Best Fitness: [1.08617698e-06]
1
iteration 1500
Best Fitness: [8.66373156e-07]
1
iteration 1600
Best Fitness: [7.85781551e-07]
1
iteration 1700
Best Fitness: [7.12295189e-07]
1
iteration 1800
Best Fitness: [6.14570337e-07]
1
iteration 1900
Best Fitness: [5.45544027e-07]
1
iteration 2000
Best Fitness: [4.68676526e-07]
1
iteration 2100
Best Fitness: [4.22540609e-07]
1
iteration 2200
Best Fitness: [3.59925927e-07]
1
iteration 2300
Best Fitness: [3.03998201e-07]
1
iteration 2400
Best Fitness: [2.54549694e-07]
1
iteration 2500
Best Fitness: [2.12174245e-07]
1
iteration 2600
Best Fitness: [1.65639836e-07]
1
iteration 2700
Best Fitness: [1.16316515e-07]
1
iteration 2800
Best Fitness: [7.83024387e-08]
1
iteration 2900
Best Fitness: [5.89369526e-08]
1
iteration 2999
Best Fitness: [4.58684135e-08]
1
iteration 0
Best Fitness: [4.23354522]
100
iteration 100
Best Fitness: [4.23040671e-05]
100
iteration 200
Best Fitness: [5.13580215e-06]
1
iteration 300
Best Fitness: [4.63485303e-06]
1
iteration 400
Best Fitness: [4.54861495e-06]
1
iteration 500
Best Fitness: [4.18311416e-06]
1
iteration 600
Best Fitness: [3.00937238e-06]
1
iteration 700
Best Fitness: [2.59786735e-06]
1
iteration 800
Best Fitness: [2.52529404e-06]
1
iteration 900
Best Fitness: [2.23176163e-06]
1
iteration 1000
Best Fitness: [1.92042753e-06]
1
iteration 1100
Best Fitness: [1.19114525e-06]
1
iteration 1200
Best Fitness: [8.64264493e-07]
1
iteration 1300
Best Fitness: [6.84654205e-07]
1
iteration 1400
Best Fitness: [5.67866109e-07]
1
iteration 1500
Best Fitness: [4.63787831e-07]
1
iteration 1600
Best Fitness: [4.29570467e-07]
1
iteration 1700
Best Fitness: [3.95478113e-07]
1
iteration 1800
Best Fitness: [3.38013014e-07]
1
iteration 1900
Best Fitness: [2.92529445e-07]
1
iteration 2000
Best Fitness: [2.50979842e-07]
1
iteration 2100
Best Fitness: [2.22267126e-07]
1
iteration 2200
Best Fitness: [1.88142941e-07]
1
iteration 2300
Best Fitness: [1.6371664e-07]
1
iteration 2400
Best Fitness: [1.44420441e-07]
1
iteration 2500
Best Fitness: [1.33790168e-07]
1
iteration 2600
Best Fitness: [1.30879918e-07]
1
iteration 2700
Best Fitness: [1.03484988e-07]
1
iteration 2800
Best Fitness: [8.89469257e-08]
1
iteration 2900
Best Fitness: [6.82937418e-08]
1
iteration 2999
Best Fitness: [5.1081479e-08]
1
iteration 0
Best Fitness: [3.4188457]
100
iteration 100
Best Fitness: [4.7377526e-05]
100
iteration 200
Best Fitness: [9.00612032e-06]
1
iteration 300
Best Fitness: [7.95929122e-06]
1
iteration 400
Best Fitness: [6.81649063e-06]
1
iteration 500
Best Fitness: [6.13471501e-06]
1
iteration 600
Best Fitness: [5.92284364e-06]
1
iteration 700
Best Fitness: [5.56395317e-06]
1
iteration 800
Best Fitness: [5.27276898e-06]
1
iteration 900
Best Fitness: [5.13032722e-06]
1
iteration 1000
Best Fitness: [4.05883105e-06]
1
iteration 1100
Best Fitness: [3.18706869e-06]
1
iteration 1200
Best Fitness: [2.43565394e-06]
1
iteration 1300
Best Fitness: [1.96889226e-06]
1
iteration 1400
Best Fitness: [1.76983586e-06]
1
iteration 1500
Best Fitness: [1.59010509e-06]
1
iteration 1600
Best Fitness: [1.45022491e-06]
1
iteration 1700
Best Fitness: [1.32709491e-06]
1
iteration 1800
Best Fitness: [1.10400615e-06]
1
iteration 1900
Best Fitness: [8.43276826e-07]
1
iteration 2000
Best Fitness: [6.71983614e-07]
1
iteration 2100
Best Fitness: [5.8599807e-07]
1
iteration 2200
Best Fitness: [5.01124173e-07]
1
iteration 2300
Best Fitness: [4.3626093e-07]
1
iteration 2400
Best Fitness: [3.24881642e-07]
1
iteration 2500
Best Fitness: [2.92460444e-07]
1
iteration 2600
Best Fitness: [2.40969494e-07]
1
iteration 2700
Best Fitness: [2.06864816e-07]
1
iteration 2800
Best Fitness: [1.69032222e-07]
1
iteration 2900
Best Fitness: [1.40309684e-07]
1
iteration 2999
Best Fitness: [1.16592697e-07]
1
iteration 0
Best Fitness: [5.74234073]
100
iteration 100
Best Fitness: [3.24190292e-05]
100
iteration 200
Best Fitness: [5.25108151e-06]
1
iteration 300
Best Fitness: [4.0698266e-06]
1
iteration 400
Best Fitness: [3.3899518e-06]
1
iteration 500
Best Fitness: [3.24724306e-06]
1
iteration 600
Best Fitness: [3.0583768e-06]
1
iteration 700
Best Fitness: [2.83721197e-06]
1
iteration 800
Best Fitness: [2.46407522e-06]
1
iteration 900
Best Fitness: [2.27709923e-06]
1
iteration 1000
Best Fitness: [2.04605605e-06]
1
iteration 1100
Best Fitness: [1.63281481e-06]
1
iteration 1200
Best Fitness: [1.19186333e-06]
1
iteration 1300
Best Fitness: [1.01226792e-06]
1
iteration 1400
Best Fitness: [7.92647167e-07]
1
iteration 1500
Best Fitness: [6.33014457e-07]
1
iteration 1600
Best Fitness: [5.59232545e-07]
1
iteration 1700
Best Fitness: [4.57056969e-07]
1
iteration 1800
Best Fitness: [4.12974848e-07]
1
iteration 1900
Best Fitness: [3.48003368e-07]
1
iteration 2000
Best Fitness: [3.0199225e-07]
1
iteration 2100
Best Fitness: [2.61421755e-07]
1
iteration 2200
Best Fitness: [2.17263502e-07]
1
iteration 2300
Best Fitness: [1.61225155e-07]
1
iteration 2400
Best Fitness: [1.4964961e-07]
1
iteration 2500
Best Fitness: [1.34674055e-07]
1
iteration 2600
Best Fitness: [1.22811409e-07]
1
iteration 2700
Best Fitness: [9.57560432e-08]
1
iteration 2800
Best Fitness: [7.39320194e-08]
1
iteration 2900
Best Fitness: [5.77246295e-08]
1
iteration 2999
Best Fitness: [4.42667299e-08]
1
iteration 0
Best Fitness: [3.57658527]
100
iteration 100
Best Fitness: [3.65374217e-05]
100
iteration 200
Best Fitness: [0.00290652]
1
iteration 300
Best Fitness: [0.00280519]
1
iteration 400
Best Fitness: [0.00236017]
1
iteration 500
Best Fitness: [0.00224158]
1
iteration 600
Best Fitness: [0.00219628]
1
iteration 700
Best Fitness: [0.00205218]
1
iteration 800
Best Fitness: [0.00204411]
1
iteration 900
Best Fitness: [0.00174265]
1
iteration 1000
Best Fitness: [0.0016844]
1
iteration 1100
Best Fitness: [0.00150839]
1
iteration 1200
Best Fitness: [0.00125968]
1
iteration 1300
Best Fitness: [0.00120521]
1
iteration 1400
Best Fitness: [0.00117735]
1
iteration 1500
Best Fitness: [0.00117735]
1
iteration 1600
Best Fitness: [0.00108578]
1
iteration 1700
Best Fitness: [0.00108188]
1
iteration 1800
Best Fitness: [0.00108188]
1
iteration 1900
Best Fitness: [0.00108188]
1
iteration 2000
Best Fitness: [0.00108188]
1
iteration 2100
Best Fitness: [0.00108188]
1
iteration 2200
Best Fitness: [0.00108188]
1
iteration 2300
Best Fitness: [0.00108188]
1
iteration 2400
Best Fitness: [0.00108188]
1
iteration 2500
Best Fitness: [0.00108188]
1
iteration 2600
Best Fitness: [0.00106324]
1
iteration 2700
Best Fitness: [0.001063]
1
iteration 2800
Best Fitness: [0.001063]
1
iteration 2900
Best Fitness: [0.00099002]
1
iteration 2999
Best Fitness: [0.00094488]
1
iteration 0
Best Fitness: [5.89096513]
100
iteration 100
Best Fitness: [3.8149084e-05]
100
iteration 200
Best Fitness: [5.13283752e-06]
1
iteration 300
Best Fitness: [4.04687851e-06]
1
iteration 400
Best Fitness: [3.73266077e-06]
1
iteration 500
Best Fitness: [3.40398758e-06]
1
iteration 600
Best Fitness: [2.69904931e-06]
1
iteration 700
Best Fitness: [2.32701557e-06]
1
iteration 800
Best Fitness: [2.03226452e-06]
1
iteration 900
Best Fitness: [1.33210997e-06]
1
iteration 1000
Best Fitness: [1.04799122e-06]
1
iteration 1100
Best Fitness: [8.40495228e-07]
1
iteration 1200
Best Fitness: [7.25108506e-07]
1
iteration 1300
Best Fitness: [6.46119519e-07]
1
iteration 1400
Best Fitness: [5.87659894e-07]
1
iteration 1500
Best Fitness: [5.15726144e-07]
1
iteration 1600
Best Fitness: [4.15404229e-07]
1
iteration 1700
Best Fitness: [3.65994741e-07]
1
iteration 1800
Best Fitness: [3.23067466e-07]
1
iteration 1900
Best Fitness: [2.71348095e-07]
1
iteration 2000
Best Fitness: [2.42080291e-07]
1
iteration 2100
Best Fitness: [2.14648856e-07]
1
iteration 2200
Best Fitness: [1.76366595e-07]
1
iteration 2300
Best Fitness: [1.5102935e-07]
1
iteration 2400
Best Fitness: [1.18058671e-07]
1
iteration 2500
Best Fitness: [8.79947352e-08]
1
iteration 2600
Best Fitness: [6.53876594e-08]
1
iteration 2700
Best Fitness: [4.42995792e-08]
1
iteration 2800
Best Fitness: [3.12903364e-08]
1
iteration 2900
Best Fitness: [1.9576729e-08]
1
iteration 2999
Best Fitness: [1.48850293e-08]
1
iteration 0
Best Fitness: [4.70995157]
100
iteration 100
Best Fitness: [0.07475756]
1
iteration 200
Best Fitness: [0.0676803]
1
iteration 300
Best Fitness: [0.06295326]
1
iteration 400
Best Fitness: [0.06139255]
1
iteration 500
Best Fitness: [0.0547998]
1
iteration 600
Best Fitness: [0.05479869]
1
iteration 700
Best Fitness: [0.05479869]
1
iteration 800
Best Fitness: [0.05479869]
1
iteration 900
Best Fitness: [0.05479869]
1
iteration 1000
Best Fitness: [0.05479869]
1
iteration 1100
Best Fitness: [0.05479869]
1
iteration 1200
Best Fitness: [0.05479869]
1
iteration 1300
Best Fitness: [0.05479869]
1
iteration 1400
Best Fitness: [0.05302898]
1
iteration 1500
Best Fitness: [0.05302496]
1
iteration 1600
Best Fitness: [0.04996928]
1
iteration 1700
Best Fitness: [0.04624383]
1
iteration 1800
Best Fitness: [0.04624383]
1
iteration 1900
Best Fitness: [0.04624383]
1
iteration 2000
Best Fitness: [0.04500826]
1
iteration 2100
Best Fitness: [0.03927118]
1
iteration 2200
Best Fitness: [0.03696048]
1
iteration 2300
Best Fitness: [0.03696048]
1
iteration 2400
Best Fitness: [0.03696048]
1
iteration 2500
Best Fitness: [0.03501815]
1
iteration 2600
Best Fitness: [0.03392488]
1
iteration 2700
Best Fitness: [0.03392236]
1
iteration 2800
Best Fitness: [0.03392236]
1
iteration 2900
Best Fitness: [0.03392236]
1
iteration 2999
Best Fitness: [0.03316849]
1
iteration 0
Best Fitness: [3.7797045]
100
iteration 100
Best Fitness: [4.94652256]
1
iteration 200
Best Fitness: [4.46930572]
1
iteration 300
Best Fitness: [4.15497783]
1
iteration 400
Best Fitness: [4.07147615]
1
iteration 500
Best Fitness: [3.7315064]
1
iteration 600
Best Fitness: [3.6761827]
1
iteration 700
Best Fitness: [3.43439831]
1
iteration 800
Best Fitness: [3.29615494]
1
iteration 900
Best Fitness: [3.25654239]
1
iteration 1000
Best Fitness: [3.16039256]
1
iteration 1100
Best Fitness: [2.97652318]
1
iteration 1200
Best Fitness: [2.97631231]
1
iteration 1300
Best Fitness: [2.77677733]
1
iteration 1400
Best Fitness: [2.62836239]
1
iteration 1500
Best Fitness: [2.34788263]
1
iteration 1600
Best Fitness: [2.33977293]
1
iteration 1700
Best Fitness: [2.33977293]
1
iteration 1800
Best Fitness: [2.30232151]
1
iteration 1900
Best Fitness: [2.21445981]
1
iteration 2000
Best Fitness: [2.21445981]
1
iteration 2100
Best Fitness: [2.21445981]
1
iteration 2200
Best Fitness: [2.21445981]
1
iteration 2300
Best Fitness: [2.21445981]
1
iteration 2400
Best Fitness: [2.21445981]
1
iteration 2500
Best Fitness: [2.21445981]
1
iteration 2600
Best Fitness: [2.21445981]
1
iteration 2700
Best Fitness: [2.21445981]
1
iteration 2800
Best Fitness: [2.21445981]
1
iteration 2900
Best Fitness: [2.21445981]
1
iteration 2999
Best Fitness: [2.21428164]
1
[array([1.08961114e-07]), array([8.67704537e-09]), array([4.58684135e-08]), array([5.1081479e-08]), array([1.16592697e-07]), array([4.42667299e-08]), array([0.00094488]), array([1.48850293e-08]), array([0.03316849]), array([2.21428164])]
