iteration 0
Best Fitness: [2.06162798e+12]
1
iteration 100
Best Fitness: [7.77592416e+11]
1
iteration 200
Best Fitness: [3.52783795e+11]
1
iteration 300
Best Fitness: [1.52617364e+11]
1
iteration 400
Best Fitness: [6.98137304e+10]
1
iteration 500
Best Fitness: [4.12930411e+10]
1
iteration 600
Best Fitness: [1.01866883e+10]
3
iteration 700
Best Fitness: [1.04771356e+09]
3
iteration 800
Best Fitness: [1.11015028e+08]
3
iteration 900
Best Fitness: [11397687.19409797]
3
iteration 1000
Best Fitness: [1661991.52725179]
3
iteration 1100
Best Fitness: [219970.99804967]
3
iteration 1200
Best Fitness: [2172.43503538]
9
iteration 1300
Best Fitness: [6.50514776]
9
iteration 1400
Best Fitness: [0.02930745]
9
iteration 1500
Best Fitness: [0.0001021]
9
iteration 1600
Best Fitness: [4.87309351e-07]
9
iteration 1700
Best Fitness: [1.89365991e-09]
9
iteration 1800
Best Fitness: [5.47386597e-15]
27
iteration 1900
Best Fitness: [1.63559209e-20]
27
iteration 2000
Best Fitness: [1.08877948e-25]
27
iteration 2100
Best Fitness: [8.9133803e-31]
27
iteration 2200
Best Fitness: [6.14577187e-36]
27
iteration 2300
Best Fitness: [4.96102503e-41]
27
iteration 2400
Best Fitness: [6.65616371e-51]
81
iteration 2500
Best Fitness: [5.89469177e-58]
81
iteration 2600
Best Fitness: [5.1768063e-65]
81
iteration 2700
Best Fitness: [1.55041705e-72]
81
iteration 2800
Best Fitness: [1.46976985e-78]
81
iteration 2900
Best Fitness: [1.1514898e-88]
100
iteration 2999
Best Fitness: [4.61776915e-99]
100
iteration 0
Best Fitness: [2.29022951e+12]
1
iteration 100
Best Fitness: [9.00289236e+11]
1
iteration 200
Best Fitness: [3.14721689e+11]
1
iteration 300
Best Fitness: [1.58111009e+11]
1
iteration 400
Best Fitness: [6.7912665e+10]
1
iteration 500
Best Fitness: [3.22113301e+10]
1
iteration 600
Best Fitness: [7.74334972e+09]
3
iteration 700
Best Fitness: [8.58586526e+08]
3
iteration 800
Best Fitness: [1.3109987e+08]
3
iteration 900
Best Fitness: [9354401.30314657]
3
iteration 1000
Best Fitness: [1261717.25495269]
3
iteration 1100
Best Fitness: [193904.8006955]
3
iteration 1200
Best Fitness: [2541.6968977]
9
iteration 1300
Best Fitness: [7.06302908]
9
iteration 1400
Best Fitness: [0.01936208]
9
iteration 1500
Best Fitness: [0.00010956]
9
iteration 1600
Best Fitness: [3.47805827e-07]
9
iteration 1700
Best Fitness: [1.6800279e-09]
9
iteration 1800
Best Fitness: [4.03236328e-15]
27
iteration 1900
Best Fitness: [1.20526456e-20]
27
iteration 2000
Best Fitness: [9.17342872e-26]
27
iteration 2100
Best Fitness: [1.89611621e-30]
27
iteration 2200
Best Fitness: [5.2092363e-36]
27
iteration 2300
Best Fitness: [1.98401804e-41]
27
iteration 2400
Best Fitness: [5.62865062e-51]
81
iteration 2500
Best Fitness: [7.70066075e-59]
81
iteration 2600
Best Fitness: [8.71386078e-66]
81
iteration 2700
Best Fitness: [8.8725651e-73]
81
iteration 2800
Best Fitness: [5.28652723e-79]
81
iteration 2900
Best Fitness: [3.64125312e-89]
100
iteration 2999
Best Fitness: [1.35864511e-99]
100
iteration 0
Best Fitness: [2.17765618e+12]
1
iteration 100
Best Fitness: [7.82465105e+11]
1
iteration 200
Best Fitness: [3.27190525e+11]
1
iteration 300
Best Fitness: [1.25140045e+11]
1
iteration 400
Best Fitness: [6.74441934e+10]
1
iteration 500
Best Fitness: [3.7217964e+10]
1
iteration 600
Best Fitness: [1.13686926e+10]
3
iteration 700
Best Fitness: [1.3764815e+09]
3
iteration 800
Best Fitness: [2.03224832e+08]
3
iteration 900
Best Fitness: [24884903.29691945]
3
iteration 1000
Best Fitness: [3630274.11262614]
3
iteration 1100
Best Fitness: [487173.59898103]
3
iteration 1200
Best Fitness: [3006.8100872]
9
iteration 1300
Best Fitness: [11.52541039]
9
iteration 1400
Best Fitness: [0.04094363]
9
iteration 1500
Best Fitness: [0.00021516]
9
iteration 1600
Best Fitness: [5.63802301e-07]
9
iteration 1700
Best Fitness: [2.81353646e-09]
9
iteration 1800
Best Fitness: [6.95219237e-15]
27
iteration 1900
Best Fitness: [4.92832725e-20]
27
iteration 2000
Best Fitness: [1.57232068e-25]
27
iteration 2100
Best Fitness: [8.08434508e-31]
27
iteration 2200
Best Fitness: [7.01067301e-36]
27
iteration 2300
Best Fitness: [5.51532691e-41]
27
iteration 2400
Best Fitness: [4.98936259e-50]
81
iteration 2500
Best Fitness: [3.49284795e-58]
81
iteration 2600
Best Fitness: [1.95746061e-65]
81
iteration 2700
Best Fitness: [4.05829296e-72]
81
iteration 2800
Best Fitness: [1.98164561e-79]
81
iteration 2900
Best Fitness: [1.16563207e-89]
100
iteration 2999
Best Fitness: [4.19386917e-100]
100
iteration 0
Best Fitness: [2.12437429e+12]
1
iteration 100
Best Fitness: [7.7471961e+11]
1
iteration 200
Best Fitness: [3.38595848e+11]
1
iteration 300
Best Fitness: [1.44434713e+11]
1
iteration 400
Best Fitness: [6.78532036e+10]
1
iteration 500
Best Fitness: [3.41511852e+10]
1
iteration 600
Best Fitness: [8.28483471e+09]
3
iteration 700
Best Fitness: [8.38547778e+08]
3
iteration 800
Best Fitness: [1.08873017e+08]
3
iteration 900
Best Fitness: [14022771.97133733]
3
iteration 1000
Best Fitness: [1967553.27824227]
3
iteration 1100
Best Fitness: [273917.84960671]
3
iteration 1200
Best Fitness: [2975.45388209]
9
iteration 1300
Best Fitness: [9.88561747]
9
iteration 1400
Best Fitness: [0.03707106]
9
iteration 1500
Best Fitness: [0.0001108]
9
iteration 1600
Best Fitness: [7.55657845e-07]
9
iteration 1700
Best Fitness: [3.71317162e-09]
9
iteration 1800
Best Fitness: [9.94174684e-15]
27
iteration 1900
Best Fitness: [2.71335816e-20]
27
iteration 2000
Best Fitness: [4.55482249e-25]
27
iteration 2100
Best Fitness: [2.84993306e-30]
27
iteration 2200
Best Fitness: [5.01950709e-36]
27
iteration 2300
Best Fitness: [1.75144262e-40]
27
iteration 2400
Best Fitness: [4.83778515e-50]
81
iteration 2500
Best Fitness: [5.39899201e-58]
81
iteration 2600
Best Fitness: [6.78903432e-65]
81
iteration 2700
Best Fitness: [2.27112527e-71]
81
iteration 2800
Best Fitness: [7.74211602e-79]
81
iteration 2900
Best Fitness: [1.13303046e-88]
100
iteration 2999
Best Fitness: [2.63466295e-99]
100
iteration 0
Best Fitness: [2.12373741e+12]
1
iteration 100
Best Fitness: [7.72056696e+11]
1
iteration 200
Best Fitness: [2.9720578e+11]
1
iteration 300
Best Fitness: [1.38252771e+11]
1
iteration 400
Best Fitness: [7.11932654e+10]
1
iteration 500
Best Fitness: [3.45314811e+10]
1
iteration 600
Best Fitness: [9.80401488e+09]
3
iteration 700
Best Fitness: [1.05620943e+09]
3
iteration 800
Best Fitness: [1.62400728e+08]
3
iteration 900
Best Fitness: [21570279.14017245]
3
iteration 1000
Best Fitness: [2173102.08090553]
3
iteration 1100
Best Fitness: [261183.30179488]
3
iteration 1200
Best Fitness: [2426.31925989]
9
iteration 1300
Best Fitness: [8.52244435]
9
iteration 1400
Best Fitness: [0.02329678]
9
iteration 1500
Best Fitness: [9.50949923e-05]
9
iteration 1600
Best Fitness: [3.71688454e-07]
9
iteration 1700
Best Fitness: [1.57360451e-09]
9
iteration 1800
Best Fitness: [4.35286706e-15]
27
iteration 1900
Best Fitness: [9.4519848e-21]
27
iteration 2000
Best Fitness: [8.39283995e-26]
27
iteration 2100
Best Fitness: [5.52586445e-31]
27
iteration 2200
Best Fitness: [6.91713216e-36]
27
iteration 2300
Best Fitness: [9.77251572e-41]
27
iteration 2400
Best Fitness: [1.82361652e-50]
81
iteration 2500
Best Fitness: [3.01967877e-58]
81
iteration 2600
Best Fitness: [4.62134138e-65]
81
iteration 2700
Best Fitness: [5.9799835e-73]
81
iteration 2800
Best Fitness: [3.17628093e-79]
81
iteration 2900
Best Fitness: [2.11897699e-89]
100
iteration 2999
Best Fitness: [4.01983884e-100]
100
iteration 0
Best Fitness: [1.9742595e+12]
1
iteration 100
Best Fitness: [6.77386848e+11]
1
iteration 200
Best Fitness: [3.30818201e+11]
1
iteration 300
Best Fitness: [1.44252788e+11]
1
iteration 400
Best Fitness: [7.20648754e+10]
1
iteration 500
Best Fitness: [3.00413297e+10]
1
iteration 600
Best Fitness: [9.93147584e+09]
3
iteration 700
Best Fitness: [1.16248417e+09]
3
iteration 800
Best Fitness: [1.33104114e+08]
3
iteration 900
Best Fitness: [15263804.36815399]
3
iteration 1000
Best Fitness: [1998828.35261067]
3
iteration 1100
Best Fitness: [214547.12968602]
3
iteration 1200
Best Fitness: [2895.77850503]
9
iteration 1300
Best Fitness: [8.19519931]
9
iteration 1400
Best Fitness: [0.02505896]
9
iteration 1500
Best Fitness: [0.00016136]
9
iteration 1600
Best Fitness: [4.58106314e-07]
9
iteration 1700
Best Fitness: [3.55004479e-09]
9
iteration 1800
Best Fitness: [4.91208439e-15]
27
iteration 1900
Best Fitness: [2.79508884e-20]
27
iteration 2000
Best Fitness: [1.56335483e-25]
27
iteration 2100
Best Fitness: [1.57537672e-30]
27
iteration 2200
Best Fitness: [5.70546266e-36]
27
iteration 2300
Best Fitness: [4.01090543e-41]
27
iteration 2400
Best Fitness: [8.73891576e-51]
81
iteration 2500
Best Fitness: [8.75475509e-58]
81
iteration 2600
Best Fitness: [2.68074249e-65]
81
iteration 2700
Best Fitness: [3.04019173e-72]
81
iteration 2800
Best Fitness: [1.07143251e-79]
81
iteration 2900
Best Fitness: [1.28281628e-89]
100
iteration 2999
Best Fitness: [4.60287879e-100]
100
iteration 0
Best Fitness: [2.19603323e+12]
1
iteration 100
Best Fitness: [7.34156346e+11]
1
iteration 200
Best Fitness: [3.11835514e+11]
1
iteration 300
Best Fitness: [1.4966883e+11]
1
iteration 400
Best Fitness: [8.07267377e+10]
1
iteration 500
Best Fitness: [4.19426896e+10]
1
iteration 600
Best Fitness: [1.08902459e+10]
3
iteration 700
Best Fitness: [1.59714049e+09]
3
iteration 800
Best Fitness: [1.54465202e+08]
3
iteration 900
Best Fitness: [20859734.33162302]
3
iteration 1000
Best Fitness: [2825496.44578344]
3
iteration 1100
Best Fitness: [400327.14510327]
3
iteration 1200
Best Fitness: [3214.4408898]
9
iteration 1300
Best Fitness: [11.62043977]
9
iteration 1400
Best Fitness: [0.04503947]
9
iteration 1500
Best Fitness: [0.0001618]
9
iteration 1600
Best Fitness: [6.60348208e-07]
9
iteration 1700
Best Fitness: [2.80708153e-09]
9
iteration 1800
Best Fitness: [6.75868224e-15]
27
iteration 1900
Best Fitness: [3.61636709e-20]
27
iteration 2000
Best Fitness: [1.56169761e-25]
27
iteration 2100
Best Fitness: [1.12249366e-30]
27
iteration 2200
Best Fitness: [1.3893549e-35]
27
iteration 2300
Best Fitness: [3.59206115e-41]
27
iteration 2400
Best Fitness: [5.13453302e-51]
81
iteration 2500
Best Fitness: [5.57510793e-58]
81
iteration 2600
Best Fitness: [2.27750316e-65]
81
iteration 2700
Best Fitness: [1.05020722e-72]
81
iteration 2800
Best Fitness: [1.82557227e-79]
81
iteration 2900
Best Fitness: [1.36645753e-89]
100
iteration 2999
Best Fitness: [3.21801031e-100]
100
iteration 0
Best Fitness: [2.17530761e+12]
1
iteration 100
Best Fitness: [7.86086752e+11]
1
iteration 200
Best Fitness: [2.68443651e+11]
1
iteration 300
Best Fitness: [1.27645133e+11]
1
iteration 400
Best Fitness: [6.75687592e+10]
1
iteration 500
Best Fitness: [3.44208096e+10]
1
iteration 600
Best Fitness: [9.05411863e+09]
3
iteration 700
Best Fitness: [1.17984321e+09]
3
iteration 800
Best Fitness: [92406463.31333907]
3
iteration 900
Best Fitness: [14418857.83626409]
3
iteration 1000
Best Fitness: [2243259.88917221]
3
iteration 1100
Best Fitness: [304109.80488126]
3
iteration 1200
Best Fitness: [2739.40083272]
9
iteration 1300
Best Fitness: [7.57721646]
9
iteration 1400
Best Fitness: [0.04671262]
9
iteration 1500
Best Fitness: [0.00011617]
9
iteration 1600
Best Fitness: [4.55371624e-07]
9
iteration 1700
Best Fitness: [2.0735525e-09]
9
iteration 1800
Best Fitness: [4.8622423e-15]
27
iteration 1900
Best Fitness: [1.94123965e-20]
27
iteration 2000
Best Fitness: [1.79528071e-25]
27
iteration 2100
Best Fitness: [1.50530099e-30]
27
iteration 2200
Best Fitness: [1.08873914e-35]
27
iteration 2300
Best Fitness: [2.20396233e-40]
27
iteration 2400
Best Fitness: [1.62302744e-50]
81
iteration 2500
Best Fitness: [6.35645911e-58]
81
iteration 2600
Best Fitness: [5.27039518e-65]
81
iteration 2700
Best Fitness: [5.24813303e-72]
81
iteration 2800
Best Fitness: [8.11279649e-79]
81
iteration 2900
Best Fitness: [2.68541886e-89]
100
iteration 2999
Best Fitness: [3.54302344e-99]
100
iteration 0
Best Fitness: [2.23740454e+12]
1
iteration 100
Best Fitness: [7.11162958e+11]
1
iteration 200
Best Fitness: [2.77837072e+11]
1
iteration 300
Best Fitness: [1.42959124e+11]
1
iteration 400
Best Fitness: [5.05369431e+10]
1
iteration 500
Best Fitness: [3.4628786e+10]
1
iteration 600
Best Fitness: [8.03747722e+09]
3
iteration 700
Best Fitness: [9.98589522e+08]
3
iteration 800
Best Fitness: [1.14119905e+08]
3
iteration 900
Best Fitness: [15405246.95655753]
3
iteration 1000
Best Fitness: [2601050.88282507]
3
iteration 1100
Best Fitness: [254191.71843842]
3
iteration 1200
Best Fitness: [2935.19982356]
9
iteration 1300
Best Fitness: [6.84887952]
9
iteration 1400
Best Fitness: [0.04231571]
9
iteration 1500
Best Fitness: [0.00013885]
9
iteration 1600
Best Fitness: [4.65952568e-07]
9
iteration 1700
Best Fitness: [3.84984751e-09]
9
iteration 1800
Best Fitness: [7.58174788e-15]
27
iteration 1900
Best Fitness: [1.32597599e-20]
27
iteration 2000
Best Fitness: [7.59447523e-26]
27
iteration 2100
Best Fitness: [5.58657032e-31]
27
iteration 2200
Best Fitness: [5.38840749e-36]
27
iteration 2300
Best Fitness: [4.7589593e-41]
27
iteration 2400
Best Fitness: [9.73120034e-51]
81
iteration 2500
Best Fitness: [2.87277043e-58]
81
iteration 2600
Best Fitness: [2.62909917e-65]
81
iteration 2700
Best Fitness: [3.98860986e-73]
81
iteration 2800
Best Fitness: [9.37811624e-80]
81
iteration 2900
Best Fitness: [1.23922637e-89]
100
iteration 2999
Best Fitness: [2.4403347e-100]
100
iteration 0
Best Fitness: [2.34387129e+12]
1
iteration 100
Best Fitness: [7.33024789e+11]
1
iteration 200
Best Fitness: [2.54398634e+11]
1
iteration 300
Best Fitness: [1.31636305e+11]
1
iteration 400
Best Fitness: [7.39204472e+10]
1
iteration 500
Best Fitness: [3.91935323e+10]
1
iteration 600
Best Fitness: [1.03239912e+10]
3
iteration 700
Best Fitness: [1.30623942e+09]
3
iteration 800
Best Fitness: [1.58951968e+08]
3
iteration 900
Best Fitness: [17842525.34482248]
3
iteration 1000
Best Fitness: [2377841.67415726]
3
iteration 1100
Best Fitness: [252883.15315299]
3
iteration 1200
Best Fitness: [2866.68996726]
9
iteration 1300
Best Fitness: [9.32910174]
9
iteration 1400
Best Fitness: [0.03891592]
9
iteration 1500
Best Fitness: [0.0002399]
9
iteration 1600
Best Fitness: [7.52833406e-07]
9
iteration 1700
Best Fitness: [6.43456934e-09]
9
iteration 1800
Best Fitness: [7.73591142e-15]
27
iteration 1900
Best Fitness: [3.56987114e-20]
27
iteration 2000
Best Fitness: [1.19110862e-25]
27
iteration 2100
Best Fitness: [4.9089735e-31]
27
iteration 2200
Best Fitness: [8.71231924e-36]
27
iteration 2300
Best Fitness: [7.11181947e-41]
27
iteration 2400
Best Fitness: [6.66060808e-51]
81
iteration 2500
Best Fitness: [4.00276948e-58]
81
iteration 2600
Best Fitness: [2.01082639e-65]
81
iteration 2700
Best Fitness: [1.03603708e-72]
81
iteration 2800
Best Fitness: [8.81419754e-80]
81
iteration 2900
Best Fitness: [8.81492425e-90]
100
iteration 2999
Best Fitness: [6.80367743e-100]
100
[array([4.61776915e-99]), array([1.35864511e-99]), array([4.19386917e-100]), array([2.63466295e-99]), array([4.01983884e-100]), array([4.60287879e-100]), array([3.21801031e-100]), array([3.54302344e-99]), array([2.4403347e-100]), array([6.80367743e-100])]
iteration 0
Best Fitness: [1.53207902e+168]
1
iteration 100
Best Fitness: [2.39382999e+137]
1
iteration 200
Best Fitness: [5.68828377e+130]
1
iteration 300
Best Fitness: [1.61047508e+126]
1
iteration 400
Best Fitness: [5.2389773e+122]
1
iteration 500
Best Fitness: [4.1150969e+121]
1
iteration 600
Best Fitness: [3.13494873e+117]
3
iteration 700
Best Fitness: [3.16682637e+107]
3
iteration 800
Best Fitness: [1.08277427e+102]
3
iteration 900
Best Fitness: [8.51467342e+93]
3
iteration 1000
Best Fitness: [7.54084177e+86]
3
iteration 1100
Best Fitness: [3.58890037e+78]
3
iteration 1200
Best Fitness: [5.73009897e+54]
9
iteration 1300
Best Fitness: [8.4867374e+24]
9
iteration 1400
Best Fitness: [381696.57517608]
9
iteration 1500
Best Fitness: [44.16060049]
9
iteration 1600
Best Fitness: [0.00884319]
9
iteration 1700
Best Fitness: [7.98860176e-06]
9
iteration 1800
Best Fitness: [5.12305085e-10]
27
iteration 1900
Best Fitness: [2.71370032e-14]
27
iteration 2000
Best Fitness: [1.53011103e-18]
27
iteration 2100
Best Fitness: [8.21830975e-22]
27
iteration 2200
Best Fitness: [5.54071047e-26]
27
iteration 2300
Best Fitness: [2.03425978e-29]
27
iteration 2400
Best Fitness: [1.55949344e-33]
81
iteration 2500
Best Fitness: [4.03639022e-39]
81
iteration 2600
Best Fitness: [1.2283503e-42]
81
iteration 2700
Best Fitness: [2.60053313e-46]
81
iteration 2800
Best Fitness: [1.88518521e-49]
81
iteration 2900
Best Fitness: [2.86046957e-55]
100
iteration 2999
Best Fitness: [4.24475362e-61]
100
iteration 0
Best Fitness: [1.20788779e+171]
1
iteration 100
Best Fitness: [6.11256044e+138]
1
iteration 200
Best Fitness: [9.72101774e+132]
1
iteration 300
Best Fitness: [1.14809272e+129]
1
iteration 400
Best Fitness: [1.6489264e+122]
1
iteration 500
Best Fitness: [6.85269184e+118]
1
iteration 600
Best Fitness: [9.04254884e+109]
3
iteration 700
Best Fitness: [1.81240427e+104]
3
iteration 800
Best Fitness: [1.06947321e+98]
3
iteration 900
Best Fitness: [7.83538604e+89]
3
iteration 1000
Best Fitness: [2.23047414e+81]
3
iteration 1100
Best Fitness: [1.78890037e+75]
3
iteration 1200
Best Fitness: [4.51803977e+59]
9
iteration 1300
Best Fitness: [4.04738138e+38]
9
iteration 1400
Best Fitness: [3.58781791e+08]
9
iteration 1500
Best Fitness: [632.88690402]
9
iteration 1600
Best Fitness: [0.25045718]
9
iteration 1700
Best Fitness: [0.000711]
9
iteration 1800
Best Fitness: [3.41239116e-09]
27
iteration 1900
Best Fitness: [4.7658495e-13]
27
iteration 2000
Best Fitness: [6.27701692e-17]
27
iteration 2100
Best Fitness: [1.21489219e-20]
27
iteration 2200
Best Fitness: [2.96955322e-24]
27
iteration 2300
Best Fitness: [8.61441907e-28]
27
iteration 2400
Best Fitness: [3.65789907e-33]
81
iteration 2500
Best Fitness: [8.2173749e-38]
81
iteration 2600
Best Fitness: [5.5401583e-42]
81
iteration 2700
Best Fitness: [2.40320935e-46]
81
iteration 2800
Best Fitness: [7.25570992e-50]
81
iteration 2900
Best Fitness: [6.62181429e-56]
100
iteration 2999
Best Fitness: [3.12660914e-60]
100
iteration 0
Best Fitness: [1.41508361e+169]
1
iteration 100
Best Fitness: [2.59352449e+141]
1
iteration 200
Best Fitness: [7.73038606e+126]
1
iteration 300
Best Fitness: [4.09409484e+123]
1
iteration 400
Best Fitness: [1.14448782e+115]
1
iteration 500
Best Fitness: [6.44015421e+111]
1
iteration 600
Best Fitness: [3.12420034e+104]
3
iteration 700
Best Fitness: [4.26204492e+96]
3
iteration 800
Best Fitness: [4.68663986e+91]
3
iteration 900
Best Fitness: [3.97746161e+84]
3
iteration 1000
Best Fitness: [8.18071903e+75]
3
iteration 1100
Best Fitness: [1.46817082e+74]
3
iteration 1200
Best Fitness: [7.96806513e+68]
9
iteration 1300
Best Fitness: [1.93785903e+36]
9
iteration 1400
Best Fitness: [1.21813845e+13]
9
iteration 1500
Best Fitness: [157.15100357]
9
iteration 1600
Best Fitness: [0.0272505]
9
iteration 1700
Best Fitness: [9.88531915e-06]
9
iteration 1800
Best Fitness: [1.05826553e-10]
27
iteration 1900
Best Fitness: [6.40256752e-14]
27
iteration 2000
Best Fitness: [9.75117322e-18]
27
iteration 2100
Best Fitness: [6.83816737e-21]
27
iteration 2200
Best Fitness: [3.59295692e-25]
27
iteration 2300
Best Fitness: [3.19265222e-29]
27
iteration 2400
Best Fitness: [3.48426852e-34]
81
iteration 2500
Best Fitness: [8.19441155e-39]
81
iteration 2600
Best Fitness: [6.98293304e-42]
81
iteration 2700
Best Fitness: [3.9273691e-46]
81
iteration 2800
Best Fitness: [5.94569487e-52]
81
iteration 2900
Best Fitness: [8.3620151e-59]
100
iteration 2999
Best Fitness: [2.26736217e-64]
100
iteration 0
Best Fitness: [1.68521222e+170]
1
iteration 100
Best Fitness: [8.66966372e+144]
1
iteration 200
Best Fitness: [1.12028409e+133]
1
iteration 300
Best Fitness: [9.81761314e+124]
1
iteration 400
Best Fitness: [1.80607666e+120]
1
iteration 500
Best Fitness: [9.36884823e+117]
1
iteration 600
Best Fitness: [4.56748569e+109]
3
iteration 700
Best Fitness: [6.0684502e+104]
3
iteration 800
Best Fitness: [7.56368437e+97]
3
iteration 900
Best Fitness: [1.19991979e+93]
3
iteration 1000
Best Fitness: [1.11509e+82]
3
iteration 1100
Best Fitness: [1.79801488e+76]
3
iteration 1200
Best Fitness: [3.20942143e+62]
9
iteration 1300
Best Fitness: [1.13398829e+30]
9
iteration 1400
Best Fitness: [8.67413441e+10]
9
iteration 1500
Best Fitness: [26.98252823]
9
iteration 1600
Best Fitness: [0.03578007]
9
iteration 1700
Best Fitness: [1.11795748e-05]
9
iteration 1800
Best Fitness: [4.25009382e-10]
27
iteration 1900
Best Fitness: [1.43856314e-14]
27
iteration 2000
Best Fitness: [4.02523633e-18]
27
iteration 2100
Best Fitness: [3.71423745e-21]
27
iteration 2200
Best Fitness: [4.35318299e-25]
27
iteration 2300
Best Fitness: [8.70148787e-29]
27
iteration 2400
Best Fitness: [5.41877725e-35]
81
iteration 2500
Best Fitness: [5.06115326e-38]
81
iteration 2600
Best Fitness: [4.59414082e-42]
81
iteration 2700
Best Fitness: [5.24104968e-46]
81
iteration 2800
Best Fitness: [3.33152465e-50]
81
iteration 2900
Best Fitness: [1.09067401e-54]
100
iteration 2999
Best Fitness: [4.31612064e-60]
100
iteration 0
Best Fitness: [6.92897669e+160]
1
iteration 100
Best Fitness: [3.80486825e+140]
1
iteration 200
Best Fitness: [7.28028477e+134]
1
iteration 300
Best Fitness: [6.27187164e+125]
1
iteration 400
Best Fitness: [1.16643775e+121]
1
iteration 500
Best Fitness: [3.15636176e+117]
1
iteration 600
Best Fitness: [5.67192888e+111]
3
iteration 700
Best Fitness: [4.8701327e+101]
3
iteration 800
Best Fitness: [3.18415855e+94]
3
iteration 900
Best Fitness: [1.37285485e+90]
3
iteration 1000
Best Fitness: [1.02648998e+81]
3
iteration 1100
Best Fitness: [3.44117074e+77]
3
iteration 1200
Best Fitness: [8.43790597e+50]
9
iteration 1300
Best Fitness: [5.26100197e+26]
9
iteration 1400
Best Fitness: [309917.55581623]
9
iteration 1500
Best Fitness: [32.10276607]
9
iteration 1600
Best Fitness: [0.02448429]
9
iteration 1700
Best Fitness: [1.34255158e-05]
9
iteration 1800
Best Fitness: [1.44865948e-10]
27
iteration 1900
Best Fitness: [4.77113159e-14]
27
iteration 2000
Best Fitness: [1.93531297e-18]
27
iteration 2100
Best Fitness: [6.37376836e-22]
27
iteration 2200
Best Fitness: [2.67158282e-24]
27
iteration 2300
Best Fitness: [6.54104786e-30]
27
iteration 2400
Best Fitness: [5.15724371e-34]
81
iteration 2500
Best Fitness: [1.74548182e-38]
81
iteration 2600
Best Fitness: [1.55596045e-42]
81
iteration 2700
Best Fitness: [1.82910578e-45]
81
iteration 2800
Best Fitness: [2.7578033e-50]
81
iteration 2900
Best Fitness: [2.53088992e-56]
100
iteration 2999
Best Fitness: [8.17334218e-63]
100
iteration 0
Best Fitness: [1.32516842e+168]
1
iteration 100
Best Fitness: [1.77056498e+143]
1
iteration 200
Best Fitness: [2.84603621e+135]
1
iteration 300
Best Fitness: [1.65481186e+131]
1
iteration 400
Best Fitness: [1.28864416e+127]
1
iteration 500
Best Fitness: [7.80947229e+120]
1
iteration 600
Best Fitness: [1.96543058e+111]
3
iteration 700
Best Fitness: [5.14966714e+107]
3
iteration 800
Best Fitness: [2.45469309e+100]
3
iteration 900
Best Fitness: [8.48621224e+88]
3
iteration 1000
Best Fitness: [1.86043021e+83]
3
iteration 1100
Best Fitness: [7.86089979e+79]
3
iteration 1200
Best Fitness: [1.63155517e+51]
9
iteration 1300
Best Fitness: [2.02347438e+23]
9
iteration 1400
Best Fitness: [305282.27163873]
9
iteration 1500
Best Fitness: [103.31354322]
9
iteration 1600
Best Fitness: [1.43894313]
9
iteration 1700
Best Fitness: [0.00114886]
9
iteration 1800
Best Fitness: [4.78019135e-09]
27
iteration 1900
Best Fitness: [1.51829625e-12]
27
iteration 2000
Best Fitness: [1.15454751e-16]
27
iteration 2100
Best Fitness: [2.3058026e-20]
27
iteration 2200
Best Fitness: [1.98994054e-24]
27
iteration 2300
Best Fitness: [3.99989391e-28]
27
iteration 2400
Best Fitness: [1.10533486e-33]
81
iteration 2500
Best Fitness: [4.59153094e-37]
81
iteration 2600
Best Fitness: [2.27489074e-41]
81
iteration 2700
Best Fitness: [4.54756622e-46]
81
iteration 2800
Best Fitness: [8.91565793e-50]
81
iteration 2900
Best Fitness: [2.11584425e-56]
100
iteration 2999
Best Fitness: [2.20900934e-60]
100
iteration 0
Best Fitness: [1.5895402e+168]
1
iteration 100
Best Fitness: [4.99060992e+143]
1
iteration 200
Best Fitness: [1.01657402e+138]
1
iteration 300
Best Fitness: [1.10658992e+130]
1
iteration 400
Best Fitness: [2.05334989e+127]
1
iteration 500
Best Fitness: [4.62648152e+125]
1
iteration 600
Best Fitness: [5.05066889e+112]
3
iteration 700
Best Fitness: [9.93735628e+105]
3
iteration 800
Best Fitness: [2.66349982e+103]
3
iteration 900
Best Fitness: [1.97431772e+97]
3
iteration 1000
Best Fitness: [1.20503974e+87]
3
iteration 1100
Best Fitness: [1.87364757e+82]
3
iteration 1200
Best Fitness: [3.69318729e+65]
9
iteration 1300
Best Fitness: [1.55049564e+32]
9
iteration 1400
Best Fitness: [8.48893669e+10]
9
iteration 1500
Best Fitness: [13.68594699]
9
iteration 1600
Best Fitness: [0.02019682]
9
iteration 1700
Best Fitness: [1.16317431e-05]
9
iteration 1800
Best Fitness: [2.10089426e-10]
27
iteration 1900
Best Fitness: [3.72267473e-14]
27
iteration 2000
Best Fitness: [6.85688025e-18]
27
iteration 2100
Best Fitness: [1.56322678e-21]
27
iteration 2200
Best Fitness: [1.03556163e-26]
27
iteration 2300
Best Fitness: [3.15391328e-30]
27
iteration 2400
Best Fitness: [6.50091649e-36]
81
iteration 2500
Best Fitness: [1.61981281e-39]
81
iteration 2600
Best Fitness: [4.84255314e-44]
81
iteration 2700
Best Fitness: [1.39149125e-48]
81
iteration 2800
Best Fitness: [2.52199588e-51]
81
iteration 2900
Best Fitness: [2.33336552e-56]
100
iteration 2999
Best Fitness: [1.43262344e-62]
100
iteration 0
Best Fitness: [1.34988981e+173]
1
iteration 100
Best Fitness: [1.0004378e+144]
1
iteration 200
Best Fitness: [1.0111493e+138]
1
iteration 300
Best Fitness: [4.49834028e+132]
1
iteration 400
Best Fitness: [9.57579707e+129]
1
iteration 500
Best Fitness: [1.51044668e+124]
1
iteration 600
Best Fitness: [1.92719576e+116]
3
iteration 700
Best Fitness: [7.04420447e+106]
3
iteration 800
Best Fitness: [1.80323898e+98]
3
iteration 900
Best Fitness: [2.19027818e+95]
3
iteration 1000
Best Fitness: [2.38153238e+91]
3
iteration 1100
Best Fitness: [9.38290374e+86]
3
iteration 1200
Best Fitness: [8.79989478e+68]
9
iteration 1300
Best Fitness: [1.31909033e+45]
9
iteration 1400
Best Fitness: [2.23920261e+14]
9
iteration 1500
Best Fitness: [531.77938748]
9
iteration 1600
Best Fitness: [0.03081378]
9
iteration 1700
Best Fitness: [0.00038871]
9
iteration 1800
Best Fitness: [3.13160351e-10]
27
iteration 1900
Best Fitness: [5.29336188e-14]
27
iteration 2000
Best Fitness: [8.49304605e-17]
27
iteration 2100
Best Fitness: [1.00792407e-20]
27
iteration 2200
Best Fitness: [4.38392678e-25]
27
iteration 2300
Best Fitness: [4.45964199e-29]
27
iteration 2400
Best Fitness: [7.9784145e-34]
81
iteration 2500
Best Fitness: [7.33800801e-40]
81
iteration 2600
Best Fitness: [5.0576745e-42]
81
iteration 2700
Best Fitness: [8.0578821e-46]
81
iteration 2800
Best Fitness: [5.70587919e-51]
81
iteration 2900
Best Fitness: [1.71278884e-56]
100
iteration 2999
Best Fitness: [8.37260037e-62]
100
iteration 0
Best Fitness: [1.53168525e+174]
1
iteration 100
Best Fitness: [1.06761141e+146]
1
iteration 200
Best Fitness: [4.30435526e+136]
1
iteration 300
Best Fitness: [1.83831744e+129]
1
iteration 400
Best Fitness: [2.91881074e+124]
1
iteration 500
Best Fitness: [1.01627223e+122]
1
iteration 600
Best Fitness: [2.95479913e+112]
3
iteration 700
Best Fitness: [5.18346642e+106]
3
iteration 800
Best Fitness: [2.4346773e+98]
3
iteration 900
Best Fitness: [1.20415563e+89]
3
iteration 1000
Best Fitness: [1.06206237e+88]
3
iteration 1100
Best Fitness: [1.07813778e+76]
3
iteration 1200
Best Fitness: [1.8929368e+64]
9
iteration 1300
Best Fitness: [3.7089197e+24]
9
iteration 1400
Best Fitness: [8.82263375e+09]
9
iteration 1500
Best Fitness: [36.60925424]
9
iteration 1600
Best Fitness: [0.02665695]
9
iteration 1700
Best Fitness: [3.58153618e-06]
9
iteration 1800
Best Fitness: [5.75127332e-11]
27
iteration 1900
Best Fitness: [1.63916456e-14]
27
iteration 2000
Best Fitness: [1.63613101e-17]
27
iteration 2100
Best Fitness: [2.26585744e-22]
27
iteration 2200
Best Fitness: [2.68349638e-26]
27
iteration 2300
Best Fitness: [3.54218932e-29]
27
iteration 2400
Best Fitness: [1.10830673e-34]
81
iteration 2500
Best Fitness: [1.44739237e-37]
81
iteration 2600
Best Fitness: [2.12827722e-42]
81
iteration 2700
Best Fitness: [1.00879695e-45]
81
iteration 2800
Best Fitness: [1.65699041e-50]
81
iteration 2900
Best Fitness: [4.08386858e-58]
100
iteration 2999
Best Fitness: [1.95266522e-61]
100
iteration 0
Best Fitness: [4.84886513e+166]
1
iteration 100
Best Fitness: [6.25599948e+140]
1
iteration 200
Best Fitness: [2.68640931e+131]
1
iteration 300
Best Fitness: [2.62062809e+125]
1
iteration 400
Best Fitness: [1.65062514e+123]
1
iteration 500
Best Fitness: [8.75933816e+116]
1
iteration 600
Best Fitness: [1.16956712e+110]
3
iteration 700
Best Fitness: [1.32983165e+96]
3
iteration 800
Best Fitness: [4.15317538e+91]
3
iteration 900
Best Fitness: [3.19620591e+88]
3
iteration 1000
Best Fitness: [1.55366061e+85]
3
iteration 1100
Best Fitness: [3.4230963e+76]
3
iteration 1200
Best Fitness: [3.11854221e+65]
9
iteration 1300
Best Fitness: [1.09210537e+36]
9
iteration 1400
Best Fitness: [26428639.82689054]
9
iteration 1500
Best Fitness: [22.78707542]
9
iteration 1600
Best Fitness: [0.02875858]
9
iteration 1700
Best Fitness: [2.57805593e-05]
9
iteration 1800
Best Fitness: [6.22128284e-10]
27
iteration 1900
Best Fitness: [4.62278517e-14]
27
iteration 2000
Best Fitness: [3.07866844e-18]
27
iteration 2100
Best Fitness: [2.08703939e-22]
27
iteration 2200
Best Fitness: [2.3406966e-25]
27
iteration 2300
Best Fitness: [2.42395239e-29]
27
iteration 2400
Best Fitness: [5.42756743e-35]
81
iteration 2500
Best Fitness: [2.21893717e-38]
81
iteration 2600
Best Fitness: [2.40427087e-42]
81
iteration 2700
Best Fitness: [1.50740194e-46]
81
iteration 2800
Best Fitness: [1.11781279e-50]
81
iteration 2900
Best Fitness: [1.19564508e-55]
100
iteration 2999
Best Fitness: [7.41677325e-61]
100
[array([4.24475362e-61]), array([3.12660914e-60]), array([2.26736217e-64]), array([4.31612064e-60]), array([8.17334218e-63]), array([2.20900934e-60]), array([1.43262344e-62]), array([8.37260037e-62]), array([1.95266522e-61]), array([7.41677325e-61])]
iteration 0
Best Fitness: [2.10117442e+08]
1
iteration 100
Best Fitness: [265851.50434423]
1
iteration 200
Best Fitness: [265834.07866303]
1
iteration 300
Best Fitness: [265834.07866303]
1
iteration 400
Best Fitness: [265834.07866303]
1
iteration 500
Best Fitness: [265834.07866303]
1
iteration 600
Best Fitness: [263677.71086835]
3
iteration 700
Best Fitness: [256499.5874963]
3
iteration 800
Best Fitness: [233457.26427613]
3
iteration 900
Best Fitness: [231218.24894004]
3
iteration 1000
Best Fitness: [230650.26012937]
3
iteration 1100
Best Fitness: [230328.10666606]
3
iteration 1200
Best Fitness: [171574.08667745]
9
iteration 1300
Best Fitness: [157699.55800021]
9
iteration 1400
Best Fitness: [153104.33826279]
9
iteration 1500
Best Fitness: [151049.92588493]
9
iteration 1600
Best Fitness: [146933.16143876]
9
iteration 1700
Best Fitness: [143718.58024644]
9
iteration 1800
Best Fitness: [91003.99013779]
27
iteration 1900
Best Fitness: [79446.22122808]
27
iteration 2000
Best Fitness: [72658.74497591]
27
iteration 2100
Best Fitness: [67573.65479475]
27
iteration 2200
Best Fitness: [64100.68638746]
27
iteration 2300
Best Fitness: [60250.22822573]
27
iteration 2400
Best Fitness: [53540.32353043]
81
iteration 2500
Best Fitness: [50548.76531377]
81
iteration 2600
Best Fitness: [47977.46747338]
81
iteration 2700
Best Fitness: [45794.86221863]
81
iteration 2800
Best Fitness: [43867.53639979]
81
iteration 2900
Best Fitness: [41960.78414988]
100
iteration 2999
Best Fitness: [40030.0194878]
100
iteration 0
Best Fitness: [1.23408239e+08]
1
iteration 100
Best Fitness: [335726.39115618]
1
iteration 200
Best Fitness: [334102.32095257]
1
iteration 300
Best Fitness: [333748.53507776]
1
iteration 400
Best Fitness: [333744.01651681]
1
iteration 500
Best Fitness: [331730.05467199]
1
iteration 600
Best Fitness: [331628.35699209]
3
iteration 700
Best Fitness: [318303.5595832]
3
iteration 800
Best Fitness: [317834.07757779]
3
iteration 900
Best Fitness: [317834.07751598]
3
iteration 1000
Best Fitness: [315778.60722941]
3
iteration 1100
Best Fitness: [300487.72202624]
3
iteration 1200
Best Fitness: [264952.16219216]
9
iteration 1300
Best Fitness: [252163.34994671]
9
iteration 1400
Best Fitness: [243253.31883763]
9
iteration 1500
Best Fitness: [231860.36882655]
9
iteration 1600
Best Fitness: [222828.84060616]
9
iteration 1700
Best Fitness: [221220.19943241]
9
iteration 1800
Best Fitness: [147324.03594808]
27
iteration 1900
Best Fitness: [138209.75869896]
27
iteration 2000
Best Fitness: [130599.11257155]
27
iteration 2100
Best Fitness: [122501.4439495]
27
iteration 2200
Best Fitness: [117505.38804947]
27
iteration 2300
Best Fitness: [116121.19042386]
27
iteration 2400
Best Fitness: [105429.41294552]
81
iteration 2500
Best Fitness: [102080.40914695]
81
iteration 2600
Best Fitness: [99156.62420586]
81
iteration 2700
Best Fitness: [96599.54191191]
81
iteration 2800
Best Fitness: [94563.61919863]
81
iteration 2900
Best Fitness: [92740.27734298]
100
iteration 2999
Best Fitness: [91147.60193547]
100
iteration 0
Best Fitness: [273107.0707531]
1
iteration 100
Best Fitness: [261223.91801965]
1
iteration 200
Best Fitness: [261186.6781268]
1
iteration 300
Best Fitness: [261186.67812672]
1
iteration 400
Best Fitness: [261059.2255304]
1
iteration 500
Best Fitness: [261041.16653844]
1
iteration 600
Best Fitness: [257591.9582207]
3
iteration 700
Best Fitness: [254201.96650376]
3
iteration 800
Best Fitness: [245808.12257456]
3
iteration 900
Best Fitness: [245805.50502127]
3
iteration 1000
Best Fitness: [243324.13899461]
3
iteration 1100
Best Fitness: [235050.44269305]
3
iteration 1200
Best Fitness: [185553.75674128]
9
iteration 1300
Best Fitness: [172615.05625415]
9
iteration 1400
Best Fitness: [166364.02316358]
9
iteration 1500
Best Fitness: [158621.25563124]
9
iteration 1600
Best Fitness: [150222.39673298]
9
iteration 1700
Best Fitness: [136327.53600123]
9
iteration 1800
Best Fitness: [87926.57643111]
27
iteration 1900
Best Fitness: [80736.20454685]
27
iteration 2000
Best Fitness: [72804.76659847]
27
iteration 2100
Best Fitness: [69838.51790375]
27
iteration 2200
Best Fitness: [67716.67251591]
27
iteration 2300
Best Fitness: [64684.29818752]
27
iteration 2400
Best Fitness: [59746.6252289]
81
iteration 2500
Best Fitness: [57449.42641851]
81
iteration 2600
Best Fitness: [55480.03450195]
81
iteration 2700
Best Fitness: [53843.49427898]
81
iteration 2800
Best Fitness: [52439.80657831]
81
iteration 2900
Best Fitness: [51091.59618491]
100
iteration 2999
Best Fitness: [49573.84657285]
100
iteration 0
Best Fitness: [4089199.02884751]
1
iteration 100
Best Fitness: [296407.01756202]
1
iteration 200
Best Fitness: [278478.60477899]
1
iteration 300
Best Fitness: [278478.60477455]
1
iteration 400
Best Fitness: [278478.60477455]
1
iteration 500
Best Fitness: [278478.60477455]
1
iteration 600
Best Fitness: [274936.7552931]
3
iteration 700
Best Fitness: [260863.04497188]
3
iteration 800
Best Fitness: [260564.37961235]
3
iteration 900
Best Fitness: [258981.77857693]
3
iteration 1000
Best Fitness: [258732.2393889]
3
iteration 1100
Best Fitness: [255239.844073]
3
iteration 1200
Best Fitness: [198272.01374389]
9
iteration 1300
Best Fitness: [173961.88921627]
9
iteration 1400
Best Fitness: [167579.28617267]
9
iteration 1500
Best Fitness: [160289.47464102]
9
iteration 1600
Best Fitness: [158090.4157745]
9
iteration 1700
Best Fitness: [152070.90926492]
9
iteration 1800
Best Fitness: [79385.91837544]
27
iteration 1900
Best Fitness: [73902.00293608]
27
iteration 2000
Best Fitness: [69144.8661725]
27
iteration 2100
Best Fitness: [64987.36517837]
27
iteration 2200
Best Fitness: [64132.05170389]
27
iteration 2300
Best Fitness: [61078.83352054]
27
iteration 2400
Best Fitness: [53186.67713493]
81
iteration 2500
Best Fitness: [50058.1366984]
81
iteration 2600
Best Fitness: [47523.29768641]
81
iteration 2700
Best Fitness: [45388.87352552]
81
iteration 2800
Best Fitness: [43529.08504896]
81
iteration 2900
Best Fitness: [41905.52617115]
100
iteration 2999
Best Fitness: [40506.60623635]
100
iteration 0
Best Fitness: [2354996.54903004]
1
iteration 100
Best Fitness: [304079.9618221]
1
iteration 200
Best Fitness: [302118.9018854]
1
iteration 300
Best Fitness: [302005.70334356]
1
iteration 400
Best Fitness: [302005.45046795]
1
iteration 500
Best Fitness: [288008.35727404]
1
iteration 600
Best Fitness: [260758.04374246]
3
iteration 700
Best Fitness: [236545.51198404]
3
iteration 800
Best Fitness: [231200.17556111]
3
iteration 900
Best Fitness: [227184.30717551]
3
iteration 1000
Best Fitness: [227183.85283283]
3
iteration 1100
Best Fitness: [218929.58795009]
3
iteration 1200
Best Fitness: [176536.6301434]
9
iteration 1300
Best Fitness: [154635.8010898]
9
iteration 1400
Best Fitness: [148970.81786811]
9
iteration 1500
Best Fitness: [144805.4124793]
9
iteration 1600
Best Fitness: [137604.58959298]
9
iteration 1700
Best Fitness: [129540.26359115]
9
iteration 1800
Best Fitness: [58353.39667362]
27
iteration 1900
Best Fitness: [53464.74858619]
27
iteration 2000
Best Fitness: [49088.06220367]
27
iteration 2100
Best Fitness: [45766.47371977]
27
iteration 2200
Best Fitness: [42562.93436237]
27
iteration 2300
Best Fitness: [38141.09620512]
27
iteration 2400
Best Fitness: [33845.42851162]
81
iteration 2500
Best Fitness: [32145.05081385]
81
iteration 2600
Best Fitness: [30695.84040363]
81
iteration 2700
Best Fitness: [29314.22163221]
81
iteration 2800
Best Fitness: [28021.47102702]
81
iteration 2900
Best Fitness: [26806.91864694]
100
iteration 2999
Best Fitness: [25731.75043846]
100
iteration 0
Best Fitness: [8.9749558e+08]
1
iteration 100
Best Fitness: [267589.83845282]
1
iteration 200
Best Fitness: [247002.82925901]
1
iteration 300
Best Fitness: [246968.03566785]
1
iteration 400
Best Fitness: [246968.03549543]
1
iteration 500
Best Fitness: [246968.03549543]
1
iteration 600
Best Fitness: [242026.18254416]
3
iteration 700
Best Fitness: [231286.01743367]
3
iteration 800
Best Fitness: [229085.70976808]
3
iteration 900
Best Fitness: [226779.42177187]
3
iteration 1000
Best Fitness: [223792.54207058]
3
iteration 1100
Best Fitness: [223657.91727843]
3
iteration 1200
Best Fitness: [180680.84505384]
9
iteration 1300
Best Fitness: [173172.24386172]
9
iteration 1400
Best Fitness: [166958.96326273]
9
iteration 1500
Best Fitness: [152679.44862358]
9
iteration 1600
Best Fitness: [147457.94159887]
9
iteration 1700
Best Fitness: [135078.16352524]
9
iteration 1800
Best Fitness: [70976.00448208]
27
iteration 1900
Best Fitness: [57864.718079]
27
iteration 2000
Best Fitness: [54288.65539706]
27
iteration 2100
Best Fitness: [49665.83151495]
27
iteration 2200
Best Fitness: [47669.92852624]
27
iteration 2300
Best Fitness: [45832.65656673]
27
iteration 2400
Best Fitness: [41582.00658059]
81
iteration 2500
Best Fitness: [39264.92875928]
81
iteration 2600
Best Fitness: [37468.7847811]
81
iteration 2700
Best Fitness: [35966.75357724]
81
iteration 2800
Best Fitness: [34636.63357066]
81
iteration 2900
Best Fitness: [33443.92688552]
100
iteration 2999
Best Fitness: [32261.36601565]
100
iteration 0
Best Fitness: [9.38160943e+08]
1
iteration 100
Best Fitness: [299933.74253173]
1
iteration 200
Best Fitness: [299914.77939196]
1
iteration 300
Best Fitness: [299914.77939196]
1
iteration 400
Best Fitness: [299914.77939196]
1
iteration 500
Best Fitness: [299914.77939196]
1
iteration 600
Best Fitness: [286388.88395215]
3
iteration 700
Best Fitness: [282691.89913553]
3
iteration 800
Best Fitness: [282665.75441317]
3
iteration 900
Best Fitness: [282263.50779425]
3
iteration 1000
Best Fitness: [280800.79704104]
3
iteration 1100
Best Fitness: [280538.47364142]
3
iteration 1200
Best Fitness: [214397.52152308]
9
iteration 1300
Best Fitness: [197748.71117532]
9
iteration 1400
Best Fitness: [185202.22566782]
9
iteration 1500
Best Fitness: [166678.26371488]
9
iteration 1600
Best Fitness: [160009.22205873]
9
iteration 1700
Best Fitness: [153551.97145585]
9
iteration 1800
Best Fitness: [89862.43301016]
27
iteration 1900
Best Fitness: [78656.24719675]
27
iteration 2000
Best Fitness: [72738.03509896]
27
iteration 2100
Best Fitness: [67572.54873205]
27
iteration 2200
Best Fitness: [63359.68508503]
27
iteration 2300
Best Fitness: [60623.05434766]
27
iteration 2400
Best Fitness: [49112.1219633]
81
iteration 2500
Best Fitness: [45889.82429589]
81
iteration 2600
Best Fitness: [43235.76404839]
81
iteration 2700
Best Fitness: [40987.52839735]
81
iteration 2800
Best Fitness: [39031.47783215]
81
iteration 2900
Best Fitness: [37216.02473652]
100
iteration 2999
Best Fitness: [35341.77301901]
100
iteration 0
Best Fitness: [4707988.65493766]
1
iteration 100
Best Fitness: [276016.46769877]
1
iteration 200
Best Fitness: [275988.14809504]
1
iteration 300
Best Fitness: [275988.14809504]
1
iteration 400
Best Fitness: [275988.14809504]
1
iteration 500
Best Fitness: [275988.14809504]
1
iteration 600
Best Fitness: [273383.87110397]
3
iteration 700
Best Fitness: [253479.00318372]
3
iteration 800
Best Fitness: [241664.04429491]
3
iteration 900
Best Fitness: [234195.73931226]
3
iteration 1000
Best Fitness: [234183.17278744]
3
iteration 1100
Best Fitness: [226922.62633556]
3
iteration 1200
Best Fitness: [186784.81599261]
9
iteration 1300
Best Fitness: [173774.0284283]
9
iteration 1400
Best Fitness: [160297.5117939]
9
iteration 1500
Best Fitness: [149353.80141941]
9
iteration 1600
Best Fitness: [130508.79633049]
9
iteration 1700
Best Fitness: [121716.91645435]
9
iteration 1800
Best Fitness: [79355.5580583]
27
iteration 1900
Best Fitness: [71414.067087]
27
iteration 2000
Best Fitness: [65468.63574215]
27
iteration 2100
Best Fitness: [59304.75901371]
27
iteration 2200
Best Fitness: [56825.06721638]
27
iteration 2300
Best Fitness: [52533.15060331]
27
iteration 2400
Best Fitness: [47631.30691287]
81
iteration 2500
Best Fitness: [45975.48128608]
81
iteration 2600
Best Fitness: [44526.73301581]
81
iteration 2700
Best Fitness: [43244.58013726]
81
iteration 2800
Best Fitness: [42126.26596105]
81
iteration 2900
Best Fitness: [41125.35688927]
100
iteration 2999
Best Fitness: [40262.5307292]
100
iteration 0
Best Fitness: [481127.08937866]
1
iteration 100
Best Fitness: [301129.04632047]
1
iteration 200
Best Fitness: [288526.26900233]
1
iteration 300
Best Fitness: [288526.00686167]
1
iteration 400
Best Fitness: [288526.00686167]
1
iteration 500
Best Fitness: [288526.00686167]
1
iteration 600
Best Fitness: [288247.4404064]
3
iteration 700
Best Fitness: [282159.15512811]
3
iteration 800
Best Fitness: [282159.06522765]
3
iteration 900
Best Fitness: [275238.04298658]
3
iteration 1000
Best Fitness: [274130.05869346]
3
iteration 1100
Best Fitness: [273948.91710845]
3
iteration 1200
Best Fitness: [210370.11936328]
9
iteration 1300
Best Fitness: [185888.45663291]
9
iteration 1400
Best Fitness: [170802.68156975]
9
iteration 1500
Best Fitness: [161435.31032838]
9
iteration 1600
Best Fitness: [158024.9668673]
9
iteration 1700
Best Fitness: [155024.3006633]
9
iteration 1800
Best Fitness: [76817.79932269]
27
iteration 1900
Best Fitness: [68291.4575479]
27
iteration 2000
Best Fitness: [64481.22191734]
27
iteration 2100
Best Fitness: [56595.81040489]
27
iteration 2200
Best Fitness: [55462.63283885]
27
iteration 2300
Best Fitness: [50220.94634933]
27
iteration 2400
Best Fitness: [44802.72402766]
81
iteration 2500
Best Fitness: [41843.77351141]
81
iteration 2600
Best Fitness: [39360.23303926]
81
iteration 2700
Best Fitness: [37256.12269983]
81
iteration 2800
Best Fitness: [35400.13614142]
81
iteration 2900
Best Fitness: [33720.25085454]
100
iteration 2999
Best Fitness: [31768.23222796]
100
iteration 0
Best Fitness: [793164.13954859]
1
iteration 100
Best Fitness: [248218.45343002]
1
iteration 200
Best Fitness: [248167.52761931]
1
iteration 300
Best Fitness: [248167.52761931]
1
iteration 400
Best Fitness: [248167.52761931]
1
iteration 500
Best Fitness: [248167.52761931]
1
iteration 600
Best Fitness: [243532.69214772]
3
iteration 700
Best Fitness: [223912.47067937]
3
iteration 800
Best Fitness: [216522.06955115]
3
iteration 900
Best Fitness: [216458.39337282]
3
iteration 1000
Best Fitness: [212970.85113026]
3
iteration 1100
Best Fitness: [207221.24604036]
3
iteration 1200
Best Fitness: [172541.14902315]
9
iteration 1300
Best Fitness: [153711.64664761]
9
iteration 1400
Best Fitness: [152874.35535356]
9
iteration 1500
Best Fitness: [145404.92943228]
9
iteration 1600
Best Fitness: [143798.42637175]
9
iteration 1700
Best Fitness: [136824.47652022]
9
iteration 1800
Best Fitness: [70889.45060462]
27
iteration 1900
Best Fitness: [65211.83552773]
27
iteration 2000
Best Fitness: [62961.14724763]
27
iteration 2100
Best Fitness: [60587.22675712]
27
iteration 2200
Best Fitness: [58963.1337661]
27
iteration 2300
Best Fitness: [57087.44397347]
27
iteration 2400
Best Fitness: [52241.37874202]
81
iteration 2500
Best Fitness: [49221.73003392]
81
iteration 2600
Best Fitness: [46617.66242545]
81
iteration 2700
Best Fitness: [44182.19162773]
81
iteration 2800
Best Fitness: [42003.27141534]
81
iteration 2900
Best Fitness: [39952.54639414]
100
iteration 2999
Best Fitness: [37946.39109248]
100
[array([40030.0194878]), array([91147.60193547]), array([49573.84657285]), array([40506.60623635]), array([25731.75043846]), array([32261.36601565]), array([35341.77301901]), array([40262.5307292]), array([31768.23222796]), array([37946.39109248])]
iteration 0
Best Fitness: [48974.53809128]
1
iteration 100
Best Fitness: [8917.89428205]
1
iteration 200
Best Fitness: [3869.24459115]
1
iteration 300
Best Fitness: [2316.13763286]
1
iteration 400
Best Fitness: [1503.92032976]
1
iteration 500
Best Fitness: [1245.74567626]
1
iteration 600
Best Fitness: [842.52782408]
3
iteration 700
Best Fitness: [499.973862]
3
iteration 800
Best Fitness: [352.43782997]
3
iteration 900
Best Fitness: [240.37346216]
3
iteration 1000
Best Fitness: [172.40403783]
3
iteration 1100
Best Fitness: [160.13042918]
3
iteration 1200
Best Fitness: [125.26103195]
9
iteration 1300
Best Fitness: [96.82475649]
9
iteration 1400
Best Fitness: [94.8932697]
9
iteration 1500
Best Fitness: [94.78543866]
9
iteration 1600
Best Fitness: [94.6317318]
9
iteration 1700
Best Fitness: [94.56143149]
9
iteration 1800
Best Fitness: [93.58134976]
27
iteration 1900
Best Fitness: [91.15030687]
27
iteration 2000
Best Fitness: [89.58523414]
27
iteration 2100
Best Fitness: [87.21213866]
27
iteration 2200
Best Fitness: [85.29389774]
27
iteration 2300
Best Fitness: [83.15914707]
27
iteration 2400
Best Fitness: [79.30658142]
81
iteration 2500
Best Fitness: [76.19610063]
81
iteration 2600
Best Fitness: [72.46625207]
81
iteration 2700
Best Fitness: [68.62907746]
81
iteration 2800
Best Fitness: [65.47644429]
81
iteration 2900
Best Fitness: [62.03089191]
100
iteration 2999
Best Fitness: [59.10399302]
100
iteration 0
Best Fitness: [51719.75510861]
1
iteration 100
Best Fitness: [7215.25386777]
1
iteration 200
Best Fitness: [3568.62888448]
1
iteration 300
Best Fitness: [2164.63782489]
1
iteration 400
Best Fitness: [1646.40220761]
1
iteration 500
Best Fitness: [1249.64547205]
1
iteration 600
Best Fitness: [692.51688672]
3
iteration 700
Best Fitness: [360.57577007]
3
iteration 800
Best Fitness: [235.34556683]
3
iteration 900
Best Fitness: [195.32089171]
3
iteration 1000
Best Fitness: [174.98182684]
3
iteration 1100
Best Fitness: [169.37510968]
3
iteration 1200
Best Fitness: [94.81132701]
9
iteration 1300
Best Fitness: [91.34833638]
9
iteration 1400
Best Fitness: [90.18731173]
9
iteration 1500
Best Fitness: [90.12402171]
9
iteration 1600
Best Fitness: [90.10180079]
9
iteration 1700
Best Fitness: [90.02140867]
9
iteration 1800
Best Fitness: [84.52438397]
27
iteration 1900
Best Fitness: [82.29789578]
27
iteration 2000
Best Fitness: [80.0735279]
27
iteration 2100
Best Fitness: [78.21049078]
27
iteration 2200
Best Fitness: [75.82230549]
27
iteration 2300
Best Fitness: [72.80734161]
27
iteration 2400
Best Fitness: [69.00614009]
81
iteration 2500
Best Fitness: [65.7434313]
81
iteration 2600
Best Fitness: [62.20479989]
81
iteration 2700
Best Fitness: [58.32596748]
81
iteration 2800
Best Fitness: [54.93213259]
81
iteration 2900
Best Fitness: [51.69602704]
100
iteration 2999
Best Fitness: [48.76141341]
100
iteration 0
Best Fitness: [59745.86682627]
1
iteration 100
Best Fitness: [7607.89480574]
1
iteration 200
Best Fitness: [3385.11654563]
1
iteration 300
Best Fitness: [1961.85119912]
1
iteration 400
Best Fitness: [1450.37608756]
1
iteration 500
Best Fitness: [1103.22823163]
1
iteration 600
Best Fitness: [609.51565318]
3
iteration 700
Best Fitness: [259.94036173]
3
iteration 800
Best Fitness: [136.3618231]
3
iteration 900
Best Fitness: [106.3231663]
3
iteration 1000
Best Fitness: [97.67676207]
3
iteration 1100
Best Fitness: [95.50732012]
3
iteration 1200
Best Fitness: [94.22273202]
9
iteration 1300
Best Fitness: [93.95720072]
9
iteration 1400
Best Fitness: [93.91761715]
9
iteration 1500
Best Fitness: [93.89439801]
9
iteration 1600
Best Fitness: [93.88410453]
9
iteration 1700
Best Fitness: [93.88410453]
9
iteration 1800
Best Fitness: [93.3816215]
27
iteration 1900
Best Fitness: [91.00728174]
27
iteration 2000
Best Fitness: [89.29919166]
27
iteration 2100
Best Fitness: [87.08772072]
27
iteration 2200
Best Fitness: [85.08724855]
27
iteration 2300
Best Fitness: [82.71517056]
27
iteration 2400
Best Fitness: [78.93806287]
81
iteration 2500
Best Fitness: [75.86446366]
81
iteration 2600
Best Fitness: [72.17666505]
81
iteration 2700
Best Fitness: [68.28132171]
81
iteration 2800
Best Fitness: [65.17366311]
81
iteration 2900
Best Fitness: [61.59965591]
100
iteration 2999
Best Fitness: [58.66925348]
100
iteration 0
Best Fitness: [56495.85529638]
1
iteration 100
Best Fitness: [8765.43981452]
1
iteration 200
Best Fitness: [3618.08286112]
1
iteration 300
Best Fitness: [2274.8634001]
1
iteration 400
Best Fitness: [1352.91441983]
1
iteration 500
Best Fitness: [1025.13886749]
1
iteration 600
Best Fitness: [591.20431474]
3
iteration 700
Best Fitness: [215.03906436]
3
iteration 800
Best Fitness: [125.77061725]
3
iteration 900
Best Fitness: [104.97541093]
3
iteration 1000
Best Fitness: [99.35667817]
3
iteration 1100
Best Fitness: [98.18424997]
3
iteration 1200
Best Fitness: [96.17714031]
9
iteration 1300
Best Fitness: [95.81160489]
9
iteration 1400
Best Fitness: [95.56358564]
9
iteration 1500
Best Fitness: [95.30474222]
9
iteration 1600
Best Fitness: [94.8785669]
9
iteration 1700
Best Fitness: [94.66632224]
9
iteration 1800
Best Fitness: [93.91962605]
27
iteration 1900
Best Fitness: [91.82483718]
27
iteration 2000
Best Fitness: [89.79258083]
27
iteration 2100
Best Fitness: [87.69737175]
27
iteration 2200
Best Fitness: [86.12495743]
27
iteration 2300
Best Fitness: [83.67646965]
27
iteration 2400
Best Fitness: [80.02068683]
81
iteration 2500
Best Fitness: [76.65047101]
81
iteration 2600
Best Fitness: [73.12466232]
81
iteration 2700
Best Fitness: [69.3080151]
81
iteration 2800
Best Fitness: [65.92649273]
81
iteration 2900
Best Fitness: [62.66403304]
100
iteration 2999
Best Fitness: [59.71501795]
100
iteration 0
Best Fitness: [57954.73118633]
1
iteration 100
Best Fitness: [8177.90456778]
1
iteration 200
Best Fitness: [3437.48241784]
1
iteration 300
Best Fitness: [2355.50758522]
1
iteration 400
Best Fitness: [1583.30508958]
1
iteration 500
Best Fitness: [1145.94571533]
1
iteration 600
Best Fitness: [804.37687687]
3
iteration 700
Best Fitness: [455.94793392]
3
iteration 800
Best Fitness: [323.84509049]
3
iteration 900
Best Fitness: [275.85928732]
3
iteration 1000
Best Fitness: [270.30096401]
3
iteration 1100
Best Fitness: [269.29650483]
3
iteration 1200
Best Fitness: [182.52253536]
9
iteration 1300
Best Fitness: [98.32728107]
9
iteration 1400
Best Fitness: [95.70201269]
9
iteration 1500
Best Fitness: [95.4171742]
9
iteration 1600
Best Fitness: [95.30133405]
9
iteration 1700
Best Fitness: [95.18198858]
9
iteration 1800
Best Fitness: [93.85922125]
27
iteration 1900
Best Fitness: [91.62843033]
27
iteration 2000
Best Fitness: [90.15524967]
27
iteration 2100
Best Fitness: [88.10287593]
27
iteration 2200
Best Fitness: [86.09342075]
27
iteration 2300
Best Fitness: [83.94550293]
27
iteration 2400
Best Fitness: [80.32076915]
81
iteration 2500
Best Fitness: [76.85294103]
81
iteration 2600
Best Fitness: [73.46855925]
81
iteration 2700
Best Fitness: [69.73770416]
81
iteration 2800
Best Fitness: [66.21545067]
81
iteration 2900
Best Fitness: [63.09690545]
100
iteration 2999
Best Fitness: [60.17064553]
100
iteration 0
Best Fitness: [60963.88729545]
1
iteration 100
Best Fitness: [6966.33916102]
1
iteration 200
Best Fitness: [3107.18838768]
1
iteration 300
Best Fitness: [2111.10404928]
1
iteration 400
Best Fitness: [1548.74286853]
1
iteration 500
Best Fitness: [1379.73277616]
1
iteration 600
Best Fitness: [796.32086085]
3
iteration 700
Best Fitness: [439.89697488]
3
iteration 800
Best Fitness: [343.46441153]
3
iteration 900
Best Fitness: [259.26134067]
3
iteration 1000
Best Fitness: [192.20276335]
3
iteration 1100
Best Fitness: [149.58396993]
3
iteration 1200
Best Fitness: [94.71951556]
9
iteration 1300
Best Fitness: [92.62822898]
9
iteration 1400
Best Fitness: [92.52711667]
9
iteration 1500
Best Fitness: [92.45075086]
9
iteration 1600
Best Fitness: [91.88166779]
9
iteration 1700
Best Fitness: [91.87294253]
9
iteration 1800
Best Fitness: [87.7867626]
27
iteration 1900
Best Fitness: [84.73727292]
27
iteration 2000
Best Fitness: [82.66509071]
27
iteration 2100
Best Fitness: [80.63997151]
27
iteration 2200
Best Fitness: [79.00187115]
27
iteration 2300
Best Fitness: [76.96065911]
27
iteration 2400
Best Fitness: [73.66827947]
81
iteration 2500
Best Fitness: [69.80929956]
81
iteration 2600
Best Fitness: [66.228478]
81
iteration 2700
Best Fitness: [62.93358394]
81
iteration 2800
Best Fitness: [59.09077128]
81
iteration 2900
Best Fitness: [55.52622941]
100
iteration 2999
Best Fitness: [52.59421858]
100
iteration 0
Best Fitness: [55851.30872037]
1
iteration 100
Best Fitness: [8522.52407707]
1
iteration 200
Best Fitness: [3304.77569702]
1
iteration 300
Best Fitness: [2071.72258438]
1
iteration 400
Best Fitness: [1526.78454716]
1
iteration 500
Best Fitness: [1163.37022792]
1
iteration 600
Best Fitness: [710.23929337]
3
iteration 700
Best Fitness: [344.1616859]
3
iteration 800
Best Fitness: [215.7351147]
3
iteration 900
Best Fitness: [149.02778443]
3
iteration 1000
Best Fitness: [124.7926203]
3
iteration 1100
Best Fitness: [108.47733422]
3
iteration 1200
Best Fitness: [97.0615784]
9
iteration 1300
Best Fitness: [96.00122082]
9
iteration 1400
Best Fitness: [95.65274451]
9
iteration 1500
Best Fitness: [95.38343064]
9
iteration 1600
Best Fitness: [95.37175582]
9
iteration 1700
Best Fitness: [95.37175532]
9
iteration 1800
Best Fitness: [94.69170354]
27
iteration 1900
Best Fitness: [93.92542692]
27
iteration 2000
Best Fitness: [91.62350517]
27
iteration 2100
Best Fitness: [90.15340138]
27
iteration 2200
Best Fitness: [87.99873435]
27
iteration 2300
Best Fitness: [85.85910357]
27
iteration 2400
Best Fitness: [81.9622748]
81
iteration 2500
Best Fitness: [78.09764308]
81
iteration 2600
Best Fitness: [75.08325184]
81
iteration 2700
Best Fitness: [71.41394557]
81
iteration 2800
Best Fitness: [67.50373966]
81
iteration 2900
Best Fitness: [64.44220704]
100
iteration 2999
Best Fitness: [61.51189566]
100
iteration 0
Best Fitness: [59893.83856917]
1
iteration 100
Best Fitness: [9628.3813872]
1
iteration 200
Best Fitness: [4018.86376325]
1
iteration 300
Best Fitness: [2167.98215615]
1
iteration 400
Best Fitness: [1479.04778541]
1
iteration 500
Best Fitness: [1131.21578336]
1
iteration 600
Best Fitness: [625.23810251]
3
iteration 700
Best Fitness: [297.17946014]
3
iteration 800
Best Fitness: [204.46578881]
3
iteration 900
Best Fitness: [161.83792593]
3
iteration 1000
Best Fitness: [144.88999359]
3
iteration 1100
Best Fitness: [128.61598937]
3
iteration 1200
Best Fitness: [94.21120144]
9
iteration 1300
Best Fitness: [93.208472]
9
iteration 1400
Best Fitness: [93.19190599]
9
iteration 1500
Best Fitness: [93.19163731]
9
iteration 1600
Best Fitness: [93.18576326]
9
iteration 1700
Best Fitness: [93.06177685]
9
iteration 1800
Best Fitness: [91.81550335]
27
iteration 1900
Best Fitness: [90.37716711]
27
iteration 2000
Best Fitness: [88.2580264]
27
iteration 2100
Best Fitness: [86.60519413]
27
iteration 2200
Best Fitness: [85.01507477]
27
iteration 2300
Best Fitness: [82.53500292]
27
iteration 2400
Best Fitness: [78.84288413]
81
iteration 2500
Best Fitness: [75.76275124]
81
iteration 2600
Best Fitness: [72.0034726]
81
iteration 2700
Best Fitness: [68.10283864]
81
iteration 2800
Best Fitness: [65.02148401]
81
iteration 2900
Best Fitness: [61.37155203]
100
iteration 2999
Best Fitness: [58.44121601]
100
iteration 0
Best Fitness: [59463.55591991]
1
iteration 100
Best Fitness: [9556.73020925]
1
iteration 200
Best Fitness: [3393.45368306]
1
iteration 300
Best Fitness: [2359.16893128]
1
iteration 400
Best Fitness: [1491.398327]
1
iteration 500
Best Fitness: [1263.90586003]
1
iteration 600
Best Fitness: [848.32239534]
3
iteration 700
Best Fitness: [454.7146308]
3
iteration 800
Best Fitness: [256.67517606]
3
iteration 900
Best Fitness: [225.13181952]
3
iteration 1000
Best Fitness: [217.36151751]
3
iteration 1100
Best Fitness: [213.83962842]
3
iteration 1200
Best Fitness: [126.97907372]
9
iteration 1300
Best Fitness: [94.4575196]
9
iteration 1400
Best Fitness: [92.8480064]
9
iteration 1500
Best Fitness: [92.70082297]
9
iteration 1600
Best Fitness: [92.68365076]
9
iteration 1700
Best Fitness: [92.68331156]
9
iteration 1800
Best Fitness: [89.90990072]
27
iteration 1900
Best Fitness: [87.79596518]
27
iteration 2000
Best Fitness: [86.09456733]
27
iteration 2100
Best Fitness: [83.64113441]
27
iteration 2200
Best Fitness: [82.2307427]
27
iteration 2300
Best Fitness: [80.1074858]
27
iteration 2400
Best Fitness: [76.64932871]
81
iteration 2500
Best Fitness: [73.24328212]
81
iteration 2600
Best Fitness: [69.40039023]
81
iteration 2700
Best Fitness: [65.96993679]
81
iteration 2800
Best Fitness: [62.61074299]
81
iteration 2900
Best Fitness: [58.97209903]
100
iteration 2999
Best Fitness: [56.03316724]
100
iteration 0
Best Fitness: [55331.11323206]
1
iteration 100
Best Fitness: [7537.91210902]
1
iteration 200
Best Fitness: [3449.6148752]
1
iteration 300
Best Fitness: [2343.98024021]
1
iteration 400
Best Fitness: [1447.2994353]
1
iteration 500
Best Fitness: [1199.62903099]
1
iteration 600
Best Fitness: [727.49531806]
3
iteration 700
Best Fitness: [375.44463963]
3
iteration 800
Best Fitness: [202.28552295]
3
iteration 900
Best Fitness: [162.88803949]
3
iteration 1000
Best Fitness: [155.71938453]
3
iteration 1100
Best Fitness: [154.04315787]
3
iteration 1200
Best Fitness: [115.38017563]
9
iteration 1300
Best Fitness: [94.27753113]
9
iteration 1400
Best Fitness: [93.86705217]
9
iteration 1500
Best Fitness: [93.86367039]
9
iteration 1600
Best Fitness: [93.86270315]
9
iteration 1700
Best Fitness: [93.85829311]
9
iteration 1800
Best Fitness: [93.13107412]
27
iteration 1900
Best Fitness: [91.21197763]
27
iteration 2000
Best Fitness: [89.5265048]
27
iteration 2100
Best Fitness: [87.03199379]
27
iteration 2200
Best Fitness: [85.28562438]
27
iteration 2300
Best Fitness: [83.17306985]
27
iteration 2400
Best Fitness: [79.07162061]
81
iteration 2500
Best Fitness: [75.96153548]
81
iteration 2600
Best Fitness: [72.21385943]
81
iteration 2700
Best Fitness: [68.33751762]
81
iteration 2800
Best Fitness: [65.21175358]
81
iteration 2900
Best Fitness: [61.66861914]
100
iteration 2999
Best Fitness: [58.73189112]
100
[array([59.10399302]), array([48.76141341]), array([58.66925348]), array([59.71501795]), array([60.17064553]), array([52.59421858]), array([61.51189566]), array([58.44121601]), array([56.03316724]), array([58.73189112])]
iteration 0
Best Fitness: [1518.9643826]
1
iteration 100
Best Fitness: [1166.83159012]
1
iteration 200
Best Fitness: [1114.59992202]
1
iteration 300
Best Fitness: [1079.3974958]
1
iteration 400
Best Fitness: [963.04949942]
1
iteration 500
Best Fitness: [937.23367932]
1
iteration 600
Best Fitness: [779.65005594]
3
iteration 700
Best Fitness: [651.80618054]
3
iteration 800
Best Fitness: [583.80105479]
3
iteration 900
Best Fitness: [537.5422486]
3
iteration 1000
Best Fitness: [523.6155317]
3
iteration 1100
Best Fitness: [500.72630105]
3
iteration 1200
Best Fitness: [236.57042263]
9
iteration 1300
Best Fitness: [183.72055615]
9
iteration 1400
Best Fitness: [138.08629491]
9
iteration 1500
Best Fitness: [115.47082759]
9
iteration 1600
Best Fitness: [99.96303955]
9
iteration 1700
Best Fitness: [94.38802867]
9
iteration 1800
Best Fitness: [20.04687115]
27
iteration 1900
Best Fitness: [8.28742435]
27
iteration 2000
Best Fitness: [1.45239793]
27
iteration 2100
Best Fitness: [0.05929421]
27
iteration 2200
Best Fitness: [0.00214524]
27
iteration 2300
Best Fitness: [3.2052633e-05]
27
iteration 2400
Best Fitness: [4.97379915e-13]
81
iteration 2500
Best Fitness: [0.]
81
iteration 2600
Best Fitness: [0.]
81
iteration 2700
Best Fitness: [0.]
81
iteration 2800
Best Fitness: [0.]
81
iteration 2900
Best Fitness: [0.]
100
iteration 2999
Best Fitness: [0.]
100
iteration 0
Best Fitness: [1517.56597694]
1
iteration 100
Best Fitness: [1118.89436054]
1
iteration 200
Best Fitness: [1005.94404476]
1
iteration 300
Best Fitness: [961.37417418]
1
iteration 400
Best Fitness: [945.5842915]
1
iteration 500
Best Fitness: [945.5842915]
1
iteration 600
Best Fitness: [803.41136146]
3
iteration 700
Best Fitness: [630.17911568]
3
iteration 800
Best Fitness: [538.94376021]
3
iteration 900
Best Fitness: [474.3801994]
3
iteration 1000
Best Fitness: [441.56477426]
3
iteration 1100
Best Fitness: [440.09890811]
3
iteration 1200
Best Fitness: [241.12063312]
9
iteration 1300
Best Fitness: [152.78169845]
9
iteration 1400
Best Fitness: [107.60135195]
9
iteration 1500
Best Fitness: [90.36815397]
9
iteration 1600
Best Fitness: [84.30521079]
9
iteration 1700
Best Fitness: [80.06460528]
9
iteration 1800
Best Fitness: [18.51858377]
27
iteration 1900
Best Fitness: [5.20567967]
27
iteration 2000
Best Fitness: [2.93084898]
27
iteration 2100
Best Fitness: [2.04861203]
27
iteration 2200
Best Fitness: [0.18697996]
27
iteration 2300
Best Fitness: [0.00165338]
27
iteration 2400
Best Fitness: [9.41131617e-11]
81
iteration 2500
Best Fitness: [6.21724894e-14]
81
iteration 2600
Best Fitness: [0.]
81
iteration 2700
Best Fitness: [0.]
81
iteration 2800
Best Fitness: [0.]
81
iteration 2900
Best Fitness: [0.]
100
iteration 2999
Best Fitness: [0.]
100
iteration 0
Best Fitness: [1527.96309646]
1
iteration 100
Best Fitness: [1166.65596759]
1
iteration 200
Best Fitness: [1125.16839384]
1
iteration 300
Best Fitness: [1005.11502862]
1
iteration 400
Best Fitness: [954.79311049]
1
iteration 500
Best Fitness: [921.82582028]
1
iteration 600
Best Fitness: [722.78097839]
3
iteration 700
Best Fitness: [642.73238848]
3
iteration 800
Best Fitness: [534.2663735]
3
iteration 900
Best Fitness: [492.39229728]
3
iteration 1000
Best Fitness: [440.75638581]
3
iteration 1100
Best Fitness: [402.94924802]
3
iteration 1200
Best Fitness: [238.74747292]
9
iteration 1300
Best Fitness: [151.44159079]
9
iteration 1400
Best Fitness: [131.31464577]
9
iteration 1500
Best Fitness: [113.97118517]
9
iteration 1600
Best Fitness: [104.9076195]
9
iteration 1700
Best Fitness: [101.47900832]
9
iteration 1800
Best Fitness: [18.34344705]
27
iteration 1900
Best Fitness: [4.92258502]
27
iteration 2000
Best Fitness: [0.28527784]
27
iteration 2100
Best Fitness: [0.02502234]
27
iteration 2200
Best Fitness: [0.00062351]
27
iteration 2300
Best Fitness: [4.41280599e-05]
27
iteration 2400
Best Fitness: [8.17124146e-14]
81
iteration 2500
Best Fitness: [0.]
81
iteration 2600
Best Fitness: [0.]
81
iteration 2700
Best Fitness: [0.]
81
iteration 2800
Best Fitness: [0.]
81
iteration 2900
Best Fitness: [0.]
100
iteration 2999
Best Fitness: [0.]
100
iteration 0
Best Fitness: [1403.22281917]
1
iteration 100
Best Fitness: [1212.97467642]
1
iteration 200
Best Fitness: [1109.39196464]
1
iteration 300
Best Fitness: [1041.02781579]
1
iteration 400
Best Fitness: [911.12467766]
1
iteration 500
Best Fitness: [900.14872441]
1
iteration 600
Best Fitness: [829.21267325]
3
iteration 700
Best Fitness: [655.64862463]
3
iteration 800
Best Fitness: [556.87318581]
3
iteration 900
Best Fitness: [507.94709593]
3
iteration 1000
Best Fitness: [456.06726916]
3
iteration 1100
Best Fitness: [447.94743673]
3
iteration 1200
Best Fitness: [242.01542568]
9
iteration 1300
Best Fitness: [180.88934897]
9
iteration 1400
Best Fitness: [129.54263789]
9
iteration 1500
Best Fitness: [114.93363554]
9
iteration 1600
Best Fitness: [97.49173703]
9
iteration 1700
Best Fitness: [85.19592036]
9
iteration 1800
Best Fitness: [19.56134312]
27
iteration 1900
Best Fitness: [5.50721476]
27
iteration 2000
Best Fitness: [3.12585609]
27
iteration 2100
Best Fitness: [1.53488097]
27
iteration 2200
Best Fitness: [1.00186443]
27
iteration 2300
Best Fitness: [0.00483217]
27
iteration 2400
Best Fitness: [2.09787743e-12]
81
iteration 2500
Best Fitness: [0.]
81
iteration 2600
Best Fitness: [0.]
81
iteration 2700
Best Fitness: [0.]
81
iteration 2800
Best Fitness: [0.]
81
iteration 2900
Best Fitness: [0.]
100
iteration 2999
Best Fitness: [0.]
100
iteration 0
Best Fitness: [1475.4874049]
1
iteration 100
Best Fitness: [1228.40739304]
1
iteration 200
Best Fitness: [1110.7330129]
1
iteration 300
Best Fitness: [1009.04298201]
1
iteration 400
Best Fitness: [958.56959442]
1
iteration 500
Best Fitness: [944.79764167]
1
iteration 600
Best Fitness: [741.960147]
3
iteration 700
Best Fitness: [643.13704831]
3
iteration 800
Best Fitness: [580.92195012]
3
iteration 900
Best Fitness: [465.08660103]
3
iteration 1000
Best Fitness: [440.93305164]
3
iteration 1100
Best Fitness: [440.92951809]
3
iteration 1200
Best Fitness: [268.65167848]
9
iteration 1300
Best Fitness: [177.35962328]
9
iteration 1400
Best Fitness: [146.33588188]
9
iteration 1500
Best Fitness: [134.82785197]
9
iteration 1600
Best Fitness: [124.19439342]
9
iteration 1700
Best Fitness: [112.53988419]
9
iteration 1800
Best Fitness: [20.13726425]
27
iteration 1900
Best Fitness: [6.08510162]
27
iteration 2000
Best Fitness: [2.29935202]
27
iteration 2100
Best Fitness: [1.14656318]
27
iteration 2200
Best Fitness: [1.02325674]
27
iteration 2300
Best Fitness: [0.99785007]
27
iteration 2400
Best Fitness: [1.50395962e-09]
81
iteration 2500
Best Fitness: [1.77635684e-15]
81
iteration 2600
Best Fitness: [0.]
81
iteration 2700
Best Fitness: [0.]
81
iteration 2800
Best Fitness: [0.]
81
iteration 2900
Best Fitness: [0.]
100
iteration 2999
Best Fitness: [0.]
100
iteration 0
Best Fitness: [1476.57778491]
1
iteration 100
Best Fitness: [1213.79308002]
1
iteration 200
Best Fitness: [1121.04939241]
1
iteration 300
Best Fitness: [979.45765865]
1
iteration 400
Best Fitness: [938.76334385]
1
iteration 500
Best Fitness: [899.66391097]
1
iteration 600
Best Fitness: [769.84470547]
3
iteration 700
Best Fitness: [646.3184984]
3
iteration 800
Best Fitness: [510.11325014]
3
iteration 900
Best Fitness: [473.41802277]
3
iteration 1000
Best Fitness: [460.43936186]
3
iteration 1100
Best Fitness: [438.5206779]
3
iteration 1200
Best Fitness: [228.12512126]
9
iteration 1300
Best Fitness: [156.16842062]
9
iteration 1400
Best Fitness: [126.41277787]
9
iteration 1500
Best Fitness: [116.10724401]
9
iteration 1600
Best Fitness: [102.89768741]
9
iteration 1700
Best Fitness: [94.54575514]
9
iteration 1800
Best Fitness: [18.56896952]
27
iteration 1900
Best Fitness: [7.31438167]
27
iteration 2000
Best Fitness: [1.32333641]
27
iteration 2100
Best Fitness: [0.15863897]
27
iteration 2200
Best Fitness: [0.10535336]
27
iteration 2300
Best Fitness: [0.00324394]
27
iteration 2400
Best Fitness: [4.33608704e-12]
81
iteration 2500
Best Fitness: [0.]
81
iteration 2600
Best Fitness: [0.]
81
iteration 2700
Best Fitness: [0.]
81
iteration 2800
Best Fitness: [0.]
81
iteration 2900
Best Fitness: [0.]
100
iteration 2999
Best Fitness: [0.]
100
iteration 0
Best Fitness: [1411.62153399]
1
iteration 100
Best Fitness: [1191.31823746]
1
iteration 200
Best Fitness: [1063.69653727]
1
iteration 300
Best Fitness: [1029.44882039]
1
iteration 400
Best Fitness: [1001.93891494]
1
iteration 500
Best Fitness: [975.85559143]
1
iteration 600
Best Fitness: [805.47267695]
3
iteration 700
Best Fitness: [663.15608465]
3
iteration 800
Best Fitness: [589.71137296]
3
iteration 900
Best Fitness: [560.93597202]
3
iteration 1000
Best Fitness: [530.53820474]
3
iteration 1100
Best Fitness: [470.86986221]
3
iteration 1200
Best Fitness: [246.58929741]
9
iteration 1300
Best Fitness: [169.62658072]
9
iteration 1400
Best Fitness: [150.40198847]
9
iteration 1500
Best Fitness: [132.17352155]
9
iteration 1600
Best Fitness: [119.68678555]
9
iteration 1700
Best Fitness: [114.51715492]
9
iteration 1800
Best Fitness: [22.27763988]
27
iteration 1900
Best Fitness: [9.0200999]
27
iteration 2000
Best Fitness: [6.59277181]
27
iteration 2100
Best Fitness: [2.89980192]
27
iteration 2200
Best Fitness: [2.53899874]
27
iteration 2300
Best Fitness: [1.36509626]
27
iteration 2400
Best Fitness: [6.6289676e-09]
81
iteration 2500
Best Fitness: [1.77635684e-15]
81
iteration 2600
Best Fitness: [0.]
81
iteration 2700
Best Fitness: [0.]
81
iteration 2800
Best Fitness: [0.]
81
iteration 2900
Best Fitness: [0.]
100
iteration 2999
Best Fitness: [0.]
100
iteration 0
Best Fitness: [1477.32195087]
1
iteration 100
Best Fitness: [1131.53581468]
1
iteration 200
Best Fitness: [1083.6843773]
1
iteration 300
Best Fitness: [1056.59388282]
1
iteration 400
Best Fitness: [1012.48312088]
1
iteration 500
Best Fitness: [1012.48312088]
1
iteration 600
Best Fitness: [775.47437943]
3
iteration 700
Best Fitness: [599.14624598]
3
iteration 800
Best Fitness: [529.62718873]
3
iteration 900
Best Fitness: [485.77244604]
3
iteration 1000
Best Fitness: [410.25282866]
3
iteration 1100
Best Fitness: [362.60015531]
3
iteration 1200
Best Fitness: [252.15446205]
9
iteration 1300
Best Fitness: [175.92278351]
9
iteration 1400
Best Fitness: [129.65937719]
9
iteration 1500
Best Fitness: [123.67940807]
9
iteration 1600
Best Fitness: [109.22277213]
9
iteration 1700
Best Fitness: [97.3815675]
9
iteration 1800
Best Fitness: [15.31090696]
27
iteration 1900
Best Fitness: [6.45314178]
27
iteration 2000
Best Fitness: [1.71423343]
27
iteration 2100
Best Fitness: [1.05947625]
27
iteration 2200
Best Fitness: [0.20368069]
27
iteration 2300
Best Fitness: [0.18004695]
27
iteration 2400
Best Fitness: [1.39372958e-11]
81
iteration 2500
Best Fitness: [0.]
81
iteration 2600
Best Fitness: [0.]
81
iteration 2700
Best Fitness: [0.]
81
iteration 2800
Best Fitness: [0.]
81
iteration 2900
Best Fitness: [0.]
100
iteration 2999
Best Fitness: [0.]
100
iteration 0
Best Fitness: [1508.83473644]
1
iteration 100
Best Fitness: [1112.22466536]
1
iteration 200
Best Fitness: [1047.24927499]
1
iteration 300
Best Fitness: [1013.93865935]
1
iteration 400
Best Fitness: [920.17165323]
1
iteration 500
Best Fitness: [916.96327912]
1
iteration 600
Best Fitness: [808.77214497]
3
iteration 700
Best Fitness: [690.04930914]
3
iteration 800
Best Fitness: [577.28184361]
3
iteration 900
Best Fitness: [541.53597369]
3
iteration 1000
Best Fitness: [498.09937586]
3
iteration 1100
Best Fitness: [494.23313129]
3
iteration 1200
Best Fitness: [260.61026928]
9
iteration 1300
Best Fitness: [172.12954936]
9
iteration 1400
Best Fitness: [151.04327008]
9
iteration 1500
Best Fitness: [131.1613231]
9
iteration 1600
Best Fitness: [111.65366645]
9
iteration 1700
Best Fitness: [100.88903752]
9
iteration 1800
Best Fitness: [21.36001064]
27
iteration 1900
Best Fitness: [7.12570001]
27
iteration 2000
Best Fitness: [1.37765859]
27
iteration 2100
Best Fitness: [0.02805382]
27
iteration 2200
Best Fitness: [0.00023011]
27
iteration 2300
Best Fitness: [1.0317945e-06]
27
iteration 2400
Best Fitness: [5.32907052e-15]
81
iteration 2500
Best Fitness: [0.]
81
iteration 2600
Best Fitness: [0.]
81
iteration 2700
Best Fitness: [0.]
81
iteration 2800
Best Fitness: [0.]
81
iteration 2900
Best Fitness: [0.]
100
iteration 2999
Best Fitness: [0.]
100
iteration 0
Best Fitness: [1479.28456954]
1
iteration 100
Best Fitness: [1065.2122436]
1
iteration 200
Best Fitness: [976.86972156]
1
iteration 300
Best Fitness: [900.12437122]
1
iteration 400
Best Fitness: [890.6862768]
1
iteration 500
Best Fitness: [890.6862768]
1
iteration 600
Best Fitness: [748.4606636]
3
iteration 700
Best Fitness: [594.94145519]
3
iteration 800
Best Fitness: [540.77031668]
3
iteration 900
Best Fitness: [505.63339335]
3
iteration 1000
Best Fitness: [469.7208557]
3
iteration 1100
Best Fitness: [435.85591991]
3
iteration 1200
Best Fitness: [249.38318312]
9
iteration 1300
Best Fitness: [159.50422266]
9
iteration 1400
Best Fitness: [135.68738686]
9
iteration 1500
Best Fitness: [119.42490565]
9
iteration 1600
Best Fitness: [108.53020791]
9
iteration 1700
Best Fitness: [91.35377403]
9
iteration 1800
Best Fitness: [17.5051834]
27
iteration 1900
Best Fitness: [2.81456462]
27
iteration 2000
Best Fitness: [1.97830168]
27
iteration 2100
Best Fitness: [0.1611223]
27
iteration 2200
Best Fitness: [0.00461357]
27
iteration 2300
Best Fitness: [0.0022091]
27
iteration 2400
Best Fitness: [3.29780647e-11]
81
iteration 2500
Best Fitness: [0.]
81
iteration 2600
Best Fitness: [0.]
81
iteration 2700
Best Fitness: [0.]
81
iteration 2800
Best Fitness: [0.]
81
iteration 2900
Best Fitness: [0.]
100
iteration 2999
Best Fitness: [0.]
100
[array([0.]), array([0.]), array([0.]), array([0.]), array([0.]), array([0.]), array([0.]), array([0.]), array([0.]), array([0.])]
iteration 0
Best Fitness: [47.88259578]
1
iteration 100
Best Fitness: [45.65400389]
1
iteration 200
Best Fitness: [45.6415079]
1
iteration 300
Best Fitness: [45.49252505]
1
iteration 400
Best Fitness: [45.34973859]
1
iteration 500
Best Fitness: [45.05199198]
1
iteration 600
Best Fitness: [41.80921753]
3
iteration 700
Best Fitness: [40.32154679]
3
iteration 800
Best Fitness: [39.89000493]
3
iteration 900
Best Fitness: [38.54798562]
3
iteration 1000
Best Fitness: [37.69869304]
3
iteration 1100
Best Fitness: [37.43065771]
3
iteration 1200
Best Fitness: [28.84537335]
9
iteration 1300
Best Fitness: [26.65123081]
9
iteration 1400
Best Fitness: [25.48722628]
9
iteration 1500
Best Fitness: [23.54565766]
9
iteration 1600
Best Fitness: [22.5780134]
9
iteration 1700
Best Fitness: [21.88708277]
9
iteration 1800
Best Fitness: [2.71511122]
27
iteration 1900
Best Fitness: [1.58434949]
27
iteration 2000
Best Fitness: [1.25164172]
27
iteration 2100
Best Fitness: [1.1202395]
27
iteration 2200
Best Fitness: [1.06703961]
27
iteration 2300
Best Fitness: [1.01847794]
27
iteration 2400
Best Fitness: [0.90770423]
81
iteration 2500
Best Fitness: [0.90217685]
81
iteration 2600
Best Fitness: [0.90085051]
81
iteration 2700
Best Fitness: [0.9001538]
81
iteration 2800
Best Fitness: [0.88019491]
81
iteration 2900
Best Fitness: [0.8215286]
100
iteration 2999
Best Fitness: [0.70430922]
100
iteration 0
Best Fitness: [48.11991186]
1
iteration 100
Best Fitness: [46.0341843]
1
iteration 200
Best Fitness: [45.47500149]
1
iteration 300
Best Fitness: [45.1388936]
1
iteration 400
Best Fitness: [45.10651167]
1
iteration 500
Best Fitness: [45.10651167]
1
iteration 600
Best Fitness: [42.21987159]
3
iteration 700
Best Fitness: [40.69668931]
3
iteration 800
Best Fitness: [39.91288946]
3
iteration 900
Best Fitness: [39.50901586]
3
iteration 1000
Best Fitness: [39.01562241]
3
iteration 1100
Best Fitness: [39.01255922]
3
iteration 1200
Best Fitness: [28.73443116]
9
iteration 1300
Best Fitness: [26.33412333]
9
iteration 1400
Best Fitness: [25.19456951]
9
iteration 1500
Best Fitness: [23.67853908]
9
iteration 1600
Best Fitness: [22.69676132]
9
iteration 1700
Best Fitness: [21.32031713]
9
iteration 1800
Best Fitness: [3.64084234]
27
iteration 1900
Best Fitness: [1.77055542]
27
iteration 2000
Best Fitness: [1.35691277]
27
iteration 2100
Best Fitness: [1.20759488]
27
iteration 2200
Best Fitness: [1.13280587]
27
iteration 2300
Best Fitness: [1.06902161]
27
iteration 2400
Best Fitness: [0.96518237]
81
iteration 2500
Best Fitness: [0.9631328]
81
iteration 2600
Best Fitness: [0.96264687]
81
iteration 2700
Best Fitness: [0.96246973]
81
iteration 2800
Best Fitness: [0.96236585]
81
iteration 2900
Best Fitness: [0.9622818]
100
iteration 2999
Best Fitness: [0.96219317]
100
iteration 0
Best Fitness: [47.66338351]
1
iteration 100
Best Fitness: [46.22599873]
1
iteration 200
Best Fitness: [45.44126876]
1
iteration 300
Best Fitness: [45.00880797]
1
iteration 400
Best Fitness: [44.99654503]
1
iteration 500
Best Fitness: [44.9227333]
1
iteration 600
Best Fitness: [42.76081945]
3
iteration 700
Best Fitness: [41.0052183]
3
iteration 800
Best Fitness: [40.75305225]
3
iteration 900
Best Fitness: [39.91266191]
3
iteration 1000
Best Fitness: [39.75923986]
3
iteration 1100
Best Fitness: [39.4077696]
3
iteration 1200
Best Fitness: [28.69227997]
9
iteration 1300
Best Fitness: [25.72827426]
9
iteration 1400
Best Fitness: [24.8567766]
9
iteration 1500
Best Fitness: [22.57973246]
9
iteration 1600
Best Fitness: [21.24694429]
9
iteration 1700
Best Fitness: [19.12758272]
9
iteration 1800
Best Fitness: [3.0068032]
27
iteration 1900
Best Fitness: [1.68166329]
27
iteration 2000
Best Fitness: [1.14089955]
27
iteration 2100
Best Fitness: [1.0648519]
27
iteration 2200
Best Fitness: [1.0146098]
27
iteration 2300
Best Fitness: [0.99741656]
27
iteration 2400
Best Fitness: [0.96588116]
81
iteration 2500
Best Fitness: [0.94154032]
81
iteration 2600
Best Fitness: [0.93777734]
81
iteration 2700
Best Fitness: [0.93488064]
81
iteration 2800
Best Fitness: [0.9271771]
81
iteration 2900
Best Fitness: [0.9014162]
100
iteration 2999
Best Fitness: [0.66673485]
100
iteration 0
Best Fitness: [47.80750964]
1
iteration 100
Best Fitness: [46.25368955]
1
iteration 200
Best Fitness: [45.69200318]
1
iteration 300
Best Fitness: [45.32496861]
1
iteration 400
Best Fitness: [45.05721793]
1
iteration 500
Best Fitness: [45.05721789]
1
iteration 600
Best Fitness: [42.13015825]
3
iteration 700
Best Fitness: [40.78142964]
3
iteration 800
Best Fitness: [40.36758461]
3
iteration 900
Best Fitness: [40.0368199]
3
iteration 1000
Best Fitness: [39.34085529]
3
iteration 1100
Best Fitness: [39.34063047]
3
iteration 1200
Best Fitness: [30.33027737]
9
iteration 1300
Best Fitness: [27.04702696]
9
iteration 1400
Best Fitness: [25.19725375]
9
iteration 1500
Best Fitness: [23.37382342]
9
iteration 1600
Best Fitness: [22.64267951]
9
iteration 1700
Best Fitness: [22.40959799]
9
iteration 1800
Best Fitness: [2.65955734]
27
iteration 1900
Best Fitness: [1.51164616]
27
iteration 2000
Best Fitness: [1.204308]
27
iteration 2100
Best Fitness: [1.05581786]
27
iteration 2200
Best Fitness: [1.03844327]
27
iteration 2300
Best Fitness: [1.00587506]
27
iteration 2400
Best Fitness: [0.96904029]
81
iteration 2500
Best Fitness: [0.96485086]
81
iteration 2600
Best Fitness: [0.96337784]
81
iteration 2700
Best Fitness: [0.96274978]
81
iteration 2800
Best Fitness: [0.96237402]
81
iteration 2900
Best Fitness: [0.96221264]
100
iteration 2999
Best Fitness: [0.96208344]
100
iteration 0
Best Fitness: [47.89601198]
1
iteration 100
Best Fitness: [46.11061793]
1
iteration 200
Best Fitness: [45.88102347]
1
iteration 300
Best Fitness: [45.02697595]
1
iteration 400
Best Fitness: [45.02648352]
1
iteration 500
Best Fitness: [45.02648352]
1
iteration 600
Best Fitness: [42.53935153]
3
iteration 700
Best Fitness: [40.98542117]
3
iteration 800
Best Fitness: [40.39382627]
3
iteration 900
Best Fitness: [39.71908079]
3
iteration 1000
Best Fitness: [39.60856882]
3
iteration 1100
Best Fitness: [38.79825424]
3
iteration 1200
Best Fitness: [29.51385252]
9
iteration 1300
Best Fitness: [27.65427748]
9
iteration 1400
Best Fitness: [26.55431988]
9
iteration 1500
Best Fitness: [25.39999227]
9
iteration 1600
Best Fitness: [23.66860409]
9
iteration 1700
Best Fitness: [22.29152183]
9
iteration 1800
Best Fitness: [3.57181109]
27
iteration 1900
Best Fitness: [1.88794879]
27
iteration 2000
Best Fitness: [1.42104329]
27
iteration 2100
Best Fitness: [1.23289116]
27
iteration 2200
Best Fitness: [1.12832875]
27
iteration 2300
Best Fitness: [1.09001456]
27
iteration 2400
Best Fitness: [0.90088659]
81
iteration 2500
Best Fitness: [0.89380883]
81
iteration 2600
Best Fitness: [0.89001653]
81
iteration 2700
Best Fitness: [0.88705422]
81
iteration 2800
Best Fitness: [0.88511311]
81
iteration 2900
Best Fitness: [0.88354979]
100
iteration 2999
Best Fitness: [0.8821497]
100
iteration 0
Best Fitness: [47.57599231]
1
iteration 100
Best Fitness: [46.08847525]
1
iteration 200
Best Fitness: [44.98929825]
1
iteration 300
Best Fitness: [44.91291943]
1
iteration 400
Best Fitness: [44.91291943]
1
iteration 500
Best Fitness: [44.80643451]
1
iteration 600
Best Fitness: [41.79003003]
3
iteration 700
Best Fitness: [40.85665915]
3
iteration 800
Best Fitness: [40.1208767]
3
iteration 900
Best Fitness: [39.83473076]
3
iteration 1000
Best Fitness: [38.69614903]
3
iteration 1100
Best Fitness: [38.26019634]
3
iteration 1200
Best Fitness: [29.16280558]
9
iteration 1300
Best Fitness: [26.20277555]
9
iteration 1400
Best Fitness: [24.60743326]
9
iteration 1500
Best Fitness: [22.84266643]
9
iteration 1600
Best Fitness: [21.33477343]
9
iteration 1700
Best Fitness: [20.96977755]
9
iteration 1800
Best Fitness: [2.91018062]
27
iteration 1900
Best Fitness: [1.6252872]
27
iteration 2000
Best Fitness: [1.33579648]
27
iteration 2100
Best Fitness: [1.25587571]
27
iteration 2200
Best Fitness: [1.18560733]
27
iteration 2300
Best Fitness: [1.14021199]
27
iteration 2400
Best Fitness: [0.89725178]
81
iteration 2500
Best Fitness: [0.7418947]
81
iteration 2600
Best Fitness: [0.74038299]
81
iteration 2700
Best Fitness: [0.73938554]
81
iteration 2800
Best Fitness: [0.73851232]
81
iteration 2900
Best Fitness: [0.737688]
100
iteration 2999
Best Fitness: [0.73688913]
100
iteration 0
Best Fitness: [47.38886404]
1
iteration 100
Best Fitness: [45.56741017]
1
iteration 200
Best Fitness: [45.00717501]
1
iteration 300
Best Fitness: [44.43024886]
1
iteration 400
Best Fitness: [44.43023435]
1
iteration 500
Best Fitness: [44.43023435]
1
iteration 600
Best Fitness: [41.18527739]
3
iteration 700
Best Fitness: [40.78458295]
3
iteration 800
Best Fitness: [40.66231029]
3
iteration 900
Best Fitness: [39.70571547]
3
iteration 1000
Best Fitness: [39.51494955]
3
iteration 1100
Best Fitness: [39.45529615]
3
iteration 1200
Best Fitness: [30.36711624]
9
iteration 1300
Best Fitness: [28.24526534]
9
iteration 1400
Best Fitness: [26.74969155]
9
iteration 1500
Best Fitness: [25.47109436]
9
iteration 1600
Best Fitness: [23.61089726]
9
iteration 1700
Best Fitness: [22.15688611]
9
iteration 1800
Best Fitness: [2.91449903]
27
iteration 1900
Best Fitness: [1.83235083]
27
iteration 2000
Best Fitness: [1.26516518]
27
iteration 2100
Best Fitness: [1.07275515]
27
iteration 2200
Best Fitness: [1.05369534]
27
iteration 2300
Best Fitness: [1.01813928]
27
iteration 2400
Best Fitness: [0.96339713]
81
iteration 2500
Best Fitness: [0.93858567]
81
iteration 2600
Best Fitness: [0.92870745]
81
iteration 2700
Best Fitness: [0.9243101]
81
iteration 2800
Best Fitness: [0.92169947]
81
iteration 2900
Best Fitness: [0.91964161]
100
iteration 2999
Best Fitness: [0.91824288]
100
iteration 0
Best Fitness: [47.20490794]
1
iteration 100
Best Fitness: [46.04250211]
1
iteration 200
Best Fitness: [45.92214032]
1
iteration 300
Best Fitness: [45.63392575]
1
iteration 400
Best Fitness: [45.63390673]
1
iteration 500
Best Fitness: [45.63390673]
1
iteration 600
Best Fitness: [41.30881333]
3
iteration 700
Best Fitness: [39.97328896]
3
iteration 800
Best Fitness: [39.67436563]
3
iteration 900
Best Fitness: [39.59087181]
3
iteration 1000
Best Fitness: [38.6421701]
3
iteration 1100
Best Fitness: [38.21009406]
3
iteration 1200
Best Fitness: [29.98358637]
9
iteration 1300
Best Fitness: [27.29806241]
9
iteration 1400
Best Fitness: [25.75122588]
9
iteration 1500
Best Fitness: [24.61079302]
9
iteration 1600
Best Fitness: [21.79121668]
9
iteration 1700
Best Fitness: [20.09137777]
9
iteration 1800
Best Fitness: [2.4411445]
27
iteration 1900
Best Fitness: [1.80072114]
27
iteration 2000
Best Fitness: [1.34711834]
27
iteration 2100
Best Fitness: [1.2538236]
27
iteration 2200
Best Fitness: [1.08397466]
27
iteration 2300
Best Fitness: [1.04668053]
27
iteration 2400
Best Fitness: [0.96905968]
81
iteration 2500
Best Fitness: [0.96421749]
81
iteration 2600
Best Fitness: [0.96324454]
81
iteration 2700
Best Fitness: [0.96287595]
81
iteration 2800
Best Fitness: [0.9626822]
81
iteration 2900
Best Fitness: [0.96256535]
100
iteration 2999
Best Fitness: [0.96244459]
100
iteration 0
Best Fitness: [47.38279979]
1
iteration 100
Best Fitness: [46.43179315]
1
iteration 200
Best Fitness: [46.0821884]
1
iteration 300
Best Fitness: [45.82741667]
1
iteration 400
Best Fitness: [45.02234167]
1
iteration 500
Best Fitness: [45.02234167]
1
iteration 600
Best Fitness: [42.33850745]
3
iteration 700
Best Fitness: [41.56850136]
3
iteration 800
Best Fitness: [40.69530249]
3
iteration 900
Best Fitness: [40.00957648]
3
iteration 1000
Best Fitness: [39.62836074]
3
iteration 1100
Best Fitness: [39.62836028]
3
iteration 1200
Best Fitness: [30.11765286]
9
iteration 1300
Best Fitness: [27.45668791]
9
iteration 1400
Best Fitness: [24.62300366]
9
iteration 1500
Best Fitness: [23.72243089]
9
iteration 1600
Best Fitness: [22.13749281]
9
iteration 1700
Best Fitness: [21.3340772]
9
iteration 1800
Best Fitness: [3.5953489]
27
iteration 1900
Best Fitness: [1.69792386]
27
iteration 2000
Best Fitness: [1.34728022]
27
iteration 2100
Best Fitness: [1.20341872]
27
iteration 2200
Best Fitness: [1.14214846]
27
iteration 2300
Best Fitness: [1.09205166]
27
iteration 2400
Best Fitness: [0.95763366]
81
iteration 2500
Best Fitness: [0.93175159]
81
iteration 2600
Best Fitness: [0.92175777]
81
iteration 2700
Best Fitness: [0.91719334]
81
iteration 2800
Best Fitness: [0.91472302]
81
iteration 2900
Best Fitness: [0.91305704]
100
iteration 2999
Best Fitness: [0.89243333]
100
iteration 0
Best Fitness: [47.62377256]
1
iteration 100
Best Fitness: [45.8571075]
1
iteration 200
Best Fitness: [44.91454021]
1
iteration 300
Best Fitness: [44.89383431]
1
iteration 400
Best Fitness: [44.89383431]
1
iteration 500
Best Fitness: [44.89383431]
1
iteration 600
Best Fitness: [41.1690572]
3
iteration 700
Best Fitness: [39.99721662]
3
iteration 800
Best Fitness: [39.51830068]
3
iteration 900
Best Fitness: [39.04183641]
3
iteration 1000
Best Fitness: [38.93152045]
3
iteration 1100
Best Fitness: [38.93152045]
3
iteration 1200
Best Fitness: [30.91253302]
9
iteration 1300
Best Fitness: [28.38667178]
9
iteration 1400
Best Fitness: [26.17670572]
9
iteration 1500
Best Fitness: [23.98662423]
9
iteration 1600
Best Fitness: [22.99862962]
9
iteration 1700
Best Fitness: [22.05796788]
9
iteration 1800
Best Fitness: [2.91564478]
27
iteration 1900
Best Fitness: [1.71778452]
27
iteration 2000
Best Fitness: [1.29964586]
27
iteration 2100
Best Fitness: [1.13039434]
27
iteration 2200
Best Fitness: [1.04798568]
27
iteration 2300
Best Fitness: [1.00755866]
27
iteration 2400
Best Fitness: [0.84899851]
81
iteration 2500
Best Fitness: [0.82805163]
81
iteration 2600
Best Fitness: [0.82428799]
81
iteration 2700
Best Fitness: [0.82309481]
81
iteration 2800
Best Fitness: [0.75132261]
81
iteration 2900
Best Fitness: [0.51040674]
100
iteration 2999
Best Fitness: [0.50955298]
100
[array([0.70430922]), array([0.96219317]), array([0.66673485]), array([0.96208344]), array([0.8821497]), array([0.73688913]), array([0.91824288]), array([0.96244459]), array([0.89243333]), array([0.50955298])]
iteration 0
Best Fitness: [9739.16519429]
1
iteration 100
Best Fitness: [4070.90170119]
1
iteration 200
Best Fitness: [2565.28846085]
1
iteration 300
Best Fitness: [1877.7196712]
1
iteration 400
Best Fitness: [1529.73678035]
1
iteration 500
Best Fitness: [1324.32116431]
1
iteration 600
Best Fitness: [912.80415867]
3
iteration 700
Best Fitness: [678.53810365]
3
iteration 800
Best Fitness: [590.72142752]
3
iteration 900
Best Fitness: [535.01879949]
3
iteration 1000
Best Fitness: [496.32257873]
3
iteration 1100
Best Fitness: [464.00439735]
3
iteration 1200
Best Fitness: [261.6717901]
9
iteration 1300
Best Fitness: [165.6375265]
9
iteration 1400
Best Fitness: [142.73214405]
9
iteration 1500
Best Fitness: [120.06860365]
9
iteration 1600
Best Fitness: [107.80548926]
9
iteration 1700
Best Fitness: [103.59271991]
9
iteration 1800
Best Fitness: [21.77585324]
27
iteration 1900
Best Fitness: [11.9145857]
27
iteration 2000
Best Fitness: [4.31161839]
27
iteration 2100
Best Fitness: [2.03015337]
27
iteration 2200
Best Fitness: [0.99779652]
27
iteration 2300
Best Fitness: [0.09912678]
27
iteration 2400
Best Fitness: [1.42810946e-13]
81
iteration 2500
Best Fitness: [2.84132094e-21]
81
iteration 2600
Best Fitness: [1.14286224e-27]
81
iteration 2700
Best Fitness: [0.]
81
iteration 2800
Best Fitness: [0.]
81
iteration 2900
Best Fitness: [0.]
100
iteration 2999
Best Fitness: [0.]
100
iteration 0
Best Fitness: [10271.89012606]
1
iteration 100
Best Fitness: [3861.10862766]
1
iteration 200
Best Fitness: [2464.66853374]
1
iteration 300
Best Fitness: [1812.54785278]
1
iteration 400
Best Fitness: [1525.87141134]
1
iteration 500
Best Fitness: [1361.87845759]
1
iteration 600
Best Fitness: [922.89937249]
3
iteration 700
Best Fitness: [648.16527587]
3
iteration 800
Best Fitness: [594.07406311]
3
iteration 900
Best Fitness: [522.93062308]
3
iteration 1000
Best Fitness: [508.47514145]
3
iteration 1100
Best Fitness: [485.50723976]
3
iteration 1200
Best Fitness: [267.68924652]
9
iteration 1300
Best Fitness: [177.58427689]
9
iteration 1400
Best Fitness: [127.86519693]
9
iteration 1500
Best Fitness: [116.0816558]
9
iteration 1600
Best Fitness: [108.07018721]
9
iteration 1700
Best Fitness: [103.03324282]
9
iteration 1800
Best Fitness: [18.61008348]
27
iteration 1900
Best Fitness: [6.93277457]
27
iteration 2000
Best Fitness: [3.25824901]
27
iteration 2100
Best Fitness: [2.0266861]
27
iteration 2200
Best Fitness: [0.391188]
27
iteration 2300
Best Fitness: [0.04676383]
27
iteration 2400
Best Fitness: [7.85585081e-12]
81
iteration 2500
Best Fitness: [1.26343729e-20]
81
iteration 2600
Best Fitness: [6.98575775e-27]
81
iteration 2700
Best Fitness: [1.18329136e-30]
81
iteration 2800
Best Fitness: [0.]
81
iteration 2900
Best Fitness: [0.]
100
iteration 2999
Best Fitness: [0.]
100
iteration 0
Best Fitness: [9803.63260241]
1
iteration 100
Best Fitness: [4645.88161657]
1
iteration 200
Best Fitness: [2850.56942417]
1
iteration 300
Best Fitness: [1987.4077458]
1
iteration 400
Best Fitness: [1490.61492283]
1
iteration 500
Best Fitness: [1307.66832488]
1
iteration 600
Best Fitness: [935.91250969]
3
iteration 700
Best Fitness: [678.59402395]
3
iteration 800
Best Fitness: [577.71482575]
3
iteration 900
Best Fitness: [504.68490102]
3
iteration 1000
Best Fitness: [497.39194568]
3
iteration 1100
Best Fitness: [494.91178272]
3
iteration 1200
Best Fitness: [268.89442082]
9
iteration 1300
Best Fitness: [176.74290195]
9
iteration 1400
Best Fitness: [143.91771347]
9
iteration 1500
Best Fitness: [132.11612834]
9
iteration 1600
Best Fitness: [118.67555834]
9
iteration 1700
Best Fitness: [104.43038001]
9
iteration 1800
Best Fitness: [20.36433621]
27
iteration 1900
Best Fitness: [8.12232897]
27
iteration 2000
Best Fitness: [2.05049208]
27
iteration 2100
Best Fitness: [0.06892124]
27
iteration 2200
Best Fitness: [0.0001717]
27
iteration 2300
Best Fitness: [2.03633702e-07]
27
iteration 2400
Best Fitness: [2.45855401e-19]
81
iteration 2500
Best Fitness: [4.82443269e-25]
81
iteration 2600
Best Fitness: [4.14151975e-30]
81
iteration 2700
Best Fitness: [0.]
81
iteration 2800
Best Fitness: [0.]
81
iteration 2900
Best Fitness: [0.]
100
iteration 2999
Best Fitness: [0.]
100
iteration 0
Best Fitness: [9940.36510019]
1
iteration 100
Best Fitness: [4447.13439469]
1
iteration 200
Best Fitness: [2130.41483975]
1
iteration 300
Best Fitness: [1653.96209353]
1
iteration 400
Best Fitness: [1293.24711652]
1
iteration 500
Best Fitness: [1208.6876232]
1
iteration 600
Best Fitness: [877.50882817]
3
iteration 700
Best Fitness: [645.45212758]
3
iteration 800
Best Fitness: [532.13002444]
3
iteration 900
Best Fitness: [513.16774426]
3
iteration 1000
Best Fitness: [464.45243509]
3
iteration 1100
Best Fitness: [422.8360924]
3
iteration 1200
Best Fitness: [234.84734233]
9
iteration 1300
Best Fitness: [171.28430917]
9
iteration 1400
Best Fitness: [138.69814044]
9
iteration 1500
Best Fitness: [120.61338169]
9
iteration 1600
Best Fitness: [108.77497359]
9
iteration 1700
Best Fitness: [97.31211386]
9
iteration 1800
Best Fitness: [21.16123212]
27
iteration 1900
Best Fitness: [11.0291651]
27
iteration 2000
Best Fitness: [4.28365002]
27
iteration 2100
Best Fitness: [0.42425581]
27
iteration 2200
Best Fitness: [0.0850739]
27
iteration 2300
Best Fitness: [0.00971395]
27
iteration 2400
Best Fitness: [2.85350803e-13]
81
iteration 2500
Best Fitness: [8.50968411e-22]
81
iteration 2600
Best Fitness: [2.7018486e-29]
81
iteration 2700
Best Fitness: [3.94430453e-30]
81
iteration 2800
Best Fitness: [0.]
81
iteration 2900
Best Fitness: [0.]
100
iteration 2999
Best Fitness: [0.]
100
iteration 0
Best Fitness: [10839.39450555]
1
iteration 100
Best Fitness: [3547.50141535]
1
iteration 200
Best Fitness: [2297.79545038]
1
iteration 300
Best Fitness: [1774.68768893]
1
iteration 400
Best Fitness: [1455.25548882]
1
iteration 500
Best Fitness: [1278.37934624]
1
iteration 600
Best Fitness: [1078.46197584]
3
iteration 700
Best Fitness: [757.0494101]
3
iteration 800
Best Fitness: [646.66254069]
3
iteration 900
Best Fitness: [568.31507814]
3
iteration 1000
Best Fitness: [527.55897247]
3
iteration 1100
Best Fitness: [500.35770617]
3
iteration 1200
Best Fitness: [275.60202954]
9
iteration 1300
Best Fitness: [194.19023241]
9
iteration 1400
Best Fitness: [128.89781152]
9
iteration 1500
Best Fitness: [116.61452645]
9
iteration 1600
Best Fitness: [105.47174465]
9
iteration 1700
Best Fitness: [98.78036893]
9
iteration 1800
Best Fitness: [21.87901277]
27
iteration 1900
Best Fitness: [7.83459796]
27
iteration 2000
Best Fitness: [3.22920063]
27
iteration 2100
Best Fitness: [1.26719409]
27
iteration 2200
Best Fitness: [0.00448917]
27
iteration 2300
Best Fitness: [4.42492047e-05]
27
iteration 2400
Best Fitness: [2.32453333e-09]
81
iteration 2500
Best Fitness: [8.80622863e-19]
81
iteration 2600
Best Fitness: [4.12006274e-26]
81
iteration 2700
Best Fitness: [0.]
81
iteration 2800
Best Fitness: [0.]
81
iteration 2900
Best Fitness: [0.]
100
iteration 2999
Best Fitness: [0.]
100
iteration 0
Best Fitness: [9735.89775491]
1
iteration 100
Best Fitness: [4014.86754668]
1
iteration 200
Best Fitness: [2537.04634099]
1
iteration 300
Best Fitness: [1892.12975223]
1
iteration 400
Best Fitness: [1619.88460616]
1
iteration 500
Best Fitness: [1450.49084057]
1
iteration 600
Best Fitness: [1090.04042762]
3
iteration 700
Best Fitness: [754.80461624]
3
iteration 800
Best Fitness: [590.60266922]
3
iteration 900
Best Fitness: [480.26687805]
3
iteration 1000
Best Fitness: [419.56650222]
3
iteration 1100
Best Fitness: [398.39731661]
3
iteration 1200
Best Fitness: [203.96339222]
9
iteration 1300
Best Fitness: [155.79177021]
9
iteration 1400
Best Fitness: [129.79298876]
9
iteration 1500
Best Fitness: [108.1326347]
9
iteration 1600
Best Fitness: [101.43135155]
9
iteration 1700
Best Fitness: [97.36821225]
9
iteration 1800
Best Fitness: [28.11018624]
27
iteration 1900
Best Fitness: [9.36096885]
27
iteration 2000
Best Fitness: [5.0279537]
27
iteration 2100
Best Fitness: [2.0750216]
27
iteration 2200
Best Fitness: [2.00585722]
27
iteration 2300
Best Fitness: [0.23294724]
27
iteration 2400
Best Fitness: [3.14206449e-12]
81
iteration 2500
Best Fitness: [5.80823522e-22]
81
iteration 2600
Best Fitness: [1.32457043e-25]
81
iteration 2700
Best Fitness: [0.]
81
iteration 2800
Best Fitness: [0.]
81
iteration 2900
Best Fitness: [0.]
100
iteration 2999
Best Fitness: [0.]
100
iteration 0
Best Fitness: [9363.23317013]
1
iteration 100
Best Fitness: [4198.75935874]
1
iteration 200
Best Fitness: [2504.67458553]
1
iteration 300
Best Fitness: [1737.39100931]
1
iteration 400
Best Fitness: [1514.81735655]
1
iteration 500
Best Fitness: [1303.79304668]
1
iteration 600
Best Fitness: [966.26615634]
3
iteration 700
Best Fitness: [708.85272658]
3
iteration 800
Best Fitness: [508.31348419]
3
iteration 900
Best Fitness: [468.66234097]
3
iteration 1000
Best Fitness: [417.97616992]
3
iteration 1100
Best Fitness: [375.10271488]
3
iteration 1200
Best Fitness: [208.21763369]
9
iteration 1300
Best Fitness: [147.10261989]
9
iteration 1400
Best Fitness: [119.61998521]
9
iteration 1500
Best Fitness: [101.46466122]
9
iteration 1600
Best Fitness: [93.07627643]
9
iteration 1700
Best Fitness: [85.4925893]
9
iteration 1800
Best Fitness: [16.81810821]
27
iteration 1900
Best Fitness: [10.56280479]
27
iteration 2000
Best Fitness: [2.52952717]
27
iteration 2100
Best Fitness: [0.60276928]
27
iteration 2200
Best Fitness: [0.09921478]
27
iteration 2300
Best Fitness: [0.00379383]
27
iteration 2400
Best Fitness: [2.86306527e-13]
81
iteration 2500
Best Fitness: [1.44178647e-21]
81
iteration 2600
Best Fitness: [3.00279904e-27]
81
iteration 2700
Best Fitness: [0.]
81
iteration 2800
Best Fitness: [0.]
81
iteration 2900
Best Fitness: [0.]
100
iteration 2999
Best Fitness: [0.]
100
iteration 0
Best Fitness: [9722.31067608]
1
iteration 100
Best Fitness: [4063.37601041]
1
iteration 200
Best Fitness: [2825.43745089]
1
iteration 300
Best Fitness: [1987.84364141]
1
iteration 400
Best Fitness: [1534.65106109]
1
iteration 500
Best Fitness: [1395.277793]
1
iteration 600
Best Fitness: [1050.12280767]
3
iteration 700
Best Fitness: [703.5060442]
3
iteration 800
Best Fitness: [560.9280323]
3
iteration 900
Best Fitness: [529.64822794]
3
iteration 1000
Best Fitness: [460.13936771]
3
iteration 1100
Best Fitness: [441.83140399]
3
iteration 1200
Best Fitness: [258.29454606]
9
iteration 1300
Best Fitness: [181.41635135]
9
iteration 1400
Best Fitness: [146.86905602]
9
iteration 1500
Best Fitness: [134.06749421]
9
iteration 1600
Best Fitness: [122.25305615]
9
iteration 1700
Best Fitness: [115.12322968]
9
iteration 1800
Best Fitness: [23.08690099]
27
iteration 1900
Best Fitness: [9.0316281]
27
iteration 2000
Best Fitness: [1.66919035]
27
iteration 2100
Best Fitness: [1.00592193]
27
iteration 2200
Best Fitness: [0.00216608]
27
iteration 2300
Best Fitness: [0.00021252]
27
iteration 2400
Best Fitness: [1.55709659e-16]
81
iteration 2500
Best Fitness: [4.72473192e-23]
81
iteration 2600
Best Fitness: [9.46633086e-30]
81
iteration 2700
Best Fitness: [0.]
81
iteration 2800
Best Fitness: [0.]
81
iteration 2900
Best Fitness: [0.]
100
iteration 2999
Best Fitness: [0.]
100
iteration 0
Best Fitness: [10176.19950271]
1
iteration 100
Best Fitness: [3907.13123187]
1
iteration 200
Best Fitness: [2253.04053429]
1
iteration 300
Best Fitness: [1825.84088818]
1
iteration 400
Best Fitness: [1434.10151754]
1
iteration 500
Best Fitness: [1232.65779104]
1
iteration 600
Best Fitness: [888.40066186]
3
iteration 700
Best Fitness: [684.85732162]
3
iteration 800
Best Fitness: [610.38893216]
3
iteration 900
Best Fitness: [514.293837]
3
iteration 1000
Best Fitness: [472.41251032]
3
iteration 1100
Best Fitness: [466.4467664]
3
iteration 1200
Best Fitness: [233.19802513]
9
iteration 1300
Best Fitness: [169.82020939]
9
iteration 1400
Best Fitness: [134.39312845]
9
iteration 1500
Best Fitness: [109.59918301]
9
iteration 1600
Best Fitness: [102.95717692]
9
iteration 1700
Best Fitness: [89.84615487]
9
iteration 1800
Best Fitness: [12.95900194]
27
iteration 1900
Best Fitness: [4.47834612]
27
iteration 2000
Best Fitness: [0.87078247]
27
iteration 2100
Best Fitness: [0.01597241]
27
iteration 2200
Best Fitness: [0.00102908]
27
iteration 2300
Best Fitness: [1.15277436e-07]
27
iteration 2400
Best Fitness: [2.71381894e-12]
81
iteration 2500
Best Fitness: [9.82624918e-17]
81
iteration 2600
Best Fitness: [1.31643391e-21]
81
iteration 2700
Best Fitness: [7.88939791e-27]
81
iteration 2800
Best Fitness: [0.]
81
iteration 2900
Best Fitness: [0.]
100
iteration 2999
Best Fitness: [0.]
100
iteration 0
Best Fitness: [10553.69272128]
1
iteration 100
Best Fitness: [4237.61259542]
1
iteration 200
Best Fitness: [2356.21956519]
1
iteration 300
Best Fitness: [1684.71453407]
1
iteration 400
Best Fitness: [1434.31744117]
1
iteration 500
Best Fitness: [1250.2690614]
1
iteration 600
Best Fitness: [960.06673728]
3
iteration 700
Best Fitness: [694.2475572]
3
iteration 800
Best Fitness: [577.8673816]
3
iteration 900
Best Fitness: [524.58644541]
3
iteration 1000
Best Fitness: [504.35295407]
3
iteration 1100
Best Fitness: [472.47139299]
3
iteration 1200
Best Fitness: [265.0122471]
9
iteration 1300
Best Fitness: [169.97441916]
9
iteration 1400
Best Fitness: [143.78956145]
9
iteration 1500
Best Fitness: [129.10033055]
9
iteration 1600
Best Fitness: [117.47410477]
9
iteration 1700
Best Fitness: [103.81255246]
9
iteration 1800
Best Fitness: [19.46636605]
27
iteration 1900
Best Fitness: [7.6234474]
27
iteration 2000
Best Fitness: [0.7685725]
27
iteration 2100
Best Fitness: [0.19254541]
27
iteration 2200
Best Fitness: [0.0003828]
27
iteration 2300
Best Fitness: [7.47628096e-06]
27
iteration 2400
Best Fitness: [2.09653714e-16]
81
iteration 2500
Best Fitness: [2.65421286e-23]
81
iteration 2600
Best Fitness: [1.06890653e-28]
81
iteration 2700
Best Fitness: [0.]
81
iteration 2800
Best Fitness: [0.]
81
iteration 2900
Best Fitness: [0.]
100
iteration 2999
Best Fitness: [0.]
100
[array([0.]), array([0.]), array([0.]), array([0.]), array([0.]), array([0.]), array([0.]), array([0.]), array([0.]), array([0.])]
iteration 0
Best Fitness: [1529.48814109]
1
iteration 100
Best Fitness: [1199.33076297]
1
iteration 200
Best Fitness: [1043.39020325]
1
iteration 300
Best Fitness: [1033.14947619]
1
iteration 400
Best Fitness: [1001.46347932]
1
iteration 500
Best Fitness: [994.38460244]
1
iteration 600
Best Fitness: [836.21194567]
3
iteration 700
Best Fitness: [667.60827634]
3
iteration 800
Best Fitness: [573.38267803]
3
iteration 900
Best Fitness: [508.49507328]
3
iteration 1000
Best Fitness: [486.71580518]
3
iteration 1100
Best Fitness: [470.66877528]
3
iteration 1200
Best Fitness: [228.43345231]
9
iteration 1300
Best Fitness: [169.26971094]
9
iteration 1400
Best Fitness: [138.06711147]
9
iteration 1500
Best Fitness: [115.33755215]
9
iteration 1600
Best Fitness: [105.69963346]
9
iteration 1700
Best Fitness: [100.10154543]
9
iteration 1800
Best Fitness: [12.55452934]
27
iteration 1900
Best Fitness: [5.01566829]
27
iteration 2000
Best Fitness: [3.07109619]
27
iteration 2100
Best Fitness: [0.32160624]
27
iteration 2200
Best Fitness: [0.26166776]
27
iteration 2300
Best Fitness: [0.00209023]
27
iteration 2400
Best Fitness: [4.81392703e-13]
81
iteration 2500
Best Fitness: [0.]
81
iteration 2600
Best Fitness: [0.]
81
iteration 2700
Best Fitness: [0.]
81
iteration 2800
Best Fitness: [0.]
81
iteration 2900
Best Fitness: [0.]
100
iteration 2999
Best Fitness: [0.]
100
iteration 0
Best Fitness: [1496.39632234]
1
iteration 100
Best Fitness: [1190.56734776]
1
iteration 200
Best Fitness: [1069.94381385]
1
iteration 300
Best Fitness: [1024.61734581]
1
iteration 400
Best Fitness: [1014.51256017]
1
iteration 500
Best Fitness: [982.11192446]
1
iteration 600
Best Fitness: [786.55412134]
3
iteration 700
Best Fitness: [645.11384931]
3
iteration 800
Best Fitness: [541.26545189]
3
iteration 900
Best Fitness: [479.11264934]
3
iteration 1000
Best Fitness: [468.93610601]
3
iteration 1100
Best Fitness: [452.67000565]
3
iteration 1200
Best Fitness: [251.25232722]
9
iteration 1300
Best Fitness: [170.94654057]
9
iteration 1400
Best Fitness: [135.08518746]
9
iteration 1500
Best Fitness: [120.82222195]
9
iteration 1600
Best Fitness: [106.4884704]
9
iteration 1700
Best Fitness: [100.88483512]
9
iteration 1800
Best Fitness: [18.10114572]
27
iteration 1900
Best Fitness: [4.30711048]
27
iteration 2000
Best Fitness: [1.34972768]
27
iteration 2100
Best Fitness: [0.13942506]
27
iteration 2200
Best Fitness: [0.06970805]
27
iteration 2300
Best Fitness: [0.00082159]
27
iteration 2400
Best Fitness: [3.73034936e-14]
81
iteration 2500
Best Fitness: [0.]
81
iteration 2600
Best Fitness: [0.]
81
iteration 2700
Best Fitness: [0.]
81
iteration 2800
Best Fitness: [0.]
81
iteration 2900
Best Fitness: [0.]
100
iteration 2999
Best Fitness: [0.]
100
iteration 0
Best Fitness: [1576.28163605]
1
iteration 100
Best Fitness: [1198.85447241]
1
iteration 200
Best Fitness: [1124.10168538]
1
iteration 300
Best Fitness: [1023.90700699]
1
iteration 400
Best Fitness: [967.68848031]
1
iteration 500
Best Fitness: [966.37636496]
1
iteration 600
Best Fitness: [789.59854705]
3
iteration 700
Best Fitness: [632.45532743]
3
iteration 800
Best Fitness: [509.00809443]
3
iteration 900
Best Fitness: [472.59787447]
3
iteration 1000
Best Fitness: [451.26591274]
3
iteration 1100
Best Fitness: [442.41919351]
3
iteration 1200
Best Fitness: [227.98813883]
9
iteration 1300
Best Fitness: [180.78369675]
9
iteration 1400
Best Fitness: [149.95405734]
9
iteration 1500
Best Fitness: [128.5858729]
9
iteration 1600
Best Fitness: [110.65704741]
9
iteration 1700
Best Fitness: [99.22000537]
9
iteration 1800
Best Fitness: [17.10166772]
27
iteration 1900
Best Fitness: [4.36146394]
27
iteration 2000
Best Fitness: [0.57420462]
27
iteration 2100
Best Fitness: [0.03386802]
27
iteration 2200
Best Fitness: [0.01550472]
27
iteration 2300
Best Fitness: [0.00238262]
27
iteration 2400
Best Fitness: [2.48689958e-14]
81
iteration 2500
Best Fitness: [0.]
81
iteration 2600
Best Fitness: [0.]
81
iteration 2700
Best Fitness: [0.]
81
iteration 2800
Best Fitness: [0.]
81
iteration 2900
Best Fitness: [0.]
100
iteration 2999
Best Fitness: [0.]
100
iteration 0
Best Fitness: [1546.06234466]
1
iteration 100
Best Fitness: [1136.91118673]
1
iteration 200
Best Fitness: [994.44634232]
1
iteration 300
Best Fitness: [932.85191776]
1
iteration 400
Best Fitness: [932.85126253]
1
iteration 500
Best Fitness: [890.06679311]
1
iteration 600
Best Fitness: [670.79378943]
3
iteration 700
Best Fitness: [624.31249869]
3
iteration 800
Best Fitness: [560.75624435]
3
iteration 900
Best Fitness: [491.17476402]
3
iteration 1000
Best Fitness: [463.00691061]
3
iteration 1100
Best Fitness: [462.99012553]
3
iteration 1200
Best Fitness: [256.43617804]
9
iteration 1300
Best Fitness: [155.55335475]
9
iteration 1400
Best Fitness: [122.08600946]
9
iteration 1500
Best Fitness: [111.55872748]
9
iteration 1600
Best Fitness: [100.35754111]
9
iteration 1700
Best Fitness: [93.49251977]
9
iteration 1800
Best Fitness: [20.69896138]
27
iteration 1900
Best Fitness: [7.62275663]
27
iteration 2000
Best Fitness: [2.26278395]
27
iteration 2100
Best Fitness: [1.07561804]
27
iteration 2200
Best Fitness: [0.00052604]
27
iteration 2300
Best Fitness: [0.00021886]
27
iteration 2400
Best Fitness: [4.53486138e-11]
81
iteration 2500
Best Fitness: [0.]
81
iteration 2600
Best Fitness: [0.]
81
iteration 2700
Best Fitness: [0.]
81
iteration 2800
Best Fitness: [0.]
81
iteration 2900
Best Fitness: [0.]
100
iteration 2999
Best Fitness: [0.]
100
iteration 0
Best Fitness: [1491.78661782]
1
iteration 100
Best Fitness: [1257.24114032]
1
iteration 200
Best Fitness: [1116.21661647]
1
iteration 300
Best Fitness: [1068.19365855]
1
iteration 400
Best Fitness: [1057.22755004]
1
iteration 500
Best Fitness: [1003.85656638]
1
iteration 600
Best Fitness: [778.36117444]
3
iteration 700
Best Fitness: [670.45710209]
3
iteration 800
Best Fitness: [581.31523775]
3
iteration 900
Best Fitness: [529.16097326]
3
iteration 1000
Best Fitness: [498.52993032]
3
iteration 1100
Best Fitness: [465.96234688]
3
iteration 1200
Best Fitness: [306.57294258]
9
iteration 1300
Best Fitness: [215.93374586]
9
iteration 1400
Best Fitness: [142.98382383]
9
iteration 1500
Best Fitness: [129.06458613]
9
iteration 1600
Best Fitness: [108.29075624]
9
iteration 1700
Best Fitness: [95.30715432]
9
iteration 1800
Best Fitness: [15.71843401]
27
iteration 1900
Best Fitness: [6.41454516]
27
iteration 2000
Best Fitness: [2.32888132]
27
iteration 2100
Best Fitness: [1.2573994]
27
iteration 2200
Best Fitness: [0.18020937]
27
iteration 2300
Best Fitness: [0.00160164]
27
iteration 2400
Best Fitness: [1.44240175e-12]
81
iteration 2500
Best Fitness: [0.]
81
iteration 2600
Best Fitness: [0.]
81
iteration 2700
Best Fitness: [0.]
81
iteration 2800
Best Fitness: [0.]
81
iteration 2900
Best Fitness: [0.]
100
iteration 2999
Best Fitness: [0.]
100
iteration 0
Best Fitness: [1540.53485516]
1
iteration 100
Best Fitness: [1118.84448304]
1
iteration 200
Best Fitness: [1023.9755635]
1
iteration 300
Best Fitness: [988.56402765]
1
iteration 400
Best Fitness: [979.60406847]
1
iteration 500
Best Fitness: [973.00042195]
1
iteration 600
Best Fitness: [759.42357948]
3
iteration 700
Best Fitness: [606.83394749]
3
iteration 800
Best Fitness: [547.22087137]
3
iteration 900
Best Fitness: [517.51090411]
3
iteration 1000
Best Fitness: [497.27387772]
3
iteration 1100
Best Fitness: [496.64919607]
3
iteration 1200
Best Fitness: [214.17843703]
9
iteration 1300
Best Fitness: [156.78035893]
9
iteration 1400
Best Fitness: [123.54190639]
9
iteration 1500
Best Fitness: [99.9635761]
9
iteration 1600
Best Fitness: [89.1450249]
9
iteration 1700
Best Fitness: [83.45423571]
9
iteration 1800
Best Fitness: [18.59453127]
27
iteration 1900
Best Fitness: [7.30748964]
27
iteration 2000
Best Fitness: [2.48140801]
27
iteration 2100
Best Fitness: [0.46525313]
27
iteration 2200
Best Fitness: [0.00036885]
27
iteration 2300
Best Fitness: [8.19954055e-07]
27
iteration 2400
Best Fitness: [1.13686838e-13]
81
iteration 2500
Best Fitness: [0.]
81
iteration 2600
Best Fitness: [0.]
81
iteration 2700
Best Fitness: [0.]
81
iteration 2800
Best Fitness: [0.]
81
iteration 2900
Best Fitness: [0.]
100
iteration 2999
Best Fitness: [0.]
100
iteration 0
Best Fitness: [1466.41791919]
1
iteration 100
Best Fitness: [1234.25505502]
1
iteration 200
Best Fitness: [1132.98524785]
1
iteration 300
Best Fitness: [1029.89430126]
1
iteration 400
Best Fitness: [978.72818929]
1
iteration 500
Best Fitness: [978.72251996]
1
iteration 600
Best Fitness: [754.52246043]
3
iteration 700
Best Fitness: [613.79291446]
3
iteration 800
Best Fitness: [513.63813889]
3
iteration 900
Best Fitness: [490.28710672]
3
iteration 1000
Best Fitness: [467.90498646]
3
iteration 1100
Best Fitness: [434.93069081]
3
iteration 1200
Best Fitness: [227.06891324]
9
iteration 1300
Best Fitness: [157.54028441]
9
iteration 1400
Best Fitness: [141.36299372]
9
iteration 1500
Best Fitness: [117.80951546]
9
iteration 1600
Best Fitness: [109.03507431]
9
iteration 1700
Best Fitness: [94.76311974]
9
iteration 1800
Best Fitness: [23.70045453]
27
iteration 1900
Best Fitness: [7.42119975]
27
iteration 2000
Best Fitness: [1.89242705]
27
iteration 2100
Best Fitness: [0.37645397]
27
iteration 2200
Best Fitness: [0.0061002]
27
iteration 2300
Best Fitness: [0.00067803]
27
iteration 2400
Best Fitness: [8.8817842e-14]
81
iteration 2500
Best Fitness: [0.]
81
iteration 2600
Best Fitness: [0.]
81
iteration 2700
Best Fitness: [0.]
81
iteration 2800
Best Fitness: [0.]
81
iteration 2900
Best Fitness: [0.]
100
iteration 2999
Best Fitness: [0.]
100
iteration 0
Best Fitness: [1534.43465434]
1
iteration 100
Best Fitness: [1147.44836877]
1
iteration 200
Best Fitness: [1114.99919898]
1
iteration 300
Best Fitness: [1030.44526515]
1
iteration 400
Best Fitness: [963.68775583]
1
iteration 500
Best Fitness: [941.0328101]
1
iteration 600
Best Fitness: [803.55887578]
3
iteration 700
Best Fitness: [593.38837155]
3
iteration 800
Best Fitness: [551.59955294]
3
iteration 900
Best Fitness: [492.6119802]
3
iteration 1000
Best Fitness: [480.48263937]
3
iteration 1100
Best Fitness: [474.60635666]
3
iteration 1200
Best Fitness: [255.03652931]
9
iteration 1300
Best Fitness: [168.90525564]
9
iteration 1400
Best Fitness: [120.57167706]
9
iteration 1500
Best Fitness: [104.34118383]
9
iteration 1600
Best Fitness: [80.69458467]
9
iteration 1700
Best Fitness: [73.60363272]
9
iteration 1800
Best Fitness: [20.83772087]
27
iteration 1900
Best Fitness: [6.5777557]
27
iteration 2000
Best Fitness: [1.62298273]
27
iteration 2100
Best Fitness: [0.02054099]
27
iteration 2200
Best Fitness: [0.00913865]
27
iteration 2300
Best Fitness: [0.00201823]
27
iteration 2400
Best Fitness: [3.37507799e-14]
81
iteration 2500
Best Fitness: [0.]
81
iteration 2600
Best Fitness: [0.]
81
iteration 2700
Best Fitness: [0.]
81
iteration 2800
Best Fitness: [0.]
81
iteration 2900
Best Fitness: [0.]
100
iteration 2999
Best Fitness: [0.]
100
iteration 0
Best Fitness: [1464.48756961]
1
iteration 100
Best Fitness: [1218.996724]
1
iteration 200
Best Fitness: [1091.35863382]
1
iteration 300
Best Fitness: [1061.47728465]
1
iteration 400
Best Fitness: [969.38638842]
1
iteration 500
Best Fitness: [956.40871762]
1
iteration 600
Best Fitness: [813.4627164]
3
iteration 700
Best Fitness: [603.191353]
3
iteration 800
Best Fitness: [522.16201949]
3
iteration 900
Best Fitness: [459.58713804]
3
iteration 1000
Best Fitness: [446.54419911]
3
iteration 1100
Best Fitness: [434.30860935]
3
iteration 1200
Best Fitness: [275.36619914]
9
iteration 1300
Best Fitness: [182.93503705]
9
iteration 1400
Best Fitness: [148.04868175]
9
iteration 1500
Best Fitness: [127.78346875]
9
iteration 1600
Best Fitness: [114.81947264]
9
iteration 1700
Best Fitness: [110.40592439]
9
iteration 1800
Best Fitness: [16.9051571]
27
iteration 1900
Best Fitness: [6.16934141]
27
iteration 2000
Best Fitness: [2.59679255]
27
iteration 2100
Best Fitness: [0.48915086]
27
iteration 2200
Best Fitness: [0.01267801]
27
iteration 2300
Best Fitness: [0.00046905]
27
iteration 2400
Best Fitness: [3.37507799e-14]
81
iteration 2500
Best Fitness: [0.]
81
iteration 2600
Best Fitness: [0.]
81
iteration 2700
Best Fitness: [0.]
81
iteration 2800
Best Fitness: [0.]
81
iteration 2900
Best Fitness: [0.]
100
iteration 2999
Best Fitness: [0.]
100
iteration 0
Best Fitness: [1527.62613896]
1
iteration 100
Best Fitness: [1184.02856603]
1
iteration 200
Best Fitness: [1094.97117195]
1
iteration 300
Best Fitness: [1013.67036876]
1
iteration 400
Best Fitness: [953.96117811]
1
iteration 500
Best Fitness: [938.63532536]
1
iteration 600
Best Fitness: [730.16166368]
3
iteration 700
Best Fitness: [543.55601955]
3
iteration 800
Best Fitness: [457.9598668]
3
iteration 900
Best Fitness: [437.82841018]
3
iteration 1000
Best Fitness: [434.18355556]
3
iteration 1100
Best Fitness: [425.2201515]
3
iteration 1200
Best Fitness: [239.89648932]
9
iteration 1300
Best Fitness: [158.18101036]
9
iteration 1400
Best Fitness: [132.5327228]
9
iteration 1500
Best Fitness: [112.30578279]
9
iteration 1600
Best Fitness: [89.22021547]
9
iteration 1700
Best Fitness: [79.87862282]
9
iteration 1800
Best Fitness: [24.27744762]
27
iteration 1900
Best Fitness: [9.83316122]
27
iteration 2000
Best Fitness: [5.23970179]
27
iteration 2100
Best Fitness: [3.0057348]
27
iteration 2200
Best Fitness: [2.08458465]
27
iteration 2300
Best Fitness: [1.98992625]
27
iteration 2400
Best Fitness: [3.90603105e-11]
81
iteration 2500
Best Fitness: [0.]
81
iteration 2600
Best Fitness: [0.]
81
iteration 2700
Best Fitness: [0.]
81
iteration 2800
Best Fitness: [0.]
81
iteration 2900
Best Fitness: [0.]
100
iteration 2999
Best Fitness: [0.]
100
[array([0.]), array([0.]), array([0.]), array([0.]), array([0.]), array([0.]), array([0.]), array([0.]), array([0.]), array([0.])]
iteration 0
Best Fitness: [64970.92205275]
1
iteration 100
Best Fitness: [44789.20351573]
1
iteration 200
Best Fitness: [35878.37771375]
1
iteration 300
Best Fitness: [34471.92659668]
1
iteration 400
Best Fitness: [33644.50564342]
1
iteration 500
Best Fitness: [33548.99751508]
1
iteration 600
Best Fitness: [21170.77199336]
3
iteration 700
Best Fitness: [11714.31650802]
3
iteration 800
Best Fitness: [6116.75438441]
3
iteration 900
Best Fitness: [3441.07884638]
3
iteration 1000
Best Fitness: [2107.24300229]
3
iteration 1100
Best Fitness: [1229.24478121]
3
iteration 1200
Best Fitness: [137.12188756]
9
iteration 1300
Best Fitness: [4.05367628]
9
iteration 1400
Best Fitness: [0.08007768]
9
iteration 1500
Best Fitness: [0.00067293]
9
iteration 1600
Best Fitness: [4.15028371e-06]
9
iteration 1700
Best Fitness: [2.74737525e-08]
9
iteration 1800
Best Fitness: [1.07312963e-13]
27
iteration 1900
Best Fitness: [6.66964513e-19]
27
iteration 2000
Best Fitness: [5.47377895e-24]
27
iteration 2100
Best Fitness: [2.11307782e-29]
27
iteration 2200
Best Fitness: [1.49975978e-32]
27
iteration 2300
Best Fitness: [1.49975978e-32]
27
iteration 2400
Best Fitness: [1.49975978e-32]
81
iteration 2500
Best Fitness: [1.49975978e-32]
81
iteration 2600
Best Fitness: [1.49975978e-32]
81
iteration 2700
Best Fitness: [1.49975978e-32]
81
iteration 2800
Best Fitness: [1.49975978e-32]
81
iteration 2900
Best Fitness: [1.49975978e-32]
100
iteration 2999
Best Fitness: [1.49975978e-32]
100
iteration 0
Best Fitness: [66236.17280824]
1
iteration 100
Best Fitness: [43748.72330914]
1
iteration 200
Best Fitness: [39624.40128087]
1
iteration 300
Best Fitness: [36004.37149506]
1
iteration 400
Best Fitness: [27048.66788737]
1
iteration 500
Best Fitness: [27048.20262722]
1
iteration 600
Best Fitness: [21240.71067221]
3
iteration 700
Best Fitness: [13771.24025798]
3
iteration 800
Best Fitness: [7214.01781032]
3
iteration 900
Best Fitness: [3739.52079984]
3
iteration 1000
Best Fitness: [1753.0916366]
3
iteration 1100
Best Fitness: [984.01671759]
3
iteration 1200
Best Fitness: [108.89692377]
9
iteration 1300
Best Fitness: [5.01630068]
9
iteration 1400
Best Fitness: [0.2017551]
9
iteration 1500
Best Fitness: [0.00199426]
9
iteration 1600
Best Fitness: [1.03150489e-05]
9
iteration 1700
Best Fitness: [4.79998278e-08]
9
iteration 1800
Best Fitness: [2.19241379e-13]
27
iteration 1900
Best Fitness: [1.3377949e-18]
27
iteration 2000
Best Fitness: [4.44381372e-24]
27
iteration 2100
Best Fitness: [8.49801415e-29]
27
iteration 2200
Best Fitness: [1.49975978e-32]
27
iteration 2300
Best Fitness: [1.49975978e-32]
27
iteration 2400
Best Fitness: [1.49975978e-32]
81
iteration 2500
Best Fitness: [1.49975978e-32]
81
iteration 2600
Best Fitness: [1.49975978e-32]
81
iteration 2700
Best Fitness: [1.49975978e-32]
81
iteration 2800
Best Fitness: [1.49975978e-32]
81
iteration 2900
Best Fitness: [1.49975978e-32]
100
iteration 2999
Best Fitness: [1.49975978e-32]
100
iteration 0
Best Fitness: [72687.75737107]
1
iteration 100
Best Fitness: [43088.0807265]
1
iteration 200
Best Fitness: [37544.23440408]
1
iteration 300
Best Fitness: [37544.05368485]
1
iteration 400
Best Fitness: [36464.22234179]
1
iteration 500
Best Fitness: [35298.8018716]
1
iteration 600
Best Fitness: [23881.76086043]
3
iteration 700
Best Fitness: [16150.88726118]
3
iteration 800
Best Fitness: [9815.26579338]
3
iteration 900
Best Fitness: [6180.05061951]
3
iteration 1000
Best Fitness: [3577.40192918]
3
iteration 1100
Best Fitness: [1953.004847]
3
iteration 1200
Best Fitness: [138.15517816]
9
iteration 1300
Best Fitness: [8.00784746]
9
iteration 1400
Best Fitness: [0.27165774]
9
iteration 1500
Best Fitness: [0.00177824]
9
iteration 1600
Best Fitness: [8.22455858e-06]
9
iteration 1700
Best Fitness: [5.01323639e-08]
9
iteration 1800
Best Fitness: [1.71801957e-13]
27
iteration 1900
Best Fitness: [1.22792464e-18]
27
iteration 2000
Best Fitness: [7.42417639e-24]
27
iteration 2100
Best Fitness: [1.22038727e-28]
27
iteration 2200
Best Fitness: [1.49975978e-32]
27
iteration 2300
Best Fitness: [1.49975978e-32]
27
iteration 2400
Best Fitness: [1.49975978e-32]
81
iteration 2500
Best Fitness: [1.49975978e-32]
81
iteration 2600
Best Fitness: [1.49975978e-32]
81
iteration 2700
Best Fitness: [1.49975978e-32]
81
iteration 2800
Best Fitness: [1.49975978e-32]
81
iteration 2900
Best Fitness: [1.49975978e-32]
100
iteration 2999
Best Fitness: [1.49975978e-32]
100
iteration 0
Best Fitness: [69784.31053896]
1
iteration 100
Best Fitness: [43376.55394939]
1
iteration 200
Best Fitness: [40900.34128193]
1
iteration 300
Best Fitness: [40016.49682946]
1
iteration 400
Best Fitness: [36054.87653492]
1
iteration 500
Best Fitness: [36042.86930634]
1
iteration 600
Best Fitness: [25472.70772516]
3
iteration 700
Best Fitness: [15221.07761705]
3
iteration 800
Best Fitness: [9699.00118567]
3
iteration 900
Best Fitness: [7542.88070126]
3
iteration 1000
Best Fitness: [5197.61925452]
3
iteration 1100
Best Fitness: [3552.73606548]
3
iteration 1200
Best Fitness: [480.60554553]
9
iteration 1300
Best Fitness: [25.628061]
9
iteration 1400
Best Fitness: [1.08925886]
9
iteration 1500
Best Fitness: [0.01466067]
9
iteration 1600
Best Fitness: [0.00015047]
9
iteration 1700
Best Fitness: [2.35149333e-06]
9
iteration 1800
Best Fitness: [3.40073521e-12]
27
iteration 1900
Best Fitness: [2.49463645e-17]
27
iteration 2000
Best Fitness: [2.45777818e-22]
27
iteration 2100
Best Fitness: [3.88021852e-28]
27
iteration 2200
Best Fitness: [1.49975978e-32]
27
iteration 2300
Best Fitness: [1.49975978e-32]
27
iteration 2400
Best Fitness: [1.49975978e-32]
81
iteration 2500
Best Fitness: [1.49975978e-32]
81
iteration 2600
Best Fitness: [1.49975978e-32]
81
iteration 2700
Best Fitness: [1.49975978e-32]
81
iteration 2800
Best Fitness: [1.49975978e-32]
81
iteration 2900
Best Fitness: [1.49975978e-32]
100
iteration 2999
Best Fitness: [1.49975978e-32]
100
iteration 0
Best Fitness: [73275.33151309]
1
iteration 100
Best Fitness: [45688.38809586]
1
iteration 200
Best Fitness: [38992.30293944]
1
iteration 300
Best Fitness: [36165.62886828]
1
iteration 400
Best Fitness: [32972.53081354]
1
iteration 500
Best Fitness: [32870.41312284]
1
iteration 600
Best Fitness: [22778.0410138]
3
iteration 700
Best Fitness: [11517.12581405]
3
iteration 800
Best Fitness: [7411.62982508]
3
iteration 900
Best Fitness: [6039.60043129]
3
iteration 1000
Best Fitness: [4697.06627054]
3
iteration 1100
Best Fitness: [2650.04290767]
3
iteration 1200
Best Fitness: [339.32863329]
9
iteration 1300
Best Fitness: [10.08895486]
9
iteration 1400
Best Fitness: [0.43908342]
9
iteration 1500
Best Fitness: [0.00356501]
9
iteration 1600
Best Fitness: [2.21357133e-05]
9
iteration 1700
Best Fitness: [9.94074456e-08]
9
iteration 1800
Best Fitness: [5.78359183e-13]
27
iteration 1900
Best Fitness: [2.74302337e-18]
27
iteration 2000
Best Fitness: [2.55752822e-23]
27
iteration 2100
Best Fitness: [1.37964791e-28]
27
iteration 2200
Best Fitness: [1.49975978e-32]
27
iteration 2300
Best Fitness: [1.49975978e-32]
27
iteration 2400
Best Fitness: [1.49975978e-32]
81
iteration 2500
Best Fitness: [1.49975978e-32]
81
iteration 2600
Best Fitness: [1.49975978e-32]
81
iteration 2700
Best Fitness: [1.49975978e-32]
81
iteration 2800
Best Fitness: [1.49975978e-32]
81
iteration 2900
Best Fitness: [1.49975978e-32]
100
iteration 2999
Best Fitness: [1.49975978e-32]
100
iteration 0
Best Fitness: [71251.12107664]
1
iteration 100
Best Fitness: [42814.80939356]
1
iteration 200
Best Fitness: [38086.8241681]
1
iteration 300
Best Fitness: [38086.82400766]
1
iteration 400
Best Fitness: [35066.79365376]
1
iteration 500
Best Fitness: [35066.79361783]
1
iteration 600
Best Fitness: [24023.01298021]
3
iteration 700
Best Fitness: [17447.70947407]
3
iteration 800
Best Fitness: [10806.44171045]
3
iteration 900
Best Fitness: [6100.99716512]
3
iteration 1000
Best Fitness: [2900.3792932]
3
iteration 1100
Best Fitness: [1591.30058961]
3
iteration 1200
Best Fitness: [141.30601082]
9
iteration 1300
Best Fitness: [5.38519426]
9
iteration 1400
Best Fitness: [0.27302226]
9
iteration 1500
Best Fitness: [0.00133042]
9
iteration 1600
Best Fitness: [7.78276601e-06]
9
iteration 1700
Best Fitness: [4.7726459e-08]
9
iteration 1800
Best Fitness: [1.8402107e-13]
27
iteration 1900
Best Fitness: [1.35645742e-18]
27
iteration 2000
Best Fitness: [9.53353973e-24]
27
iteration 2100
Best Fitness: [4.9613244e-29]
27
iteration 2200
Best Fitness: [1.49975978e-32]
27
iteration 2300
Best Fitness: [1.49975978e-32]
27
iteration 2400
Best Fitness: [1.49975978e-32]
81
iteration 2500
Best Fitness: [1.49975978e-32]
81
iteration 2600
Best Fitness: [1.49975978e-32]
81
iteration 2700
Best Fitness: [1.49975978e-32]
81
iteration 2800
Best Fitness: [1.49975978e-32]
81
iteration 2900
Best Fitness: [1.49975978e-32]
100
iteration 2999
Best Fitness: [1.49975978e-32]
100
iteration 0
Best Fitness: [60313.58636014]
1
iteration 100
Best Fitness: [40148.24472281]
1
iteration 200
Best Fitness: [34203.01496663]
1
iteration 300
Best Fitness: [31743.15989548]
1
iteration 400
Best Fitness: [31567.86769536]
1
iteration 500
Best Fitness: [30710.66627697]
1
iteration 600
Best Fitness: [23657.48867373]
3
iteration 700
Best Fitness: [13488.56382085]
3
iteration 800
Best Fitness: [7634.80348837]
3
iteration 900
Best Fitness: [5632.24373757]
3
iteration 1000
Best Fitness: [4324.40534997]
3
iteration 1100
Best Fitness: [2512.56470988]
3
iteration 1200
Best Fitness: [314.71946398]
9
iteration 1300
Best Fitness: [17.89197118]
9
iteration 1400
Best Fitness: [0.72965753]
9
iteration 1500
Best Fitness: [0.00804657]
9
iteration 1600
Best Fitness: [4.2270947e-05]
9
iteration 1700
Best Fitness: [2.77323575e-07]
9
iteration 1800
Best Fitness: [1.4924912e-12]
27
iteration 1900
Best Fitness: [2.46205506e-18]
27
iteration 2000
Best Fitness: [6.16565206e-23]
27
iteration 2100
Best Fitness: [4.20810272e-28]
27
iteration 2200
Best Fitness: [1.49975978e-32]
27
iteration 2300
Best Fitness: [1.49975978e-32]
27
iteration 2400
Best Fitness: [1.49975978e-32]
81
iteration 2500
Best Fitness: [1.49975978e-32]
81
iteration 2600
Best Fitness: [1.49975978e-32]
81
iteration 2700
Best Fitness: [1.49975978e-32]
81
iteration 2800
Best Fitness: [1.49975978e-32]
81
iteration 2900
Best Fitness: [1.49975978e-32]
100
iteration 2999
Best Fitness: [1.49975978e-32]
100
iteration 0
Best Fitness: [72215.44366793]
1
iteration 100
Best Fitness: [42177.72506148]
1
iteration 200
Best Fitness: [35418.88151875]
1
iteration 300
Best Fitness: [33134.32939249]
1
iteration 400
Best Fitness: [33133.7812489]
1
iteration 500
Best Fitness: [31319.581872]
1
iteration 600
Best Fitness: [22791.62080934]
3
iteration 700
Best Fitness: [16513.27303548]
3
iteration 800
Best Fitness: [11711.97625747]
3
iteration 900
Best Fitness: [7106.48503084]
3
iteration 1000
Best Fitness: [4572.25689857]
3
iteration 1100
Best Fitness: [2905.39275935]
3
iteration 1200
Best Fitness: [344.99053532]
9
iteration 1300
Best Fitness: [14.73538989]
9
iteration 1400
Best Fitness: [0.59226987]
9
iteration 1500
Best Fitness: [0.00622581]
9
iteration 1600
Best Fitness: [2.86497591e-05]
9
iteration 1700
Best Fitness: [1.00936581e-07]
9
iteration 1800
Best Fitness: [3.02369718e-13]
27
iteration 1900
Best Fitness: [1.36312244e-18]
27
iteration 2000
Best Fitness: [1.04244145e-23]
27
iteration 2100
Best Fitness: [1.76577305e-28]
27
iteration 2200
Best Fitness: [1.49975978e-32]
27
iteration 2300
Best Fitness: [1.49975978e-32]
27
iteration 2400
Best Fitness: [1.49975978e-32]
81
iteration 2500
Best Fitness: [1.49975978e-32]
81
iteration 2600
Best Fitness: [1.49975978e-32]
81
iteration 2700
Best Fitness: [1.49975978e-32]
81
iteration 2800
Best Fitness: [1.49975978e-32]
81
iteration 2900
Best Fitness: [1.49975978e-32]
100
iteration 2999
Best Fitness: [1.49975978e-32]
100
iteration 0
Best Fitness: [66260.66752035]
1
iteration 100
Best Fitness: [42340.86783417]
1
iteration 200
Best Fitness: [37733.44714226]
1
iteration 300
Best Fitness: [34916.78255342]
1
iteration 400
Best Fitness: [34244.07556425]
1
iteration 500
Best Fitness: [32570.95173661]
1
iteration 600
Best Fitness: [20360.71016698]
3
iteration 700
Best Fitness: [11009.00070814]
3
iteration 800
Best Fitness: [6883.08267275]
3
iteration 900
Best Fitness: [3924.7650192]
3
iteration 1000
Best Fitness: [1822.27893625]
3
iteration 1100
Best Fitness: [1159.19088613]
3
iteration 1200
Best Fitness: [138.37786403]
9
iteration 1300
Best Fitness: [4.26037228]
9
iteration 1400
Best Fitness: [0.22091966]
9
iteration 1500
Best Fitness: [0.000795]
9
iteration 1600
Best Fitness: [6.53897035e-06]
9
iteration 1700
Best Fitness: [4.85448646e-08]
9
iteration 1800
Best Fitness: [3.72319904e-13]
27
iteration 1900
Best Fitness: [2.83630822e-18]
27
iteration 2000
Best Fitness: [1.30494761e-23]
27
iteration 2100
Best Fitness: [1.17745435e-28]
27
iteration 2200
Best Fitness: [1.49975978e-32]
27
iteration 2300
Best Fitness: [1.49975978e-32]
27
iteration 2400
Best Fitness: [1.49975978e-32]
81
iteration 2500
Best Fitness: [1.49975978e-32]
81
iteration 2600
Best Fitness: [1.49975978e-32]
81
iteration 2700
Best Fitness: [1.49975978e-32]
81
iteration 2800
Best Fitness: [1.49975978e-32]
81
iteration 2900
Best Fitness: [1.49975978e-32]
100
iteration 2999
Best Fitness: [1.49975978e-32]
100
iteration 0
Best Fitness: [64330.07737336]
1
iteration 100
Best Fitness: [47535.08635072]
1
iteration 200
Best Fitness: [40240.37529759]
1
iteration 300
Best Fitness: [33675.4614868]
1
iteration 400
Best Fitness: [30368.77332086]
1
iteration 500
Best Fitness: [27943.37266357]
1
iteration 600
Best Fitness: [22104.94727006]
3
iteration 700
Best Fitness: [12449.46094365]
3
iteration 800
Best Fitness: [7012.96751465]
3
iteration 900
Best Fitness: [5369.54950485]
3
iteration 1000
Best Fitness: [2448.42306793]
3
iteration 1100
Best Fitness: [1193.07052154]
3
iteration 1200
Best Fitness: [95.64139252]
9
iteration 1300
Best Fitness: [4.29196644]
9
iteration 1400
Best Fitness: [0.19024447]
9
iteration 1500
Best Fitness: [0.00140665]
9
iteration 1600
Best Fitness: [3.01911607e-05]
9
iteration 1700
Best Fitness: [1.32173581e-07]
9
iteration 1800
Best Fitness: [2.67554258e-13]
27
iteration 1900
Best Fitness: [1.10036231e-18]
27
iteration 2000
Best Fitness: [6.29749321e-24]
27
iteration 2100
Best Fitness: [1.24713709e-28]
27
iteration 2200
Best Fitness: [1.49975978e-32]
27
iteration 2300
Best Fitness: [1.49975978e-32]
27
iteration 2400
Best Fitness: [1.49975978e-32]
81
iteration 2500
Best Fitness: [1.49975978e-32]
81
iteration 2600
Best Fitness: [1.49975978e-32]
81
iteration 2700
Best Fitness: [1.49975978e-32]
81
iteration 2800
Best Fitness: [1.49975978e-32]
81
iteration 2900
Best Fitness: [1.49975978e-32]
100
iteration 2999
Best Fitness: [1.49975978e-32]
100
[array([1.49975978e-32]), array([1.49975978e-32]), array([1.49975978e-32]), array([1.49975978e-32]), array([1.49975978e-32]), array([1.49975978e-32]), array([1.49975978e-32]), array([1.49975978e-32]), array([1.49975978e-32]), array([1.49975978e-32])]
iteration 0
Best Fitness: [35510.78454977]
1
iteration 100
Best Fitness: [29538.7665397]
1
iteration 200
Best Fitness: [27490.15517533]
1
iteration 300
Best Fitness: [26167.06046316]
1
iteration 400
Best Fitness: [24873.04242746]
1
iteration 500
Best Fitness: [24873.04242626]
1
iteration 600
Best Fitness: [22741.16430458]
3
iteration 700
Best Fitness: [18153.40522577]
3
iteration 800
Best Fitness: [14384.28761226]
3
iteration 900
Best Fitness: [13998.43146809]
3
iteration 1000
Best Fitness: [13801.22101237]
3
iteration 1100
Best Fitness: [13801.22101237]
3
iteration 1200
Best Fitness: [8193.59237365]
9
iteration 1300
Best Fitness: [5067.12855914]
9
iteration 1400
Best Fitness: [3425.29548869]
9
iteration 1500
Best Fitness: [2644.28368753]
9
iteration 1600
Best Fitness: [2385.17092657]
9
iteration 1700
Best Fitness: [2301.83037634]
9
iteration 1800
Best Fitness: [17.04114265]
27
iteration 1900
Best Fitness: [5.7272024]
27
iteration 2000
Best Fitness: [2.9853941]
27
iteration 2100
Best Fitness: [1.69544763]
27
iteration 2200
Best Fitness: [1.37721935]
27
iteration 2300
Best Fitness: [1.33863736]
27
iteration 2400
Best Fitness: [0.02960988]
81
iteration 2500
Best Fitness: [0.01580263]
81
iteration 2600
Best Fitness: [0.00976016]
81
iteration 2700
Best Fitness: [0.00824152]
81
iteration 2800
Best Fitness: [0.00823298]
81
iteration 2900
Best Fitness: [0.00127276]
100
iteration 2999
Best Fitness: [0.00127276]
100
iteration 0
Best Fitness: [36416.03135415]
1
iteration 100
Best Fitness: [28510.90281146]
1
iteration 200
Best Fitness: [27014.37429251]
1
iteration 300
Best Fitness: [26215.10331226]
1
iteration 400
Best Fitness: [26215.10331226]
1
iteration 500
Best Fitness: [26215.10331226]
1
iteration 600
Best Fitness: [21151.6567784]
3
iteration 700
Best Fitness: [18780.11352843]
3
iteration 800
Best Fitness: [16525.46723356]
3
iteration 900
Best Fitness: [15448.00277844]
3
iteration 1000
Best Fitness: [14128.21909954]
3
iteration 1100
Best Fitness: [13415.91236454]
3
iteration 1200
Best Fitness: [8075.51605901]
9
iteration 1300
Best Fitness: [5980.76993734]
9
iteration 1400
Best Fitness: [4629.11422657]
9
iteration 1500
Best Fitness: [4299.97322545]
9
iteration 1600
Best Fitness: [3631.34767144]
9
iteration 1700
Best Fitness: [3435.31400453]
9
iteration 1800
Best Fitness: [35.16639989]
27
iteration 1900
Best Fitness: [5.72198091]
27
iteration 2000
Best Fitness: [2.74140984]
27
iteration 2100
Best Fitness: [1.99590062]
27
iteration 2200
Best Fitness: [1.7726122]
27
iteration 2300
Best Fitness: [1.63546631]
27
iteration 2400
Best Fitness: [0.00767497]
81
iteration 2500
Best Fitness: [0.00751874]
81
iteration 2600
Best Fitness: [0.00751872]
81
iteration 2700
Best Fitness: [0.00751872]
81
iteration 2800
Best Fitness: [0.00751872]
81
iteration 2900
Best Fitness: [0.00127276]
100
iteration 2999
Best Fitness: [0.00127276]
100
iteration 0
Best Fitness: [34533.00954217]
1
iteration 100
Best Fitness: [29862.76069506]
1
iteration 200
Best Fitness: [26963.79851367]
1
iteration 300
Best Fitness: [25824.12758173]
1
iteration 400
Best Fitness: [25512.90121981]
1
iteration 500
Best Fitness: [25120.60527995]
1
iteration 600
Best Fitness: [21819.85406315]
3
iteration 700
Best Fitness: [17595.74651227]
3
iteration 800
Best Fitness: [15919.34621851]
3
iteration 900
Best Fitness: [15747.69693815]
3
iteration 1000
Best Fitness: [14754.38017129]
3
iteration 1100
Best Fitness: [13811.09084007]
3
iteration 1200
Best Fitness: [6858.30301432]
9
iteration 1300
Best Fitness: [3678.69004608]
9
iteration 1400
Best Fitness: [3019.58956635]
9
iteration 1500
Best Fitness: [2174.93699718]
9
iteration 1600
Best Fitness: [1761.42052438]
9
iteration 1700
Best Fitness: [1702.63235305]
9
iteration 1800
Best Fitness: [16.60462642]
27
iteration 1900
Best Fitness: [4.8776599]
27
iteration 2000
Best Fitness: [3.02220767]
27
iteration 2100
Best Fitness: [1.64307935]
27
iteration 2200
Best Fitness: [1.42536939]
27
iteration 2300
Best Fitness: [1.13503766]
27
iteration 2400
Best Fitness: [0.02940648]
81
iteration 2500
Best Fitness: [0.00800796]
81
iteration 2600
Best Fitness: [0.00771406]
81
iteration 2700
Best Fitness: [0.00751948]
81
iteration 2800
Best Fitness: [0.00532608]
81
iteration 2900
Best Fitness: [0.00127276]
100
iteration 2999
Best Fitness: [0.00127276]
100
iteration 0
Best Fitness: [35511.60580128]
1
iteration 100
Best Fitness: [29990.33814234]
1
iteration 200
Best Fitness: [28509.22054955]
1
iteration 300
Best Fitness: [24842.1042371]
1
iteration 400
Best Fitness: [24221.13293519]
1
iteration 500
Best Fitness: [24221.13293368]
1
iteration 600
Best Fitness: [21261.75379745]
3
iteration 700
Best Fitness: [17369.64893885]
3
iteration 800
Best Fitness: [15673.174718]
3
iteration 900
Best Fitness: [15278.81326281]
3
iteration 1000
Best Fitness: [15214.73936664]
3
iteration 1100
Best Fitness: [14707.51414821]
3
iteration 1200
Best Fitness: [8425.62345088]
9
iteration 1300
Best Fitness: [5431.06356748]
9
iteration 1400
Best Fitness: [4085.22585532]
9
iteration 1500
Best Fitness: [3168.73613017]
9
iteration 1600
Best Fitness: [2490.93844556]
9
iteration 1700
Best Fitness: [2112.57861172]
9
iteration 1800
Best Fitness: [29.07332576]
27
iteration 1900
Best Fitness: [6.02374903]
27
iteration 2000
Best Fitness: [2.00793733]
27
iteration 2100
Best Fitness: [0.91300629]
27
iteration 2200
Best Fitness: [0.70468623]
27
iteration 2300
Best Fitness: [0.35219763]
27
iteration 2400
Best Fitness: [0.01442362]
81
iteration 2500
Best Fitness: [0.00752726]
81
iteration 2600
Best Fitness: [0.00751911]
81
iteration 2700
Best Fitness: [0.00751872]
81
iteration 2800
Best Fitness: [0.00751872]
81
iteration 2900
Best Fitness: [0.00127276]
100
iteration 2999
Best Fitness: [0.00127276]
100
iteration 0
Best Fitness: [35012.53658263]
1
iteration 100
Best Fitness: [29040.66830327]
1
iteration 200
Best Fitness: [27480.67925582]
1
iteration 300
Best Fitness: [26828.51790852]
1
iteration 400
Best Fitness: [26828.51790731]
1
iteration 500
Best Fitness: [26828.51790731]
1
iteration 600
Best Fitness: [22646.74155589]
3
iteration 700
Best Fitness: [19128.37806104]
3
iteration 800
Best Fitness: [16442.21743059]
3
iteration 900
Best Fitness: [16206.8154032]
3
iteration 1000
Best Fitness: [15084.41453556]
3
iteration 1100
Best Fitness: [15042.01822833]
3
iteration 1200
Best Fitness: [8114.92847548]
9
iteration 1300
Best Fitness: [5198.11442064]
9
iteration 1400
Best Fitness: [3799.98048508]
9
iteration 1500
Best Fitness: [3444.75697892]
9
iteration 1600
Best Fitness: [3215.86732139]
9
iteration 1700
Best Fitness: [3010.14608988]
9
iteration 1800
Best Fitness: [44.63090294]
27
iteration 1900
Best Fitness: [7.50271216]
27
iteration 2000
Best Fitness: [3.10090432]
27
iteration 2100
Best Fitness: [2.52019193]
27
iteration 2200
Best Fitness: [1.58722243]
27
iteration 2300
Best Fitness: [1.49610033]
27
iteration 2400
Best Fitness: [0.02014905]
81
iteration 2500
Best Fitness: [0.02001151]
81
iteration 2600
Best Fitness: [0.02001147]
81
iteration 2700
Best Fitness: [0.01568622]
81
iteration 2800
Best Fitness: [0.01380179]
81
iteration 2900
Best Fitness: [0.00127276]
100
iteration 2999
Best Fitness: [0.00127276]
100
iteration 0
Best Fitness: [35891.43864662]
1
iteration 100
Best Fitness: [28290.23441561]
1
iteration 200
Best Fitness: [27430.97418178]
1
iteration 300
Best Fitness: [26371.84251811]
1
iteration 400
Best Fitness: [26368.824682]
1
iteration 500
Best Fitness: [25924.6922307]
1
iteration 600
Best Fitness: [20948.72604049]
3
iteration 700
Best Fitness: [16760.70301738]
3
iteration 800
Best Fitness: [16672.533246]
3
iteration 900
Best Fitness: [15806.79123286]
3
iteration 1000
Best Fitness: [14915.14800391]
3
iteration 1100
Best Fitness: [14767.40275355]
3
iteration 1200
Best Fitness: [8209.58794264]
9
iteration 1300
Best Fitness: [5398.1465425]
9
iteration 1400
Best Fitness: [3946.29984937]
9
iteration 1500
Best Fitness: [3142.57943295]
9
iteration 1600
Best Fitness: [2847.23986375]
9
iteration 1700
Best Fitness: [2318.23526127]
9
iteration 1800
Best Fitness: [28.13359244]
27
iteration 1900
Best Fitness: [5.30495484]
27
iteration 2000
Best Fitness: [3.40277892]
27
iteration 2100
Best Fitness: [2.09397994]
27
iteration 2200
Best Fitness: [1.9704892]
27
iteration 2300
Best Fitness: [1.59088466]
27
iteration 2400
Best Fitness: [0.02904518]
81
iteration 2500
Best Fitness: [0.01024471]
81
iteration 2600
Best Fitness: [0.00838629]
81
iteration 2700
Best Fitness: [0.00326715]
81
iteration 2800
Best Fitness: [0.00326715]
81
iteration 2900
Best Fitness: [0.00127276]
100
iteration 2999
Best Fitness: [0.00127276]
100
iteration 0
Best Fitness: [35576.85134799]
1
iteration 100
Best Fitness: [28234.46853862]
1
iteration 200
Best Fitness: [27308.48037122]
1
iteration 300
Best Fitness: [26298.1403589]
1
iteration 400
Best Fitness: [26286.82577989]
1
iteration 500
Best Fitness: [24436.96819577]
1
iteration 600
Best Fitness: [21853.9656593]
3
iteration 700
Best Fitness: [18447.89084242]
3
iteration 800
Best Fitness: [14533.49086576]
3
iteration 900
Best Fitness: [13641.39705324]
3
iteration 1000
Best Fitness: [12896.90159415]
3
iteration 1100
Best Fitness: [12865.17665492]
3
iteration 1200
Best Fitness: [9164.2182615]
9
iteration 1300
Best Fitness: [5895.30623864]
9
iteration 1400
Best Fitness: [4445.67326495]
9
iteration 1500
Best Fitness: [3845.27842303]
9
iteration 1600
Best Fitness: [3541.2542852]
9
iteration 1700
Best Fitness: [2407.312653]
9
iteration 1800
Best Fitness: [15.68670443]
27
iteration 1900
Best Fitness: [5.22414676]
27
iteration 2000
Best Fitness: [2.33699049]
27
iteration 2100
Best Fitness: [1.66632516]
27
iteration 2200
Best Fitness: [1.22789323]
27
iteration 2300
Best Fitness: [1.21098002]
27
iteration 2400
Best Fitness: [0.01452344]
81
iteration 2500
Best Fitness: [0.00825179]
81
iteration 2600
Best Fitness: [0.00824557]
81
iteration 2700
Best Fitness: [0.00821597]
81
iteration 2800
Best Fitness: [0.00821597]
81
iteration 2900
Best Fitness: [0.00127276]
100
iteration 2999
Best Fitness: [0.00127276]
100
iteration 0
Best Fitness: [35838.36328745]
1
iteration 100
Best Fitness: [29154.71934389]
1
iteration 200
Best Fitness: [25971.74200407]
1
iteration 300
Best Fitness: [24565.53718662]
1
iteration 400
Best Fitness: [23547.27695595]
1
iteration 500
Best Fitness: [23547.27690498]
1
iteration 600
Best Fitness: [19991.47255366]
3
iteration 700
Best Fitness: [16509.4353916]
3
iteration 800
Best Fitness: [14998.77784957]
3
iteration 900
Best Fitness: [14609.65872082]
3
iteration 1000
Best Fitness: [14030.07728537]
3
iteration 1100
Best Fitness: [13757.44408417]
3
iteration 1200
Best Fitness: [7626.53101562]
9
iteration 1300
Best Fitness: [4372.00570713]
9
iteration 1400
Best Fitness: [3379.6511768]
9
iteration 1500
Best Fitness: [2935.97855945]
9
iteration 1600
Best Fitness: [2680.35748815]
9
iteration 1700
Best Fitness: [2427.28050388]
9
iteration 1800
Best Fitness: [20.47758906]
27
iteration 1900
Best Fitness: [6.0853515]
27
iteration 2000
Best Fitness: [3.60821513]
27
iteration 2100
Best Fitness: [2.7775748]
27
iteration 2200
Best Fitness: [1.78786974]
27
iteration 2300
Best Fitness: [1.16166749]
27
iteration 2400
Best Fitness: [0.02504244]
81
iteration 2500
Best Fitness: [0.01689607]
81
iteration 2600
Best Fitness: [0.01552895]
81
iteration 2700
Best Fitness: [0.00754365]
81
iteration 2800
Best Fitness: [0.00132568]
81
iteration 2900
Best Fitness: [0.00127276]
100
iteration 2999
Best Fitness: [0.00127276]
100
iteration 0
Best Fitness: [35116.07468301]
1
iteration 100
Best Fitness: [29588.58063906]
1
iteration 200
Best Fitness: [28396.44031782]
1
iteration 300
Best Fitness: [27915.79167348]
1
iteration 400
Best Fitness: [27915.79167348]
1
iteration 500
Best Fitness: [27405.40427449]
1
iteration 600
Best Fitness: [21089.48516335]
3
iteration 700
Best Fitness: [16140.31749707]
3
iteration 800
Best Fitness: [14241.58494005]
3
iteration 900
Best Fitness: [13435.57173092]
3
iteration 1000
Best Fitness: [13116.62472193]
3
iteration 1100
Best Fitness: [13081.20591428]
3
iteration 1200
Best Fitness: [8350.20462421]
9
iteration 1300
Best Fitness: [4975.23269062]
9
iteration 1400
Best Fitness: [3623.39933249]
9
iteration 1500
Best Fitness: [2606.96415969]
9
iteration 1600
Best Fitness: [2256.47126281]
9
iteration 1700
Best Fitness: [1887.59211175]
9
iteration 1800
Best Fitness: [24.51356879]
27
iteration 1900
Best Fitness: [7.53755589]
27
iteration 2000
Best Fitness: [4.12204241]
27
iteration 2100
Best Fitness: [2.7561964]
27
iteration 2200
Best Fitness: [2.51463539]
27
iteration 2300
Best Fitness: [2.10938555]
27
iteration 2400
Best Fitness: [0.02001731]
81
iteration 2500
Best Fitness: [0.01062226]
81
iteration 2600
Best Fitness: [0.00423853]
81
iteration 2700
Best Fitness: [0.00380903]
81
iteration 2800
Best Fitness: [0.00380902]
81
iteration 2900
Best Fitness: [0.00127276]
100
iteration 2999
Best Fitness: [0.00127276]
100
iteration 0
Best Fitness: [34789.25123159]
1
iteration 100
Best Fitness: [29981.69390948]
1
iteration 200
Best Fitness: [27002.62409093]
1
iteration 300
Best Fitness: [26419.91310268]
1
iteration 400
Best Fitness: [26210.53430659]
1
iteration 500
Best Fitness: [26210.52895139]
1
iteration 600
Best Fitness: [21110.34291328]
3
iteration 700
Best Fitness: [18564.74115409]
3
iteration 800
Best Fitness: [16976.17473716]
3
iteration 900
Best Fitness: [16282.1846887]
3
iteration 1000
Best Fitness: [15796.72001429]
3
iteration 1100
Best Fitness: [14857.79566611]
3
iteration 1200
Best Fitness: [7729.33621042]
9
iteration 1300
Best Fitness: [4458.60493539]
9
iteration 1400
Best Fitness: [3023.37543603]
9
iteration 1500
Best Fitness: [2877.13753253]
9
iteration 1600
Best Fitness: [2459.41195279]
9
iteration 1700
Best Fitness: [1894.76902122]
9
iteration 1800
Best Fitness: [25.18123215]
27
iteration 1900
Best Fitness: [2.2007252]
27
iteration 2000
Best Fitness: [1.35346089]
27
iteration 2100
Best Fitness: [1.30395584]
27
iteration 2200
Best Fitness: [0.79233296]
27
iteration 2300
Best Fitness: [0.31327983]
27
iteration 2400
Best Fitness: [0.02005232]
81
iteration 2500
Best Fitness: [0.0089738]
81
iteration 2600
Best Fitness: [0.00751948]
81
iteration 2700
Best Fitness: [0.00751904]
81
iteration 2800
Best Fitness: [0.0075189]
81
iteration 2900
Best Fitness: [0.00127276]
100
iteration 2999
Best Fitness: [0.00127276]
100
[array([0.00127276]), array([0.00127276]), array([0.00127276]), array([0.00127276]), array([0.00127276]), array([0.00127276]), array([0.00127276]), array([0.00127276]), array([0.00127276]), array([0.00127276])]
iteration 0
Best Fitness: [1.17067378e+10]
1
iteration 100
Best Fitness: [8.49131001e+08]
1
iteration 200
Best Fitness: [2.41057739e+08]
1
iteration 300
Best Fitness: [70929435.05871554]
1
iteration 400
Best Fitness: [35881635.06045633]
1
iteration 500
Best Fitness: [12061055.7275885]
1
iteration 600
Best Fitness: [3009898.61111137]
3
iteration 700
Best Fitness: [339331.51254081]
3
iteration 800
Best Fitness: [46791.22799566]
3
iteration 900
Best Fitness: [5270.67903242]
3
iteration 1000
Best Fitness: [580.30926308]
3
iteration 1100
Best Fitness: [93.5059111]
3
iteration 1200
Best Fitness: [1.05298175]
9
iteration 1300
Best Fitness: [0.00199929]
9
iteration 1400
Best Fitness: [7.18695937e-06]
9
iteration 1500
Best Fitness: [2.35521842e-08]
9
iteration 1600
Best Fitness: [1.32488908e-10]
9
iteration 1700
Best Fitness: [3.20688529e-13]
9
iteration 1800
Best Fitness: [9.8072051e-19]
27
iteration 1900
Best Fitness: [1.35786253e-23]
27
iteration 2000
Best Fitness: [2.55068199e-29]
27
iteration 2100
Best Fitness: [3.86195945e-34]
27
iteration 2200
Best Fitness: [1.35984829e-39]
27
iteration 2300
Best Fitness: [1.10000184e-44]
27
iteration 2400
Best Fitness: [2.73826652e-54]
81
iteration 2500
Best Fitness: [5.36051702e-62]
81
iteration 2600
Best Fitness: [4.94275273e-69]
81
iteration 2700
Best Fitness: [2.46867469e-76]
81
iteration 2800
Best Fitness: [2.62482299e-83]
81
iteration 2900
Best Fitness: [6.29151824e-93]
100
iteration 2999
Best Fitness: [1.19462919e-103]
100
iteration 0
Best Fitness: [8.6099159e+09]
1
iteration 100
Best Fitness: [1.03005493e+09]
1
iteration 200
Best Fitness: [2.91613834e+08]
1
iteration 300
Best Fitness: [1.08931373e+08]
1
iteration 400
Best Fitness: [38396319.38670556]
1
iteration 500
Best Fitness: [14937774.64744587]
1
iteration 600
Best Fitness: [2900157.53739398]
3
iteration 700
Best Fitness: [388077.84849719]
3
iteration 800
Best Fitness: [37792.70441425]
3
iteration 900
Best Fitness: [4746.78889825]
3
iteration 1000
Best Fitness: [573.70763856]
3
iteration 1100
Best Fitness: [64.70577998]
3
iteration 1200
Best Fitness: [0.74208366]
9
iteration 1300
Best Fitness: [0.00208881]
9
iteration 1400
Best Fitness: [7.6814915e-06]
9
iteration 1500
Best Fitness: [3.86494427e-08]
9
iteration 1600
Best Fitness: [1.37922723e-10]
9
iteration 1700
Best Fitness: [5.35147949e-13]
9
iteration 1800
Best Fitness: [8.84105652e-19]
27
iteration 1900
Best Fitness: [3.1213279e-24]
27
iteration 2000
Best Fitness: [4.28349236e-29]
27
iteration 2100
Best Fitness: [5.55299521e-34]
27
iteration 2200
Best Fitness: [1.67506407e-39]
27
iteration 2300
Best Fitness: [1.35464018e-44]
27
iteration 2400
Best Fitness: [3.52844707e-54]
81
iteration 2500
Best Fitness: [1.05098527e-61]
81
iteration 2600
Best Fitness: [2.71377854e-68]
81
iteration 2700
Best Fitness: [1.36714578e-75]
81
iteration 2800
Best Fitness: [7.10449248e-82]
81
iteration 2900
Best Fitness: [3.68865634e-92]
100
iteration 2999
Best Fitness: [1.31179421e-102]
100
iteration 0
Best Fitness: [8.41697515e+09]
1
iteration 100
Best Fitness: [7.92880929e+08]
1
iteration 200
Best Fitness: [2.68532023e+08]
1
iteration 300
Best Fitness: [83376784.06978175]
1
iteration 400
Best Fitness: [33177956.55840271]
1
iteration 500
Best Fitness: [14742913.78132961]
1
iteration 600
Best Fitness: [3220811.96851507]
3
iteration 700
Best Fitness: [418478.68785037]
3
iteration 800
Best Fitness: [48451.34087042]
3
iteration 900
Best Fitness: [4799.73214002]
3
iteration 1000
Best Fitness: [597.30322391]
3
iteration 1100
Best Fitness: [103.87848188]
3
iteration 1200
Best Fitness: [1.05171445]
9
iteration 1300
Best Fitness: [0.0044745]
9
iteration 1400
Best Fitness: [1.37080749e-05]
9
iteration 1500
Best Fitness: [7.71467529e-08]
9
iteration 1600
Best Fitness: [2.34060166e-10]
9
iteration 1700
Best Fitness: [1.0291942e-12]
9
iteration 1800
Best Fitness: [4.71957502e-18]
27
iteration 1900
Best Fitness: [1.58548378e-23]
27
iteration 2000
Best Fitness: [1.04953004e-28]
27
iteration 2100
Best Fitness: [9.99600287e-34]
27
iteration 2200
Best Fitness: [8.23090045e-39]
27
iteration 2300
Best Fitness: [2.56686323e-44]
27
iteration 2400
Best Fitness: [6.61529271e-54]
81
iteration 2500
Best Fitness: [3.4519675e-61]
81
iteration 2600
Best Fitness: [1.97090148e-68]
81
iteration 2700
Best Fitness: [6.75545847e-76]
81
iteration 2800
Best Fitness: [2.45911537e-82]
81
iteration 2900
Best Fitness: [2.17517778e-92]
100
iteration 2999
Best Fitness: [4.79080912e-102]
100
iteration 0
Best Fitness: [1.18981828e+10]
1
iteration 100
Best Fitness: [8.12877187e+08]
1
iteration 200
Best Fitness: [2.33762637e+08]
1
iteration 300
Best Fitness: [75802489.43657048]
1
iteration 400
Best Fitness: [29336035.53983736]
1
iteration 500
Best Fitness: [11730291.62209757]
1
iteration 600
Best Fitness: [2816828.83007003]
3
iteration 700
Best Fitness: [283478.9838633]
3
iteration 800
Best Fitness: [38965.04086648]
3
iteration 900
Best Fitness: [4709.34376474]
3
iteration 1000
Best Fitness: [576.98435668]
3
iteration 1100
Best Fitness: [82.95723086]
3
iteration 1200
Best Fitness: [0.6660347]
9
iteration 1300
Best Fitness: [0.00201016]
9
iteration 1400
Best Fitness: [1.14613994e-05]
9
iteration 1500
Best Fitness: [2.92536812e-08]
9
iteration 1600
Best Fitness: [1.28772427e-10]
9
iteration 1700
Best Fitness: [4.45201555e-13]
9
iteration 1800
Best Fitness: [2.17948663e-18]
27
iteration 1900
Best Fitness: [1.01356912e-23]
27
iteration 2000
Best Fitness: [8.20173702e-29]
27
iteration 2100
Best Fitness: [2.70214905e-34]
27
iteration 2200
Best Fitness: [2.54311698e-39]
27
iteration 2300
Best Fitness: [9.99355936e-45]
27
iteration 2400
Best Fitness: [1.94064669e-54]
81
iteration 2500
Best Fitness: [3.75598646e-61]
81
iteration 2600
Best Fitness: [1.6151787e-68]
81
iteration 2700
Best Fitness: [8.35709718e-76]
81
iteration 2800
Best Fitness: [5.43227699e-83]
81
iteration 2900
Best Fitness: [2.1472462e-92]
100
iteration 2999
Best Fitness: [2.92481374e-104]
100
iteration 0
Best Fitness: [8.293187e+09]
1
iteration 100
Best Fitness: [8.61798134e+08]
1
iteration 200
Best Fitness: [2.33861478e+08]
1
iteration 300
Best Fitness: [69835315.65661024]
1
iteration 400
Best Fitness: [29611661.18360952]
1
iteration 500
Best Fitness: [13665530.16592639]
1
iteration 600
Best Fitness: [2632950.16040409]
3
iteration 700
Best Fitness: [280996.01658122]
3
iteration 800
Best Fitness: [49838.37178602]
3
iteration 900
Best Fitness: [4129.90589518]
3
iteration 1000
Best Fitness: [588.85487362]
3
iteration 1100
Best Fitness: [103.3741148]
3
iteration 1200
Best Fitness: [0.91736369]
9
iteration 1300
Best Fitness: [0.00234255]
9
iteration 1400
Best Fitness: [7.70132241e-06]
9
iteration 1500
Best Fitness: [2.15528261e-08]
9
iteration 1600
Best Fitness: [1.50148824e-10]
9
iteration 1700
Best Fitness: [8.69024915e-13]
9
iteration 1800
Best Fitness: [1.20907594e-18]
27
iteration 1900
Best Fitness: [1.0635983e-23]
27
iteration 2000
Best Fitness: [3.0238501e-29]
27
iteration 2100
Best Fitness: [1.44674823e-34]
27
iteration 2200
Best Fitness: [1.97344102e-39]
27
iteration 2300
Best Fitness: [5.44799131e-44]
27
iteration 2400
Best Fitness: [2.85935516e-53]
81
iteration 2500
Best Fitness: [6.01489638e-62]
81
iteration 2600
Best Fitness: [6.49117391e-69]
81
iteration 2700
Best Fitness: [5.03456088e-76]
81
iteration 2800
Best Fitness: [4.17366542e-83]
81
iteration 2900
Best Fitness: [3.81396845e-93]
100
iteration 2999
Best Fitness: [3.52239816e-103]
100
iteration 0
Best Fitness: [9.28432617e+09]
1
iteration 100
Best Fitness: [1.05309226e+09]
1
iteration 200
Best Fitness: [2.24517862e+08]
1
iteration 300
Best Fitness: [65575930.24958722]
1
iteration 400
Best Fitness: [28813380.23549746]
1
iteration 500
Best Fitness: [9247650.03767282]
1
iteration 600
Best Fitness: [2740807.53013973]
3
iteration 700
Best Fitness: [301239.25427208]
3
iteration 800
Best Fitness: [46901.90137196]
3
iteration 900
Best Fitness: [3823.3151771]
3
iteration 1000
Best Fitness: [638.68374836]
3
iteration 1100
Best Fitness: [63.68210799]
3
iteration 1200
Best Fitness: [0.458228]
9
iteration 1300
Best Fitness: [0.00224757]
9
iteration 1400
Best Fitness: [7.34343106e-06]
9
iteration 1500
Best Fitness: [1.86451569e-08]
9
iteration 1600
Best Fitness: [6.77053204e-11]
9
iteration 1700
Best Fitness: [2.81559005e-13]
9
iteration 1800
Best Fitness: [6.97227359e-19]
27
iteration 1900
Best Fitness: [3.67017239e-24]
27
iteration 2000
Best Fitness: [3.54739938e-29]
27
iteration 2100
Best Fitness: [1.16974939e-33]
27
iteration 2200
Best Fitness: [3.3399514e-39]
27
iteration 2300
Best Fitness: [1.73825269e-44]
27
iteration 2400
Best Fitness: [5.74693776e-54]
81
iteration 2500
Best Fitness: [6.25200556e-61]
81
iteration 2600
Best Fitness: [1.53121258e-68]
81
iteration 2700
Best Fitness: [6.83051733e-76]
81
iteration 2800
Best Fitness: [2.30038921e-83]
81
iteration 2900
Best Fitness: [5.69969011e-93]
100
iteration 2999
Best Fitness: [9.40592572e-104]
100
iteration 0
Best Fitness: [9.43683999e+09]
1
iteration 100
Best Fitness: [8.13071547e+08]
1
iteration 200
Best Fitness: [2.04319534e+08]
1
iteration 300
Best Fitness: [65724852.13401821]
1
iteration 400
Best Fitness: [25683008.03333582]
1
iteration 500
Best Fitness: [10656365.65224065]
1
iteration 600
Best Fitness: [2779137.0560694]
3
iteration 700
Best Fitness: [282451.88249998]
3
iteration 800
Best Fitness: [35356.63648744]
3
iteration 900
Best Fitness: [4739.89703918]
3
iteration 1000
Best Fitness: [524.54274668]
3
iteration 1100
Best Fitness: [64.71763178]
3
iteration 1200
Best Fitness: [0.71820992]
9
iteration 1300
Best Fitness: [0.00169941]
9
iteration 1400
Best Fitness: [8.49320847e-06]
9
iteration 1500
Best Fitness: [2.73664706e-08]
9
iteration 1600
Best Fitness: [8.80697765e-11]
9
iteration 1700
Best Fitness: [3.5332794e-13]
9
iteration 1800
Best Fitness: [7.57120896e-19]
27
iteration 1900
Best Fitness: [4.25098739e-24]
27
iteration 2000
Best Fitness: [3.95582933e-29]
27
iteration 2100
Best Fitness: [7.47901116e-34]
27
iteration 2200
Best Fitness: [3.57412183e-39]
27
iteration 2300
Best Fitness: [2.09371704e-44]
27
iteration 2400
Best Fitness: [1.76499507e-54]
81
iteration 2500
Best Fitness: [9.38701453e-62]
81
iteration 2600
Best Fitness: [1.58452494e-69]
81
iteration 2700
Best Fitness: [1.67050861e-76]
81
iteration 2800
Best Fitness: [2.68959212e-83]
81
iteration 2900
Best Fitness: [3.16812007e-93]
100
iteration 2999
Best Fitness: [5.84418547e-104]
100
iteration 0
Best Fitness: [1.12433453e+10]
1
iteration 100
Best Fitness: [7.78965532e+08]
1
iteration 200
Best Fitness: [1.85806869e+08]
1
iteration 300
Best Fitness: [53101003.59854995]
1
iteration 400
Best Fitness: [23175325.15543036]
1
iteration 500
Best Fitness: [12027742.40390307]
1
iteration 600
Best Fitness: [2919317.75117754]
3
iteration 700
Best Fitness: [424458.75230359]
3
iteration 800
Best Fitness: [51524.57219941]
3
iteration 900
Best Fitness: [6044.00563222]
3
iteration 1000
Best Fitness: [685.07667429]
3
iteration 1100
Best Fitness: [114.01511207]
3
iteration 1200
Best Fitness: [1.06801122]
9
iteration 1300
Best Fitness: [0.0031902]
9
iteration 1400
Best Fitness: [1.04422386e-05]
9
iteration 1500
Best Fitness: [4.08425431e-08]
9
iteration 1600
Best Fitness: [1.73516289e-10]
9
iteration 1700
Best Fitness: [7.90770496e-13]
9
iteration 1800
Best Fitness: [2.46744044e-18]
27
iteration 1900
Best Fitness: [6.36403667e-24]
27
iteration 2000
Best Fitness: [6.87263483e-29]
27
iteration 2100
Best Fitness: [4.54930682e-34]
27
iteration 2200
Best Fitness: [3.88225948e-39]
27
iteration 2300
Best Fitness: [4.84738211e-44]
27
iteration 2400
Best Fitness: [7.25860753e-54]
81
iteration 2500
Best Fitness: [3.52601001e-61]
81
iteration 2600
Best Fitness: [1.14972953e-68]
81
iteration 2700
Best Fitness: [8.38825886e-76]
81
iteration 2800
Best Fitness: [6.53222005e-83]
81
iteration 2900
Best Fitness: [1.73576875e-92]
100
iteration 2999
Best Fitness: [2.55052038e-103]
100
iteration 0
Best Fitness: [7.49819988e+09]
1
iteration 100
Best Fitness: [7.30483539e+08]
1
iteration 200
Best Fitness: [2.61186409e+08]
1
iteration 300
Best Fitness: [68838400.71365812]
1
iteration 400
Best Fitness: [33808058.00188771]
1
iteration 500
Best Fitness: [14814121.00275814]
1
iteration 600
Best Fitness: [2082044.13024778]
3
iteration 700
Best Fitness: [354228.06126526]
3
iteration 800
Best Fitness: [36870.14284314]
3
iteration 900
Best Fitness: [4993.60698911]
3
iteration 1000
Best Fitness: [744.52035761]
3
iteration 1100
Best Fitness: [85.74309942]
3
iteration 1200
Best Fitness: [0.85348531]
9
iteration 1300
Best Fitness: [0.00306146]
9
iteration 1400
Best Fitness: [9.97240845e-06]
9
iteration 1500
Best Fitness: [3.16985417e-08]
9
iteration 1600
Best Fitness: [1.9238075e-10]
9
iteration 1700
Best Fitness: [5.43377783e-13]
9
iteration 1800
Best Fitness: [2.20085844e-18]
27
iteration 1900
Best Fitness: [9.38594332e-24]
27
iteration 2000
Best Fitness: [2.81658717e-29]
27
iteration 2100
Best Fitness: [2.42160075e-34]
27
iteration 2200
Best Fitness: [1.47757111e-39]
27
iteration 2300
Best Fitness: [1.7810278e-44]
27
iteration 2400
Best Fitness: [1.04178043e-53]
81
iteration 2500
Best Fitness: [6.43917344e-62]
81
iteration 2600
Best Fitness: [2.05268173e-68]
81
iteration 2700
Best Fitness: [4.61563967e-76]
81
iteration 2800
Best Fitness: [5.55411888e-83]
81
iteration 2900
Best Fitness: [3.2633427e-93]
100
iteration 2999
Best Fitness: [3.65147312e-102]
100
iteration 0
Best Fitness: [1.20292313e+10]
1
iteration 100
Best Fitness: [1.00512102e+09]
1
iteration 200
Best Fitness: [2.11559183e+08]
1
iteration 300
Best Fitness: [78539439.38781539]
1
iteration 400
Best Fitness: [30041526.19045824]
1
iteration 500
Best Fitness: [10668127.88314085]
1
iteration 600
Best Fitness: [2446682.27630537]
3
iteration 700
Best Fitness: [330377.71363884]
3
iteration 800
Best Fitness: [44083.56318377]
3
iteration 900
Best Fitness: [6710.67684136]
3
iteration 1000
Best Fitness: [729.55863001]
3
iteration 1100
Best Fitness: [68.5809629]
3
iteration 1200
Best Fitness: [0.93399184]
9
iteration 1300
Best Fitness: [0.00258295]
9
iteration 1400
Best Fitness: [6.08875185e-06]
9
iteration 1500
Best Fitness: [2.27036035e-08]
9
iteration 1600
Best Fitness: [1.33561849e-10]
9
iteration 1700
Best Fitness: [9.70259217e-13]
9
iteration 1800
Best Fitness: [1.19621857e-18]
27
iteration 1900
Best Fitness: [4.83419521e-24]
27
iteration 2000
Best Fitness: [2.36224291e-29]
27
iteration 2100
Best Fitness: [7.65560918e-34]
27
iteration 2200
Best Fitness: [4.10835577e-39]
27
iteration 2300
Best Fitness: [3.47275388e-44]
27
iteration 2400
Best Fitness: [9.74645888e-54]
81
iteration 2500
Best Fitness: [1.61321003e-61]
81
iteration 2600
Best Fitness: [3.62601939e-69]
81
iteration 2700
Best Fitness: [8.03710821e-76]
81
iteration 2800
Best Fitness: [8.21226475e-83]
81
iteration 2900
Best Fitness: [2.88964865e-93]
100
iteration 2999
Best Fitness: [1.11750033e-103]
100
[array([1.19462919e-103]), array([1.31179421e-102]), array([4.79080912e-102]), array([2.92481374e-104]), array([3.52239816e-103]), array([9.40592572e-104]), array([5.84418547e-104]), array([2.55052038e-103]), array([3.65147312e-102]), array([1.11750033e-103])]
iteration 0
Best Fitness: [332922.94404384]
1
iteration 100
Best Fitness: [158612.86704028]
1
iteration 200
Best Fitness: [63444.95116817]
1
iteration 300
Best Fitness: [29699.07417372]
1
iteration 400
Best Fitness: [15683.88001026]
1
iteration 500
Best Fitness: [7133.71078678]
1
iteration 600
Best Fitness: [1933.66559177]
3
iteration 700
Best Fitness: [197.51790742]
3
iteration 800
Best Fitness: [23.65872926]
3
iteration 900
Best Fitness: [3.23046925]
3
iteration 1000
Best Fitness: [0.45503606]
3
iteration 1100
Best Fitness: [0.0533785]
3
iteration 1200
Best Fitness: [0.00047799]
9
iteration 1300
Best Fitness: [1.20746763e-06]
9
iteration 1400
Best Fitness: [5.26586394e-09]
9
iteration 1500
Best Fitness: [1.90146311e-11]
9
iteration 1600
Best Fitness: [9.46333078e-14]
9
iteration 1700
Best Fitness: [3.08068792e-16]
9
iteration 1800
Best Fitness: [6.10829772e-22]
27
iteration 1900
Best Fitness: [3.59849988e-27]
27
iteration 2000
Best Fitness: [2.85698511e-32]
27
iteration 2100
Best Fitness: [2.37051519e-37]
27
iteration 2200
Best Fitness: [6.14380243e-43]
27
iteration 2300
Best Fitness: [1.08673498e-47]
27
iteration 2400
Best Fitness: [3.38362552e-57]
81
iteration 2500
Best Fitness: [2.38054085e-64]
81
iteration 2600
Best Fitness: [6.03334842e-72]
81
iteration 2700
Best Fitness: [5.00932321e-79]
81
iteration 2800
Best Fitness: [3.42694195e-86]
81
iteration 2900
Best Fitness: [1.0783171e-94]
100
iteration 2999
Best Fitness: [6.82814843e-107]
100
iteration 0
Best Fitness: [277147.53198754]
1
iteration 100
Best Fitness: [167002.5808291]
1
iteration 200
Best Fitness: [72329.22937964]
1
iteration 300
Best Fitness: [30617.34551853]
1
iteration 400
Best Fitness: [14369.86011102]
1
iteration 500
Best Fitness: [6562.45829319]
1
iteration 600
Best Fitness: [1824.34070576]
3
iteration 700
Best Fitness: [229.65444276]
3
iteration 800
Best Fitness: [25.85247926]
3
iteration 900
Best Fitness: [3.28196214]
3
iteration 1000
Best Fitness: [0.31575881]
3
iteration 1100
Best Fitness: [0.05550164]
3
iteration 1200
Best Fitness: [0.0005391]
9
iteration 1300
Best Fitness: [1.61474251e-06]
9
iteration 1400
Best Fitness: [6.89054138e-09]
9
iteration 1500
Best Fitness: [2.92332907e-11]
9
iteration 1600
Best Fitness: [1.22814105e-13]
9
iteration 1700
Best Fitness: [6.82565578e-16]
9
iteration 1800
Best Fitness: [1.07175709e-21]
27
iteration 1900
Best Fitness: [5.28709392e-27]
27
iteration 2000
Best Fitness: [2.99400079e-32]
27
iteration 2100
Best Fitness: [6.4911524e-37]
27
iteration 2200
Best Fitness: [1.18006308e-42]
27
iteration 2300
Best Fitness: [7.24511218e-48]
27
iteration 2400
Best Fitness: [3.02577258e-57]
81
iteration 2500
Best Fitness: [6.72068706e-65]
81
iteration 2600
Best Fitness: [3.58896971e-72]
81
iteration 2700
Best Fitness: [8.60452417e-79]
81
iteration 2800
Best Fitness: [3.04488869e-86]
81
iteration 2900
Best Fitness: [1.64694564e-96]
100
iteration 2999
Best Fitness: [9.97802514e-107]
100
iteration 0
Best Fitness: [1346379.93672278]
1
iteration 100
Best Fitness: [193995.30285737]
1
iteration 200
Best Fitness: [69613.65111139]
1
iteration 300
Best Fitness: [27988.44950898]
1
iteration 400
Best Fitness: [13046.80205095]
1
iteration 500
Best Fitness: [6979.03138471]
1
iteration 600
Best Fitness: [2023.10896981]
3
iteration 700
Best Fitness: [250.76904703]
3
iteration 800
Best Fitness: [31.88914206]
3
iteration 900
Best Fitness: [3.41498136]
3
iteration 1000
Best Fitness: [0.45700134]
3
iteration 1100
Best Fitness: [0.05758548]
3
iteration 1200
Best Fitness: [0.0005376]
9
iteration 1300
Best Fitness: [1.95852119e-06]
9
iteration 1400
Best Fitness: [6.07809138e-09]
9
iteration 1500
Best Fitness: [3.07560009e-11]
9
iteration 1600
Best Fitness: [1.2404065e-13]
9
iteration 1700
Best Fitness: [5.17575874e-16]
9
iteration 1800
Best Fitness: [1.38823483e-21]
27
iteration 1900
Best Fitness: [8.34237206e-27]
27
iteration 2000
Best Fitness: [9.27596947e-32]
27
iteration 2100
Best Fitness: [3.55663017e-37]
27
iteration 2200
Best Fitness: [7.09658895e-43]
27
iteration 2300
Best Fitness: [1.50240676e-47]
27
iteration 2400
Best Fitness: [1.08071829e-57]
81
iteration 2500
Best Fitness: [8.76263839e-65]
81
iteration 2600
Best Fitness: [4.62690143e-71]
81
iteration 2700
Best Fitness: [6.19198297e-78]
81
iteration 2800
Best Fitness: [1.62045512e-85]
81
iteration 2900
Best Fitness: [5.78578252e-95]
100
iteration 2999
Best Fitness: [1.28768264e-104]
100
iteration 0
Best Fitness: [330107.66441592]
1
iteration 100
Best Fitness: [159065.85327822]
1
iteration 200
Best Fitness: [71111.78056995]
1
iteration 300
Best Fitness: [33273.78802749]
1
iteration 400
Best Fitness: [17041.60254877]
1
iteration 500
Best Fitness: [7277.89865326]
1
iteration 600
Best Fitness: [1515.08118045]
3
iteration 700
Best Fitness: [210.9272911]
3
iteration 800
Best Fitness: [25.34502029]
3
iteration 900
Best Fitness: [3.01054015]
3
iteration 1000
Best Fitness: [0.46708447]
3
iteration 1100
Best Fitness: [0.05889296]
3
iteration 1200
Best Fitness: [0.00061461]
9
iteration 1300
Best Fitness: [2.38518742e-06]
9
iteration 1400
Best Fitness: [1.0944799e-08]
9
iteration 1500
Best Fitness: [2.81958412e-11]
9
iteration 1600
Best Fitness: [1.09809033e-13]
9
iteration 1700
Best Fitness: [7.35299162e-16]
9
iteration 1800
Best Fitness: [1.38216847e-21]
27
iteration 1900
Best Fitness: [1.50953607e-26]
27
iteration 2000
Best Fitness: [4.44628968e-32]
27
iteration 2100
Best Fitness: [4.31354221e-37]
27
iteration 2200
Best Fitness: [1.2619147e-42]
27
iteration 2300
Best Fitness: [1.22619978e-47]
27
iteration 2400
Best Fitness: [6.29252579e-57]
81
iteration 2500
Best Fitness: [5.96260297e-65]
81
iteration 2600
Best Fitness: [7.32939029e-72]
81
iteration 2700
Best Fitness: [2.29641268e-79]
81
iteration 2800
Best Fitness: [7.73673662e-86]
81
iteration 2900
Best Fitness: [3.41380325e-95]
100
iteration 2999
Best Fitness: [2.75128732e-106]
100
iteration 0
Best Fitness: [342034.25763455]
1
iteration 100
Best Fitness: [173188.61799679]
1
iteration 200
Best Fitness: [58185.3634333]
1
iteration 300
Best Fitness: [33664.03718846]
1
iteration 400
Best Fitness: [13903.31570056]
1
iteration 500
Best Fitness: [6407.63736519]
1
iteration 600
Best Fitness: [1881.32881709]
3
iteration 700
Best Fitness: [261.73176351]
3
iteration 800
Best Fitness: [34.34015343]
3
iteration 900
Best Fitness: [4.48257222]
3
iteration 1000
Best Fitness: [0.42651348]
3
iteration 1100
Best Fitness: [0.04631314]
3
iteration 1200
Best Fitness: [0.00045935]
9
iteration 1300
Best Fitness: [1.71359029e-06]
9
iteration 1400
Best Fitness: [9.64350776e-09]
9
iteration 1500
Best Fitness: [3.17145353e-11]
9
iteration 1600
Best Fitness: [1.39165881e-13]
9
iteration 1700
Best Fitness: [5.60015985e-16]
9
iteration 1800
Best Fitness: [1.0905608e-21]
27
iteration 1900
Best Fitness: [5.45697612e-27]
27
iteration 2000
Best Fitness: [8.72944617e-32]
27
iteration 2100
Best Fitness: [7.22033047e-37]
27
iteration 2200
Best Fitness: [4.60816741e-42]
27
iteration 2300
Best Fitness: [1.1051408e-46]
27
iteration 2400
Best Fitness: [3.71722032e-57]
81
iteration 2500
Best Fitness: [4.06538869e-64]
81
iteration 2600
Best Fitness: [1.96757256e-71]
81
iteration 2700
Best Fitness: [1.79476049e-78]
81
iteration 2800
Best Fitness: [3.50765069e-86]
81
iteration 2900
Best Fitness: [1.00810838e-95]
100
iteration 2999
Best Fitness: [1.99427135e-106]
100
iteration 0
Best Fitness: [338635.63832389]
1
iteration 100
Best Fitness: [195055.93989165]
1
iteration 200
Best Fitness: [73076.03846634]
1
iteration 300
Best Fitness: [35713.58853856]
1
iteration 400
Best Fitness: [15030.11557271]
1
iteration 500
Best Fitness: [6742.27166746]
1
iteration 600
Best Fitness: [2149.96583576]
3
iteration 700
Best Fitness: [236.37986172]
3
iteration 800
Best Fitness: [34.74705458]
3
iteration 900
Best Fitness: [4.75945669]
3
iteration 1000
Best Fitness: [0.59043002]
3
iteration 1100
Best Fitness: [0.08054205]
3
iteration 1200
Best Fitness: [0.00076949]
9
iteration 1300
Best Fitness: [2.41042857e-06]
9
iteration 1400
Best Fitness: [9.36145343e-09]
9
iteration 1500
Best Fitness: [2.37199838e-11]
9
iteration 1600
Best Fitness: [9.80813495e-14]
9
iteration 1700
Best Fitness: [2.82953222e-16]
9
iteration 1800
Best Fitness: [1.52056755e-21]
27
iteration 1900
Best Fitness: [4.99721366e-27]
27
iteration 2000
Best Fitness: [2.33754263e-32]
27
iteration 2100
Best Fitness: [1.75682998e-37]
27
iteration 2200
Best Fitness: [1.23985817e-42]
27
iteration 2300
Best Fitness: [1.43387084e-47]
27
iteration 2400
Best Fitness: [6.49376671e-57]
81
iteration 2500
Best Fitness: [4.02476178e-64]
81
iteration 2600
Best Fitness: [2.54538302e-71]
81
iteration 2700
Best Fitness: [2.5118244e-78]
81
iteration 2800
Best Fitness: [1.40675184e-85]
81
iteration 2900
Best Fitness: [3.66521768e-95]
100
iteration 2999
Best Fitness: [7.70258527e-106]
100
iteration 0
Best Fitness: [477082.74182646]
1
iteration 100
Best Fitness: [192469.23669798]
1
iteration 200
Best Fitness: [81617.64682922]
1
iteration 300
Best Fitness: [35431.72262635]
1
iteration 400
Best Fitness: [17298.88785271]
1
iteration 500
Best Fitness: [9392.14692522]
1
iteration 600
Best Fitness: [2318.12367954]
3
iteration 700
Best Fitness: [288.92435775]
3
iteration 800
Best Fitness: [31.57430257]
3
iteration 900
Best Fitness: [3.86702841]
3
iteration 1000
Best Fitness: [0.50553787]
3
iteration 1100
Best Fitness: [0.07163915]
3
iteration 1200
Best Fitness: [0.00053456]
9
iteration 1300
Best Fitness: [1.67746617e-06]
9
iteration 1400
Best Fitness: [7.9811436e-09]
9
iteration 1500
Best Fitness: [3.43947564e-11]
9
iteration 1600
Best Fitness: [1.43413323e-13]
9
iteration 1700
Best Fitness: [4.0673717e-16]
9
iteration 1800
Best Fitness: [7.59878159e-22]
27
iteration 1900
Best Fitness: [4.5958555e-27]
27
iteration 2000
Best Fitness: [3.56902398e-32]
27
iteration 2100
Best Fitness: [2.09510806e-37]
27
iteration 2200
Best Fitness: [2.20891125e-42]
27
iteration 2300
Best Fitness: [1.1466215e-47]
27
iteration 2400
Best Fitness: [3.54917582e-57]
81
iteration 2500
Best Fitness: [2.09353199e-64]
81
iteration 2600
Best Fitness: [9.06504852e-71]
81
iteration 2700
Best Fitness: [2.60369862e-79]
81
iteration 2800
Best Fitness: [1.55801538e-86]
81
iteration 2900
Best Fitness: [2.94921533e-95]
100
iteration 2999
Best Fitness: [4.26059099e-106]
100
iteration 0
Best Fitness: [354800.61596476]
1
iteration 100
Best Fitness: [174488.67024103]
1
iteration 200
Best Fitness: [62386.3746813]
1
iteration 300
Best Fitness: [30492.90571101]
1
iteration 400
Best Fitness: [14219.94440336]
1
iteration 500
Best Fitness: [7736.3536269]
1
iteration 600
Best Fitness: [1437.08750411]
3
iteration 700
Best Fitness: [173.83096162]
3
iteration 800
Best Fitness: [25.10026145]
3
iteration 900
Best Fitness: [3.37192468]
3
iteration 1000
Best Fitness: [0.43146815]
3
iteration 1100
Best Fitness: [0.0625088]
3
iteration 1200
Best Fitness: [0.00058388]
9
iteration 1300
Best Fitness: [2.35112137e-06]
9
iteration 1400
Best Fitness: [9.51684321e-09]
9
iteration 1500
Best Fitness: [2.35293757e-11]
9
iteration 1600
Best Fitness: [1.55822109e-13]
9
iteration 1700
Best Fitness: [4.60076333e-16]
9
iteration 1800
Best Fitness: [1.02865333e-21]
27
iteration 1900
Best Fitness: [4.16858606e-27]
27
iteration 2000
Best Fitness: [1.54155263e-32]
27
iteration 2100
Best Fitness: [1.79404534e-37]
27
iteration 2200
Best Fitness: [1.89387945e-42]
27
iteration 2300
Best Fitness: [9.9230245e-48]
27
iteration 2400
Best Fitness: [2.38546762e-57]
81
iteration 2500
Best Fitness: [1.29779735e-64]
81
iteration 2600
Best Fitness: [3.33210292e-72]
81
iteration 2700
Best Fitness: [3.55570352e-79]
81
iteration 2800
Best Fitness: [8.26584546e-86]
81
iteration 2900
Best Fitness: [2.84118353e-96]
100
iteration 2999
Best Fitness: [1.38489731e-107]
100
iteration 0
Best Fitness: [320290.83647467]
1
iteration 100
Best Fitness: [175623.78739546]
1
iteration 200
Best Fitness: [63175.25532663]
1
iteration 300
Best Fitness: [27958.42243641]
1
iteration 400
Best Fitness: [14337.1685475]
1
iteration 500
Best Fitness: [6019.82958784]
1
iteration 600
Best Fitness: [1700.2444617]
3
iteration 700
Best Fitness: [213.39422738]
3
iteration 800
Best Fitness: [23.28114106]
3
iteration 900
Best Fitness: [3.04733688]
3
iteration 1000
Best Fitness: [0.40583164]
3
iteration 1100
Best Fitness: [0.04105751]
3
iteration 1200
Best Fitness: [0.00054677]
9
iteration 1300
Best Fitness: [2.01331081e-06]
9
iteration 1400
Best Fitness: [7.0770651e-09]
9
iteration 1500
Best Fitness: [2.38564314e-11]
9
iteration 1600
Best Fitness: [1.10102583e-13]
9
iteration 1700
Best Fitness: [5.54741499e-16]
9
iteration 1800
Best Fitness: [1.46960749e-21]
27
iteration 1900
Best Fitness: [6.45451218e-27]
27
iteration 2000
Best Fitness: [5.2399326e-32]
27
iteration 2100
Best Fitness: [3.23535364e-37]
27
iteration 2200
Best Fitness: [4.58295337e-42]
27
iteration 2300
Best Fitness: [3.10027164e-47]
27
iteration 2400
Best Fitness: [7.41754987e-57]
81
iteration 2500
Best Fitness: [6.91290642e-65]
81
iteration 2600
Best Fitness: [3.99288585e-72]
81
iteration 2700
Best Fitness: [1.51852674e-78]
81
iteration 2800
Best Fitness: [2.33739403e-86]
81
iteration 2900
Best Fitness: [9.62467688e-96]
100
iteration 2999
Best Fitness: [1.22676619e-106]
100
iteration 0
Best Fitness: [285426.55336105]
1
iteration 100
Best Fitness: [155686.97193351]
1
iteration 200
Best Fitness: [63340.19370815]
1
iteration 300
Best Fitness: [27659.170861]
1
iteration 400
Best Fitness: [12492.9327564]
1
iteration 500
Best Fitness: [6408.51435442]
1
iteration 600
Best Fitness: [1840.51581987]
3
iteration 700
Best Fitness: [201.85945101]
3
iteration 800
Best Fitness: [22.8138933]
3
iteration 900
Best Fitness: [3.56278854]
3
iteration 1000
Best Fitness: [0.34204426]
3
iteration 1100
Best Fitness: [0.0427889]
3
iteration 1200
Best Fitness: [0.0004941]
9
iteration 1300
Best Fitness: [1.30998921e-06]
9
iteration 1400
Best Fitness: [5.62928191e-09]
9
iteration 1500
Best Fitness: [1.55822718e-11]
9
iteration 1600
Best Fitness: [6.06056363e-14]
9
iteration 1700
Best Fitness: [4.84687351e-16]
9
iteration 1800
Best Fitness: [5.58344265e-22]
27
iteration 1900
Best Fitness: [2.71003263e-27]
27
iteration 2000
Best Fitness: [2.37207665e-32]
27
iteration 2100
Best Fitness: [8.62023375e-38]
27
iteration 2200
Best Fitness: [1.3453914e-42]
27
iteration 2300
Best Fitness: [1.39418821e-47]
27
iteration 2400
Best Fitness: [2.21356359e-57]
81
iteration 2500
Best Fitness: [7.92785659e-65]
81
iteration 2600
Best Fitness: [4.1382168e-72]
81
iteration 2700
Best Fitness: [1.04678376e-78]
81
iteration 2800
Best Fitness: [4.36219508e-86]
81
iteration 2900
Best Fitness: [6.4793436e-97]
100
iteration 2999
Best Fitness: [5.11162535e-107]
100
[array([6.82814843e-107]), array([9.97802514e-107]), array([1.28768264e-104]), array([2.75128732e-106]), array([1.99427135e-106]), array([7.70258527e-106]), array([4.26059099e-106]), array([1.38489731e-107]), array([1.22676619e-106]), array([5.11162535e-107])]
iteration 0
Best Fitness: [21.46987101]
1
iteration 100
Best Fitness: [20.00058689]
1
iteration 200
Best Fitness: [19.99999996]
1
iteration 300
Best Fitness: [19.99999996]
1
iteration 400
Best Fitness: [19.99999996]
1
iteration 500
Best Fitness: [19.99999996]
1
iteration 600
Best Fitness: [19.99999996]
3
iteration 700
Best Fitness: [19.99999995]
3
iteration 800
Best Fitness: [19.99999995]
3
iteration 900
Best Fitness: [19.99999995]
3
iteration 1000
Best Fitness: [19.99999995]
3
iteration 1100
Best Fitness: [19.99999995]
3
iteration 1200
Best Fitness: [19.99999989]
9
iteration 1300
Best Fitness: [19.99999988]
9
iteration 1400
Best Fitness: [19.99999987]
9
iteration 1500
Best Fitness: [19.99999987]
9
iteration 1600
Best Fitness: [19.99999987]
9
iteration 1700
Best Fitness: [19.99999987]
9
iteration 1800
Best Fitness: [19.99999926]
27
iteration 1900
Best Fitness: [19.99999926]
27
iteration 2000
Best Fitness: [19.99999926]
27
iteration 2100
Best Fitness: [19.99999926]
27
iteration 2200
Best Fitness: [19.99999926]
27
iteration 2300
Best Fitness: [19.99999926]
27
iteration 2400
Best Fitness: [19.99999092]
81
iteration 2500
Best Fitness: [19.99999033]
81
iteration 2600
Best Fitness: [19.99998989]
81
iteration 2700
Best Fitness: [19.9999898]
81
iteration 2800
Best Fitness: [19.99998934]
81
iteration 2900
Best Fitness: [19.99993843]
100
iteration 2999
Best Fitness: [19.99993163]
100
iteration 0
Best Fitness: [21.46193837]
1
iteration 100
Best Fitness: [20.00129386]
1
iteration 200
Best Fitness: [20.00129385]
1
iteration 300
Best Fitness: [20.00129385]
1
iteration 400
Best Fitness: [20.00129385]
1
iteration 500
Best Fitness: [20.00129385]
1
iteration 600
Best Fitness: [20.00000238]
3
iteration 700
Best Fitness: [19.99999994]
3
iteration 800
Best Fitness: [19.99999994]
3
iteration 900
Best Fitness: [19.99999994]
3
iteration 1000
Best Fitness: [19.99999994]
3
iteration 1100
Best Fitness: [19.99999994]
3
iteration 1200
Best Fitness: [19.99999991]
9
iteration 1300
Best Fitness: [19.99999989]
9
iteration 1400
Best Fitness: [19.99999989]
9
iteration 1500
Best Fitness: [19.99999989]
9
iteration 1600
Best Fitness: [19.99999989]
9
iteration 1700
Best Fitness: [19.99999989]
9
iteration 1800
Best Fitness: [19.99999943]
27
iteration 1900
Best Fitness: [19.99999943]
27
iteration 2000
Best Fitness: [19.99999943]
27
iteration 2100
Best Fitness: [19.99999941]
27
iteration 2200
Best Fitness: [19.99999941]
27
iteration 2300
Best Fitness: [19.99999941]
27
iteration 2400
Best Fitness: [19.99999524]
81
iteration 2500
Best Fitness: [19.99999518]
81
iteration 2600
Best Fitness: [19.99999497]
81
iteration 2700
Best Fitness: [19.99999472]
81
iteration 2800
Best Fitness: [19.99999471]
81
iteration 2900
Best Fitness: [19.9999858]
100
iteration 2999
Best Fitness: [19.99998576]
100
iteration 0
Best Fitness: [21.47080288]
1
iteration 100
Best Fitness: [20.00026776]
1
iteration 200
Best Fitness: [20.00022814]
1
iteration 300
Best Fitness: [20.00022813]
1
iteration 400
Best Fitness: [20.00022813]
1
iteration 500
Best Fitness: [20.00022813]
1
iteration 600
Best Fitness: [19.99999994]
3
iteration 700
Best Fitness: [19.99999994]
3
iteration 800
Best Fitness: [19.99999994]
3
iteration 900
Best Fitness: [19.99999994]
3
iteration 1000
Best Fitness: [19.99999994]
3
iteration 1100
Best Fitness: [19.99999994]
3
iteration 1200
Best Fitness: [19.9999999]
9
iteration 1300
Best Fitness: [19.9999999]
9
iteration 1400
Best Fitness: [19.9999999]
9
iteration 1500
Best Fitness: [19.9999999]
9
iteration 1600
Best Fitness: [19.9999999]
9
iteration 1700
Best Fitness: [19.9999999]
9
iteration 1800
Best Fitness: [19.99999964]
27
iteration 1900
Best Fitness: [19.99999964]
27
iteration 2000
Best Fitness: [19.99999964]
27
iteration 2100
Best Fitness: [19.99999964]
27
iteration 2200
Best Fitness: [19.99999964]
27
iteration 2300
Best Fitness: [19.99999964]
27
iteration 2400
Best Fitness: [19.99999794]
81
iteration 2500
Best Fitness: [19.99999784]
81
iteration 2600
Best Fitness: [19.99999784]
81
iteration 2700
Best Fitness: [19.99999784]
81
iteration 2800
Best Fitness: [19.99999783]
81
iteration 2900
Best Fitness: [19.99999708]
100
iteration 2999
Best Fitness: [19.99999677]
100
iteration 0
Best Fitness: [21.5222392]
1
iteration 100
Best Fitness: [20.0000086]
1
iteration 200
Best Fitness: [20.00000034]
1
iteration 300
Best Fitness: [20.00000034]
1
iteration 400
Best Fitness: [20.00000034]
1
iteration 500
Best Fitness: [20.00000034]
1
iteration 600
Best Fitness: [20.00000034]
3
iteration 700
Best Fitness: [19.99999995]
3
iteration 800
Best Fitness: [19.99999995]
3
iteration 900
Best Fitness: [19.99999995]
3
iteration 1000
Best Fitness: [19.99999995]
3
iteration 1100
Best Fitness: [19.99999995]
3
iteration 1200
Best Fitness: [19.99999991]
9
iteration 1300
Best Fitness: [19.9999999]
9
iteration 1400
Best Fitness: [19.9999999]
9
iteration 1500
Best Fitness: [19.9999999]
9
iteration 1600
Best Fitness: [19.9999999]
9
iteration 1700
Best Fitness: [19.9999999]
9
iteration 1800
Best Fitness: [19.99999944]
27
iteration 1900
Best Fitness: [19.99999939]
27
iteration 2000
Best Fitness: [19.99999939]
27
iteration 2100
Best Fitness: [19.99999939]
27
iteration 2200
Best Fitness: [19.99999939]
27
iteration 2300
Best Fitness: [19.99999939]
27
iteration 2400
Best Fitness: [19.99999147]
81
iteration 2500
Best Fitness: [19.99999138]
81
iteration 2600
Best Fitness: [19.99999127]
81
iteration 2700
Best Fitness: [19.99999081]
81
iteration 2800
Best Fitness: [19.99998814]
81
iteration 2900
Best Fitness: [19.99996085]
100
iteration 2999
Best Fitness: [19.99995386]
100
iteration 0
Best Fitness: [21.50601951]
1
iteration 100
Best Fitness: [20.0046881]
1
iteration 200
Best Fitness: [20.00025674]
1
iteration 300
Best Fitness: [20.00021271]
1
iteration 400
Best Fitness: [20.00021271]
1
iteration 500
Best Fitness: [20.00021271]
1
iteration 600
Best Fitness: [19.99999996]
3
iteration 700
Best Fitness: [19.99999995]
3
iteration 800
Best Fitness: [19.99999995]
3
iteration 900
Best Fitness: [19.99999995]
3
iteration 1000
Best Fitness: [19.99999995]
3
iteration 1100
Best Fitness: [19.99999995]
3
iteration 1200
Best Fitness: [19.99999991]
9
iteration 1300
Best Fitness: [19.99999989]
9
iteration 1400
Best Fitness: [19.99999989]
9
iteration 1500
Best Fitness: [19.99999989]
9
iteration 1600
Best Fitness: [19.99999989]
9
iteration 1700
Best Fitness: [19.99999989]
9
iteration 1800
Best Fitness: [19.99999941]
27
iteration 1900
Best Fitness: [19.99999939]
27
iteration 2000
Best Fitness: [19.99999938]
27
iteration 2100
Best Fitness: [19.99999938]
27
iteration 2200
Best Fitness: [19.99999937]
27
iteration 2300
Best Fitness: [19.99999937]
27
iteration 2400
Best Fitness: [19.99999411]
81
iteration 2500
Best Fitness: [19.9999941]
81
iteration 2600
Best Fitness: [19.99999344]
81
iteration 2700
Best Fitness: [19.99999319]
81
iteration 2800
Best Fitness: [19.99999303]
81
iteration 2900
Best Fitness: [19.99998183]
100
iteration 2999
Best Fitness: [19.9999813]
100
iteration 0
Best Fitness: [21.50338611]
1
iteration 100
Best Fitness: [20.00014183]
1
iteration 200
Best Fitness: [20.00014181]
1
iteration 300
Best Fitness: [20.00014181]
1
iteration 400
Best Fitness: [20.00014181]
1
iteration 500
Best Fitness: [20.00014181]
1
iteration 600
Best Fitness: [20.00001713]
3
iteration 700
Best Fitness: [19.99999995]
3
iteration 800
Best Fitness: [19.99999995]
3
iteration 900
Best Fitness: [19.99999995]
3
iteration 1000
Best Fitness: [19.99999995]
3
iteration 1100
Best Fitness: [19.99999995]
3
iteration 1200
Best Fitness: [19.99999992]
9
iteration 1300
Best Fitness: [19.9999999]
9
iteration 1400
Best Fitness: [19.99999989]
9
iteration 1500
Best Fitness: [19.99999989]
9
iteration 1600
Best Fitness: [19.99999989]
9
iteration 1700
Best Fitness: [19.99999989]
9
iteration 1800
Best Fitness: [19.99999949]
27
iteration 1900
Best Fitness: [19.99999947]
27
iteration 2000
Best Fitness: [19.99999945]
27
iteration 2100
Best Fitness: [19.99999945]
27
iteration 2200
Best Fitness: [19.99999944]
27
iteration 2300
Best Fitness: [19.99999943]
27
iteration 2400
Best Fitness: [19.99999493]
81
iteration 2500
Best Fitness: [19.99999464]
81
iteration 2600
Best Fitness: [19.9999945]
81
iteration 2700
Best Fitness: [19.99999446]
81
iteration 2800
Best Fitness: [19.99999441]
81
iteration 2900
Best Fitness: [19.99999269]
100
iteration 2999
Best Fitness: [19.9999921]
100
iteration 0
Best Fitness: [21.44885507]
1
iteration 100
Best Fitness: [20.02817256]
1
iteration 200
Best Fitness: [20.0246455]
1
iteration 300
Best Fitness: [20.0246455]
1
iteration 400
Best Fitness: [20.0246455]
1
iteration 500
Best Fitness: [20.02365263]
1
iteration 600
Best Fitness: [20.00000841]
3
iteration 700
Best Fitness: [19.99999996]
3
iteration 800
Best Fitness: [19.99999995]
3
iteration 900
Best Fitness: [19.99999995]
3
iteration 1000
Best Fitness: [19.99999995]
3
iteration 1100
Best Fitness: [19.99999995]
3
iteration 1200
Best Fitness: [19.99999991]
9
iteration 1300
Best Fitness: [19.9999999]
9
iteration 1400
Best Fitness: [19.99999988]
9
iteration 1500
Best Fitness: [19.99999988]
9
iteration 1600
Best Fitness: [19.99999988]
9
iteration 1700
Best Fitness: [19.99999988]
9
iteration 1800
Best Fitness: [19.99999937]
27
iteration 1900
Best Fitness: [19.99999923]
27
iteration 2000
Best Fitness: [19.9999992]
27
iteration 2100
Best Fitness: [19.99999919]
27
iteration 2200
Best Fitness: [19.99999917]
27
iteration 2300
Best Fitness: [19.99999914]
27
iteration 2400
Best Fitness: [19.99999066]
81
iteration 2500
Best Fitness: [19.99998974]
81
iteration 2600
Best Fitness: [19.99998961]
81
iteration 2700
Best Fitness: [19.99998938]
81
iteration 2800
Best Fitness: [19.99998895]
81
iteration 2900
Best Fitness: [19.9999656]
100
iteration 2999
Best Fitness: [19.9999579]
100
iteration 0
Best Fitness: [21.39875709]
1
iteration 100
Best Fitness: [19.99999996]
1
iteration 200
Best Fitness: [19.99999996]
1
iteration 300
Best Fitness: [19.99999996]
1
iteration 400
Best Fitness: [19.99999996]
1
iteration 500
Best Fitness: [19.99999996]
1
iteration 600
Best Fitness: [19.99999996]
3
iteration 700
Best Fitness: [19.99999995]
3
iteration 800
Best Fitness: [19.99999995]
3
iteration 900
Best Fitness: [19.99999995]
3
iteration 1000
Best Fitness: [19.99999995]
3
iteration 1100
Best Fitness: [19.99999995]
3
iteration 1200
Best Fitness: [19.9999999]
9
iteration 1300
Best Fitness: [19.99999989]
9
iteration 1400
Best Fitness: [19.99999988]
9
iteration 1500
Best Fitness: [19.99999987]
9
iteration 1600
Best Fitness: [19.99999987]
9
iteration 1700
Best Fitness: [19.99999987]
9
iteration 1800
Best Fitness: [19.99999932]
27
iteration 1900
Best Fitness: [19.99999931]
27
iteration 2000
Best Fitness: [19.99999931]
27
iteration 2100
Best Fitness: [19.99999931]
27
iteration 2200
Best Fitness: [19.99999931]
27
iteration 2300
Best Fitness: [19.99999928]
27
iteration 2400
Best Fitness: [19.99998939]
81
iteration 2500
Best Fitness: [19.99998913]
81
iteration 2600
Best Fitness: [19.99998745]
81
iteration 2700
Best Fitness: [19.9999868]
81
iteration 2800
Best Fitness: [19.99998582]
81
iteration 2900
Best Fitness: [19.99992795]
100
iteration 2999
Best Fitness: [19.9999099]
100
iteration 0
Best Fitness: [21.52371882]
1
iteration 100
Best Fitness: [20.05881644]
1
iteration 200
Best Fitness: [20.05881165]
1
iteration 300
Best Fitness: [20.05831815]
1
iteration 400
Best Fitness: [20.04514215]
1
iteration 500
Best Fitness: [20.04514215]
1
iteration 600
Best Fitness: [20.00619218]
3
iteration 700
Best Fitness: [20.00000005]
3
iteration 800
Best Fitness: [20.00000005]
3
iteration 900
Best Fitness: [19.99999995]
3
iteration 1000
Best Fitness: [19.99999994]
3
iteration 1100
Best Fitness: [19.99999994]
3
iteration 1200
Best Fitness: [19.99999991]
9
iteration 1300
Best Fitness: [19.9999999]
9
iteration 1400
Best Fitness: [19.9999999]
9
iteration 1500
Best Fitness: [19.99999989]
9
iteration 1600
Best Fitness: [19.99999988]
9
iteration 1700
Best Fitness: [19.99999988]
9
iteration 1800
Best Fitness: [19.99999939]
27
iteration 1900
Best Fitness: [19.99999935]
27
iteration 2000
Best Fitness: [19.99999934]
27
iteration 2100
Best Fitness: [19.99999934]
27
iteration 2200
Best Fitness: [19.99999933]
27
iteration 2300
Best Fitness: [19.99999933]
27
iteration 2400
Best Fitness: [19.99997221]
81
iteration 2500
Best Fitness: [19.99996853]
81
iteration 2600
Best Fitness: [19.99995995]
81
iteration 2700
Best Fitness: [19.99995319]
81
iteration 2800
Best Fitness: [19.99994568]
81
iteration 2900
Best Fitness: [19.99966815]
100
iteration 2999
Best Fitness: [19.99955327]
100
iteration 0
Best Fitness: [21.415471]
1
iteration 100
Best Fitness: [19.99999996]
1
iteration 200
Best Fitness: [19.99999996]
1
iteration 300
Best Fitness: [19.99999996]
1
iteration 400
Best Fitness: [19.99999996]
1
iteration 500
Best Fitness: [19.99999996]
1
iteration 600
Best Fitness: [19.99999996]
3
iteration 700
Best Fitness: [19.99999995]
3
iteration 800
Best Fitness: [19.99999995]
3
iteration 900
Best Fitness: [19.99999995]
3
iteration 1000
Best Fitness: [19.99999995]
3
iteration 1100
Best Fitness: [19.99999995]
3
iteration 1200
Best Fitness: [19.99999993]
9
iteration 1300
Best Fitness: [19.9999999]
9
iteration 1400
Best Fitness: [19.9999999]
9
iteration 1500
Best Fitness: [19.9999999]
9
iteration 1600
Best Fitness: [19.9999999]
9
iteration 1700
Best Fitness: [19.9999999]
9
iteration 1800
Best Fitness: [19.99999945]
27
iteration 1900
Best Fitness: [19.99999942]
27
iteration 2000
Best Fitness: [19.99999942]
27
iteration 2100
Best Fitness: [19.99999941]
27
iteration 2200
Best Fitness: [19.99999941]
27
iteration 2300
Best Fitness: [19.99999941]
27
iteration 2400
Best Fitness: [19.99999106]
81
iteration 2500
Best Fitness: [19.99998825]
81
iteration 2600
Best Fitness: [19.9999863]
81
iteration 2700
Best Fitness: [19.99998548]
81
iteration 2800
Best Fitness: [19.99998474]
81
iteration 2900
Best Fitness: [19.99995802]
100
iteration 2999
Best Fitness: [19.9999494]
100
[array([19.99993163]), array([19.99998576]), array([19.99999677]), array([19.99995386]), array([19.9999813]), array([19.9999921]), array([19.9999579]), array([19.9999099]), array([19.99955327]), array([19.9999494])]
iteration 0
Best Fitness: [171.39339957]
1
iteration 100
Best Fitness: [123.26084201]
1
iteration 200
Best Fitness: [102.76206719]
1
iteration 300
Best Fitness: [91.43757398]
1
iteration 400
Best Fitness: [83.26863913]
1
iteration 500
Best Fitness: [73.81443083]
1
iteration 600
Best Fitness: [54.47831443]
3
iteration 700
Best Fitness: [30.48428098]
3
iteration 800
Best Fitness: [15.85749475]
3
iteration 900
Best Fitness: [8.81162151]
3
iteration 1000
Best Fitness: [5.05204586]
3
iteration 1100
Best Fitness: [2.51449003]
3
iteration 1200
Best Fitness: [0.49883438]
9
iteration 1300
Best Fitness: [0.09769846]
9
iteration 1400
Best Fitness: [0.01784027]
9
iteration 1500
Best Fitness: [0.00312388]
9
iteration 1600
Best Fitness: [0.00042021]
9
iteration 1700
Best Fitness: [2.14109139e-05]
9
iteration 1800
Best Fitness: [7.41238182e-11]
27
iteration 1900
Best Fitness: [1.70530257e-13]
27
iteration 2000
Best Fitness: [1.70530257e-13]
27
iteration 2100
Best Fitness: [1.70530257e-13]
27
iteration 2200
Best Fitness: [1.70530257e-13]
27
iteration 2300
Best Fitness: [1.70530257e-13]
27
iteration 2400
Best Fitness: [1.42108547e-13]
81
iteration 2500
Best Fitness: [1.42108547e-13]
81
iteration 2600
Best Fitness: [1.42108547e-13]
81
iteration 2700
Best Fitness: [1.42108547e-13]
81
iteration 2800
Best Fitness: [1.42108547e-13]
81
iteration 2900
Best Fitness: [1.42108547e-13]
100
iteration 2999
Best Fitness: [1.42108547e-13]
100
iteration 0
Best Fitness: [166.47885815]
1
iteration 100
Best Fitness: [127.34261989]
1
iteration 200
Best Fitness: [110.1302093]
1
iteration 300
Best Fitness: [90.27108032]
1
iteration 400
Best Fitness: [79.33640665]
1
iteration 500
Best Fitness: [72.83195746]
1
iteration 600
Best Fitness: [49.54872594]
3
iteration 700
Best Fitness: [27.07387561]
3
iteration 800
Best Fitness: [13.8181337]
3
iteration 900
Best Fitness: [7.36047575]
3
iteration 1000
Best Fitness: [3.82841151]
3
iteration 1100
Best Fitness: [2.07010071]
3
iteration 1200
Best Fitness: [0.50580455]
9
iteration 1300
Best Fitness: [0.08948805]
9
iteration 1400
Best Fitness: [0.01528177]
9
iteration 1500
Best Fitness: [0.0027258]
9
iteration 1600
Best Fitness: [0.00039361]
9
iteration 1700
Best Fitness: [1.22197387e-05]
9
iteration 1800
Best Fitness: [5.23243671e-11]
27
iteration 1900
Best Fitness: [3.41060513e-13]
27
iteration 2000
Best Fitness: [3.41060513e-13]
27
iteration 2100
Best Fitness: [3.41060513e-13]
27
iteration 2200
Best Fitness: [3.41060513e-13]
27
iteration 2300
Best Fitness: [3.41060513e-13]
27
iteration 2400
Best Fitness: [1.70530257e-13]
81
iteration 2500
Best Fitness: [1.70530257e-13]
81
iteration 2600
Best Fitness: [1.70530257e-13]
81
iteration 2700
Best Fitness: [1.70530257e-13]
81
iteration 2800
Best Fitness: [1.70530257e-13]
81
iteration 2900
Best Fitness: [1.70530257e-13]
100
iteration 2999
Best Fitness: [1.70530257e-13]
100
iteration 0
Best Fitness: [171.50071218]
1
iteration 100
Best Fitness: [125.14500079]
1
iteration 200
Best Fitness: [103.99854186]
1
iteration 300
Best Fitness: [86.76379722]
1
iteration 400
Best Fitness: [72.47962943]
1
iteration 500
Best Fitness: [66.85433478]
1
iteration 600
Best Fitness: [43.14683858]
3
iteration 700
Best Fitness: [25.26449641]
3
iteration 800
Best Fitness: [14.77436138]
3
iteration 900
Best Fitness: [8.21998421]
3
iteration 1000
Best Fitness: [4.10309892]
3
iteration 1100
Best Fitness: [2.2362652]
3
iteration 1200
Best Fitness: [0.54474228]
9
iteration 1300
Best Fitness: [0.08625653]
9
iteration 1400
Best Fitness: [0.01735131]
9
iteration 1500
Best Fitness: [0.00273999]
9
iteration 1600
Best Fitness: [0.00041064]
9
iteration 1700
Best Fitness: [1.88500534e-05]
9
iteration 1800
Best Fitness: [7.83302312e-11]
27
iteration 1900
Best Fitness: [3.41060513e-13]
27
iteration 2000
Best Fitness: [3.41060513e-13]
27
iteration 2100
Best Fitness: [3.41060513e-13]
27
iteration 2200
Best Fitness: [3.41060513e-13]
27
iteration 2300
Best Fitness: [3.41060513e-13]
27
iteration 2400
Best Fitness: [2.27373675e-13]
81
iteration 2500
Best Fitness: [2.27373675e-13]
81
iteration 2600
Best Fitness: [2.27373675e-13]
81
iteration 2700
Best Fitness: [2.27373675e-13]
81
iteration 2800
Best Fitness: [2.27373675e-13]
81
iteration 2900
Best Fitness: [2.27373675e-13]
100
iteration 2999
Best Fitness: [2.27373675e-13]
100
iteration 0
Best Fitness: [165.64411515]
1
iteration 100
Best Fitness: [127.87422277]
1
iteration 200
Best Fitness: [111.99013794]
1
iteration 300
Best Fitness: [89.72954531]
1
iteration 400
Best Fitness: [78.78159265]
1
iteration 500
Best Fitness: [70.00938426]
1
iteration 600
Best Fitness: [49.81041987]
3
iteration 700
Best Fitness: [27.10930739]
3
iteration 800
Best Fitness: [14.52795785]
3
iteration 900
Best Fitness: [8.21153998]
3
iteration 1000
Best Fitness: [4.13990643]
3
iteration 1100
Best Fitness: [2.41153662]
3
iteration 1200
Best Fitness: [0.51591312]
9
iteration 1300
Best Fitness: [0.09068811]
9
iteration 1400
Best Fitness: [0.01587592]
9
iteration 1500
Best Fitness: [0.00291171]
9
iteration 1600
Best Fitness: [0.0004403]
9
iteration 1700
Best Fitness: [2.27152577e-05]
9
iteration 1800
Best Fitness: [8.54640803e-11]
27
iteration 1900
Best Fitness: [2.84217094e-13]
27
iteration 2000
Best Fitness: [2.84217094e-13]
27
iteration 2100
Best Fitness: [2.84217094e-13]
27
iteration 2200
Best Fitness: [2.84217094e-13]
27
iteration 2300
Best Fitness: [2.84217094e-13]
27
iteration 2400
Best Fitness: [1.70530257e-13]
81
iteration 2500
Best Fitness: [1.70530257e-13]
81
iteration 2600
Best Fitness: [1.70530257e-13]
81
iteration 2700
Best Fitness: [1.70530257e-13]
81
iteration 2800
Best Fitness: [1.70530257e-13]
81
iteration 2900
Best Fitness: [1.70530257e-13]
100
iteration 2999
Best Fitness: [1.70530257e-13]
100
iteration 0
Best Fitness: [175.02224823]
1
iteration 100
Best Fitness: [131.04195968]
1
iteration 200
Best Fitness: [111.2708344]
1
iteration 300
Best Fitness: [94.99083832]
1
iteration 400
Best Fitness: [80.53044047]
1
iteration 500
Best Fitness: [74.22863778]
1
iteration 600
Best Fitness: [52.39570072]
3
iteration 700
Best Fitness: [30.0316741]
3
iteration 800
Best Fitness: [15.64086734]
3
iteration 900
Best Fitness: [8.96578687]
3
iteration 1000
Best Fitness: [5.07820397]
3
iteration 1100
Best Fitness: [2.66228092]
3
iteration 1200
Best Fitness: [0.5574109]
9
iteration 1300
Best Fitness: [0.101436]
9
iteration 1400
Best Fitness: [0.01794161]
9
iteration 1500
Best Fitness: [0.00291115]
9
iteration 1600
Best Fitness: [0.00048013]
9
iteration 1700
Best Fitness: [2.80173277e-05]
9
iteration 1800
Best Fitness: [7.59428076e-11]
27
iteration 1900
Best Fitness: [3.41060513e-13]
27
iteration 2000
Best Fitness: [3.41060513e-13]
27
iteration 2100
Best Fitness: [3.41060513e-13]
27
iteration 2200
Best Fitness: [3.41060513e-13]
27
iteration 2300
Best Fitness: [3.41060513e-13]
27
iteration 2400
Best Fitness: [2.27373675e-13]
81
iteration 2500
Best Fitness: [2.27373675e-13]
81
iteration 2600
Best Fitness: [2.27373675e-13]
81
iteration 2700
Best Fitness: [2.27373675e-13]
81
iteration 2800
Best Fitness: [2.27373675e-13]
81
iteration 2900
Best Fitness: [2.27373675e-13]
100
iteration 2999
Best Fitness: [2.27373675e-13]
100
iteration 0
Best Fitness: [173.66604403]
1
iteration 100
Best Fitness: [133.03354601]
1
iteration 200
Best Fitness: [113.75496384]
1
iteration 300
Best Fitness: [95.42968716]
1
iteration 400
Best Fitness: [85.24136528]
1
iteration 500
Best Fitness: [74.0432469]
1
iteration 600
Best Fitness: [52.55696537]
3
iteration 700
Best Fitness: [30.59593488]
3
iteration 800
Best Fitness: [16.7259911]
3
iteration 900
Best Fitness: [8.58319044]
3
iteration 1000
Best Fitness: [4.63027155]
3
iteration 1100
Best Fitness: [2.55549765]
3
iteration 1200
Best Fitness: [0.54512714]
9
iteration 1300
Best Fitness: [0.09096359]
9
iteration 1400
Best Fitness: [0.01814229]
9
iteration 1500
Best Fitness: [0.0031445]
9
iteration 1600
Best Fitness: [0.00049991]
9
iteration 1700
Best Fitness: [2.18011374e-05]
9
iteration 1800
Best Fitness: [3.45607987e-11]
27
iteration 1900
Best Fitness: [2.27373675e-13]
27
iteration 2000
Best Fitness: [2.27373675e-13]
27
iteration 2100
Best Fitness: [2.27373675e-13]
27
iteration 2200
Best Fitness: [2.27373675e-13]
27
iteration 2300
Best Fitness: [2.27373675e-13]
27
iteration 2400
Best Fitness: [1.70530257e-13]
81
iteration 2500
Best Fitness: [1.70530257e-13]
81
iteration 2600
Best Fitness: [1.70530257e-13]
81
iteration 2700
Best Fitness: [1.70530257e-13]
81
iteration 2800
Best Fitness: [1.70530257e-13]
81
iteration 2900
Best Fitness: [1.70530257e-13]
100
iteration 2999
Best Fitness: [1.70530257e-13]
100
iteration 0
Best Fitness: [172.89189686]
1
iteration 100
Best Fitness: [128.00665463]
1
iteration 200
Best Fitness: [101.8417551]
1
iteration 300
Best Fitness: [86.45512628]
1
iteration 400
Best Fitness: [76.89496854]
1
iteration 500
Best Fitness: [66.89521436]
1
iteration 600
Best Fitness: [51.44110141]
3
iteration 700
Best Fitness: [31.68775354]
3
iteration 800
Best Fitness: [17.7292136]
3
iteration 900
Best Fitness: [8.93791947]
3
iteration 1000
Best Fitness: [4.77499608]
3
iteration 1100
Best Fitness: [2.75579668]
3
iteration 1200
Best Fitness: [0.65814949]
9
iteration 1300
Best Fitness: [0.09913919]
9
iteration 1400
Best Fitness: [0.02114368]
9
iteration 1500
Best Fitness: [0.00361448]
9
iteration 1600
Best Fitness: [0.00051566]
9
iteration 1700
Best Fitness: [3.07790448e-05]
9
iteration 1800
Best Fitness: [6.78994638e-11]
27
iteration 1900
Best Fitness: [3.97903932e-13]
27
iteration 2000
Best Fitness: [3.97903932e-13]
27
iteration 2100
Best Fitness: [3.97903932e-13]
27
iteration 2200
Best Fitness: [3.97903932e-13]
27
iteration 2300
Best Fitness: [3.97903932e-13]
27
iteration 2400
Best Fitness: [1.13686838e-13]
81
iteration 2500
Best Fitness: [1.13686838e-13]
81
iteration 2600
Best Fitness: [1.13686838e-13]
81
iteration 2700
Best Fitness: [1.13686838e-13]
81
iteration 2800
Best Fitness: [1.13686838e-13]
81
iteration 2900
Best Fitness: [1.13686838e-13]
100
iteration 2999
Best Fitness: [1.13686838e-13]
100
iteration 0
Best Fitness: [170.29715603]
1
iteration 100
Best Fitness: [129.84598251]
1
iteration 200
Best Fitness: [113.76426981]
1
iteration 300
Best Fitness: [95.56067994]
1
iteration 400
Best Fitness: [83.93278535]
1
iteration 500
Best Fitness: [68.57445253]
1
iteration 600
Best Fitness: [45.95132929]
3
iteration 700
Best Fitness: [26.67690709]
3
iteration 800
Best Fitness: [14.54494963]
3
iteration 900
Best Fitness: [8.12349899]
3
iteration 1000
Best Fitness: [4.38230659]
3
iteration 1100
Best Fitness: [2.31695392]
3
iteration 1200
Best Fitness: [0.48469847]
9
iteration 1300
Best Fitness: [0.09256612]
9
iteration 1400
Best Fitness: [0.01562129]
9
iteration 1500
Best Fitness: [0.00282436]
9
iteration 1600
Best Fitness: [0.00039034]
9
iteration 1700
Best Fitness: [1.38113492e-05]
9
iteration 1800
Best Fitness: [3.27418093e-11]
27
iteration 1900
Best Fitness: [3.41060513e-13]
27
iteration 2000
Best Fitness: [3.41060513e-13]
27
iteration 2100
Best Fitness: [3.41060513e-13]
27
iteration 2200
Best Fitness: [3.41060513e-13]
27
iteration 2300
Best Fitness: [3.41060513e-13]
27
iteration 2400
Best Fitness: [2.27373675e-13]
81
iteration 2500
Best Fitness: [2.27373675e-13]
81
iteration 2600
Best Fitness: [2.27373675e-13]
81
iteration 2700
Best Fitness: [2.27373675e-13]
81
iteration 2800
Best Fitness: [2.27373675e-13]
81
iteration 2900
Best Fitness: [2.27373675e-13]
100
iteration 2999
Best Fitness: [2.27373675e-13]
100
iteration 0
Best Fitness: [168.59746765]
1
iteration 100
Best Fitness: [129.03354384]
1
iteration 200
Best Fitness: [103.76811312]
1
iteration 300
Best Fitness: [92.35477106]
1
iteration 400
Best Fitness: [75.48658943]
1
iteration 500
Best Fitness: [67.25056061]
1
iteration 600
Best Fitness: [53.17661696]
3
iteration 700
Best Fitness: [32.29065795]
3
iteration 800
Best Fitness: [17.05974217]
3
iteration 900
Best Fitness: [9.5288828]
3
iteration 1000
Best Fitness: [4.68646058]
3
iteration 1100
Best Fitness: [2.73581874]
3
iteration 1200
Best Fitness: [0.59234284]
9
iteration 1300
Best Fitness: [0.10230783]
9
iteration 1400
Best Fitness: [0.02004317]
9
iteration 1500
Best Fitness: [0.0035622]
9
iteration 1600
Best Fitness: [0.00055719]
9
iteration 1700
Best Fitness: [3.75602834e-05]
9
iteration 1800
Best Fitness: [1.61804792e-10]
27
iteration 1900
Best Fitness: [2.27373675e-13]
27
iteration 2000
Best Fitness: [2.27373675e-13]
27
iteration 2100
Best Fitness: [2.27373675e-13]
27
iteration 2200
Best Fitness: [2.27373675e-13]
27
iteration 2300
Best Fitness: [2.27373675e-13]
27
iteration 2400
Best Fitness: [2.27373675e-13]
81
iteration 2500
Best Fitness: [2.27373675e-13]
81
iteration 2600
Best Fitness: [2.27373675e-13]
81
iteration 2700
Best Fitness: [2.27373675e-13]
81
iteration 2800
Best Fitness: [2.27373675e-13]
81
iteration 2900
Best Fitness: [2.27373675e-13]
100
iteration 2999
Best Fitness: [2.27373675e-13]
100
iteration 0
Best Fitness: [175.05076863]
1
iteration 100
Best Fitness: [118.9202683]
1
iteration 200
Best Fitness: [99.87032494]
1
iteration 300
Best Fitness: [90.68386104]
1
iteration 400
Best Fitness: [77.26462044]
1
iteration 500
Best Fitness: [65.70359791]
1
iteration 600
Best Fitness: [50.20405986]
3
iteration 700
Best Fitness: [30.74356813]
3
iteration 800
Best Fitness: [16.97810077]
3
iteration 900
Best Fitness: [9.31344895]
3
iteration 1000
Best Fitness: [4.45421964]
3
iteration 1100
Best Fitness: [2.49413165]
3
iteration 1200
Best Fitness: [0.62411152]
9
iteration 1300
Best Fitness: [0.10406877]
9
iteration 1400
Best Fitness: [0.02038226]
9
iteration 1500
Best Fitness: [0.00327123]
9
iteration 1600
Best Fitness: [0.00052376]
9
iteration 1700
Best Fitness: [3.36971117e-05]
9
iteration 1800
Best Fitness: [1.10276233e-10]
27
iteration 1900
Best Fitness: [2.84217094e-13]
27
iteration 2000
Best Fitness: [2.84217094e-13]
27
iteration 2100
Best Fitness: [2.84217094e-13]
27
iteration 2200
Best Fitness: [2.84217094e-13]
27
iteration 2300
Best Fitness: [2.84217094e-13]
27
iteration 2400
Best Fitness: [1.13686838e-13]
81
iteration 2500
Best Fitness: [1.13686838e-13]
81
iteration 2600
Best Fitness: [1.13686838e-13]
81
iteration 2700
Best Fitness: [1.13686838e-13]
81
iteration 2800
Best Fitness: [1.13686838e-13]
81
iteration 2900
Best Fitness: [1.13686838e-13]
100
iteration 2999
Best Fitness: [1.13686838e-13]
100
[array([1.42108547e-13]), array([1.70530257e-13]), array([2.27373675e-13]), array([1.70530257e-13]), array([2.27373675e-13]), array([1.70530257e-13]), array([1.13686838e-13]), array([2.27373675e-13]), array([2.27373675e-13]), array([1.13686838e-13])]
iteration 0
Best Fitness: [2083.87173531]
1
iteration 100
Best Fitness: [738.39289183]
1
iteration 200
Best Fitness: [243.95943601]
1
iteration 300
Best Fitness: [128.8236647]
1
iteration 400
Best Fitness: [56.50782307]
1
iteration 500
Best Fitness: [28.40019205]
1
iteration 600
Best Fitness: [8.94261887]
3
iteration 700
Best Fitness: [2.11270348]
3
iteration 800
Best Fitness: [0.85541987]
3
iteration 900
Best Fitness: [0.16063317]
3
iteration 1000
Best Fitness: [0.07727469]
3
iteration 1100
Best Fitness: [0.03788743]
3
iteration 1200
Best Fitness: [0.0055057]
9
iteration 1300
Best Fitness: [0.00241354]
9
iteration 1400
Best Fitness: [6.16278672e-05]
9
iteration 1500
Best Fitness: [3.84131049e-05]
9
iteration 1600
Best Fitness: [1.43383095e-05]
9
iteration 1700
Best Fitness: [7.45712005e-06]
9
iteration 1800
Best Fitness: [2.55814356e-08]
27
iteration 1900
Best Fitness: [2.31184832e-08]
27
iteration 2000
Best Fitness: [2.31184718e-08]
27
iteration 2100
Best Fitness: [2.00687702e-08]
27
iteration 2200
Best Fitness: [2.00687702e-08]
27
iteration 2300
Best Fitness: [1.00908171e-11]
27
iteration 2400
Best Fitness: [2.22044605e-16]
81
iteration 2500
Best Fitness: [2.22044605e-16]
81
iteration 2600
Best Fitness: [2.22044605e-16]
81
iteration 2700
Best Fitness: [2.22044605e-16]
81
iteration 2800
Best Fitness: [2.22044605e-16]
81
iteration 2900
Best Fitness: [2.22044605e-16]
100
iteration 2999
Best Fitness: [2.22044605e-16]
100
iteration 0
Best Fitness: [2124.89275434]
1
iteration 100
Best Fitness: [756.1768965]
1
iteration 200
Best Fitness: [316.04896612]
1
iteration 300
Best Fitness: [138.80451143]
1
iteration 400
Best Fitness: [68.94129027]
1
iteration 500
Best Fitness: [36.28225906]
1
iteration 600
Best Fitness: [10.46547091]
3
iteration 700
Best Fitness: [2.25662624]
3
iteration 800
Best Fitness: [0.83245396]
3
iteration 900
Best Fitness: [0.16705165]
3
iteration 1000
Best Fitness: [0.0451903]
3
iteration 1100
Best Fitness: [0.00789913]
3
iteration 1200
Best Fitness: [0.00061082]
9
iteration 1300
Best Fitness: [7.32949156e-06]
9
iteration 1400
Best Fitness: [9.78533422e-07]
9
iteration 1500
Best Fitness: [7.95541882e-07]
9
iteration 1600
Best Fitness: [7.49325803e-07]
9
iteration 1700
Best Fitness: [6.6893232e-07]
9
iteration 1800
Best Fitness: [7.99877942e-11]
27
iteration 1900
Best Fitness: [4.4408921e-16]
27
iteration 2000
Best Fitness: [3.33066907e-16]
27
iteration 2100
Best Fitness: [3.33066907e-16]
27
iteration 2200
Best Fitness: [3.33066907e-16]
27
iteration 2300
Best Fitness: [3.33066907e-16]
27
iteration 2400
Best Fitness: [3.33066907e-16]
81
iteration 2500
Best Fitness: [3.33066907e-16]
81
iteration 2600
Best Fitness: [3.33066907e-16]
81
iteration 2700
Best Fitness: [3.33066907e-16]
81
iteration 2800
Best Fitness: [3.33066907e-16]
81
iteration 2900
Best Fitness: [3.33066907e-16]
100
iteration 2999
Best Fitness: [3.33066907e-16]
100
iteration 0
Best Fitness: [2199.64411285]
1
iteration 100
Best Fitness: [743.89049926]
1
iteration 200
Best Fitness: [289.03511378]
1
iteration 300
Best Fitness: [143.30900785]
1
iteration 400
Best Fitness: [76.40301154]
1
iteration 500
Best Fitness: [39.29433467]
1
iteration 600
Best Fitness: [12.84099058]
3
iteration 700
Best Fitness: [2.23168053]
3
iteration 800
Best Fitness: [0.80709627]
3
iteration 900
Best Fitness: [0.23560815]
3
iteration 1000
Best Fitness: [0.09493048]
3
iteration 1100
Best Fitness: [0.06597356]
3
iteration 1200
Best Fitness: [0.01547095]
9
iteration 1300
Best Fitness: [0.00577539]
9
iteration 1400
Best Fitness: [0.00297068]
9
iteration 1500
Best Fitness: [4.96919891e-05]
9
iteration 1600
Best Fitness: [4.23703378e-05]
9
iteration 1700
Best Fitness: [2.51265365e-05]
9
iteration 1800
Best Fitness: [1.59882141e-09]
27
iteration 1900
Best Fitness: [3.39728246e-14]
27
iteration 2000
Best Fitness: [7.77156117e-16]
27
iteration 2100
Best Fitness: [2.22044605e-16]
27
iteration 2200
Best Fitness: [2.22044605e-16]
27
iteration 2300
Best Fitness: [2.22044605e-16]
27
iteration 2400
Best Fitness: [2.22044605e-16]
81
iteration 2500
Best Fitness: [2.22044605e-16]
81
iteration 2600
Best Fitness: [2.22044605e-16]
81
iteration 2700
Best Fitness: [2.22044605e-16]
81
iteration 2800
Best Fitness: [2.22044605e-16]
81
iteration 2900
Best Fitness: [2.22044605e-16]
100
iteration 2999
Best Fitness: [2.22044605e-16]
100
iteration 0
Best Fitness: [1872.03016746]
1
iteration 100
Best Fitness: [626.45190516]
1
iteration 200
Best Fitness: [269.71045453]
1
iteration 300
Best Fitness: [130.24762023]
1
iteration 400
Best Fitness: [60.79760029]
1
iteration 500
Best Fitness: [36.91070649]
1
iteration 600
Best Fitness: [9.40264618]
3
iteration 700
Best Fitness: [1.96095257]
3
iteration 800
Best Fitness: [0.86850172]
3
iteration 900
Best Fitness: [0.28197974]
3
iteration 1000
Best Fitness: [0.17744982]
3
iteration 1100
Best Fitness: [0.09181645]
3
iteration 1200
Best Fitness: [0.00798279]
9
iteration 1300
Best Fitness: [0.00066179]
9
iteration 1400
Best Fitness: [2.51212989e-05]
9
iteration 1500
Best Fitness: [2.51047443e-05]
9
iteration 1600
Best Fitness: [2.51046971e-05]
9
iteration 1700
Best Fitness: [2.51046969e-05]
9
iteration 1800
Best Fitness: [2.43415388e-09]
27
iteration 1900
Best Fitness: [7.12898629e-11]
27
iteration 2000
Best Fitness: [5.85275162e-11]
27
iteration 2100
Best Fitness: [5.79353232e-11]
27
iteration 2200
Best Fitness: [2.82108781e-11]
27
iteration 2300
Best Fitness: [2.81522583e-11]
27
iteration 2400
Best Fitness: [3.33066907e-16]
81
iteration 2500
Best Fitness: [3.33066907e-16]
81
iteration 2600
Best Fitness: [3.33066907e-16]
81
iteration 2700
Best Fitness: [3.33066907e-16]
81
iteration 2800
Best Fitness: [3.33066907e-16]
81
iteration 2900
Best Fitness: [3.33066907e-16]
100
iteration 2999
Best Fitness: [3.33066907e-16]
100
iteration 0
Best Fitness: [1988.89496557]
1
iteration 100
Best Fitness: [588.81633049]
1
iteration 200
Best Fitness: [277.7480592]
1
iteration 300
Best Fitness: [132.19633082]
1
iteration 400
Best Fitness: [49.45645193]
1
iteration 500
Best Fitness: [33.88248192]
1
iteration 600
Best Fitness: [9.83795773]
3
iteration 700
Best Fitness: [1.95424199]
3
iteration 800
Best Fitness: [0.65830098]
3
iteration 900
Best Fitness: [0.23933569]
3
iteration 1000
Best Fitness: [0.08621352]
3
iteration 1100
Best Fitness: [0.0489078]
3
iteration 1200
Best Fitness: [0.00329493]
9
iteration 1300
Best Fitness: [0.00043706]
9
iteration 1400
Best Fitness: [2.56272542e-05]
9
iteration 1500
Best Fitness: [1.03682476e-06]
9
iteration 1600
Best Fitness: [3.02091823e-08]
9
iteration 1700
Best Fitness: [1.87043782e-08]
9
iteration 1800
Best Fitness: [1.25621735e-12]
27
iteration 1900
Best Fitness: [3.33066907e-16]
27
iteration 2000
Best Fitness: [3.33066907e-16]
27
iteration 2100
Best Fitness: [3.33066907e-16]
27
iteration 2200
Best Fitness: [3.33066907e-16]
27
iteration 2300
Best Fitness: [3.33066907e-16]
27
iteration 2400
Best Fitness: [3.33066907e-16]
81
iteration 2500
Best Fitness: [3.33066907e-16]
81
iteration 2600
Best Fitness: [3.33066907e-16]
81
iteration 2700
Best Fitness: [3.33066907e-16]
81
iteration 2800
Best Fitness: [3.33066907e-16]
81
iteration 2900
Best Fitness: [3.33066907e-16]
100
iteration 2999
Best Fitness: [3.33066907e-16]
100
iteration 0
Best Fitness: [1919.76426912]
1
iteration 100
Best Fitness: [772.13133147]
1
iteration 200
Best Fitness: [309.45260066]
1
iteration 300
Best Fitness: [146.75192935]
1
iteration 400
Best Fitness: [73.21519566]
1
iteration 500
Best Fitness: [33.8916319]
1
iteration 600
Best Fitness: [11.49874514]
3
iteration 700
Best Fitness: [2.31319444]
3
iteration 800
Best Fitness: [0.74229215]
3
iteration 900
Best Fitness: [0.33864168]
3
iteration 1000
Best Fitness: [0.08863539]
3
iteration 1100
Best Fitness: [0.03065476]
3
iteration 1200
Best Fitness: [0.00151195]
9
iteration 1300
Best Fitness: [0.00024974]
9
iteration 1400
Best Fitness: [7.05518322e-06]
9
iteration 1500
Best Fitness: [1.44667874e-06]
9
iteration 1600
Best Fitness: [8.22846099e-08]
9
iteration 1700
Best Fitness: [7.24788731e-08]
9
iteration 1800
Best Fitness: [2.93848279e-11]
27
iteration 1900
Best Fitness: [1.88737914e-15]
27
iteration 2000
Best Fitness: [4.4408921e-16]
27
iteration 2100
Best Fitness: [4.4408921e-16]
27
iteration 2200
Best Fitness: [4.4408921e-16]
27
iteration 2300
Best Fitness: [4.4408921e-16]
27
iteration 2400
Best Fitness: [4.4408921e-16]
81
iteration 2500
Best Fitness: [4.4408921e-16]
81
iteration 2600
Best Fitness: [4.4408921e-16]
81
iteration 2700
Best Fitness: [4.4408921e-16]
81
iteration 2800
Best Fitness: [4.4408921e-16]
81
iteration 2900
Best Fitness: [4.4408921e-16]
100
iteration 2999
Best Fitness: [4.4408921e-16]
100
iteration 0
Best Fitness: [1947.72527989]
1
iteration 100
Best Fitness: [678.26163935]
1
iteration 200
Best Fitness: [277.10120525]
1
iteration 300
Best Fitness: [121.61762809]
1
iteration 400
Best Fitness: [58.47696084]
1
iteration 500
Best Fitness: [28.20099654]
1
iteration 600
Best Fitness: [8.57144513]
3
iteration 700
Best Fitness: [2.04501876]
3
iteration 800
Best Fitness: [0.58438161]
3
iteration 900
Best Fitness: [0.19583259]
3
iteration 1000
Best Fitness: [0.09242085]
3
iteration 1100
Best Fitness: [0.05875732]
3
iteration 1200
Best Fitness: [0.00653621]
9
iteration 1300
Best Fitness: [0.00114417]
9
iteration 1400
Best Fitness: [0.00031621]
9
iteration 1500
Best Fitness: [0.00010655]
9
iteration 1600
Best Fitness: [2.29604826e-05]
9
iteration 1700
Best Fitness: [8.77009267e-06]
9
iteration 1800
Best Fitness: [2.70445444e-10]
27
iteration 1900
Best Fitness: [8.43769499e-15]
27
iteration 2000
Best Fitness: [3.33066907e-16]
27
iteration 2100
Best Fitness: [3.33066907e-16]
27
iteration 2200
Best Fitness: [3.33066907e-16]
27
iteration 2300
Best Fitness: [3.33066907e-16]
27
iteration 2400
Best Fitness: [3.33066907e-16]
81
iteration 2500
Best Fitness: [3.33066907e-16]
81
iteration 2600
Best Fitness: [3.33066907e-16]
81
iteration 2700
Best Fitness: [3.33066907e-16]
81
iteration 2800
Best Fitness: [3.33066907e-16]
81
iteration 2900
Best Fitness: [3.33066907e-16]
100
iteration 2999
Best Fitness: [3.33066907e-16]
100
iteration 0
Best Fitness: [2051.40877259]
1
iteration 100
Best Fitness: [655.06364216]
1
iteration 200
Best Fitness: [288.74279738]
1
iteration 300
Best Fitness: [104.98864455]
1
iteration 400
Best Fitness: [64.93841016]
1
iteration 500
Best Fitness: [39.01935699]
1
iteration 600
Best Fitness: [12.13961387]
3
iteration 700
Best Fitness: [2.13838341]
3
iteration 800
Best Fitness: [0.95706815]
3
iteration 900
Best Fitness: [0.29604137]
3
iteration 1000
Best Fitness: [0.23798192]
3
iteration 1100
Best Fitness: [0.11265881]
3
iteration 1200
Best Fitness: [0.01021313]
9
iteration 1300
Best Fitness: [0.00453582]
9
iteration 1400
Best Fitness: [0.00424261]
9
iteration 1500
Best Fitness: [0.00223337]
9
iteration 1600
Best Fitness: [0.00099944]
9
iteration 1700
Best Fitness: [2.26400705e-05]
9
iteration 1800
Best Fitness: [1.81427096e-10]
27
iteration 1900
Best Fitness: [2.33146835e-15]
27
iteration 2000
Best Fitness: [4.4408921e-16]
27
iteration 2100
Best Fitness: [3.33066907e-16]
27
iteration 2200
Best Fitness: [3.33066907e-16]
27
iteration 2300
Best Fitness: [3.33066907e-16]
27
iteration 2400
Best Fitness: [3.33066907e-16]
81
iteration 2500
Best Fitness: [3.33066907e-16]
81
iteration 2600
Best Fitness: [3.33066907e-16]
81
iteration 2700
Best Fitness: [3.33066907e-16]
81
iteration 2800
Best Fitness: [3.33066907e-16]
81
iteration 2900
Best Fitness: [3.33066907e-16]
100
iteration 2999
Best Fitness: [3.33066907e-16]
100
iteration 0
Best Fitness: [2042.88219454]
1
iteration 100
Best Fitness: [754.76423695]
1
iteration 200
Best Fitness: [318.3969224]
1
iteration 300
Best Fitness: [127.42409974]
1
iteration 400
Best Fitness: [69.22250708]
1
iteration 500
Best Fitness: [35.45133351]
1
iteration 600
Best Fitness: [8.86874963]
3
iteration 700
Best Fitness: [1.88196059]
3
iteration 800
Best Fitness: [0.68853627]
3
iteration 900
Best Fitness: [0.22113857]
3
iteration 1000
Best Fitness: [0.11964478]
3
iteration 1100
Best Fitness: [0.06458633]
3
iteration 1200
Best Fitness: [0.00151467]
9
iteration 1300
Best Fitness: [0.00015975]
9
iteration 1400
Best Fitness: [1.24861498e-05]
9
iteration 1500
Best Fitness: [9.36772454e-07]
9
iteration 1600
Best Fitness: [4.29029759e-08]
9
iteration 1700
Best Fitness: [1.11136844e-09]
9
iteration 1800
Best Fitness: [1.37490019e-12]
27
iteration 1900
Best Fitness: [2.22044605e-16]
27
iteration 2000
Best Fitness: [2.22044605e-16]
27
iteration 2100
Best Fitness: [2.22044605e-16]
27
iteration 2200
Best Fitness: [2.22044605e-16]
27
iteration 2300
Best Fitness: [2.22044605e-16]
27
iteration 2400
Best Fitness: [2.22044605e-16]
81
iteration 2500
Best Fitness: [2.22044605e-16]
81
iteration 2600
Best Fitness: [2.22044605e-16]
81
iteration 2700
Best Fitness: [2.22044605e-16]
81
iteration 2800
Best Fitness: [2.22044605e-16]
81
iteration 2900
Best Fitness: [2.22044605e-16]
100
iteration 2999
Best Fitness: [2.22044605e-16]
100
iteration 0
Best Fitness: [1813.71568941]
1
iteration 100
Best Fitness: [595.92893482]
1
iteration 200
Best Fitness: [285.31033447]
1
iteration 300
Best Fitness: [138.22474022]
1
iteration 400
Best Fitness: [65.51148179]
1
iteration 500
Best Fitness: [33.68522928]
1
iteration 600
Best Fitness: [12.12958064]
3
iteration 700
Best Fitness: [2.23028663]
3
iteration 800
Best Fitness: [0.87417946]
3
iteration 900
Best Fitness: [0.24633712]
3
iteration 1000
Best Fitness: [0.11338041]
3
iteration 1100
Best Fitness: [0.09142001]
3
iteration 1200
Best Fitness: [0.01413231]
9
iteration 1300
Best Fitness: [0.01144171]
9
iteration 1400
Best Fitness: [0.01143834]
9
iteration 1500
Best Fitness: [0.00556538]
9
iteration 1600
Best Fitness: [0.00491495]
9
iteration 1700
Best Fitness: [0.00490367]
9
iteration 1800
Best Fitness: [0.00069246]
27
iteration 1900
Best Fitness: [0.00030506]
27
iteration 2000
Best Fitness: [1.08995537e-05]
27
iteration 2100
Best Fitness: [6.41360652e-07]
27
iteration 2200
Best Fitness: [3.24853376e-08]
27
iteration 2300
Best Fitness: [3.24850979e-08]
27
iteration 2400
Best Fitness: [1.43120995e-08]
81
iteration 2500
Best Fitness: [1.33226763e-15]
81
iteration 2600
Best Fitness: [2.22044605e-16]
81
iteration 2700
Best Fitness: [2.22044605e-16]
81
iteration 2800
Best Fitness: [2.22044605e-16]
81
iteration 2900
Best Fitness: [2.22044605e-16]
100
iteration 2999
Best Fitness: [2.22044605e-16]
100
[array([2.22044605e-16]), array([3.33066907e-16]), array([2.22044605e-16]), array([3.33066907e-16]), array([3.33066907e-16]), array([4.4408921e-16]), array([3.33066907e-16]), array([3.33066907e-16]), array([2.22044605e-16]), array([2.22044605e-16])]
iteration 0
Best Fitness: [3.1965569]
1
iteration 100
Best Fitness: [4.54882156e-05]
1
iteration 200
Best Fitness: [4.52164211e-05]
1
iteration 300
Best Fitness: [4.52159741e-05]
1
iteration 400
Best Fitness: [4.52159741e-05]
1
iteration 500
Best Fitness: [4.52159741e-05]
1
iteration 600
Best Fitness: [0.]
3
iteration 700
Best Fitness: [0.]
3
iteration 800
Best Fitness: [0.]
3
iteration 900
Best Fitness: [0.]
3
iteration 1000
Best Fitness: [0.]
3
iteration 1100
Best Fitness: [0.]
3
iteration 1200
Best Fitness: [0.]
9
iteration 1300
Best Fitness: [0.]
9
iteration 1400
Best Fitness: [0.]
9
iteration 1500
Best Fitness: [0.]
9
iteration 1600
Best Fitness: [0.]
9
iteration 1700
Best Fitness: [0.]
9
iteration 1800
Best Fitness: [0.]
27
iteration 1900
Best Fitness: [0.]
27
iteration 2000
Best Fitness: [0.]
27
iteration 2100
Best Fitness: [0.]
27
iteration 2200
Best Fitness: [0.]
27
iteration 2300
Best Fitness: [0.]
27
iteration 2400
Best Fitness: [0.]
81
iteration 2500
Best Fitness: [0.]
81
iteration 2600
Best Fitness: [0.]
81
iteration 2700
Best Fitness: [0.]
81
iteration 2800
Best Fitness: [0.]
81
iteration 2900
Best Fitness: [0.]
100
iteration 2999
Best Fitness: [0.]
100
iteration 0
Best Fitness: [3.4669081]
1
iteration 100
Best Fitness: [0.]
1
iteration 200
Best Fitness: [0.]
1
iteration 300
Best Fitness: [0.]
1
iteration 400
Best Fitness: [0.]
1
iteration 500
Best Fitness: [0.]
1
iteration 600
Best Fitness: [0.]
3
iteration 700
Best Fitness: [0.]
3
iteration 800
Best Fitness: [0.]
3
iteration 900
Best Fitness: [0.]
3
iteration 1000
Best Fitness: [0.]
3
iteration 1100
Best Fitness: [0.]
3
iteration 1200
Best Fitness: [0.]
9
iteration 1300
Best Fitness: [0.]
9
iteration 1400
Best Fitness: [0.]
9
iteration 1500
Best Fitness: [0.]
9
iteration 1600
Best Fitness: [0.]
9
iteration 1700
Best Fitness: [0.]
9
iteration 1800
Best Fitness: [0.]
27
iteration 1900
Best Fitness: [0.]
27
iteration 2000
Best Fitness: [0.]
27
iteration 2100
Best Fitness: [0.]
27
iteration 2200
Best Fitness: [0.]
27
iteration 2300
Best Fitness: [0.]
27
iteration 2400
Best Fitness: [0.]
81
iteration 2500
Best Fitness: [0.]
81
iteration 2600
Best Fitness: [0.]
81
iteration 2700
Best Fitness: [0.]
81
iteration 2800
Best Fitness: [0.]
81
iteration 2900
Best Fitness: [0.]
100
iteration 2999
Best Fitness: [0.]
100
iteration 0
Best Fitness: [2.92871533]
1
iteration 100
Best Fitness: [9.3131961e-06]
1
iteration 200
Best Fitness: [5.27969354e-11]
1
iteration 300
Best Fitness: [1.97975317e-16]
1
iteration 400
Best Fitness: [0.]
1
iteration 500
Best Fitness: [0.]
1
iteration 600
Best Fitness: [0.]
3
iteration 700
Best Fitness: [0.]
3
iteration 800
Best Fitness: [0.]
3
iteration 900
Best Fitness: [0.]
3
iteration 1000
Best Fitness: [0.]
3
iteration 1100
Best Fitness: [0.]
3
iteration 1200
Best Fitness: [0.]
9
iteration 1300
Best Fitness: [0.]
9
iteration 1400
Best Fitness: [0.]
9
iteration 1500
Best Fitness: [0.]
9
iteration 1600
Best Fitness: [0.]
9
iteration 1700
Best Fitness: [0.]
9
iteration 1800
Best Fitness: [0.]
27
iteration 1900
Best Fitness: [0.]
27
iteration 2000
Best Fitness: [0.]
27
iteration 2100
Best Fitness: [0.]
27
iteration 2200
Best Fitness: [0.]
27
iteration 2300
Best Fitness: [0.]
27
iteration 2400
Best Fitness: [0.]
81
iteration 2500
Best Fitness: [0.]
81
iteration 2600
Best Fitness: [0.]
81
iteration 2700
Best Fitness: [0.]
81
iteration 2800
Best Fitness: [0.]
81
iteration 2900
Best Fitness: [0.]
100
iteration 2999
Best Fitness: [0.]
100
iteration 0
Best Fitness: [2.98892543]
1
iteration 100
Best Fitness: [1.41662119e-09]
1
iteration 200
Best Fitness: [6.38335955e-13]
1
iteration 300
Best Fitness: [5.29524341e-15]
1
iteration 400
Best Fitness: [0.]
1
iteration 500
Best Fitness: [0.]
1
iteration 600
Best Fitness: [0.]
3
iteration 700
Best Fitness: [0.]
3
iteration 800
Best Fitness: [0.]
3
iteration 900
Best Fitness: [0.]
3
iteration 1000
Best Fitness: [0.]
3
iteration 1100
Best Fitness: [0.]
3
iteration 1200
Best Fitness: [0.]
9
iteration 1300
Best Fitness: [0.]
9
iteration 1400
Best Fitness: [0.]
9
iteration 1500
Best Fitness: [0.]
9
iteration 1600
Best Fitness: [0.]
9
iteration 1700
Best Fitness: [0.]
9
iteration 1800
Best Fitness: [0.]
27
iteration 1900
Best Fitness: [0.]
27
iteration 2000
Best Fitness: [0.]
27
iteration 2100
Best Fitness: [0.]
27
iteration 2200
Best Fitness: [0.]
27
iteration 2300
Best Fitness: [0.]
27
iteration 2400
Best Fitness: [0.]
81
iteration 2500
Best Fitness: [0.]
81
iteration 2600
Best Fitness: [0.]
81
iteration 2700
Best Fitness: [0.]
81
iteration 2800
Best Fitness: [0.]
81
iteration 2900
Best Fitness: [0.]
100
iteration 2999
Best Fitness: [0.]
100
iteration 0
Best Fitness: [3.52819022]
1
iteration 100
Best Fitness: [0.]
1
iteration 200
Best Fitness: [0.]
1
iteration 300
Best Fitness: [0.]
1
iteration 400
Best Fitness: [0.]
1
iteration 500
Best Fitness: [0.]
1
iteration 600
Best Fitness: [0.]
3
iteration 700
Best Fitness: [0.]
3
iteration 800
Best Fitness: [0.]
3
iteration 900
Best Fitness: [0.]
3
iteration 1000
Best Fitness: [0.]
3
iteration 1100
Best Fitness: [0.]
3
iteration 1200
Best Fitness: [0.]
9
iteration 1300
Best Fitness: [0.]
9
iteration 1400
Best Fitness: [0.]
9
iteration 1500
Best Fitness: [0.]
9
iteration 1600
Best Fitness: [0.]
9
iteration 1700
Best Fitness: [0.]
9
iteration 1800
Best Fitness: [0.]
27
iteration 1900
Best Fitness: [0.]
27
iteration 2000
Best Fitness: [0.]
27
iteration 2100
Best Fitness: [0.]
27
iteration 2200
Best Fitness: [0.]
27
iteration 2300
Best Fitness: [0.]
27
iteration 2400
Best Fitness: [0.]
81
iteration 2500
Best Fitness: [0.]
81
iteration 2600
Best Fitness: [0.]
81
iteration 2700
Best Fitness: [0.]
81
iteration 2800
Best Fitness: [0.]
81
iteration 2900
Best Fitness: [0.]
100
iteration 2999
Best Fitness: [0.]
100
iteration 0
Best Fitness: [2.10442447]
1
iteration 100
Best Fitness: [6.73292376e-05]
1
iteration 200
Best Fitness: [0.]
1
iteration 300
Best Fitness: [0.]
1
iteration 400
Best Fitness: [0.]
1
iteration 500
Best Fitness: [0.]
1
iteration 600
Best Fitness: [0.]
3
iteration 700
Best Fitness: [0.]
3
iteration 800
Best Fitness: [0.]
3
iteration 900
Best Fitness: [0.]
3
iteration 1000
Best Fitness: [0.]
3
iteration 1100
Best Fitness: [0.]
3
iteration 1200
Best Fitness: [0.]
9
iteration 1300
Best Fitness: [0.]
9
iteration 1400
Best Fitness: [0.]
9
iteration 1500
Best Fitness: [0.]
9
iteration 1600
Best Fitness: [0.]
9
iteration 1700
Best Fitness: [0.]
9
iteration 1800
Best Fitness: [0.]
27
iteration 1900
Best Fitness: [0.]
27
iteration 2000
Best Fitness: [0.]
27
iteration 2100
Best Fitness: [0.]
27
iteration 2200
Best Fitness: [0.]
27
iteration 2300
Best Fitness: [0.]
27
iteration 2400
Best Fitness: [0.]
81
iteration 2500
Best Fitness: [0.]
81
iteration 2600
Best Fitness: [0.]
81
iteration 2700
Best Fitness: [0.]
81
iteration 2800
Best Fitness: [0.]
81
iteration 2900
Best Fitness: [0.]
100
iteration 2999
Best Fitness: [0.]
100
iteration 0
Best Fitness: [2.91577632]
1
iteration 100
Best Fitness: [0.00011618]
1
iteration 200
Best Fitness: [0.00011472]
1
iteration 300
Best Fitness: [0.00011472]
1
iteration 400
Best Fitness: [0.00011472]
1
iteration 500
Best Fitness: [0.00011472]
1
iteration 600
Best Fitness: [0.]
3
iteration 700
Best Fitness: [0.]
3
iteration 800
Best Fitness: [0.]
3
iteration 900
Best Fitness: [0.]
3
iteration 1000
Best Fitness: [0.]
3
iteration 1100
Best Fitness: [0.]
3
iteration 1200
Best Fitness: [0.]
9
iteration 1300
Best Fitness: [0.]
9
iteration 1400
Best Fitness: [0.]
9
iteration 1500
Best Fitness: [0.]
9
iteration 1600
Best Fitness: [0.]
9
iteration 1700
Best Fitness: [0.]
9
iteration 1800
Best Fitness: [0.]
27
iteration 1900
Best Fitness: [0.]
27
iteration 2000
Best Fitness: [0.]
27
iteration 2100
Best Fitness: [0.]
27
iteration 2200
Best Fitness: [0.]
27
iteration 2300
Best Fitness: [0.]
27
iteration 2400
Best Fitness: [0.]
81
iteration 2500
Best Fitness: [0.]
81
iteration 2600
Best Fitness: [0.]
81
iteration 2700
Best Fitness: [0.]
81
iteration 2800
Best Fitness: [0.]
81
iteration 2900
Best Fitness: [0.]
100
iteration 2999
Best Fitness: [0.]
100
iteration 0
Best Fitness: [3.23423971]
1
iteration 100
Best Fitness: [3.03121242e-07]
1
iteration 200
Best Fitness: [1.10362247e-10]
1
iteration 300
Best Fitness: [0.]
1
iteration 400
Best Fitness: [0.]
1
iteration 500
Best Fitness: [0.]
1
iteration 600
Best Fitness: [0.]
3
iteration 700
Best Fitness: [0.]
3
iteration 800
Best Fitness: [0.]
3
iteration 900
Best Fitness: [0.]
3
iteration 1000
Best Fitness: [0.]
3
iteration 1100
Best Fitness: [0.]
3
iteration 1200
Best Fitness: [0.]
9
iteration 1300
Best Fitness: [0.]
9
iteration 1400
Best Fitness: [0.]
9
iteration 1500
Best Fitness: [0.]
9
iteration 1600
Best Fitness: [0.]
9
iteration 1700
Best Fitness: [0.]
9
iteration 1800
Best Fitness: [0.]
27
iteration 1900
Best Fitness: [0.]
27
iteration 2000
Best Fitness: [0.]
27
iteration 2100
Best Fitness: [0.]
27
iteration 2200
Best Fitness: [0.]
27
iteration 2300
Best Fitness: [0.]
27
iteration 2400
Best Fitness: [0.]
81
iteration 2500
Best Fitness: [0.]
81
iteration 2600
Best Fitness: [0.]
81
iteration 2700
Best Fitness: [0.]
81
iteration 2800
Best Fitness: [0.]
81
iteration 2900
Best Fitness: [0.]
100
iteration 2999
Best Fitness: [0.]
100
iteration 0
Best Fitness: [2.11154501]
1
iteration 100
Best Fitness: [9.717612e-05]
1
iteration 200
Best Fitness: [4.17977924e-05]
1
iteration 300
Best Fitness: [4.17278878e-05]
1
iteration 400
Best Fitness: [4.17278749e-05]
1
iteration 500
Best Fitness: [4.17278749e-05]
1
iteration 600
Best Fitness: [0.]
3
iteration 700
Best Fitness: [0.]
3
iteration 800
Best Fitness: [0.]
3
iteration 900
Best Fitness: [0.]
3
iteration 1000
Best Fitness: [0.]
3
iteration 1100
Best Fitness: [0.]
3
iteration 1200
Best Fitness: [0.]
9
iteration 1300
Best Fitness: [0.]
9
iteration 1400
Best Fitness: [0.]
9
iteration 1500
Best Fitness: [0.]
9
iteration 1600
Best Fitness: [0.]
9
iteration 1700
Best Fitness: [0.]
9
iteration 1800
Best Fitness: [0.]
27
iteration 1900
Best Fitness: [0.]
27
iteration 2000
Best Fitness: [0.]
27
iteration 2100
Best Fitness: [0.]
27
iteration 2200
Best Fitness: [0.]
27
iteration 2300
Best Fitness: [0.]
27
iteration 2400
Best Fitness: [0.]
81
iteration 2500
Best Fitness: [0.]
81
iteration 2600
Best Fitness: [0.]
81
iteration 2700
Best Fitness: [0.]
81
iteration 2800
Best Fitness: [0.]
81
iteration 2900
Best Fitness: [0.]
100
iteration 2999
Best Fitness: [0.]
100
iteration 0
Best Fitness: [3.22301262]
1
iteration 100
Best Fitness: [8.90951858e-05]
1
iteration 200
Best Fitness: [6.70621342e-05]
1
iteration 300
Best Fitness: [6.70620618e-05]
1
iteration 400
Best Fitness: [6.70620618e-05]
1
iteration 500
Best Fitness: [6.70620618e-05]
1
iteration 600
Best Fitness: [0.]
3
iteration 700
Best Fitness: [0.]
3
iteration 800
Best Fitness: [0.]
3
iteration 900
Best Fitness: [0.]
3
iteration 1000
Best Fitness: [0.]
3
iteration 1100
Best Fitness: [0.]
3
iteration 1200
Best Fitness: [0.]
9
iteration 1300
Best Fitness: [0.]
9
iteration 1400
Best Fitness: [0.]
9
iteration 1500
Best Fitness: [0.]
9
iteration 1600
Best Fitness: [0.]
9
iteration 1700
Best Fitness: [0.]
9
iteration 1800
Best Fitness: [0.]
27
iteration 1900
Best Fitness: [0.]
27
iteration 2000
Best Fitness: [0.]
27
iteration 2100
Best Fitness: [0.]
27
iteration 2200
Best Fitness: [0.]
27
iteration 2300
Best Fitness: [0.]
27
iteration 2400
Best Fitness: [0.]
81
iteration 2500
Best Fitness: [0.]
81
iteration 2600
Best Fitness: [0.]
81
iteration 2700
Best Fitness: [0.]
81
iteration 2800
Best Fitness: [0.]
81
iteration 2900
Best Fitness: [0.]
100
iteration 2999
Best Fitness: [0.]
100
[array([0.]), array([0.]), array([0.]), array([0.]), array([0.]), array([0.]), array([0.]), array([0.]), array([0.]), array([0.])]
iteration 0
Best Fitness: [7.71765504]
1
iteration 100
Best Fitness: [4.31824664]
1
iteration 200
Best Fitness: [0.96780458]
1
iteration 300
Best Fitness: [0.66527343]
1
iteration 400
Best Fitness: [0.50950257]
1
iteration 500
Best Fitness: [0.49296116]
1
iteration 600
Best Fitness: [0.49242079]
3
iteration 700
Best Fitness: [0.36370859]
3
iteration 800
Best Fitness: [0.35622529]
3
iteration 900
Best Fitness: [0.33967322]
3
iteration 1000
Best Fitness: [0.33510546]
3
iteration 1100
Best Fitness: [0.32905755]
3
iteration 1200
Best Fitness: [0.32860316]
9
iteration 1300
Best Fitness: [0.26838901]
9
iteration 1400
Best Fitness: [0.21351609]
9
iteration 1500
Best Fitness: [0.21095399]
9
iteration 1600
Best Fitness: [0.20408924]
9
iteration 1700
Best Fitness: [0.20357294]
9
iteration 1800
Best Fitness: [0.20059276]
27
iteration 1900
Best Fitness: [0.13435356]
27
iteration 2000
Best Fitness: [0.10577936]
27
iteration 2100
Best Fitness: [0.09800253]
27
iteration 2200
Best Fitness: [0.09782127]
27
iteration 2300
Best Fitness: [0.09734888]
27
iteration 2400
Best Fitness: [0.09734888]
81
iteration 2500
Best Fitness: [0.08041441]
81
iteration 2600
Best Fitness: [0.07430207]
81
iteration 2700
Best Fitness: [0.07271319]
81
iteration 2800
Best Fitness: [0.07270863]
81
iteration 2900
Best Fitness: [0.07270778]
100
iteration 2999
Best Fitness: [0.07270778]
100
iteration 0
Best Fitness: [7.88651448]
1
iteration 100
Best Fitness: [4.21735228]
1
iteration 200
Best Fitness: [1.87220589]
1
iteration 300
Best Fitness: [0.47965762]
1
iteration 400
Best Fitness: [0.41727796]
1
iteration 500
Best Fitness: [0.40268735]
1
iteration 600
Best Fitness: [0.40223296]
3
iteration 700
Best Fitness: [0.38395987]
3
iteration 800
Best Fitness: [0.34413426]
3
iteration 900
Best Fitness: [0.34203447]
3
iteration 1000
Best Fitness: [0.34203447]
3
iteration 1100
Best Fitness: [0.34203447]
3
iteration 1200
Best Fitness: [0.34203447]
9
iteration 1300
Best Fitness: [0.25802789]
9
iteration 1400
Best Fitness: [0.22468094]
9
iteration 1500
Best Fitness: [0.21434394]
9
iteration 1600
Best Fitness: [0.20652537]
9
iteration 1700
Best Fitness: [0.2061801]
9
iteration 1800
Best Fitness: [0.2061801]
27
iteration 1900
Best Fitness: [0.13289972]
27
iteration 2000
Best Fitness: [0.1008523]
27
iteration 2100
Best Fitness: [0.09442702]
27
iteration 2200
Best Fitness: [0.09339359]
27
iteration 2300
Best Fitness: [0.09196526]
27
iteration 2400
Best Fitness: [0.09196526]
81
iteration 2500
Best Fitness: [0.0867171]
81
iteration 2600
Best Fitness: [0.08330726]
81
iteration 2700
Best Fitness: [0.08244634]
81
iteration 2800
Best Fitness: [0.08244557]
81
iteration 2900
Best Fitness: [0.08244539]
100
iteration 2999
Best Fitness: [0.08244539]
100
iteration 0
Best Fitness: [7.80306359]
1
iteration 100
Best Fitness: [4.35790017]
1
iteration 200
Best Fitness: [0.88438303]
1
iteration 300
Best Fitness: [0.66754463]
1
iteration 400
Best Fitness: [0.48293933]
1
iteration 500
Best Fitness: [0.45751891]
1
iteration 600
Best Fitness: [0.44479371]
3
iteration 700
Best Fitness: [0.44210656]
3
iteration 800
Best Fitness: [0.39539253]
3
iteration 900
Best Fitness: [0.39232866]
3
iteration 1000
Best Fitness: [0.39221953]
3
iteration 1100
Best Fitness: [0.39221953]
3
iteration 1200
Best Fitness: [0.39019308]
9
iteration 1300
Best Fitness: [0.33605404]
9
iteration 1400
Best Fitness: [0.26526822]
9
iteration 1500
Best Fitness: [0.25952091]
9
iteration 1600
Best Fitness: [0.25756136]
9
iteration 1700
Best Fitness: [0.25720555]
9
iteration 1800
Best Fitness: [0.25720555]
27
iteration 1900
Best Fitness: [0.17412527]
27
iteration 2000
Best Fitness: [0.15295158]
27
iteration 2100
Best Fitness: [0.15010471]
27
iteration 2200
Best Fitness: [0.14753962]
27
iteration 2300
Best Fitness: [0.14631958]
27
iteration 2400
Best Fitness: [0.14327231]
81
iteration 2500
Best Fitness: [0.12667087]
81
iteration 2600
Best Fitness: [0.1161069]
81
iteration 2700
Best Fitness: [0.11536181]
81
iteration 2800
Best Fitness: [0.11536181]
81
iteration 2900
Best Fitness: [0.11536181]
100
iteration 2999
Best Fitness: [0.11536181]
100
iteration 0
Best Fitness: [7.68957428]
1
iteration 100
Best Fitness: [4.47285322]
1
iteration 200
Best Fitness: [2.16065479]
1
iteration 300
Best Fitness: [0.54994315]
1
iteration 400
Best Fitness: [0.45960238]
1
iteration 500
Best Fitness: [0.42959826]
1
iteration 600
Best Fitness: [0.42741974]
3
iteration 700
Best Fitness: [0.42741974]
3
iteration 800
Best Fitness: [0.38332306]
3
iteration 900
Best Fitness: [0.38029491]
3
iteration 1000
Best Fitness: [0.37663017]
3
iteration 1100
Best Fitness: [0.37576438]
3
iteration 1200
Best Fitness: [0.37398706]
9
iteration 1300
Best Fitness: [0.28872676]
9
iteration 1400
Best Fitness: [0.24103593]
9
iteration 1500
Best Fitness: [0.22789446]
9
iteration 1600
Best Fitness: [0.22343945]
9
iteration 1700
Best Fitness: [0.2185187]
9
iteration 1800
Best Fitness: [0.21788991]
27
iteration 1900
Best Fitness: [0.14124854]
27
iteration 2000
Best Fitness: [0.13161256]
27
iteration 2100
Best Fitness: [0.12388069]
27
iteration 2200
Best Fitness: [0.12293067]
27
iteration 2300
Best Fitness: [0.1222862]
27
iteration 2400
Best Fitness: [0.1222862]
81
iteration 2500
Best Fitness: [0.11281334]
81
iteration 2600
Best Fitness: [0.11082823]
81
iteration 2700
Best Fitness: [0.10693407]
81
iteration 2800
Best Fitness: [0.10598545]
81
iteration 2900
Best Fitness: [0.10598545]
100
iteration 2999
Best Fitness: [0.10598545]
100
iteration 0
Best Fitness: [7.75299653]
1
iteration 100
Best Fitness: [4.64051345]
1
iteration 200
Best Fitness: [1.24008103]
1
iteration 300
Best Fitness: [0.63472586]
1
iteration 400
Best Fitness: [0.5392772]
1
iteration 500
Best Fitness: [0.50488187]
1
iteration 600
Best Fitness: [0.49769432]
3
iteration 700
Best Fitness: [0.39381332]
3
iteration 800
Best Fitness: [0.37196783]
3
iteration 900
Best Fitness: [0.37003554]
3
iteration 1000
Best Fitness: [0.36731456]
3
iteration 1100
Best Fitness: [0.36106238]
3
iteration 1200
Best Fitness: [0.36023485]
9
iteration 1300
Best Fitness: [0.28311502]
9
iteration 1400
Best Fitness: [0.27397311]
9
iteration 1500
Best Fitness: [0.25212219]
9
iteration 1600
Best Fitness: [0.25166779]
9
iteration 1700
Best Fitness: [0.25166779]
9
iteration 1800
Best Fitness: [0.25166779]
27
iteration 1900
Best Fitness: [0.12946294]
27
iteration 2000
Best Fitness: [0.09542266]
27
iteration 2100
Best Fitness: [0.09056022]
27
iteration 2200
Best Fitness: [0.08962359]
27
iteration 2300
Best Fitness: [0.0890816]
27
iteration 2400
Best Fitness: [0.0890816]
81
iteration 2500
Best Fitness: [0.08408833]
81
iteration 2600
Best Fitness: [0.07770894]
81
iteration 2700
Best Fitness: [0.07746566]
81
iteration 2800
Best Fitness: [0.07703659]
81
iteration 2900
Best Fitness: [0.07703081]
100
iteration 2999
Best Fitness: [0.07703081]
100
iteration 0
Best Fitness: [7.47033307]
1
iteration 100
Best Fitness: [4.3712138]
1
iteration 200
Best Fitness: [1.02906604]
1
iteration 300
Best Fitness: [0.5758462]
1
iteration 400
Best Fitness: [0.42526484]
1
iteration 500
Best Fitness: [0.41123169]
1
iteration 600
Best Fitness: [0.40906844]
3
iteration 700
Best Fitness: [0.40906844]
3
iteration 800
Best Fitness: [0.35371502]
3
iteration 900
Best Fitness: [0.35050667]
3
iteration 1000
Best Fitness: [0.35009607]
3
iteration 1100
Best Fitness: [0.35009607]
3
iteration 1200
Best Fitness: [0.35009607]
9
iteration 1300
Best Fitness: [0.25220353]
9
iteration 1400
Best Fitness: [0.22676302]
9
iteration 1500
Best Fitness: [0.22296945]
9
iteration 1600
Best Fitness: [0.21994649]
9
iteration 1700
Best Fitness: [0.21626548]
9
iteration 1800
Best Fitness: [0.21482855]
27
iteration 1900
Best Fitness: [0.14123301]
27
iteration 2000
Best Fitness: [0.10980346]
27
iteration 2100
Best Fitness: [0.10326957]
27
iteration 2200
Best Fitness: [0.10326264]
27
iteration 2300
Best Fitness: [0.1029116]
27
iteration 2400
Best Fitness: [0.1029116]
81
iteration 2500
Best Fitness: [0.09570246]
81
iteration 2600
Best Fitness: [0.08553962]
81
iteration 2700
Best Fitness: [0.08419975]
81
iteration 2800
Best Fitness: [0.08417185]
81
iteration 2900
Best Fitness: [0.08417185]
100
iteration 2999
Best Fitness: [0.08417185]
100
iteration 0
Best Fitness: [7.48544342]
1
iteration 100
Best Fitness: [4.45050665]
1
iteration 200
Best Fitness: [1.04928917]
1
iteration 300
Best Fitness: [0.5734004]
1
iteration 400
Best Fitness: [0.51047351]
1
iteration 500
Best Fitness: [0.49240645]
1
iteration 600
Best Fitness: [0.48951413]
3
iteration 700
Best Fitness: [0.44853346]
3
iteration 800
Best Fitness: [0.40814193]
3
iteration 900
Best Fitness: [0.40255191]
3
iteration 1000
Best Fitness: [0.39427941]
3
iteration 1100
Best Fitness: [0.39274803]
3
iteration 1200
Best Fitness: [0.39274803]
9
iteration 1300
Best Fitness: [0.26603754]
9
iteration 1400
Best Fitness: [0.23908894]
9
iteration 1500
Best Fitness: [0.23867835]
9
iteration 1600
Best Fitness: [0.23231587]
9
iteration 1700
Best Fitness: [0.22787276]
9
iteration 1800
Best Fitness: [0.22787276]
27
iteration 1900
Best Fitness: [0.16071661]
27
iteration 2000
Best Fitness: [0.12337325]
27
iteration 2100
Best Fitness: [0.11839544]
27
iteration 2200
Best Fitness: [0.11521562]
27
iteration 2300
Best Fitness: [0.11444836]
27
iteration 2400
Best Fitness: [0.11444836]
81
iteration 2500
Best Fitness: [0.1120466]
81
iteration 2600
Best Fitness: [0.10303965]
81
iteration 2700
Best Fitness: [0.10207107]
81
iteration 2800
Best Fitness: [0.10160089]
81
iteration 2900
Best Fitness: [0.10160087]
100
iteration 2999
Best Fitness: [0.10160087]
100
iteration 0
Best Fitness: [7.32386335]
1
iteration 100
Best Fitness: [4.61859342]
1
iteration 200
Best Fitness: [1.66993671]
1
iteration 300
Best Fitness: [0.51528244]
1
iteration 400
Best Fitness: [0.41559918]
1
iteration 500
Best Fitness: [0.38373808]
1
iteration 600
Best Fitness: [0.3824969]
3
iteration 700
Best Fitness: [0.35667603]
3
iteration 800
Best Fitness: [0.31976698]
3
iteration 900
Best Fitness: [0.30821282]
3
iteration 1000
Best Fitness: [0.30241331]
3
iteration 1100
Best Fitness: [0.30018177]
3
iteration 1200
Best Fitness: [0.30018177]
9
iteration 1300
Best Fitness: [0.25165083]
9
iteration 1400
Best Fitness: [0.22535706]
9
iteration 1500
Best Fitness: [0.22311075]
9
iteration 1600
Best Fitness: [0.22311075]
9
iteration 1700
Best Fitness: [0.22311075]
9
iteration 1800
Best Fitness: [0.22311075]
27
iteration 1900
Best Fitness: [0.14191877]
27
iteration 2000
Best Fitness: [0.1037784]
27
iteration 2100
Best Fitness: [0.09739353]
27
iteration 2200
Best Fitness: [0.09176126]
27
iteration 2300
Best Fitness: [0.09174598]
27
iteration 2400
Best Fitness: [0.09174598]
81
iteration 2500
Best Fitness: [0.08770891]
81
iteration 2600
Best Fitness: [0.0826053]
81
iteration 2700
Best Fitness: [0.08151361]
81
iteration 2800
Best Fitness: [0.08148551]
81
iteration 2900
Best Fitness: [0.08146648]
100
iteration 2999
Best Fitness: [0.08146648]
100
iteration 0
Best Fitness: [7.26950665]
1
iteration 100
Best Fitness: [4.16529688]
1
iteration 200
Best Fitness: [2.11696101]
1
iteration 300
Best Fitness: [0.56085791]
1
iteration 400
Best Fitness: [0.47974903]
1
iteration 500
Best Fitness: [0.4734659]
1
iteration 600
Best Fitness: [0.4734659]
3
iteration 700
Best Fitness: [0.40034028]
3
iteration 800
Best Fitness: [0.38383624]
3
iteration 900
Best Fitness: [0.37865595]
3
iteration 1000
Best Fitness: [0.37525439]
3
iteration 1100
Best Fitness: [0.37476611]
3
iteration 1200
Best Fitness: [0.37476611]
9
iteration 1300
Best Fitness: [0.26956665]
9
iteration 1400
Best Fitness: [0.24374309]
9
iteration 1500
Best Fitness: [0.24003558]
9
iteration 1600
Best Fitness: [0.23966832]
9
iteration 1700
Best Fitness: [0.23429562]
9
iteration 1800
Best Fitness: [0.23375525]
27
iteration 1900
Best Fitness: [0.14043199]
27
iteration 2000
Best Fitness: [0.10533384]
27
iteration 2100
Best Fitness: [0.09162883]
27
iteration 2200
Best Fitness: [0.09128531]
27
iteration 2300
Best Fitness: [0.08952441]
27
iteration 2400
Best Fitness: [0.08952441]
81
iteration 2500
Best Fitness: [0.08355194]
81
iteration 2600
Best Fitness: [0.07746294]
81
iteration 2700
Best Fitness: [0.07617924]
81
iteration 2800
Best Fitness: [0.07617532]
81
iteration 2900
Best Fitness: [0.07604881]
100
iteration 2999
Best Fitness: [0.07604881]
100
iteration 0
Best Fitness: [7.5045457]
1
iteration 100
Best Fitness: [4.28383015]
1
iteration 200
Best Fitness: [1.59865182]
1
iteration 300
Best Fitness: [0.65247954]
1
iteration 400
Best Fitness: [0.49011211]
1
iteration 500
Best Fitness: [0.47087549]
1
iteration 600
Best Fitness: [0.46990485]
3
iteration 700
Best Fitness: [0.46955958]
3
iteration 800
Best Fitness: [0.40317417]
3
iteration 900
Best Fitness: [0.40018903]
3
iteration 1000
Best Fitness: [0.3967236]
3
iteration 1100
Best Fitness: [0.39612558]
3
iteration 1200
Best Fitness: [0.39612558]
9
iteration 1300
Best Fitness: [0.32139115]
9
iteration 1400
Best Fitness: [0.26798992]
9
iteration 1500
Best Fitness: [0.25451652]
9
iteration 1600
Best Fitness: [0.25394841]
9
iteration 1700
Best Fitness: [0.24042475]
9
iteration 1800
Best Fitness: [0.2368596]
27
iteration 1900
Best Fitness: [0.16272494]
27
iteration 2000
Best Fitness: [0.12265443]
27
iteration 2100
Best Fitness: [0.11422179]
27
iteration 2200
Best Fitness: [0.11344313]
27
iteration 2300
Best Fitness: [0.11344313]
27
iteration 2400
Best Fitness: [0.11344313]
81
iteration 2500
Best Fitness: [0.10789343]
81
iteration 2600
Best Fitness: [0.1000772]
81
iteration 2700
Best Fitness: [0.09933357]
81
iteration 2800
Best Fitness: [0.09894452]
81
iteration 2900
Best Fitness: [0.09894452]
100
iteration 2999
Best Fitness: [0.09894452]
100
[array([0.07270778]), array([0.08244539]), array([0.11536181]), array([0.10598545]), array([0.07703081]), array([0.08417185]), array([0.10160087]), array([0.08146648]), array([0.07604881]), array([0.09894452])]
iteration 0
Best Fitness: [571.95673582]
1
iteration 100
Best Fitness: [215.58779621]
1
iteration 200
Best Fitness: [100.51375581]
1
iteration 300
Best Fitness: [47.18536029]
1
iteration 400
Best Fitness: [20.20961587]
1
iteration 500
Best Fitness: [0.71730333]
1
iteration 600
Best Fitness: [0.37279695]
3
iteration 700
Best Fitness: [0.33164859]
3
iteration 800
Best Fitness: [0.32991296]
3
iteration 900
Best Fitness: [0.32990547]
3
iteration 1000
Best Fitness: [0.32684797]
3
iteration 1100
Best Fitness: [0.32681934]
3
iteration 1200
Best Fitness: [0.32681934]
9
iteration 1300
Best Fitness: [0.28541058]
9
iteration 1400
Best Fitness: [0.26096676]
9
iteration 1500
Best Fitness: [0.25792777]
9
iteration 1600
Best Fitness: [0.25746837]
9
iteration 1700
Best Fitness: [0.25746702]
9
iteration 1800
Best Fitness: [0.2431688]
27
iteration 1900
Best Fitness: [0.15196154]
27
iteration 2000
Best Fitness: [0.13808562]
27
iteration 2100
Best Fitness: [0.13782124]
27
iteration 2200
Best Fitness: [0.13774493]
27
iteration 2300
Best Fitness: [0.13774493]
27
iteration 2400
Best Fitness: [0.07854491]
81
iteration 2500
Best Fitness: [0.06850266]
81
iteration 2600
Best Fitness: [0.06810815]
81
iteration 2700
Best Fitness: [0.06803695]
81
iteration 2800
Best Fitness: [0.06802326]
81
iteration 2900
Best Fitness: [0.06802326]
100
iteration 2999
Best Fitness: [0.06068249]
100
iteration 0
Best Fitness: [610.15284295]
1
iteration 100
Best Fitness: [192.69954244]
1
iteration 200
Best Fitness: [96.59699997]
1
iteration 300
Best Fitness: [37.13637537]
1
iteration 400
Best Fitness: [13.55167653]
1
iteration 500
Best Fitness: [0.44360143]
1
iteration 600
Best Fitness: [0.35423904]
3
iteration 700
Best Fitness: [0.31111034]
3
iteration 800
Best Fitness: [0.29027584]
3
iteration 900
Best Fitness: [0.29008013]
3
iteration 1000
Best Fitness: [0.29004467]
3
iteration 1100
Best Fitness: [0.29004467]
3
iteration 1200
Best Fitness: [0.29004467]
9
iteration 1300
Best Fitness: [0.23808022]
9
iteration 1400
Best Fitness: [0.21421786]
9
iteration 1500
Best Fitness: [0.21419276]
9
iteration 1600
Best Fitness: [0.21419058]
9
iteration 1700
Best Fitness: [0.21419058]
9
iteration 1800
Best Fitness: [0.20193408]
27
iteration 1900
Best Fitness: [0.13037641]
27
iteration 2000
Best Fitness: [0.12113424]
27
iteration 2100
Best Fitness: [0.11897503]
27
iteration 2200
Best Fitness: [0.11897503]
27
iteration 2300
Best Fitness: [0.11859554]
27
iteration 2400
Best Fitness: [0.09446846]
81
iteration 2500
Best Fitness: [0.06509813]
81
iteration 2600
Best Fitness: [0.05807929]
81
iteration 2700
Best Fitness: [0.05807277]
81
iteration 2800
Best Fitness: [0.05807277]
81
iteration 2900
Best Fitness: [0.05807277]
100
iteration 2999
Best Fitness: [0.05139994]
100
iteration 0
Best Fitness: [575.78486361]
1
iteration 100
Best Fitness: [187.76710294]
1
iteration 200
Best Fitness: [91.05418259]
1
iteration 300
Best Fitness: [36.77948836]
1
iteration 400
Best Fitness: [10.54689942]
1
iteration 500
Best Fitness: [0.40394476]
1
iteration 600
Best Fitness: [0.36171524]
3
iteration 700
Best Fitness: [0.33213847]
3
iteration 800
Best Fitness: [0.32793673]
3
iteration 900
Best Fitness: [0.3278233]
3
iteration 1000
Best Fitness: [0.32702125]
3
iteration 1100
Best Fitness: [0.32686212]
3
iteration 1200
Best Fitness: [0.32685521]
9
iteration 1300
Best Fitness: [0.28559189]
9
iteration 1400
Best Fitness: [0.27145228]
9
iteration 1500
Best Fitness: [0.27099791]
9
iteration 1600
Best Fitness: [0.26814695]
9
iteration 1700
Best Fitness: [0.26710148]
9
iteration 1800
Best Fitness: [0.21573273]
27
iteration 1900
Best Fitness: [0.13653486]
27
iteration 2000
Best Fitness: [0.12816164]
27
iteration 2100
Best Fitness: [0.12786885]
27
iteration 2200
Best Fitness: [0.12601433]
27
iteration 2300
Best Fitness: [0.12601433]
27
iteration 2400
Best Fitness: [0.08965637]
81
iteration 2500
Best Fitness: [0.06457361]
81
iteration 2600
Best Fitness: [0.06129646]
81
iteration 2700
Best Fitness: [0.06103708]
81
iteration 2800
Best Fitness: [0.06097977]
81
iteration 2900
Best Fitness: [0.06097977]
100
iteration 2999
Best Fitness: [0.05845854]
100
iteration 0
Best Fitness: [627.54513119]
1
iteration 100
Best Fitness: [203.32089452]
1
iteration 200
Best Fitness: [93.6460398]
1
iteration 300
Best Fitness: [40.67043373]
1
iteration 400
Best Fitness: [17.75744931]
1
iteration 500
Best Fitness: [0.38901551]
1
iteration 600
Best Fitness: [0.34362635]
3
iteration 700
Best Fitness: [0.31569984]
3
iteration 800
Best Fitness: [0.30279604]
3
iteration 900
Best Fitness: [0.30047781]
3
iteration 1000
Best Fitness: [0.30047444]
3
iteration 1100
Best Fitness: [0.30047444]
3
iteration 1200
Best Fitness: [0.30047444]
9
iteration 1300
Best Fitness: [0.25635258]
9
iteration 1400
Best Fitness: [0.24087438]
9
iteration 1500
Best Fitness: [0.24069999]
9
iteration 1600
Best Fitness: [0.24069999]
9
iteration 1700
Best Fitness: [0.24030481]
9
iteration 1800
Best Fitness: [0.23111472]
27
iteration 1900
Best Fitness: [0.13146672]
27
iteration 2000
Best Fitness: [0.12178567]
27
iteration 2100
Best Fitness: [0.12139494]
27
iteration 2200
Best Fitness: [0.11925211]
27
iteration 2300
Best Fitness: [0.11910149]
27
iteration 2400
Best Fitness: [0.08423028]
81
iteration 2500
Best Fitness: [0.06106332]
81
iteration 2600
Best Fitness: [0.05975204]
81
iteration 2700
Best Fitness: [0.05970498]
81
iteration 2800
Best Fitness: [0.05969663]
81
iteration 2900
Best Fitness: [0.05969663]
100
iteration 2999
Best Fitness: [0.05961277]
100
iteration 0
Best Fitness: [604.16452922]
1
iteration 100
Best Fitness: [189.65074281]
1
iteration 200
Best Fitness: [77.85038672]
1
iteration 300
Best Fitness: [31.37112373]
1
iteration 400
Best Fitness: [15.83053681]
1
iteration 500
Best Fitness: [0.53061444]
1
iteration 600
Best Fitness: [0.41365987]
3
iteration 700
Best Fitness: [0.39569727]
3
iteration 800
Best Fitness: [0.3708567]
3
iteration 900
Best Fitness: [0.34780207]
3
iteration 1000
Best Fitness: [0.34125482]
3
iteration 1100
Best Fitness: [0.33964768]
3
iteration 1200
Best Fitness: [0.33903559]
9
iteration 1300
Best Fitness: [0.28330626]
9
iteration 1400
Best Fitness: [0.27196336]
9
iteration 1500
Best Fitness: [0.27150394]
9
iteration 1600
Best Fitness: [0.26894125]
9
iteration 1700
Best Fitness: [0.26887571]
9
iteration 1800
Best Fitness: [0.24741287]
27
iteration 1900
Best Fitness: [0.17313745]
27
iteration 2000
Best Fitness: [0.15630966]
27
iteration 2100
Best Fitness: [0.15180838]
27
iteration 2200
Best Fitness: [0.15010141]
27
iteration 2300
Best Fitness: [0.15009454]
27
iteration 2400
Best Fitness: [0.09288037]
81
iteration 2500
Best Fitness: [0.0671405]
81
iteration 2600
Best Fitness: [0.06602529]
81
iteration 2700
Best Fitness: [0.06602529]
81
iteration 2800
Best Fitness: [0.06601695]
81
iteration 2900
Best Fitness: [0.06601695]
100
iteration 2999
Best Fitness: [0.05651255]
100
iteration 0
Best Fitness: [662.55191146]
1
iteration 100
Best Fitness: [182.18669154]
1
iteration 200
Best Fitness: [83.91537234]
1
iteration 300
Best Fitness: [40.87890916]
1
iteration 400
Best Fitness: [15.78121061]
1
iteration 500
Best Fitness: [1.03455345]
1
iteration 600
Best Fitness: [0.42756949]
3
iteration 700
Best Fitness: [0.37222067]
3
iteration 800
Best Fitness: [0.34235825]
3
iteration 900
Best Fitness: [0.33857347]
3
iteration 1000
Best Fitness: [0.33856818]
3
iteration 1100
Best Fitness: [0.33629239]
3
iteration 1200
Best Fitness: [0.33627892]
9
iteration 1300
Best Fitness: [0.29778314]
9
iteration 1400
Best Fitness: [0.28038096]
9
iteration 1500
Best Fitness: [0.26989432]
9
iteration 1600
Best Fitness: [0.26916254]
9
iteration 1700
Best Fitness: [0.26915844]
9
iteration 1800
Best Fitness: [0.23712251]
27
iteration 1900
Best Fitness: [0.18066388]
27
iteration 2000
Best Fitness: [0.17447058]
27
iteration 2100
Best Fitness: [0.17328581]
27
iteration 2200
Best Fitness: [0.17296762]
27
iteration 2300
Best Fitness: [0.17296762]
27
iteration 2400
Best Fitness: [0.10532982]
81
iteration 2500
Best Fitness: [0.07432111]
81
iteration 2600
Best Fitness: [0.0714189]
81
iteration 2700
Best Fitness: [0.07063907]
81
iteration 2800
Best Fitness: [0.07063906]
81
iteration 2900
Best Fitness: [0.07061412]
100
iteration 2999
Best Fitness: [0.06356912]
100
iteration 0
Best Fitness: [636.26133465]
1
iteration 100
Best Fitness: [162.48368476]
1
iteration 200
Best Fitness: [78.87502146]
1
iteration 300
Best Fitness: [35.10158361]
1
iteration 400
Best Fitness: [8.97213881]
1
iteration 500
Best Fitness: [0.38718893]
1
iteration 600
Best Fitness: [0.33355845]
3
iteration 700
Best Fitness: [0.32554646]
3
iteration 800
Best Fitness: [0.31324419]
3
iteration 900
Best Fitness: [0.3062993]
3
iteration 1000
Best Fitness: [0.30180746]
3
iteration 1100
Best Fitness: [0.30179061]
3
iteration 1200
Best Fitness: [0.30179061]
9
iteration 1300
Best Fitness: [0.26150216]
9
iteration 1400
Best Fitness: [0.25491994]
9
iteration 1500
Best Fitness: [0.23198721]
9
iteration 1600
Best Fitness: [0.23125626]
9
iteration 1700
Best Fitness: [0.23092796]
9
iteration 1800
Best Fitness: [0.22470108]
27
iteration 1900
Best Fitness: [0.16466852]
27
iteration 2000
Best Fitness: [0.16129146]
27
iteration 2100
Best Fitness: [0.15939934]
27
iteration 2200
Best Fitness: [0.15939934]
27
iteration 2300
Best Fitness: [0.15396147]
27
iteration 2400
Best Fitness: [0.11150649]
81
iteration 2500
Best Fitness: [0.05858655]
81
iteration 2600
Best Fitness: [0.05780745]
81
iteration 2700
Best Fitness: [0.05763423]
81
iteration 2800
Best Fitness: [0.05763423]
81
iteration 2900
Best Fitness: [0.05763423]
100
iteration 2999
Best Fitness: [0.05146506]
100
iteration 0
Best Fitness: [605.96337136]
1
iteration 100
Best Fitness: [205.53265464]
1
iteration 200
Best Fitness: [84.51519258]
1
iteration 300
Best Fitness: [46.39727199]
1
iteration 400
Best Fitness: [9.45659471]
1
iteration 500
Best Fitness: [0.39243367]
1
iteration 600
Best Fitness: [0.36918564]
3
iteration 700
Best Fitness: [0.32145566]
3
iteration 800
Best Fitness: [0.30017521]
3
iteration 900
Best Fitness: [0.29609157]
3
iteration 1000
Best Fitness: [0.27979886]
3
iteration 1100
Best Fitness: [0.27976653]
3
iteration 1200
Best Fitness: [0.27976653]
9
iteration 1300
Best Fitness: [0.22291442]
9
iteration 1400
Best Fitness: [0.21932321]
9
iteration 1500
Best Fitness: [0.21794497]
9
iteration 1600
Best Fitness: [0.21394289]
9
iteration 1700
Best Fitness: [0.21394066]
9
iteration 1800
Best Fitness: [0.18930546]
27
iteration 1900
Best Fitness: [0.130897]
27
iteration 2000
Best Fitness: [0.12418153]
27
iteration 2100
Best Fitness: [0.12418153]
27
iteration 2200
Best Fitness: [0.12009397]
27
iteration 2300
Best Fitness: [0.11996849]
27
iteration 2400
Best Fitness: [0.10118939]
81
iteration 2500
Best Fitness: [0.0630249]
81
iteration 2600
Best Fitness: [0.06269351]
81
iteration 2700
Best Fitness: [0.06238491]
81
iteration 2800
Best Fitness: [0.0623361]
81
iteration 2900
Best Fitness: [0.06233474]
100
iteration 2999
Best Fitness: [0.06233474]
100
iteration 0
Best Fitness: [554.41093063]
1
iteration 100
Best Fitness: [190.31106206]
1
iteration 200
Best Fitness: [64.38548508]
1
iteration 300
Best Fitness: [25.93850748]
1
iteration 400
Best Fitness: [0.87026436]
1
iteration 500
Best Fitness: [0.34972166]
1
iteration 600
Best Fitness: [0.34112919]
3
iteration 700
Best Fitness: [0.31152718]
3
iteration 800
Best Fitness: [0.31062408]
3
iteration 900
Best Fitness: [0.31061587]
3
iteration 1000
Best Fitness: [0.31061587]
3
iteration 1100
Best Fitness: [0.31061587]
3
iteration 1200
Best Fitness: [0.31061587]
9
iteration 1300
Best Fitness: [0.23516886]
9
iteration 1400
Best Fitness: [0.22151213]
9
iteration 1500
Best Fitness: [0.22074896]
9
iteration 1600
Best Fitness: [0.22071996]
9
iteration 1700
Best Fitness: [0.22070824]
9
iteration 1800
Best Fitness: [0.20694883]
27
iteration 1900
Best Fitness: [0.12924239]
27
iteration 2000
Best Fitness: [0.11888757]
27
iteration 2100
Best Fitness: [0.1176811]
27
iteration 2200
Best Fitness: [0.1176811]
27
iteration 2300
Best Fitness: [0.1176811]
27
iteration 2400
Best Fitness: [0.08506375]
81
iteration 2500
Best Fitness: [0.05413938]
81
iteration 2600
Best Fitness: [0.05358812]
81
iteration 2700
Best Fitness: [0.05358812]
81
iteration 2800
Best Fitness: [0.05358774]
81
iteration 2900
Best Fitness: [0.05358774]
100
iteration 2999
Best Fitness: [0.05302826]
100
iteration 0
Best Fitness: [640.61795299]
1
iteration 100
Best Fitness: [185.80119238]
1
iteration 200
Best Fitness: [74.34279]
1
iteration 300
Best Fitness: [32.62234325]
1
iteration 400
Best Fitness: [12.06229064]
1
iteration 500
Best Fitness: [0.40619406]
1
iteration 600
Best Fitness: [0.37747236]
3
iteration 700
Best Fitness: [0.34976149]
3
iteration 800
Best Fitness: [0.3329896]
3
iteration 900
Best Fitness: [0.32981485]
3
iteration 1000
Best Fitness: [0.32963968]
3
iteration 1100
Best Fitness: [0.32963968]
3
iteration 1200
Best Fitness: [0.32963968]
9
iteration 1300
Best Fitness: [0.25744074]
9
iteration 1400
Best Fitness: [0.24992703]
9
iteration 1500
Best Fitness: [0.24926769]
9
iteration 1600
Best Fitness: [0.24461884]
9
iteration 1700
Best Fitness: [0.24394953]
9
iteration 1800
Best Fitness: [0.22596015]
27
iteration 1900
Best Fitness: [0.12906528]
27
iteration 2000
Best Fitness: [0.1187515]
27
iteration 2100
Best Fitness: [0.1187515]
27
iteration 2200
Best Fitness: [0.1187493]
27
iteration 2300
Best Fitness: [0.11824526]
27
iteration 2400
Best Fitness: [0.07349095]
81
iteration 2500
Best Fitness: [0.05691497]
81
iteration 2600
Best Fitness: [0.05572475]
81
iteration 2700
Best Fitness: [0.05571596]
81
iteration 2800
Best Fitness: [0.05486289]
81
iteration 2900
Best Fitness: [0.05486286]
100
iteration 2999
Best Fitness: [0.05136222]
100
[array([0.06068249]), array([0.05139994]), array([0.05845854]), array([0.05961277]), array([0.05651255]), array([0.06356912]), array([0.05146506]), array([0.06233474]), array([0.05302826]), array([0.05136222])]
iteration 0
Best Fitness: [12745522.04037903]
1
iteration 100
Best Fitness: [610927.5665463]
1
iteration 200
Best Fitness: [142815.622382]
1
iteration 300
Best Fitness: [39369.06989858]
1
iteration 400
Best Fitness: [25024.99037968]
1
iteration 500
Best Fitness: [11246.98347969]
1
iteration 600
Best Fitness: [2990.01279285]
3
iteration 700
Best Fitness: [269.31391738]
3
iteration 800
Best Fitness: [124.51845202]
3
iteration 900
Best Fitness: [80.71190688]
3
iteration 1000
Best Fitness: [66.15496775]
3
iteration 1100
Best Fitness: [53.33681537]
3
iteration 1200
Best Fitness: [27.69280631]
9
iteration 1300
Best Fitness: [16.73054357]
9
iteration 1400
Best Fitness: [11.72045338]
9
iteration 1500
Best Fitness: [10.80929811]
9
iteration 1600
Best Fitness: [10.47475894]
9
iteration 1700
Best Fitness: [9.77477627]
9
iteration 1800
Best Fitness: [4.18681639]
27
iteration 1900
Best Fitness: [3.59519096]
27
iteration 2000
Best Fitness: [3.32361237]
27
iteration 2100
Best Fitness: [3.21113363]
27
iteration 2200
Best Fitness: [3.17135176]
27
iteration 2300
Best Fitness: [3.04124054]
27
iteration 2400
Best Fitness: [2.4398479]
81
iteration 2500
Best Fitness: [2.38090163]
81
iteration 2600
Best Fitness: [2.34830269]
81
iteration 2700
Best Fitness: [2.34532024]
81
iteration 2800
Best Fitness: [2.34419169]
81
iteration 2900
Best Fitness: [2.34209226]
100
iteration 2999
Best Fitness: [2.33844464]
100
iteration 0
Best Fitness: [6292644.68382261]
1
iteration 100
Best Fitness: [871090.88035745]
1
iteration 200
Best Fitness: [143328.12276993]
1
iteration 300
Best Fitness: [92253.89822542]
1
iteration 400
Best Fitness: [20833.8167219]
1
iteration 500
Best Fitness: [13968.83706832]
1
iteration 600
Best Fitness: [2388.68392441]
3
iteration 700
Best Fitness: [224.86499202]
3
iteration 800
Best Fitness: [105.40131584]
3
iteration 900
Best Fitness: [65.74776236]
3
iteration 1000
Best Fitness: [49.99288102]
3
iteration 1100
Best Fitness: [43.84500923]
3
iteration 1200
Best Fitness: [26.04857561]
9
iteration 1300
Best Fitness: [15.87781063]
9
iteration 1400
Best Fitness: [13.05947281]
9
iteration 1500
Best Fitness: [12.09526808]
9
iteration 1600
Best Fitness: [11.02639267]
9
iteration 1700
Best Fitness: [10.60084515]
9
iteration 1800
Best Fitness: [3.67152493]
27
iteration 1900
Best Fitness: [2.70037231]
27
iteration 2000
Best Fitness: [2.43179838]
27
iteration 2100
Best Fitness: [2.28848447]
27
iteration 2200
Best Fitness: [2.24260478]
27
iteration 2300
Best Fitness: [2.16240291]
27
iteration 2400
Best Fitness: [1.64527018]
81
iteration 2500
Best Fitness: [1.63427052]
81
iteration 2600
Best Fitness: [1.63122777]
81
iteration 2700
Best Fitness: [1.62629787]
81
iteration 2800
Best Fitness: [1.62360914]
81
iteration 2900
Best Fitness: [1.61918473]
100
iteration 2999
Best Fitness: [1.61339096]
100
iteration 0
Best Fitness: [10184553.55001923]
1
iteration 100
Best Fitness: [690788.57853592]
1
iteration 200
Best Fitness: [189888.7076381]
1
iteration 300
Best Fitness: [67016.3828958]
1
iteration 400
Best Fitness: [34634.32885275]
1
iteration 500
Best Fitness: [20811.25411345]
1
iteration 600
Best Fitness: [3342.09459525]
3
iteration 700
Best Fitness: [262.3504363]
3
iteration 800
Best Fitness: [99.62332231]
3
iteration 900
Best Fitness: [68.33264979]
3
iteration 1000
Best Fitness: [59.40199401]
3
iteration 1100
Best Fitness: [54.77931348]
3
iteration 1200
Best Fitness: [26.29158912]
9
iteration 1300
Best Fitness: [17.25024683]
9
iteration 1400
Best Fitness: [14.11383267]
9
iteration 1500
Best Fitness: [13.80227327]
9
iteration 1600
Best Fitness: [13.41081021]
9
iteration 1700
Best Fitness: [11.85331145]
9
iteration 1800
Best Fitness: [4.60204447]
27
iteration 1900
Best Fitness: [3.43309975]
27
iteration 2000
Best Fitness: [2.78027301]
27
iteration 2100
Best Fitness: [2.4215651]
27
iteration 2200
Best Fitness: [2.37053394]
27
iteration 2300
Best Fitness: [2.21838129]
27
iteration 2400
Best Fitness: [1.7442777]
81
iteration 2500
Best Fitness: [1.74216834]
81
iteration 2600
Best Fitness: [1.73956567]
81
iteration 2700
Best Fitness: [1.7390722]
81
iteration 2800
Best Fitness: [1.73860541]
81
iteration 2900
Best Fitness: [1.73767014]
100
iteration 2999
Best Fitness: [1.73509588]
100
iteration 0
Best Fitness: [11582059.23723809]
1
iteration 100
Best Fitness: [825425.75795657]
1
iteration 200
Best Fitness: [143009.59186004]
1
iteration 300
Best Fitness: [48332.39379954]
1
iteration 400
Best Fitness: [22489.89955393]
1
iteration 500
Best Fitness: [12359.57716061]
1
iteration 600
Best Fitness: [1003.92615492]
3
iteration 700
Best Fitness: [180.83746762]
3
iteration 800
Best Fitness: [108.70018846]
3
iteration 900
Best Fitness: [79.76367424]
3
iteration 1000
Best Fitness: [67.85091396]
3
iteration 1100
Best Fitness: [62.55144128]
3
iteration 1200
Best Fitness: [29.64193844]
9
iteration 1300
Best Fitness: [17.84185209]
9
iteration 1400
Best Fitness: [15.83441339]
9
iteration 1500
Best Fitness: [14.32809571]
9
iteration 1600
Best Fitness: [12.97653071]
9
iteration 1700
Best Fitness: [11.5704906]
9
iteration 1800
Best Fitness: [5.03733541]
27
iteration 1900
Best Fitness: [4.19133999]
27
iteration 2000
Best Fitness: [3.81620381]
27
iteration 2100
Best Fitness: [3.60198415]
27
iteration 2200
Best Fitness: [3.5369993]
27
iteration 2300
Best Fitness: [3.46339195]
27
iteration 2400
Best Fitness: [3.19451544]
81
iteration 2500
Best Fitness: [3.17990413]
81
iteration 2600
Best Fitness: [3.01688105]
81
iteration 2700
Best Fitness: [3.01520729]
81
iteration 2800
Best Fitness: [3.01341713]
81
iteration 2900
Best Fitness: [3.00163072]
100
iteration 2999
Best Fitness: [2.92988283]
100
iteration 0
Best Fitness: [11347470.89345383]
1
iteration 100
Best Fitness: [1213543.72159823]
1
iteration 200
Best Fitness: [355034.11892763]
1
iteration 300
Best Fitness: [80271.29194716]
1
iteration 400
Best Fitness: [48872.82200817]
1
iteration 500
Best Fitness: [16899.3750367]
1
iteration 600
Best Fitness: [3366.74020664]
3
iteration 700
Best Fitness: [276.31922002]
3
iteration 800
Best Fitness: [127.38635185]
3
iteration 900
Best Fitness: [88.80230145]
3
iteration 1000
Best Fitness: [70.28095578]
3
iteration 1100
Best Fitness: [57.56866542]
3
iteration 1200
Best Fitness: [28.61921449]
9
iteration 1300
Best Fitness: [20.10453758]
9
iteration 1400
Best Fitness: [17.43170119]
9
iteration 1500
Best Fitness: [16.25745275]
9
iteration 1600
Best Fitness: [14.29771224]
9
iteration 1700
Best Fitness: [13.66969987]
9
iteration 1800
Best Fitness: [5.52706749]
27
iteration 1900
Best Fitness: [4.71448431]
27
iteration 2000
Best Fitness: [4.2492364]
27
iteration 2100
Best Fitness: [3.80574323]
27
iteration 2200
Best Fitness: [3.75142222]
27
iteration 2300
Best Fitness: [3.73145843]
27
iteration 2400
Best Fitness: [3.11085167]
81
iteration 2500
Best Fitness: [3.09613401]
81
iteration 2600
Best Fitness: [3.09155586]
81
iteration 2700
Best Fitness: [3.08815497]
81
iteration 2800
Best Fitness: [3.0843804]
81
iteration 2900
Best Fitness: [3.08019164]
100
iteration 2999
Best Fitness: [3.07808756]
100
iteration 0
Best Fitness: [6954702.57830441]
1
iteration 100
Best Fitness: [909607.7233146]
1
iteration 200
Best Fitness: [188017.15105684]
1
iteration 300
Best Fitness: [61755.36731329]
1
iteration 400
Best Fitness: [37655.1539574]
1
iteration 500
Best Fitness: [20342.20798235]
1
iteration 600
Best Fitness: [4574.15137745]
3
iteration 700
Best Fitness: [236.5861436]
3
iteration 800
Best Fitness: [94.78356188]
3
iteration 900
Best Fitness: [67.28644261]
3
iteration 1000
Best Fitness: [52.66183469]
3
iteration 1100
Best Fitness: [46.31667205]
3
iteration 1200
Best Fitness: [22.40603412]
9
iteration 1300
Best Fitness: [15.91827561]
9
iteration 1400
Best Fitness: [14.9222716]
9
iteration 1500
Best Fitness: [12.88440324]
9
iteration 1600
Best Fitness: [12.40983555]
9
iteration 1700
Best Fitness: [10.80210215]
9
iteration 1800
Best Fitness: [4.37670535]
27
iteration 1900
Best Fitness: [3.47982957]
27
iteration 2000
Best Fitness: [2.76044377]
27
iteration 2100
Best Fitness: [2.42381508]
27
iteration 2200
Best Fitness: [2.3645314]
27
iteration 2300
Best Fitness: [2.27326043]
27
iteration 2400
Best Fitness: [1.8070004]
81
iteration 2500
Best Fitness: [1.78488952]
81
iteration 2600
Best Fitness: [1.78078861]
81
iteration 2700
Best Fitness: [1.72028261]
81
iteration 2800
Best Fitness: [1.63494601]
81
iteration 2900
Best Fitness: [1.62655475]
100
iteration 2999
Best Fitness: [1.61630058]
100
iteration 0
Best Fitness: [11832495.83369304]
1
iteration 100
Best Fitness: [1043454.14906723]
1
iteration 200
Best Fitness: [215401.1457729]
1
iteration 300
Best Fitness: [111174.83481446]
1
iteration 400
Best Fitness: [61737.71821165]
1
iteration 500
Best Fitness: [27467.48046187]
1
iteration 600
Best Fitness: [2352.25878112]
3
iteration 700
Best Fitness: [234.42158384]
3
iteration 800
Best Fitness: [97.60743088]
3
iteration 900
Best Fitness: [68.9993722]
3
iteration 1000
Best Fitness: [56.10892868]
3
iteration 1100
Best Fitness: [52.27728499]
3
iteration 1200
Best Fitness: [24.70553658]
9
iteration 1300
Best Fitness: [15.99506188]
9
iteration 1400
Best Fitness: [14.11022894]
9
iteration 1500
Best Fitness: [11.76022464]
9
iteration 1600
Best Fitness: [10.99655747]
9
iteration 1700
Best Fitness: [10.02986457]
9
iteration 1800
Best Fitness: [4.870513]
27
iteration 1900
Best Fitness: [3.84105705]
27
iteration 2000
Best Fitness: [3.42596766]
27
iteration 2100
Best Fitness: [3.16419434]
27
iteration 2200
Best Fitness: [3.04150578]
27
iteration 2300
Best Fitness: [2.9201733]
27
iteration 2400
Best Fitness: [2.03251657]
81
iteration 2500
Best Fitness: [1.93845248]
81
iteration 2600
Best Fitness: [1.93245536]
81
iteration 2700
Best Fitness: [1.91861344]
81
iteration 2800
Best Fitness: [1.91525156]
81
iteration 2900
Best Fitness: [1.88048461]
100
iteration 2999
Best Fitness: [1.86889665]
100
iteration 0
Best Fitness: [10310499.20689131]
1
iteration 100
Best Fitness: [747617.54448607]
1
iteration 200
Best Fitness: [244449.98247661]
1
iteration 300
Best Fitness: [63943.59266914]
1
iteration 400
Best Fitness: [35574.27024874]
1
iteration 500
Best Fitness: [20980.68821037]
1
iteration 600
Best Fitness: [1921.45825724]
3
iteration 700
Best Fitness: [214.5338482]
3
iteration 800
Best Fitness: [97.70785287]
3
iteration 900
Best Fitness: [79.01011874]
3
iteration 1000
Best Fitness: [62.20685317]
3
iteration 1100
Best Fitness: [59.927358]
3
iteration 1200
Best Fitness: [27.9709197]
9
iteration 1300
Best Fitness: [16.97818745]
9
iteration 1400
Best Fitness: [14.19265286]
9
iteration 1500
Best Fitness: [12.85719207]
9
iteration 1600
Best Fitness: [12.46772333]
9
iteration 1700
Best Fitness: [12.15444877]
9
iteration 1800
Best Fitness: [5.40775863]
27
iteration 1900
Best Fitness: [3.74703762]
27
iteration 2000
Best Fitness: [3.59085381]
27
iteration 2100
Best Fitness: [3.50156774]
27
iteration 2200
Best Fitness: [3.45151259]
27
iteration 2300
Best Fitness: [3.26805932]
27
iteration 2400
Best Fitness: [2.50827085]
81
iteration 2500
Best Fitness: [2.49232888]
81
iteration 2600
Best Fitness: [2.48981263]
81
iteration 2700
Best Fitness: [2.48755559]
81
iteration 2800
Best Fitness: [2.48669831]
81
iteration 2900
Best Fitness: [2.4863524]
100
iteration 2999
Best Fitness: [2.48568657]
100
iteration 0
Best Fitness: [11101846.24450992]
1
iteration 100
Best Fitness: [782731.83963492]
1
iteration 200
Best Fitness: [296980.17597284]
1
iteration 300
Best Fitness: [69974.70307027]
1
iteration 400
Best Fitness: [26098.92415727]
1
iteration 500
Best Fitness: [9838.11469565]
1
iteration 600
Best Fitness: [2394.00307238]
3
iteration 700
Best Fitness: [293.25878967]
3
iteration 800
Best Fitness: [112.80082188]
3
iteration 900
Best Fitness: [83.42462538]
3
iteration 1000
Best Fitness: [64.09862107]
3
iteration 1100
Best Fitness: [53.54093762]
3
iteration 1200
Best Fitness: [28.9993807]
9
iteration 1300
Best Fitness: [15.05973714]
9
iteration 1400
Best Fitness: [12.94747486]
9
iteration 1500
Best Fitness: [12.31546404]
9
iteration 1600
Best Fitness: [12.24706276]
9
iteration 1700
Best Fitness: [11.58118142]
9
iteration 1800
Best Fitness: [4.74890319]
27
iteration 1900
Best Fitness: [3.48877453]
27
iteration 2000
Best Fitness: [3.20927516]
27
iteration 2100
Best Fitness: [2.94735532]
27
iteration 2200
Best Fitness: [2.44718271]
27
iteration 2300
Best Fitness: [2.21779249]
27
iteration 2400
Best Fitness: [1.55044756]
81
iteration 2500
Best Fitness: [1.47954002]
81
iteration 2600
Best Fitness: [1.4704906]
81
iteration 2700
Best Fitness: [1.46899784]
81
iteration 2800
Best Fitness: [1.46768841]
81
iteration 2900
Best Fitness: [1.46487337]
100
iteration 2999
Best Fitness: [1.45780339]
100
iteration 0
Best Fitness: [8503260.24724467]
1
iteration 100
Best Fitness: [675732.75988924]
1
iteration 200
Best Fitness: [202387.68528967]
1
iteration 300
Best Fitness: [71903.31676164]
1
iteration 400
Best Fitness: [22641.42404582]
1
iteration 500
Best Fitness: [14978.31504173]
1
iteration 600
Best Fitness: [3558.22340185]
3
iteration 700
Best Fitness: [237.59008358]
3
iteration 800
Best Fitness: [105.24274294]
3
iteration 900
Best Fitness: [67.59085234]
3
iteration 1000
Best Fitness: [59.41117289]
3
iteration 1100
Best Fitness: [52.98277888]
3
iteration 1200
Best Fitness: [25.34370037]
9
iteration 1300
Best Fitness: [19.60715536]
9
iteration 1400
Best Fitness: [18.02429315]
9
iteration 1500
Best Fitness: [15.78687664]
9
iteration 1600
Best Fitness: [13.27280424]
9
iteration 1700
Best Fitness: [13.18849467]
9
iteration 1800
Best Fitness: [5.42947287]
27
iteration 1900
Best Fitness: [4.29806539]
27
iteration 2000
Best Fitness: [3.89986501]
27
iteration 2100
Best Fitness: [3.70182372]
27
iteration 2200
Best Fitness: [3.61779961]
27
iteration 2300
Best Fitness: [3.51034145]
27
iteration 2400
Best Fitness: [3.05892756]
81
iteration 2500
Best Fitness: [2.93849607]
81
iteration 2600
Best Fitness: [2.93473208]
81
iteration 2700
Best Fitness: [2.93360106]
81
iteration 2800
Best Fitness: [2.93311662]
81
iteration 2900
Best Fitness: [2.93273711]
100
iteration 2999
Best Fitness: [2.92629473]
100
[array([2.33844464]), array([1.61339096]), array([1.73509588]), array([2.92988283]), array([3.07808756]), array([1.61630058]), array([1.86889665]), array([2.48568657]), array([1.45780339]), array([2.92629473])]
iteration 0
Best Fitness: [120.3518692]
1
iteration 100
Best Fitness: [84.85809111]
1
iteration 200
Best Fitness: [72.46730618]
1
iteration 300
Best Fitness: [65.22266801]
1
iteration 400
Best Fitness: [58.63263653]
1
iteration 500
Best Fitness: [49.53387782]
1
iteration 600
Best Fitness: [35.62776744]
3
iteration 700
Best Fitness: [21.03064181]
3
iteration 800
Best Fitness: [12.76973696]
3
iteration 900
Best Fitness: [8.76317075]
3
iteration 1000
Best Fitness: [6.60322251]
3
iteration 1100
Best Fitness: [4.37720476]
3
iteration 1200
Best Fitness: [0.93314853]
9
iteration 1300
Best Fitness: [0.1423555]
9
iteration 1400
Best Fitness: [0.02709122]
9
iteration 1500
Best Fitness: [0.00429743]
9
iteration 1600
Best Fitness: [0.00064857]
9
iteration 1700
Best Fitness: [0.00012568]
9
iteration 1800
Best Fitness: [5.20075389e-07]
27
iteration 1900
Best Fitness: [3.41130279e-09]
27
iteration 2000
Best Fitness: [4.71021326e-12]
27
iteration 2100
Best Fitness: [8.37593572e-15]
27
iteration 2200
Best Fitness: [2.88712603e-17]
27
iteration 2300
Best Fitness: [8.15478844e-20]
27
iteration 2400
Best Fitness: [5.46692471e-25]
81
iteration 2500
Best Fitness: [6.70320162e-29]
81
iteration 2600
Best Fitness: [3.37984189e-32]
81
iteration 2700
Best Fitness: [1.10625453e-35]
81
iteration 2800
Best Fitness: [1.62901368e-39]
81
iteration 2900
Best Fitness: [2.65864882e-44]
100
iteration 2999
Best Fitness: [1.22953061e-49]
100
iteration 0
Best Fitness: [123.11762404]
1
iteration 100
Best Fitness: [81.46890083]
1
iteration 200
Best Fitness: [66.27544935]
1
iteration 300
Best Fitness: [60.62551371]
1
iteration 400
Best Fitness: [54.1057526]
1
iteration 500
Best Fitness: [51.00828605]
1
iteration 600
Best Fitness: [39.62484998]
3
iteration 700
Best Fitness: [20.66868242]
3
iteration 800
Best Fitness: [11.74095599]
3
iteration 900
Best Fitness: [6.51243415]
3
iteration 1000
Best Fitness: [4.31524562]
3
iteration 1100
Best Fitness: [2.93019717]
3
iteration 1200
Best Fitness: [0.64155924]
9
iteration 1300
Best Fitness: [0.10347043]
9
iteration 1400
Best Fitness: [0.01590093]
9
iteration 1500
Best Fitness: [0.00290229]
9
iteration 1600
Best Fitness: [0.00040693]
9
iteration 1700
Best Fitness: [8.98615806e-05]
9
iteration 1800
Best Fitness: [3.38673022e-07]
27
iteration 1900
Best Fitness: [1.31650498e-09]
27
iteration 2000
Best Fitness: [2.04369835e-12]
27
iteration 2100
Best Fitness: [5.06165301e-15]
27
iteration 2200
Best Fitness: [1.4429746e-17]
27
iteration 2300
Best Fitness: [3.98084266e-20]
27
iteration 2400
Best Fitness: [3.51960463e-25]
81
iteration 2500
Best Fitness: [4.23254064e-29]
81
iteration 2600
Best Fitness: [1.27361206e-32]
81
iteration 2700
Best Fitness: [5.19670397e-36]
81
iteration 2800
Best Fitness: [1.32628384e-39]
81
iteration 2900
Best Fitness: [8.50693883e-45]
100
iteration 2999
Best Fitness: [2.90387739e-50]
100
iteration 0
Best Fitness: [119.91258776]
1
iteration 100
Best Fitness: [86.06642054]
1
iteration 200
Best Fitness: [65.12473967]
1
iteration 300
Best Fitness: [57.21081507]
1
iteration 400
Best Fitness: [47.81082816]
1
iteration 500
Best Fitness: [44.29887025]
1
iteration 600
Best Fitness: [33.55035807]
3
iteration 700
Best Fitness: [20.54475798]
3
iteration 800
Best Fitness: [11.86046303]
3
iteration 900
Best Fitness: [8.25636469]
3
iteration 1000
Best Fitness: [6.28895745]
3
iteration 1100
Best Fitness: [4.23346399]
3
iteration 1200
Best Fitness: [0.82293325]
9
iteration 1300
Best Fitness: [0.12292254]
9
iteration 1400
Best Fitness: [0.01935383]
9
iteration 1500
Best Fitness: [0.00374237]
9
iteration 1600
Best Fitness: [0.00059011]
9
iteration 1700
Best Fitness: [0.00011378]
9
iteration 1800
Best Fitness: [4.93019173e-07]
27
iteration 1900
Best Fitness: [2.1040952e-09]
27
iteration 2000
Best Fitness: [3.75890865e-12]
27
iteration 2100
Best Fitness: [7.83417399e-15]
27
iteration 2200
Best Fitness: [2.58412025e-17]
27
iteration 2300
Best Fitness: [5.83560554e-20]
27
iteration 2400
Best Fitness: [5.54378183e-25]
81
iteration 2500
Best Fitness: [1.38419005e-28]
81
iteration 2600
Best Fitness: [5.83615558e-32]
81
iteration 2700
Best Fitness: [6.66465135e-36]
81
iteration 2800
Best Fitness: [3.40429738e-39]
81
iteration 2900
Best Fitness: [1.57282026e-44]
100
iteration 2999
Best Fitness: [8.96330603e-50]
100
iteration 0
Best Fitness: [121.21830882]
1
iteration 100
Best Fitness: [88.66471236]
1
iteration 200
Best Fitness: [72.93891203]
1
iteration 300
Best Fitness: [71.34101138]
1
iteration 400
Best Fitness: [71.02891749]
1
iteration 500
Best Fitness: [64.78706469]
1
iteration 600
Best Fitness: [48.81842105]
3
iteration 700
Best Fitness: [32.06138418]
3
iteration 800
Best Fitness: [19.78206691]
3
iteration 900
Best Fitness: [13.12757226]
3
iteration 1000
Best Fitness: [9.39157258]
3
iteration 1100
Best Fitness: [6.77274148]
3
iteration 1200
Best Fitness: [1.69873703]
9
iteration 1300
Best Fitness: [0.28216746]
9
iteration 1400
Best Fitness: [0.0535741]
9
iteration 1500
Best Fitness: [0.0088725]
9
iteration 1600
Best Fitness: [0.00143199]
9
iteration 1700
Best Fitness: [0.0002605]
9
iteration 1800
Best Fitness: [1.2061938e-06]
27
iteration 1900
Best Fitness: [6.6943118e-09]
27
iteration 2000
Best Fitness: [8.09867157e-12]
27
iteration 2100
Best Fitness: [2.33606658e-14]
27
iteration 2200
Best Fitness: [5.29157619e-17]
27
iteration 2300
Best Fitness: [1.10561751e-19]
27
iteration 2400
Best Fitness: [1.39349271e-24]
81
iteration 2500
Best Fitness: [1.96307443e-28]
81
iteration 2600
Best Fitness: [3.9345902e-32]
81
iteration 2700
Best Fitness: [1.4145714e-35]
81
iteration 2800
Best Fitness: [5.04189451e-39]
81
iteration 2900
Best Fitness: [2.77230488e-44]
100
iteration 2999
Best Fitness: [1.93904521e-49]
100
iteration 0
Best Fitness: [112.80535666]
1
iteration 100
Best Fitness: [82.41969872]
1
iteration 200
Best Fitness: [62.62381928]
1
iteration 300
Best Fitness: [59.44828954]
1
iteration 400
Best Fitness: [58.09307665]
1
iteration 500
Best Fitness: [58.0930766]
1
iteration 600
Best Fitness: [42.26776285]
3
iteration 700
Best Fitness: [22.81025418]
3
iteration 800
Best Fitness: [15.31795697]
3
iteration 900
Best Fitness: [8.80972584]
3
iteration 1000
Best Fitness: [5.74173074]
3
iteration 1100
Best Fitness: [4.02000141]
3
iteration 1200
Best Fitness: [0.89414773]
9
iteration 1300
Best Fitness: [0.15515462]
9
iteration 1400
Best Fitness: [0.03061762]
9
iteration 1500
Best Fitness: [0.00422962]
9
iteration 1600
Best Fitness: [0.00075085]
9
iteration 1700
Best Fitness: [0.00014154]
9
iteration 1800
Best Fitness: [5.83885852e-07]
27
iteration 1900
Best Fitness: [3.95880924e-09]
27
iteration 2000
Best Fitness: [4.81150301e-12]
27
iteration 2100
Best Fitness: [1.48753834e-14]
27
iteration 2200
Best Fitness: [2.91943374e-17]
27
iteration 2300
Best Fitness: [6.60693426e-20]
27
iteration 2400
Best Fitness: [6.82226314e-25]
81
iteration 2500
Best Fitness: [1.09689742e-28]
81
iteration 2600
Best Fitness: [3.07023344e-32]
81
iteration 2700
Best Fitness: [1.10832462e-35]
81
iteration 2800
Best Fitness: [4.52192584e-39]
81
iteration 2900
Best Fitness: [3.64298443e-44]
100
iteration 2999
Best Fitness: [1.3821229e-49]
100
iteration 0
Best Fitness: [122.66700804]
1
iteration 100
Best Fitness: [85.53401517]
1
iteration 200
Best Fitness: [73.59063407]
1
iteration 300
Best Fitness: [69.5624481]
1
iteration 400
Best Fitness: [61.0917819]
1
iteration 500
Best Fitness: [57.07490697]
1
iteration 600
Best Fitness: [38.55069799]
3
iteration 700
Best Fitness: [23.84049049]
3
iteration 800
Best Fitness: [14.27309111]
3
iteration 900
Best Fitness: [7.94546771]
3
iteration 1000
Best Fitness: [4.85682808]
3
iteration 1100
Best Fitness: [3.4062807]
3
iteration 1200
Best Fitness: [0.74484395]
9
iteration 1300
Best Fitness: [0.13347379]
9
iteration 1400
Best Fitness: [0.02016749]
9
iteration 1500
Best Fitness: [0.00264227]
9
iteration 1600
Best Fitness: [0.00046738]
9
iteration 1700
Best Fitness: [8.27364748e-05]
9
iteration 1800
Best Fitness: [3.40529416e-07]
27
iteration 1900
Best Fitness: [1.45688188e-09]
27
iteration 2000
Best Fitness: [1.6376261e-12]
27
iteration 2100
Best Fitness: [3.80680659e-15]
27
iteration 2200
Best Fitness: [8.38186762e-18]
27
iteration 2300
Best Fitness: [2.71169279e-20]
27
iteration 2400
Best Fitness: [2.81979516e-25]
81
iteration 2500
Best Fitness: [8.18901399e-29]
81
iteration 2600
Best Fitness: [1.79443619e-32]
81
iteration 2700
Best Fitness: [8.34296405e-36]
81
iteration 2800
Best Fitness: [2.1757352e-39]
81
iteration 2900
Best Fitness: [2.06755061e-44]
100
iteration 2999
Best Fitness: [8.51098148e-50]
100
iteration 0
Best Fitness: [113.70489246]
1
iteration 100
Best Fitness: [83.71677271]
1
iteration 200
Best Fitness: [66.02530732]
1
iteration 300
Best Fitness: [55.89466416]
1
iteration 400
Best Fitness: [53.69899193]
1
iteration 500
Best Fitness: [51.08555726]
1
iteration 600
Best Fitness: [38.60210771]
3
iteration 700
Best Fitness: [26.49163073]
3
iteration 800
Best Fitness: [15.6044243]
3
iteration 900
Best Fitness: [10.36608956]
3
iteration 1000
Best Fitness: [7.78316973]
3
iteration 1100
Best Fitness: [5.17934618]
3
iteration 1200
Best Fitness: [0.91834634]
9
iteration 1300
Best Fitness: [0.17206888]
9
iteration 1400
Best Fitness: [0.03087519]
9
iteration 1500
Best Fitness: [0.00462595]
9
iteration 1600
Best Fitness: [0.00085327]
9
iteration 1700
Best Fitness: [0.00016986]
9
iteration 1800
Best Fitness: [8.43625608e-07]
27
iteration 1900
Best Fitness: [4.38310876e-09]
27
iteration 2000
Best Fitness: [6.42412109e-12]
27
iteration 2100
Best Fitness: [1.04807806e-14]
27
iteration 2200
Best Fitness: [3.62948349e-17]
27
iteration 2300
Best Fitness: [9.08064072e-20]
27
iteration 2400
Best Fitness: [8.31776119e-25]
81
iteration 2500
Best Fitness: [1.19195421e-28]
81
iteration 2600
Best Fitness: [6.95295032e-32]
81
iteration 2700
Best Fitness: [1.17536501e-35]
81
iteration 2800
Best Fitness: [2.03666479e-39]
81
iteration 2900
Best Fitness: [2.11409208e-44]
100
iteration 2999
Best Fitness: [3.72509049e-50]
100
iteration 0
Best Fitness: [124.70672191]
1
iteration 100
Best Fitness: [89.5199494]
1
iteration 200
Best Fitness: [74.62130428]
1
iteration 300
Best Fitness: [68.6568193]
1
iteration 400
Best Fitness: [62.87581353]
1
iteration 500
Best Fitness: [57.66826684]
1
iteration 600
Best Fitness: [36.536489]
3
iteration 700
Best Fitness: [26.33442995]
3
iteration 800
Best Fitness: [18.21263089]
3
iteration 900
Best Fitness: [12.55137453]
3
iteration 1000
Best Fitness: [8.04874378]
3
iteration 1100
Best Fitness: [4.57421053]
3
iteration 1200
Best Fitness: [0.83892567]
9
iteration 1300
Best Fitness: [0.13450351]
9
iteration 1400
Best Fitness: [0.01957723]
9
iteration 1500
Best Fitness: [0.00343663]
9
iteration 1600
Best Fitness: [0.00054417]
9
iteration 1700
Best Fitness: [9.53336926e-05]
9
iteration 1800
Best Fitness: [4.6357187e-07]
27
iteration 1900
Best Fitness: [1.55424623e-09]
27
iteration 2000
Best Fitness: [1.59805239e-12]
27
iteration 2100
Best Fitness: [3.68642971e-15]
27
iteration 2200
Best Fitness: [1.14435066e-17]
27
iteration 2300
Best Fitness: [2.80230975e-20]
27
iteration 2400
Best Fitness: [3.24200268e-25]
81
iteration 2500
Best Fitness: [4.40997042e-29]
81
iteration 2600
Best Fitness: [1.30779699e-32]
81
iteration 2700
Best Fitness: [5.88961719e-36]
81
iteration 2800
Best Fitness: [1.63886506e-39]
81
iteration 2900
Best Fitness: [2.150797e-44]
100
iteration 2999
Best Fitness: [1.01018493e-49]
100
iteration 0
Best Fitness: [108.78574849]
1
iteration 100
Best Fitness: [78.9733954]
1
iteration 200
Best Fitness: [74.47501739]
1
iteration 300
Best Fitness: [65.63370268]
1
iteration 400
Best Fitness: [59.9192856]
1
iteration 500
Best Fitness: [59.10330289]
1
iteration 600
Best Fitness: [40.09905023]
3
iteration 700
Best Fitness: [25.89333579]
3
iteration 800
Best Fitness: [16.40868049]
3
iteration 900
Best Fitness: [10.24725403]
3
iteration 1000
Best Fitness: [6.24054087]
3
iteration 1100
Best Fitness: [4.21123353]
3
iteration 1200
Best Fitness: [1.00957505]
9
iteration 1300
Best Fitness: [0.1643068]
9
iteration 1400
Best Fitness: [0.0232833]
9
iteration 1500
Best Fitness: [0.00418608]
9
iteration 1600
Best Fitness: [0.00068712]
9
iteration 1700
Best Fitness: [0.00013191]
9
iteration 1800
Best Fitness: [6.92422433e-07]
27
iteration 1900
Best Fitness: [1.7872877e-09]
27
iteration 2000
Best Fitness: [3.76746168e-12]
27
iteration 2100
Best Fitness: [9.76799138e-15]
27
iteration 2200
Best Fitness: [3.12954673e-17]
27
iteration 2300
Best Fitness: [6.53014295e-20]
27
iteration 2400
Best Fitness: [6.16778043e-25]
81
iteration 2500
Best Fitness: [8.74885193e-29]
81
iteration 2600
Best Fitness: [4.13003597e-32]
81
iteration 2700
Best Fitness: [8.86201775e-36]
81
iteration 2800
Best Fitness: [4.64983311e-39]
81
iteration 2900
Best Fitness: [3.84884776e-44]
100
iteration 2999
Best Fitness: [9.95135975e-50]
100
iteration 0
Best Fitness: [112.06212925]
1
iteration 100
Best Fitness: [86.65177208]
1
iteration 200
Best Fitness: [74.10457999]
1
iteration 300
Best Fitness: [58.63589999]
1
iteration 400
Best Fitness: [54.25636153]
1
iteration 500
Best Fitness: [53.23929067]
1
iteration 600
Best Fitness: [37.30582354]
3
iteration 700
Best Fitness: [26.84267229]
3
iteration 800
Best Fitness: [18.80725289]
3
iteration 900
Best Fitness: [11.19143096]
3
iteration 1000
Best Fitness: [8.9831518]
3
iteration 1100
Best Fitness: [6.46996453]
3
iteration 1200
Best Fitness: [1.50997672]
9
iteration 1300
Best Fitness: [0.22772748]
9
iteration 1400
Best Fitness: [0.03924307]
9
iteration 1500
Best Fitness: [0.00624254]
9
iteration 1600
Best Fitness: [0.00115537]
9
iteration 1700
Best Fitness: [0.00021063]
9
iteration 1800
Best Fitness: [7.29588974e-07]
27
iteration 1900
Best Fitness: [4.08132897e-09]
27
iteration 2000
Best Fitness: [5.14562116e-12]
27
iteration 2100
Best Fitness: [1.29312711e-14]
27
iteration 2200
Best Fitness: [3.15252345e-17]
27
iteration 2300
Best Fitness: [1.01550439e-19]
27
iteration 2400
Best Fitness: [6.00709627e-25]
81
iteration 2500
Best Fitness: [1.96705075e-28]
81
iteration 2600
Best Fitness: [4.49856997e-32]
81
iteration 2700
Best Fitness: [1.14276078e-35]
81
iteration 2800
Best Fitness: [5.15012721e-39]
81
iteration 2900
Best Fitness: [2.2502224e-44]
100
iteration 2999
Best Fitness: [1.90057746e-49]
100
[array([1.22953061e-49]), array([2.90387739e-50]), array([8.96330603e-50]), array([1.93904521e-49]), array([1.3821229e-49]), array([8.51098148e-50]), array([3.72509049e-50]), array([1.01018493e-49]), array([9.95135975e-50]), array([1.90057746e-49])]
