iteration 0
Best Fitness: [2.06162798e+12]
1
iteration 100
Best Fitness: [2.1222553e+09]
9
iteration 200
Best Fitness: [6191153.03393691]
9
iteration 300
Best Fitness: [23113.31908663]
9
iteration 400
Best Fitness: [47.32657405]
13
iteration 500
Best Fitness: [1.70423473e-08]
100
iteration 600
Best Fitness: [8.2799442e-20]
100
iteration 700
Best Fitness: [4.4737395e-30]
100
iteration 800
Best Fitness: [5.7812139e-40]
100
iteration 900
Best Fitness: [9.23254332e-50]
100
iteration 1000
Best Fitness: [2.45946595e-60]
100
iteration 1100
Best Fitness: [4.78383248e-69]
100
iteration 1200
Best Fitness: [2.50482128e-79]
100
iteration 1300
Best Fitness: [2.35495512e-89]
100
iteration 1400
Best Fitness: [1.07260039e-98]
100
iteration 1500
Best Fitness: [7.90751335e-108]
100
iteration 1600
Best Fitness: [5.98856066e-117]
100
iteration 1700
Best Fitness: [2.67760179e-124]
100
iteration 1800
Best Fitness: [6.72765829e-135]
100
iteration 1900
Best Fitness: [2.09068406e-143]
100
iteration 2000
Best Fitness: [2.68511884e-152]
100
iteration 2100
Best Fitness: [5.21132431e-161]
100
iteration 2200
Best Fitness: [9.6227329e-172]
100
iteration 2300
Best Fitness: [7.90274945e-180]
100
iteration 2400
Best Fitness: [1.39007679e-189]
100
iteration 2500
Best Fitness: [3.98341843e-200]
100
iteration 2600
Best Fitness: [8.02102637e-207]
100
iteration 2700
Best Fitness: [2.24288085e-217]
100
iteration 2800
Best Fitness: [6.53292199e-227]
100
iteration 2900
Best Fitness: [1.38920879e-236]
100
iteration 2999
Best Fitness: [1.08484283e-245]
100
iteration 0
Best Fitness: [2.29022951e+12]
1
iteration 100
Best Fitness: [7.99710224e+10]
7
iteration 200
Best Fitness: [8.24563366e+09]
11
iteration 300
Best Fitness: [6.18932412e+08]
18
iteration 400
Best Fitness: [76793403.1246158]
31
iteration 500
Best Fitness: [11134815.86598827]
40
iteration 600
Best Fitness: [2659.06131953]
73
iteration 700
Best Fitness: [6.02148591e-11]
100
iteration 800
Best Fitness: [3.66770919e-21]
100
iteration 900
Best Fitness: [3.75134788e-32]
100
iteration 1000
Best Fitness: [1.98258442e-41]
100
iteration 1100
Best Fitness: [1.22027856e-51]
100
iteration 1200
Best Fitness: [5.58934584e-61]
100
iteration 1300
Best Fitness: [5.76293971e-71]
100
iteration 1400
Best Fitness: [2.2858079e-80]
100
iteration 1500
Best Fitness: [1.97008244e-88]
100
iteration 1600
Best Fitness: [6.65487763e-97]
100
iteration 1700
Best Fitness: [4.40377087e-109]
100
iteration 1800
Best Fitness: [4.81871615e-119]
100
iteration 1900
Best Fitness: [7.94358273e-129]
100
iteration 2000
Best Fitness: [6.06242413e-137]
100
iteration 2100
Best Fitness: [9.11364559e-145]
100
iteration 2200
Best Fitness: [1.78468605e-154]
100
iteration 2300
Best Fitness: [7.81102602e-166]
100
iteration 2400
Best Fitness: [5.19635809e-177]
100
iteration 2500
Best Fitness: [2.81574234e-184]
100
iteration 2600
Best Fitness: [9.91814684e-193]
100
iteration 2700
Best Fitness: [4.92824179e-204]
100
iteration 2800
Best Fitness: [1.40371147e-214]
100
iteration 2900
Best Fitness: [1.74138412e-221]
100
iteration 2999
Best Fitness: [5.30235893e-231]
100
iteration 0
Best Fitness: [2.17765618e+12]
1
iteration 100
Best Fitness: [6.37078035e+10]
5
iteration 200
Best Fitness: [1.11456688e+08]
11
iteration 300
Best Fitness: [395354.18623032]
11
iteration 400
Best Fitness: [1091.3067863]
13
iteration 500
Best Fitness: [4.72094823]
25
iteration 600
Best Fitness: [4.39589573e-13]
100
iteration 700
Best Fitness: [3.21149604e-24]
100
iteration 800
Best Fitness: [1.66893227e-34]
100
iteration 900
Best Fitness: [1.31626266e-43]
100
iteration 1000
Best Fitness: [3.28753397e-54]
100
iteration 1100
Best Fitness: [7.26874289e-64]
100
iteration 1200
Best Fitness: [2.33624094e-74]
100
iteration 1300
Best Fitness: [4.98567842e-84]
100
iteration 1400
Best Fitness: [1.34252503e-93]
100
iteration 1500
Best Fitness: [4.62959913e-102]
100
iteration 1600
Best Fitness: [2.97159119e-112]
100
iteration 1700
Best Fitness: [1.21464467e-120]
100
iteration 1800
Best Fitness: [6.27822915e-131]
100
iteration 1900
Best Fitness: [2.04282551e-139]
100
iteration 2000
Best Fitness: [9.20253272e-148]
100
iteration 2100
Best Fitness: [6.28135806e-158]
100
iteration 2200
Best Fitness: [1.8872776e-166]
100
iteration 2300
Best Fitness: [1.28020042e-175]
100
iteration 2400
Best Fitness: [4.6075152e-183]
100
iteration 2500
Best Fitness: [1.01689689e-192]
100
iteration 2600
Best Fitness: [2.36499309e-202]
100
iteration 2700
Best Fitness: [5.50859184e-209]
100
iteration 2800
Best Fitness: [3.63704159e-217]
100
iteration 2900
Best Fitness: [6.43964789e-227]
100
iteration 2999
Best Fitness: [9.70358456e-238]
100
iteration 0
Best Fitness: [2.12437429e+12]
1
iteration 100
Best Fitness: [2.44487567e+10]
7
iteration 200
Best Fitness: [3.49501413e+09]
7
iteration 300
Best Fitness: [3.58646881e+08]
7
iteration 400
Best Fitness: [65657556.33686055]
7
iteration 500
Best Fitness: [1640955.63301891]
11
iteration 600
Best Fitness: [0.47063719]
96
iteration 700
Best Fitness: [3.76875938e-15]
100
iteration 800
Best Fitness: [1.1780118e-25]
100
iteration 900
Best Fitness: [4.34765042e-36]
100
iteration 1000
Best Fitness: [5.15990866e-46]
100
iteration 1100
Best Fitness: [1.54838518e-56]
100
iteration 1200
Best Fitness: [9.6544309e-66]
100
iteration 1300
Best Fitness: [3.9261134e-76]
100
iteration 1400
Best Fitness: [5.46260755e-85]
100
iteration 1500
Best Fitness: [1.30884128e-94]
100
iteration 1600
Best Fitness: [4.75281239e-104]
100
iteration 1700
Best Fitness: [9.49756641e-114]
100
iteration 1800
Best Fitness: [3.58006652e-123]
100
iteration 1900
Best Fitness: [2.29671241e-131]
100
iteration 2000
Best Fitness: [5.27099886e-141]
100
iteration 2100
Best Fitness: [7.185174e-151]
100
iteration 2200
Best Fitness: [2.27123834e-158]
100
iteration 2300
Best Fitness: [3.08510204e-167]
100
iteration 2400
Best Fitness: [4.37103495e-179]
100
iteration 2500
Best Fitness: [2.9791786e-189]
100
iteration 2600
Best Fitness: [4.36200125e-200]
100
iteration 2700
Best Fitness: [1.83954565e-207]
100
iteration 2800
Best Fitness: [2.14511751e-216]
100
iteration 2900
Best Fitness: [1.51427215e-223]
100
iteration 2999
Best Fitness: [1.8852865e-233]
100
iteration 0
Best Fitness: [2.12373741e+12]
1
iteration 100
Best Fitness: [5.08403407e+10]
9
iteration 200
Best Fitness: [3.32949413e+09]
9
iteration 300
Best Fitness: [3.00320575e+08]
11
iteration 400
Best Fitness: [44837694.08930119]
13
iteration 500
Best Fitness: [196058.21031811]
59
iteration 600
Best Fitness: [14.83041039]
76
iteration 700
Best Fitness: [4.64032161e-15]
100
iteration 800
Best Fitness: [1.87689028e-24]
100
iteration 900
Best Fitness: [1.53529223e-36]
100
iteration 1000
Best Fitness: [3.00981157e-46]
100
iteration 1100
Best Fitness: [3.07174382e-56]
100
iteration 1200
Best Fitness: [1.33778275e-64]
100
iteration 1300
Best Fitness: [1.92548139e-75]
100
iteration 1400
Best Fitness: [1.42421229e-84]
100
iteration 1500
Best Fitness: [9.51108581e-95]
100
iteration 1600
Best Fitness: [2.90903239e-105]
100
iteration 1700
Best Fitness: [2.31971253e-113]
100
iteration 1800
Best Fitness: [8.05909062e-124]
100
iteration 1900
Best Fitness: [3.67443525e-131]
100
iteration 2000
Best Fitness: [1.29352469e-141]
100
iteration 2100
Best Fitness: [2.2810049e-152]
100
iteration 2200
Best Fitness: [3.94681817e-161]
100
iteration 2300
Best Fitness: [2.78502969e-170]
100
iteration 2400
Best Fitness: [1.43367103e-179]
100
iteration 2500
Best Fitness: [1.02561887e-188]
100
iteration 2600
Best Fitness: [3.91087514e-199]
100
iteration 2700
Best Fitness: [1.75902761e-206]
100
iteration 2800
Best Fitness: [1.0010649e-217]
100
iteration 2900
Best Fitness: [5.4588228e-223]
100
iteration 2999
Best Fitness: [9.20076141e-232]
100
iteration 0
Best Fitness: [1.9742595e+12]
1
iteration 100
Best Fitness: [4.23423574e+10]
7
iteration 200
Best Fitness: [4.24669715e+09]
7
iteration 300
Best Fitness: [3.72346593e+08]
7
iteration 400
Best Fitness: [54261889.31299857]
7
iteration 500
Best Fitness: [507511.96572126]
21
iteration 600
Best Fitness: [0.00371821]
79
iteration 700
Best Fitness: [1.22979783e-15]
100
iteration 800
Best Fitness: [5.30058071e-27]
100
iteration 900
Best Fitness: [1.56832826e-36]
100
iteration 1000
Best Fitness: [6.21565535e-47]
100
iteration 1100
Best Fitness: [5.83253221e-56]
100
iteration 1200
Best Fitness: [2.86833701e-65]
100
iteration 1300
Best Fitness: [3.81959232e-75]
100
iteration 1400
Best Fitness: [4.48474735e-86]
100
iteration 1500
Best Fitness: [1.57674251e-96]
100
iteration 1600
Best Fitness: [4.07244368e-104]
100
iteration 1700
Best Fitness: [1.22716466e-113]
100
iteration 1800
Best Fitness: [9.20078666e-124]
100
iteration 1900
Best Fitness: [1.16241106e-132]
100
iteration 2000
Best Fitness: [2.50893256e-140]
100
iteration 2100
Best Fitness: [5.01249788e-149]
100
iteration 2200
Best Fitness: [2.99393663e-158]
100
iteration 2300
Best Fitness: [3.33790541e-171]
100
iteration 2400
Best Fitness: [4.14950425e-180]
100
iteration 2500
Best Fitness: [5.18318624e-187]
100
iteration 2600
Best Fitness: [5.71482712e-197]
100
iteration 2700
Best Fitness: [1.75477931e-205]
100
iteration 2800
Best Fitness: [1.86192495e-214]
100
iteration 2900
Best Fitness: [2.49978224e-225]
100
iteration 2999
Best Fitness: [4.71684088e-233]
100
iteration 0
Best Fitness: [2.19603323e+12]
1
iteration 100
Best Fitness: [3.71817109e+10]
7
iteration 200
Best Fitness: [3.98241307e+09]
13
iteration 300
Best Fitness: [5.74111353e+08]
27
iteration 400
Best Fitness: [33098237.26307198]
68
iteration 500
Best Fitness: [30883.70893749]
73
iteration 600
Best Fitness: [1.02707049e-07]
100
iteration 700
Best Fitness: [4.96841608e-19]
100
iteration 800
Best Fitness: [8.56139291e-30]
100
iteration 900
Best Fitness: [1.1999905e-39]
100
iteration 1000
Best Fitness: [1.16694522e-48]
100
iteration 1100
Best Fitness: [8.54292293e-59]
100
iteration 1200
Best Fitness: [6.30175981e-68]
100
iteration 1300
Best Fitness: [5.89731352e-77]
100
iteration 1400
Best Fitness: [5.55864815e-88]
100
iteration 1500
Best Fitness: [2.30393695e-97]
100
iteration 1600
Best Fitness: [9.03140509e-106]
100
iteration 1700
Best Fitness: [3.75275997e-115]
100
iteration 1800
Best Fitness: [3.49065479e-123]
100
iteration 1900
Best Fitness: [2.37114002e-133]
100
iteration 2000
Best Fitness: [4.20876414e-144]
100
iteration 2100
Best Fitness: [2.11876707e-152]
100
iteration 2200
Best Fitness: [7.47225654e-164]
100
iteration 2300
Best Fitness: [1.66333109e-168]
100
iteration 2400
Best Fitness: [1.27375142e-178]
100
iteration 2500
Best Fitness: [3.90061646e-186]
100
iteration 2600
Best Fitness: [2.46385581e-197]
100
iteration 2700
Best Fitness: [1.31661867e-203]
100
iteration 2800
Best Fitness: [1.26641133e-209]
100
iteration 2900
Best Fitness: [1.46950457e-219]
100
iteration 2999
Best Fitness: [1.18343284e-231]
100
iteration 0
Best Fitness: [2.17530761e+12]
1
iteration 100
Best Fitness: [8.06675115e+10]
9
iteration 200
Best Fitness: [7.28515856e+09]
9
iteration 300
Best Fitness: [5.23234514e+08]
29
iteration 400
Best Fitness: [61285861.96548763]
29
iteration 500
Best Fitness: [8845.50810541]
73
iteration 600
Best Fitness: [1.90714708e-08]
100
iteration 700
Best Fitness: [2.91181363e-19]
100
iteration 800
Best Fitness: [2.44108765e-28]
100
iteration 900
Best Fitness: [1.70304162e-39]
100
iteration 1000
Best Fitness: [6.03023382e-50]
100
iteration 1100
Best Fitness: [8.04826352e-59]
100
iteration 1200
Best Fitness: [1.05610479e-69]
100
iteration 1300
Best Fitness: [3.83707276e-79]
100
iteration 1400
Best Fitness: [2.86776134e-89]
100
iteration 1500
Best Fitness: [1.36937753e-99]
100
iteration 1600
Best Fitness: [3.10119745e-106]
100
iteration 1700
Best Fitness: [1.52760936e-116]
100
iteration 1800
Best Fitness: [6.76308924e-126]
100
iteration 1900
Best Fitness: [2.4496033e-136]
100
iteration 2000
Best Fitness: [3.74929581e-146]
100
iteration 2100
Best Fitness: [7.77341914e-155]
100
iteration 2200
Best Fitness: [2.43632708e-163]
100
iteration 2300
Best Fitness: [1.02241698e-170]
100
iteration 2400
Best Fitness: [4.29969627e-182]
100
iteration 2500
Best Fitness: [1.03987461e-190]
100
iteration 2600
Best Fitness: [3.94489161e-201]
100
iteration 2700
Best Fitness: [2.69397669e-209]
100
iteration 2800
Best Fitness: [1.63929396e-218]
100
iteration 2900
Best Fitness: [1.70152674e-223]
100
iteration 2999
Best Fitness: [7.6086587e-233]
100
iteration 0
Best Fitness: [2.23740454e+12]
1
iteration 100
Best Fitness: [3.21625713e+10]
9
iteration 200
Best Fitness: [2.54134521e+09]
9
iteration 300
Best Fitness: [5.10937507e+08]
9
iteration 400
Best Fitness: [96678283.24525063]
9
iteration 500
Best Fitness: [100869.01830261]
25
iteration 600
Best Fitness: [6.66744214]
91
iteration 700
Best Fitness: [2.54754883e-14]
100
iteration 800
Best Fitness: [1.83879524e-25]
100
iteration 900
Best Fitness: [1.18435636e-34]
100
iteration 1000
Best Fitness: [1.28017303e-44]
100
iteration 1100
Best Fitness: [3.49652914e-55]
100
iteration 1200
Best Fitness: [1.00778655e-65]
100
iteration 1300
Best Fitness: [3.87493441e-75]
100
iteration 1400
Best Fitness: [6.48249048e-84]
100
iteration 1500
Best Fitness: [9.31816295e-93]
100
iteration 1600
Best Fitness: [2.28370075e-101]
100
iteration 1700
Best Fitness: [6.74415638e-112]
100
iteration 1800
Best Fitness: [2.30062106e-121]
100
iteration 1900
Best Fitness: [6.22922529e-130]
100
iteration 2000
Best Fitness: [5.7900951e-139]
100
iteration 2100
Best Fitness: [1.5328038e-148]
100
iteration 2200
Best Fitness: [3.57447048e-161]
100
iteration 2300
Best Fitness: [1.61247347e-167]
100
iteration 2400
Best Fitness: [7.12903631e-179]
100
iteration 2500
Best Fitness: [4.80108798e-190]
100
iteration 2600
Best Fitness: [2.28358274e-199]
100
iteration 2700
Best Fitness: [1.08119095e-208]
100
iteration 2800
Best Fitness: [2.27823033e-216]
100
iteration 2900
Best Fitness: [1.43640949e-224]
100
iteration 2999
Best Fitness: [1.68433671e-234]
100
iteration 0
Best Fitness: [2.34387129e+12]
1
iteration 100
Best Fitness: [7.35552745e+10]
5
iteration 200
Best Fitness: [1.03452209e+10]
9
iteration 300
Best Fitness: [5.92684785e+08]
21
iteration 400
Best Fitness: [2337105.52058188]
42
iteration 500
Best Fitness: [252.4851862]
69
iteration 600
Best Fitness: [4.92707573e-11]
100
iteration 700
Best Fitness: [2.47681958e-20]
100
iteration 800
Best Fitness: [6.42586899e-31]
100
iteration 900
Best Fitness: [1.77229211e-42]
100
iteration 1000
Best Fitness: [1.2982315e-51]
100
iteration 1100
Best Fitness: [1.36051882e-62]
100
iteration 1200
Best Fitness: [2.31197708e-70]
100
iteration 1300
Best Fitness: [1.56993968e-79]
100
iteration 1400
Best Fitness: [2.45741157e-89]
100
iteration 1500
Best Fitness: [8.94510583e-99]
100
iteration 1600
Best Fitness: [5.69437924e-108]
100
iteration 1700
Best Fitness: [1.85207013e-117]
100
iteration 1800
Best Fitness: [1.28341898e-127]
100
iteration 1900
Best Fitness: [1.13817997e-137]
100
iteration 2000
Best Fitness: [1.01888713e-144]
100
iteration 2100
Best Fitness: [3.7175717e-154]
100
iteration 2200
Best Fitness: [3.40624534e-163]
100
iteration 2300
Best Fitness: [7.93848239e-171]
100
iteration 2400
Best Fitness: [2.11034004e-181]
100
iteration 2500
Best Fitness: [8.14400815e-191]
100
iteration 2600
Best Fitness: [4.56365968e-202]
100
iteration 2700
Best Fitness: [5.09090674e-212]
100
iteration 2800
Best Fitness: [7.25873231e-219]
100
iteration 2900
Best Fitness: [5.07560251e-228]
100
iteration 2999
Best Fitness: [1.84901434e-236]
100
[array([1.08484283e-245]), array([5.30235893e-231]), array([9.70358456e-238]), array([1.8852865e-233]), array([9.20076141e-232]), array([4.71684088e-233]), array([1.18343284e-231]), array([7.6086587e-233]), array([1.68433671e-234]), array([1.84901434e-236])]
iteration 0
Best Fitness: [1.53207902e+168]
1
iteration 100
Best Fitness: [8.63519071e+17]
77
iteration 200
Best Fitness: [6.75786584e-06]
100
iteration 300
Best Fitness: [4.69417965e-12]
100
iteration 400
Best Fitness: [2.38931987e-16]
100
iteration 500
Best Fitness: [1.29674301e-22]
100
iteration 600
Best Fitness: [2.15279687e-28]
100
iteration 700
Best Fitness: [8.37801215e-35]
100
iteration 800
Best Fitness: [1.85924694e-39]
100
iteration 900
Best Fitness: [8.7509401e-44]
100
iteration 1000
Best Fitness: [1.93742966e-49]
100
iteration 1100
Best Fitness: [5.09072768e-54]
100
iteration 1200
Best Fitness: [1.81397113e-60]
100
iteration 1300
Best Fitness: [5.93986139e-66]
100
iteration 1400
Best Fitness: [4.93709336e-69]
100
iteration 1500
Best Fitness: [1.52552717e-74]
100
iteration 1600
Best Fitness: [1.58201744e-78]
100
iteration 1700
Best Fitness: [1.41263475e-82]
100
iteration 1800
Best Fitness: [1.68976248e-87]
100
iteration 1900
Best Fitness: [3.95703643e-93]
100
iteration 2000
Best Fitness: [9.33122049e-99]
100
iteration 2100
Best Fitness: [2.00818866e-101]
100
iteration 2200
Best Fitness: [3.95442587e-107]
100
iteration 2300
Best Fitness: [2.06016825e-111]
100
iteration 2400
Best Fitness: [5.27879878e-112]
100
iteration 2500
Best Fitness: [1.1446584e-115]
100
iteration 2600
Best Fitness: [5.72099099e-120]
100
iteration 2700
Best Fitness: [1.0442942e-123]
100
iteration 2800
Best Fitness: [1.73425691e-127]
100
iteration 2900
Best Fitness: [1.91257096e-134]
100
iteration 2999
Best Fitness: [1.03519435e-139]
100
iteration 0
Best Fitness: [1.20788779e+171]
1
iteration 100
Best Fitness: [29757.07496519]
49
iteration 200
Best Fitness: [1.48214368e-06]
100
iteration 300
Best Fitness: [8.08257244e-13]
100
iteration 400
Best Fitness: [2.56683716e-18]
100
iteration 500
Best Fitness: [1.8710962e-23]
100
iteration 600
Best Fitness: [7.10660462e-28]
100
iteration 700
Best Fitness: [2.4083499e-33]
100
iteration 800
Best Fitness: [6.85701211e-40]
100
iteration 900
Best Fitness: [1.02254122e-44]
100
iteration 1000
Best Fitness: [1.16887143e-48]
100
iteration 1100
Best Fitness: [1.29029507e-53]
100
iteration 1200
Best Fitness: [1.28560666e-60]
100
iteration 1300
Best Fitness: [2.29282776e-65]
100
iteration 1400
Best Fitness: [4.588395e-74]
100
iteration 1500
Best Fitness: [7.99879792e-76]
100
iteration 1600
Best Fitness: [4.75202815e-80]
100
iteration 1700
Best Fitness: [4.91502166e-85]
100
iteration 1800
Best Fitness: [5.07800943e-89]
100
iteration 1900
Best Fitness: [3.23795885e-93]
100
iteration 2000
Best Fitness: [4.10247047e-99]
100
iteration 2100
Best Fitness: [2.39661919e-102]
100
iteration 2200
Best Fitness: [1.51941988e-105]
100
iteration 2300
Best Fitness: [7.70907973e-111]
100
iteration 2400
Best Fitness: [4.69792399e-113]
100
iteration 2500
Best Fitness: [6.74120147e-119]
100
iteration 2600
Best Fitness: [8.0061268e-125]
100
iteration 2700
Best Fitness: [2.83493814e-130]
100
iteration 2800
Best Fitness: [3.80240349e-134]
100
iteration 2900
Best Fitness: [1.80389103e-139]
100
iteration 2999
Best Fitness: [8.14693615e-144]
100
iteration 0
Best Fitness: [1.41508361e+169]
1
iteration 100
Best Fitness: [67132530.2790431]
89
iteration 200
Best Fitness: [5.3595585e-08]
100
iteration 300
Best Fitness: [2.71114646e-14]
100
iteration 400
Best Fitness: [5.37856228e-20]
100
iteration 500
Best Fitness: [2.19138287e-24]
100
iteration 600
Best Fitness: [4.82672757e-30]
100
iteration 700
Best Fitness: [2.95769332e-36]
100
iteration 800
Best Fitness: [1.66252686e-41]
100
iteration 900
Best Fitness: [2.20284433e-47]
100
iteration 1000
Best Fitness: [8.71733916e-51]
100
iteration 1100
Best Fitness: [4.16230694e-54]
100
iteration 1200
Best Fitness: [5.85168367e-61]
100
iteration 1300
Best Fitness: [1.94945812e-64]
100
iteration 1400
Best Fitness: [6.63774465e-69]
100
iteration 1500
Best Fitness: [3.65253153e-72]
100
iteration 1600
Best Fitness: [3.4132177e-78]
100
iteration 1700
Best Fitness: [1.51855925e-83]
100
iteration 1800
Best Fitness: [4.86154227e-87]
100
iteration 1900
Best Fitness: [2.83014377e-93]
100
iteration 2000
Best Fitness: [7.55473256e-96]
100
iteration 2100
Best Fitness: [6.20184527e-102]
100
iteration 2200
Best Fitness: [4.84856318e-107]
100
iteration 2300
Best Fitness: [1.18027129e-109]
100
iteration 2400
Best Fitness: [1.02125757e-114]
100
iteration 2500
Best Fitness: [1.60927162e-120]
100
iteration 2600
Best Fitness: [2.57738279e-125]
100
iteration 2700
Best Fitness: [9.79755209e-130]
100
iteration 2800
Best Fitness: [2.02230554e-135]
100
iteration 2900
Best Fitness: [1.01970291e-138]
100
iteration 2999
Best Fitness: [2.32056805e-144]
100
iteration 0
Best Fitness: [1.68521222e+170]
1
iteration 100
Best Fitness: [5.73594581]
81
iteration 200
Best Fitness: [9.60666423e-09]
100
iteration 300
Best Fitness: [4.00815019e-15]
100
iteration 400
Best Fitness: [2.95284614e-18]
100
iteration 500
Best Fitness: [4.07278522e-24]
100
iteration 600
Best Fitness: [7.74814711e-29]
100
iteration 700
Best Fitness: [5.96292362e-33]
100
iteration 800
Best Fitness: [2.49764423e-39]
100
iteration 900
Best Fitness: [1.45162023e-43]
100
iteration 1000
Best Fitness: [7.06625845e-49]
100
iteration 1100
Best Fitness: [3.52459026e-54]
100
iteration 1200
Best Fitness: [1.07374182e-58]
100
iteration 1300
Best Fitness: [4.28161811e-63]
100
iteration 1400
Best Fitness: [1.60713731e-67]
100
iteration 1500
Best Fitness: [1.09616873e-71]
100
iteration 1600
Best Fitness: [8.27969736e-78]
100
iteration 1700
Best Fitness: [2.89836762e-81]
100
iteration 1800
Best Fitness: [5.09172498e-86]
100
iteration 1900
Best Fitness: [1.02888478e-91]
100
iteration 2000
Best Fitness: [4.99988153e-96]
100
iteration 2100
Best Fitness: [9.1235981e-100]
100
iteration 2200
Best Fitness: [2.01266398e-104]
100
iteration 2300
Best Fitness: [1.6494441e-108]
100
iteration 2400
Best Fitness: [3.65451621e-113]
100
iteration 2500
Best Fitness: [2.01812503e-118]
100
iteration 2600
Best Fitness: [2.24484183e-124]
100
iteration 2700
Best Fitness: [3.59070429e-128]
100
iteration 2800
Best Fitness: [9.90688053e-132]
100
iteration 2900
Best Fitness: [1.97774216e-136]
100
iteration 2999
Best Fitness: [4.74621776e-142]
100
iteration 0
Best Fitness: [6.92897669e+160]
1
iteration 100
Best Fitness: [0.73716802]
99
iteration 200
Best Fitness: [8.74474508e-08]
100
iteration 300
Best Fitness: [7.56035828e-14]
100
iteration 400
Best Fitness: [8.74799532e-20]
100
iteration 500
Best Fitness: [9.47075983e-26]
100
iteration 600
Best Fitness: [2.12743832e-29]
100
iteration 700
Best Fitness: [1.04648078e-34]
100
iteration 800
Best Fitness: [5.47139016e-39]
100
iteration 900
Best Fitness: [8.18011686e-43]
100
iteration 1000
Best Fitness: [4.5261389e-47]
100
iteration 1100
Best Fitness: [5.17868522e-52]
100
iteration 1200
Best Fitness: [1.28523271e-56]
100
iteration 1300
Best Fitness: [2.38288669e-63]
100
iteration 1400
Best Fitness: [5.26644929e-69]
100
iteration 1500
Best Fitness: [4.89924632e-73]
100
iteration 1600
Best Fitness: [1.81619332e-77]
100
iteration 1700
Best Fitness: [8.63568464e-83]
100
iteration 1800
Best Fitness: [3.96488247e-88]
100
iteration 1900
Best Fitness: [2.24384804e-92]
100
iteration 2000
Best Fitness: [7.95463324e-96]
100
iteration 2100
Best Fitness: [2.44105461e-100]
100
iteration 2200
Best Fitness: [1.80797196e-106]
100
iteration 2300
Best Fitness: [1.55464513e-110]
100
iteration 2400
Best Fitness: [4.69149679e-116]
100
iteration 2500
Best Fitness: [4.82863246e-120]
100
iteration 2600
Best Fitness: [9.60088479e-124]
100
iteration 2700
Best Fitness: [1.22194617e-128]
100
iteration 2800
Best Fitness: [2.34471514e-133]
100
iteration 2900
Best Fitness: [2.03872043e-139]
100
iteration 2999
Best Fitness: [1.10451194e-143]
100
iteration 0
Best Fitness: [1.32516842e+168]
1
iteration 100
Best Fitness: [4.31920092e+14]
67
iteration 200
Best Fitness: [3.39417231e-05]
100
iteration 300
Best Fitness: [4.35889669e-11]
100
iteration 400
Best Fitness: [6.8743999e-16]
100
iteration 500
Best Fitness: [1.77488543e-19]
100
iteration 600
Best Fitness: [6.81443879e-25]
100
iteration 700
Best Fitness: [1.29594007e-30]
100
iteration 800
Best Fitness: [1.73381246e-34]
100
iteration 900
Best Fitness: [8.67180849e-39]
100
iteration 1000
Best Fitness: [5.99346918e-44]
100
iteration 1100
Best Fitness: [9.52139595e-50]
100
iteration 1200
Best Fitness: [6.11538361e-55]
100
iteration 1300
Best Fitness: [1.74587663e-57]
100
iteration 1400
Best Fitness: [2.21048657e-62]
100
iteration 1500
Best Fitness: [7.8342989e-67]
100
iteration 1600
Best Fitness: [9.38761546e-71]
100
iteration 1700
Best Fitness: [3.35234272e-76]
100
iteration 1800
Best Fitness: [6.54158741e-83]
100
iteration 1900
Best Fitness: [3.06763577e-87]
100
iteration 2000
Best Fitness: [1.41119862e-90]
100
iteration 2100
Best Fitness: [3.16186153e-95]
100
iteration 2200
Best Fitness: [3.33870147e-101]
100
iteration 2300
Best Fitness: [6.29139999e-106]
100
iteration 2400
Best Fitness: [3.87525249e-110]
100
iteration 2500
Best Fitness: [2.24021714e-117]
100
iteration 2600
Best Fitness: [3.81342585e-121]
100
iteration 2700
Best Fitness: [3.44635842e-127]
100
iteration 2800
Best Fitness: [3.2835594e-130]
100
iteration 2900
Best Fitness: [1.1014906e-135]
100
iteration 2999
Best Fitness: [9.28589848e-141]
100
iteration 0
Best Fitness: [1.5895402e+168]
1
iteration 100
Best Fitness: [0.00267051]
100
iteration 200
Best Fitness: [1.797281e-09]
100
iteration 300
Best Fitness: [1.13483964e-12]
100
iteration 400
Best Fitness: [4.05318609e-19]
100
iteration 500
Best Fitness: [1.3411849e-23]
100
iteration 600
Best Fitness: [1.43489838e-29]
100
iteration 700
Best Fitness: [4.15915329e-35]
100
iteration 800
Best Fitness: [6.60272089e-40]
100
iteration 900
Best Fitness: [6.88032407e-45]
100
iteration 1000
Best Fitness: [3.79107221e-50]
100
iteration 1100
Best Fitness: [5.11874931e-54]
100
iteration 1200
Best Fitness: [4.59065901e-59]
100
iteration 1300
Best Fitness: [3.75842185e-63]
100
iteration 1400
Best Fitness: [8.4031262e-68]
100
iteration 1500
Best Fitness: [2.12524068e-72]
100
iteration 1600
Best Fitness: [2.16969618e-76]
100
iteration 1700
Best Fitness: [1.63588067e-80]
100
iteration 1800
Best Fitness: [8.46133401e-86]
100
iteration 1900
Best Fitness: [2.65877718e-91]
100
iteration 2000
Best Fitness: [2.50451482e-95]
100
iteration 2100
Best Fitness: [7.66725319e-101]
100
iteration 2200
Best Fitness: [1.01198652e-106]
100
iteration 2300
Best Fitness: [1.54435921e-110]
100
iteration 2400
Best Fitness: [4.87874036e-117]
100
iteration 2500
Best Fitness: [2.31323214e-121]
100
iteration 2600
Best Fitness: [1.29422146e-126]
100
iteration 2700
Best Fitness: [6.52726152e-133]
100
iteration 2800
Best Fitness: [4.23644443e-137]
100
iteration 2900
Best Fitness: [2.66426411e-143]
100
iteration 2999
Best Fitness: [3.86725074e-146]
100
iteration 0
Best Fitness: [1.34988981e+173]
1
iteration 100
Best Fitness: [1.35042456e+30]
67
iteration 200
Best Fitness: [3.98276843e-07]
100
iteration 300
Best Fitness: [2.49796466e-13]
100
iteration 400
Best Fitness: [2.1383096e-21]
100
iteration 500
Best Fitness: [1.64975489e-25]
100
iteration 600
Best Fitness: [1.87794039e-30]
100
iteration 700
Best Fitness: [8.58256469e-37]
100
iteration 800
Best Fitness: [1.3057507e-40]
100
iteration 900
Best Fitness: [3.07059875e-43]
100
iteration 1000
Best Fitness: [6.68071114e-48]
100
iteration 1100
Best Fitness: [1.02988943e-53]
100
iteration 1200
Best Fitness: [3.5865774e-58]
100
iteration 1300
Best Fitness: [1.51027367e-62]
100
iteration 1400
Best Fitness: [9.40919311e-69]
100
iteration 1500
Best Fitness: [1.33320855e-72]
100
iteration 1600
Best Fitness: [4.00398645e-75]
100
iteration 1700
Best Fitness: [1.24196806e-79]
100
iteration 1800
Best Fitness: [5.30570644e-84]
100
iteration 1900
Best Fitness: [1.02458907e-88]
100
iteration 2000
Best Fitness: [8.80930939e-92]
100
iteration 2100
Best Fitness: [9.90520937e-97]
100
iteration 2200
Best Fitness: [2.57364157e-104]
100
iteration 2300
Best Fitness: [1.01005464e-108]
100
iteration 2400
Best Fitness: [3.94085792e-114]
100
iteration 2500
Best Fitness: [6.02433983e-117]
100
iteration 2600
Best Fitness: [2.37589014e-120]
100
iteration 2700
Best Fitness: [7.61239312e-124]
100
iteration 2800
Best Fitness: [2.61497558e-129]
100
iteration 2900
Best Fitness: [1.67295982e-134]
100
iteration 2999
Best Fitness: [7.70130207e-140]
100
iteration 0
Best Fitness: [1.53168525e+174]
1
iteration 100
Best Fitness: [4.3107976e+14]
89
iteration 200
Best Fitness: [6.55576683e-08]
100
iteration 300
Best Fitness: [3.10555754e-14]
100
iteration 400
Best Fitness: [7.74294556e-20]
100
iteration 500
Best Fitness: [7.96144492e-23]
100
iteration 600
Best Fitness: [1.73594315e-27]
100
iteration 700
Best Fitness: [1.30771116e-33]
100
iteration 800
Best Fitness: [9.44544298e-38]
100
iteration 900
Best Fitness: [2.14236098e-45]
100
iteration 1000
Best Fitness: [6.5939497e-50]
100
iteration 1100
Best Fitness: [1.95766837e-53]
100
iteration 1200
Best Fitness: [9.51194954e-60]
100
iteration 1300
Best Fitness: [2.60452832e-65]
100
iteration 1400
Best Fitness: [6.99797073e-71]
100
iteration 1500
Best Fitness: [5.92399805e-74]
100
iteration 1600
Best Fitness: [7.61005467e-78]
100
iteration 1700
Best Fitness: [2.61347897e-82]
100
iteration 1800
Best Fitness: [1.14866513e-86]
100
iteration 1900
Best Fitness: [9.23008556e-91]
100
iteration 2000
Best Fitness: [5.23220276e-95]
100
iteration 2100
Best Fitness: [5.72447581e-99]
100
iteration 2200
Best Fitness: [1.7491751e-103]
100
iteration 2300
Best Fitness: [2.78080818e-106]
100
iteration 2400
Best Fitness: [1.66546635e-113]
100
iteration 2500
Best Fitness: [3.95976067e-117]
100
iteration 2600
Best Fitness: [1.82167834e-120]
100
iteration 2700
Best Fitness: [7.11061934e-124]
100
iteration 2800
Best Fitness: [5.10849568e-131]
100
iteration 2900
Best Fitness: [7.22440523e-134]
100
iteration 2999
Best Fitness: [5.81503147e-141]
100
iteration 0
Best Fitness: [4.84886513e+166]
1
iteration 100
Best Fitness: [0.06149735]
95
iteration 200
Best Fitness: [4.94099046e-09]
100
iteration 300
Best Fitness: [2.34115105e-14]
100
iteration 400
Best Fitness: [3.02764441e-19]
100
iteration 500
Best Fitness: [2.34475764e-25]
100
iteration 600
Best Fitness: [6.32352433e-29]
100
iteration 700
Best Fitness: [5.23563627e-34]
100
iteration 800
Best Fitness: [2.30453218e-41]
100
iteration 900
Best Fitness: [2.78740863e-46]
100
iteration 1000
Best Fitness: [6.85732101e-49]
100
iteration 1100
Best Fitness: [2.40265185e-56]
100
iteration 1200
Best Fitness: [3.49248387e-59]
100
iteration 1300
Best Fitness: [4.66921353e-65]
100
iteration 1400
Best Fitness: [1.54722496e-69]
100
iteration 1500
Best Fitness: [1.32436827e-74]
100
iteration 1600
Best Fitness: [2.07155995e-79]
100
iteration 1700
Best Fitness: [2.59187776e-82]
100
iteration 1800
Best Fitness: [1.6333927e-88]
100
iteration 1900
Best Fitness: [4.66199821e-93]
100
iteration 2000
Best Fitness: [1.81774307e-97]
100
iteration 2100
Best Fitness: [2.284107e-102]
100
iteration 2200
Best Fitness: [2.31851276e-107]
100
iteration 2300
Best Fitness: [2.20428416e-111]
100
iteration 2400
Best Fitness: [1.64678558e-114]
100
iteration 2500
Best Fitness: [2.84083921e-117]
100
iteration 2600
Best Fitness: [1.09097651e-121]
100
iteration 2700
Best Fitness: [4.19466217e-126]
100
iteration 2800
Best Fitness: [1.32558325e-131]
100
iteration 2900
Best Fitness: [6.8826189e-138]
100
iteration 2999
Best Fitness: [3.49470881e-143]
100
[array([1.03519435e-139]), array([8.14693615e-144]), array([2.32056805e-144]), array([4.74621776e-142]), array([1.10451194e-143]), array([9.28589848e-141]), array([3.86725074e-146]), array([7.70130207e-140]), array([5.81503147e-141]), array([3.49470881e-143])]
iteration 0
Best Fitness: [2.10117442e+08]
1
iteration 100
Best Fitness: [149763.71174356]
39
iteration 200
Best Fitness: [127726.13064679]
39
iteration 300
Best Fitness: [116384.00708736]
39
iteration 400
Best Fitness: [112094.65481575]
39
iteration 500
Best Fitness: [104654.37269487]
39
iteration 600
Best Fitness: [99006.91949075]
39
iteration 700
Best Fitness: [93960.36369173]
39
iteration 800
Best Fitness: [91049.27341072]
39
iteration 900
Best Fitness: [87922.25643144]
39
iteration 1000
Best Fitness: [84877.84078381]
39
iteration 1100
Best Fitness: [82240.15381277]
39
iteration 1200
Best Fitness: [79778.51583394]
39
iteration 1300
Best Fitness: [77186.10687573]
39
iteration 1400
Best Fitness: [74332.83439289]
39
iteration 1500
Best Fitness: [72343.80627254]
39
iteration 1600
Best Fitness: [70461.74377478]
39
iteration 1700
Best Fitness: [67777.50072168]
39
iteration 1800
Best Fitness: [66430.94074062]
39
iteration 1900
Best Fitness: [65115.81803091]
39
iteration 2000
Best Fitness: [63872.8186144]
39
iteration 2100
Best Fitness: [62665.59843712]
39
iteration 2200
Best Fitness: [61528.45679981]
39
iteration 2300
Best Fitness: [60329.91317267]
39
iteration 2400
Best Fitness: [59168.63312245]
39
iteration 2500
Best Fitness: [58138.47567752]
39
iteration 2600
Best Fitness: [57130.06900699]
39
iteration 2700
Best Fitness: [56299.84317514]
39
iteration 2800
Best Fitness: [55539.44303016]
39
iteration 2900
Best Fitness: [54755.79820948]
39
iteration 2999
Best Fitness: [54002.22264095]
39
iteration 0
Best Fitness: [1.23408239e+08]
1
iteration 100
Best Fitness: [225977.39158635]
27
iteration 200
Best Fitness: [201704.03141252]
27
iteration 300
Best Fitness: [193889.12848177]
27
iteration 400
Best Fitness: [184364.05741653]
27
iteration 500
Best Fitness: [174151.97358999]
27
iteration 600
Best Fitness: [170843.8545559]
27
iteration 700
Best Fitness: [168234.49759084]
27
iteration 800
Best Fitness: [159332.93732916]
27
iteration 900
Best Fitness: [154769.40540025]
27
iteration 1000
Best Fitness: [149814.31901909]
27
iteration 1100
Best Fitness: [144799.03791684]
27
iteration 1200
Best Fitness: [140503.3402851]
27
iteration 1300
Best Fitness: [132802.53897541]
27
iteration 1400
Best Fitness: [131619.75411742]
27
iteration 1500
Best Fitness: [127433.54507399]
27
iteration 1600
Best Fitness: [123217.39441373]
27
iteration 1700
Best Fitness: [120783.74543726]
27
iteration 1800
Best Fitness: [118608.85633004]
27
iteration 1900
Best Fitness: [117766.53551952]
27
iteration 2000
Best Fitness: [115155.75198858]
27
iteration 2100
Best Fitness: [113307.70383841]
27
iteration 2200
Best Fitness: [109903.19141219]
27
iteration 2300
Best Fitness: [108960.91576725]
27
iteration 2400
Best Fitness: [107250.2607618]
27
iteration 2500
Best Fitness: [104463.4120436]
27
iteration 2600
Best Fitness: [101620.15786373]
27
iteration 2700
Best Fitness: [100598.41967244]
27
iteration 2800
Best Fitness: [99201.64530876]
27
iteration 2900
Best Fitness: [97769.86192912]
27
iteration 2999
Best Fitness: [97017.43018959]
27
iteration 0
Best Fitness: [273107.0707531]
1
iteration 100
Best Fitness: [154799.76676919]
25
iteration 200
Best Fitness: [142103.89197844]
25
iteration 300
Best Fitness: [118340.29849259]
25
iteration 400
Best Fitness: [109311.24362924]
25
iteration 500
Best Fitness: [106561.50744382]
25
iteration 600
Best Fitness: [101517.93651484]
25
iteration 700
Best Fitness: [99836.71423868]
25
iteration 800
Best Fitness: [94531.21608784]
25
iteration 900
Best Fitness: [91485.73602269]
27
iteration 1000
Best Fitness: [88879.92977132]
27
iteration 1100
Best Fitness: [87512.11534523]
27
iteration 1200
Best Fitness: [86707.84780264]
27
iteration 1300
Best Fitness: [85419.44161576]
27
iteration 1400
Best Fitness: [82915.47779291]
27
iteration 1500
Best Fitness: [79805.6889175]
27
iteration 1600
Best Fitness: [78458.6912556]
27
iteration 1700
Best Fitness: [76945.4226657]
27
iteration 1800
Best Fitness: [72276.85750398]
27
iteration 1900
Best Fitness: [71233.39638609]
27
iteration 2000
Best Fitness: [70561.49590973]
27
iteration 2100
Best Fitness: [69100.82300401]
27
iteration 2200
Best Fitness: [67333.70057448]
27
iteration 2300
Best Fitness: [65824.3180323]
27
iteration 2400
Best Fitness: [65057.08449636]
27
iteration 2500
Best Fitness: [64049.84618703]
27
iteration 2600
Best Fitness: [63546.23381924]
27
iteration 2700
Best Fitness: [62761.25874038]
27
iteration 2800
Best Fitness: [61968.61454188]
27
iteration 2900
Best Fitness: [61408.15200546]
27
iteration 2999
Best Fitness: [60990.02024001]
27
iteration 0
Best Fitness: [4089199.02884751]
1
iteration 100
Best Fitness: [131408.15675791]
39
iteration 200
Best Fitness: [118798.50467224]
39
iteration 300
Best Fitness: [113202.40191741]
39
iteration 400
Best Fitness: [102226.84981516]
39
iteration 500
Best Fitness: [96479.96490787]
39
iteration 600
Best Fitness: [89418.46258132]
39
iteration 700
Best Fitness: [76123.5836475]
39
iteration 800
Best Fitness: [72896.67077684]
39
iteration 900
Best Fitness: [70567.2239409]
39
iteration 1000
Best Fitness: [67898.75420386]
39
iteration 1100
Best Fitness: [65782.98519757]
39
iteration 1200
Best Fitness: [63919.91393138]
39
iteration 1300
Best Fitness: [62201.14896307]
39
iteration 1400
Best Fitness: [60816.75378141]
39
iteration 1500
Best Fitness: [59233.27541294]
39
iteration 1600
Best Fitness: [57193.68779498]
39
iteration 1700
Best Fitness: [55364.72324932]
39
iteration 1800
Best Fitness: [53969.30710853]
39
iteration 1900
Best Fitness: [52393.45080857]
39
iteration 2000
Best Fitness: [50554.20195758]
39
iteration 2100
Best Fitness: [49017.11934764]
39
iteration 2200
Best Fitness: [47359.09649292]
39
iteration 2300
Best Fitness: [45984.34316665]
39
iteration 2400
Best Fitness: [44831.52653174]
39
iteration 2500
Best Fitness: [43802.12976715]
39
iteration 2600
Best Fitness: [42758.93387049]
39
iteration 2700
Best Fitness: [41850.93640722]
39
iteration 2800
Best Fitness: [40915.56508129]
39
iteration 2900
Best Fitness: [39745.36550284]
39
iteration 2999
Best Fitness: [38959.82524759]
39
iteration 0
Best Fitness: [2354996.54903004]
1
iteration 100
Best Fitness: [132041.48181901]
81
iteration 200
Best Fitness: [124091.04732186]
81
iteration 300
Best Fitness: [118311.77284015]
81
iteration 400
Best Fitness: [113483.61224321]
81
iteration 500
Best Fitness: [109267.36754087]
81
iteration 600
Best Fitness: [105600.15368755]
81
iteration 700
Best Fitness: [102487.61451014]
81
iteration 800
Best Fitness: [99635.2204216]
81
iteration 900
Best Fitness: [96644.47641853]
81
iteration 1000
Best Fitness: [94118.19383612]
81
iteration 1100
Best Fitness: [91856.17205679]
81
iteration 1200
Best Fitness: [89645.16150848]
81
iteration 1300
Best Fitness: [87556.26915097]
81
iteration 1400
Best Fitness: [85632.24127598]
81
iteration 1500
Best Fitness: [83767.07479281]
81
iteration 1600
Best Fitness: [82116.64749742]
81
iteration 1700
Best Fitness: [80632.60803201]
81
iteration 1800
Best Fitness: [79140.70127336]
81
iteration 1900
Best Fitness: [77762.79270603]
81
iteration 2000
Best Fitness: [76429.15757749]
81
iteration 2100
Best Fitness: [75070.1439407]
81
iteration 2200
Best Fitness: [73831.32649291]
81
iteration 2300
Best Fitness: [72631.64973724]
81
iteration 2400
Best Fitness: [71376.1814674]
81
iteration 2500
Best Fitness: [70200.71932042]
81
iteration 2600
Best Fitness: [69115.43930436]
81
iteration 2700
Best Fitness: [68099.73859829]
81
iteration 2800
Best Fitness: [67121.27918865]
81
iteration 2900
Best Fitness: [66180.34583902]
81
iteration 2999
Best Fitness: [65245.80617786]
81
iteration 0
Best Fitness: [8.9749558e+08]
1
iteration 100
Best Fitness: [173936.70855708]
53
iteration 200
Best Fitness: [155960.61183659]
53
iteration 300
Best Fitness: [150312.90902683]
53
iteration 400
Best Fitness: [140668.11554874]
53
iteration 500
Best Fitness: [133455.5517698]
53
iteration 600
Best Fitness: [128315.27799934]
53
iteration 700
Best Fitness: [123613.50837283]
53
iteration 800
Best Fitness: [118327.5403288]
53
iteration 900
Best Fitness: [114202.10520402]
53
iteration 1000
Best Fitness: [110211.09458941]
53
iteration 1100
Best Fitness: [106344.02409282]
53
iteration 1200
Best Fitness: [103042.67902451]
53
iteration 1300
Best Fitness: [99894.47505284]
53
iteration 1400
Best Fitness: [97395.44935676]
53
iteration 1500
Best Fitness: [94982.69871122]
53
iteration 1600
Best Fitness: [92638.06709437]
53
iteration 1700
Best Fitness: [90270.8614388]
53
iteration 1800
Best Fitness: [88225.47404207]
53
iteration 1900
Best Fitness: [86256.81650964]
53
iteration 2000
Best Fitness: [84384.72187646]
53
iteration 2100
Best Fitness: [82564.35553238]
53
iteration 2200
Best Fitness: [80790.44703342]
53
iteration 2300
Best Fitness: [79143.82303067]
53
iteration 2400
Best Fitness: [77564.37125229]
53
iteration 2500
Best Fitness: [76047.85149755]
53
iteration 2600
Best Fitness: [74607.17499858]
53
iteration 2700
Best Fitness: [73215.30050788]
53
iteration 2800
Best Fitness: [71889.28092594]
53
iteration 2900
Best Fitness: [70334.79817546]
53
iteration 2999
Best Fitness: [68760.30669824]
53
iteration 0
Best Fitness: [9.38160943e+08]
1
iteration 100
Best Fitness: [142155.25723536]
27
iteration 200
Best Fitness: [130043.15617724]
27
iteration 300
Best Fitness: [120925.91477495]
27
iteration 400
Best Fitness: [101524.97593436]
81
iteration 500
Best Fitness: [92176.03949945]
81
iteration 600
Best Fitness: [86197.00972368]
81
iteration 700
Best Fitness: [81341.53218632]
81
iteration 800
Best Fitness: [77522.02197502]
81
iteration 900
Best Fitness: [74280.05967166]
81
iteration 1000
Best Fitness: [71398.24935565]
81
iteration 1100
Best Fitness: [69042.38830156]
81
iteration 1200
Best Fitness: [66955.53046246]
81
iteration 1300
Best Fitness: [64888.5632914]
81
iteration 1400
Best Fitness: [62881.31921809]
81
iteration 1500
Best Fitness: [60865.69591359]
81
iteration 1600
Best Fitness: [58915.11413819]
81
iteration 1700
Best Fitness: [57086.54166051]
81
iteration 1800
Best Fitness: [55288.7670823]
81
iteration 1900
Best Fitness: [53520.62874343]
81
iteration 2000
Best Fitness: [51867.64752575]
81
iteration 2100
Best Fitness: [50285.2548225]
81
iteration 2200
Best Fitness: [48773.36539566]
81
iteration 2300
Best Fitness: [47363.75935225]
81
iteration 2400
Best Fitness: [46024.75898219]
81
iteration 2500
Best Fitness: [44745.91513938]
81
iteration 2600
Best Fitness: [43514.18110781]
81
iteration 2700
Best Fitness: [42365.95365452]
81
iteration 2800
Best Fitness: [41196.31024004]
81
iteration 2900
Best Fitness: [40071.36080378]
81
iteration 2999
Best Fitness: [38994.81190731]
81
iteration 0
Best Fitness: [4707988.65493766]
1
iteration 100
Best Fitness: [127949.87395027]
33
iteration 200
Best Fitness: [111379.89423854]
33
iteration 300
Best Fitness: [98924.54692488]
33
iteration 400
Best Fitness: [94390.77380227]
33
iteration 500
Best Fitness: [90713.59096725]
33
iteration 600
Best Fitness: [86628.28581521]
33
iteration 700
Best Fitness: [83940.80964053]
33
iteration 800
Best Fitness: [81337.04399397]
33
iteration 900
Best Fitness: [74670.27866067]
33
iteration 1000
Best Fitness: [71911.58432691]
33
iteration 1100
Best Fitness: [69977.8396993]
33
iteration 1200
Best Fitness: [68221.34937316]
33
iteration 1300
Best Fitness: [66110.68612524]
33
iteration 1400
Best Fitness: [64709.1964213]
33
iteration 1500
Best Fitness: [63381.52404026]
33
iteration 1600
Best Fitness: [61901.97547322]
33
iteration 1700
Best Fitness: [58809.70420472]
33
iteration 1800
Best Fitness: [57351.74040716]
33
iteration 1900
Best Fitness: [56007.29894855]
33
iteration 2000
Best Fitness: [54054.16942313]
33
iteration 2100
Best Fitness: [52611.94139199]
33
iteration 2200
Best Fitness: [51391.35612486]
33
iteration 2300
Best Fitness: [50075.62414866]
33
iteration 2400
Best Fitness: [48510.00346467]
33
iteration 2500
Best Fitness: [47004.18812512]
33
iteration 2600
Best Fitness: [45812.53833155]
33
iteration 2700
Best Fitness: [44628.41175142]
33
iteration 2800
Best Fitness: [43585.08857053]
33
iteration 2900
Best Fitness: [42568.65022556]
33
iteration 2999
Best Fitness: [41573.51307024]
33
iteration 0
Best Fitness: [481127.08937866]
1
iteration 100
Best Fitness: [195485.50903583]
51
iteration 200
Best Fitness: [181396.40060824]
51
iteration 300
Best Fitness: [167715.31633886]
51
iteration 400
Best Fitness: [153631.58540579]
51
iteration 500
Best Fitness: [138649.17168926]
51
iteration 600
Best Fitness: [132322.90315788]
51
iteration 700
Best Fitness: [128139.70713193]
51
iteration 800
Best Fitness: [120857.78848046]
51
iteration 900
Best Fitness: [116337.41438981]
51
iteration 1000
Best Fitness: [112293.72641094]
51
iteration 1100
Best Fitness: [106535.75663089]
51
iteration 1200
Best Fitness: [103954.5129049]
51
iteration 1300
Best Fitness: [99740.71130199]
51
iteration 1400
Best Fitness: [95061.74922339]
51
iteration 1500
Best Fitness: [90876.53998049]
51
iteration 1600
Best Fitness: [87614.89502564]
51
iteration 1700
Best Fitness: [85497.5092075]
51
iteration 1800
Best Fitness: [83324.6452884]
51
iteration 1900
Best Fitness: [81055.20770533]
51
iteration 2000
Best Fitness: [78901.54267573]
51
iteration 2100
Best Fitness: [76998.20226317]
51
iteration 2200
Best Fitness: [73862.62798272]
51
iteration 2300
Best Fitness: [71773.00780765]
51
iteration 2400
Best Fitness: [69388.60090257]
51
iteration 2500
Best Fitness: [67753.8047739]
51
iteration 2600
Best Fitness: [65488.64164836]
51
iteration 2700
Best Fitness: [64101.18973232]
51
iteration 2800
Best Fitness: [62416.99176003]
51
iteration 2900
Best Fitness: [60673.03737214]
51
iteration 2999
Best Fitness: [59314.17479281]
51
iteration 0
Best Fitness: [793164.13954859]
1
iteration 100
Best Fitness: [182154.3384407]
27
iteration 200
Best Fitness: [170893.53030815]
27
iteration 300
Best Fitness: [152757.67667789]
27
iteration 400
Best Fitness: [137908.95680848]
27
iteration 500
Best Fitness: [132770.02778806]
27
iteration 600
Best Fitness: [126125.39809602]
27
iteration 700
Best Fitness: [121779.44545942]
27
iteration 800
Best Fitness: [118111.0306254]
27
iteration 900
Best Fitness: [114254.96715883]
27
iteration 1000
Best Fitness: [110841.16955624]
27
iteration 1100
Best Fitness: [108807.44820402]
27
iteration 1200
Best Fitness: [105662.37194564]
27
iteration 1300
Best Fitness: [102082.07456161]
27
iteration 1400
Best Fitness: [98813.29481867]
27
iteration 1500
Best Fitness: [96209.46334219]
27
iteration 1600
Best Fitness: [94940.33826242]
27
iteration 1700
Best Fitness: [93532.81114258]
27
iteration 1800
Best Fitness: [92599.34878113]
27
iteration 1900
Best Fitness: [91333.33753533]
27
iteration 2000
Best Fitness: [90378.09417921]
27
iteration 2100
Best Fitness: [89424.77518591]
27
iteration 2200
Best Fitness: [87285.18002354]
27
iteration 2300
Best Fitness: [85784.09400062]
27
iteration 2400
Best Fitness: [84115.04207603]
27
iteration 2500
Best Fitness: [82751.65806019]
27
iteration 2600
Best Fitness: [78838.37608344]
27
iteration 2700
Best Fitness: [77861.50608652]
27
iteration 2800
Best Fitness: [77079.31533124]
27
iteration 2900
Best Fitness: [76353.42000743]
27
iteration 2999
Best Fitness: [74956.27455774]
27
[array([54002.22264095]), array([97017.43018959]), array([60990.02024001]), array([38959.82524759]), array([65245.80617786]), array([68760.30669824]), array([38994.81190731]), array([41573.51307024]), array([59314.17479281]), array([74956.27455774])]
iteration 0
Best Fitness: [48974.53809128]
1
iteration 100
Best Fitness: [1263.35037929]
7
iteration 200
Best Fitness: [96.30759158]
19
iteration 300
Best Fitness: [91.16851392]
99
iteration 400
Best Fitness: [88.19687404]
99
iteration 500
Best Fitness: [85.23567992]
99
iteration 600
Best Fitness: [82.25946189]
99
iteration 700
Best Fitness: [79.2969695]
99
iteration 800
Best Fitness: [76.3210557]
99
iteration 900
Best Fitness: [73.34766132]
99
iteration 1000
Best Fitness: [70.38806879]
99
iteration 1100
Best Fitness: [67.42543209]
99
iteration 1200
Best Fitness: [64.45787835]
99
iteration 1300
Best Fitness: [61.50036368]
99
iteration 1400
Best Fitness: [58.53273168]
99
iteration 1500
Best Fitness: [55.56864737]
99
iteration 1600
Best Fitness: [52.59279972]
99
iteration 1700
Best Fitness: [49.62041385]
99
iteration 1800
Best Fitness: [46.66169573]
99
iteration 1900
Best Fitness: [43.69774931]
99
iteration 2000
Best Fitness: [40.72216574]
99
iteration 2100
Best Fitness: [37.75781745]
99
iteration 2200
Best Fitness: [34.80279616]
99
iteration 2300
Best Fitness: [31.83348683]
99
iteration 2400
Best Fitness: [28.86989076]
99
iteration 2500
Best Fitness: [25.9044474]
99
iteration 2600
Best Fitness: [22.93067256]
99
iteration 2700
Best Fitness: [19.96853563]
99
iteration 2800
Best Fitness: [17.00492715]
99
iteration 2900
Best Fitness: [14.03163461]
99
iteration 2999
Best Fitness: [11.09235979]
99
iteration 0
Best Fitness: [51719.75510861]
1
iteration 100
Best Fitness: [287.41320248]
17
iteration 200
Best Fitness: [94.0347097]
89
iteration 300
Best Fitness: [90.18882291]
89
iteration 400
Best Fitness: [86.30442303]
89
iteration 500
Best Fitness: [82.46626254]
89
iteration 600
Best Fitness: [78.57138963]
89
iteration 700
Best Fitness: [75.51539696]
89
iteration 800
Best Fitness: [71.71027937]
89
iteration 900
Best Fitness: [67.96206174]
89
iteration 1000
Best Fitness: [64.86435585]
89
iteration 1100
Best Fitness: [61.10789612]
89
iteration 1200
Best Fitness: [57.17562066]
89
iteration 1300
Best Fitness: [54.10823971]
89
iteration 1400
Best Fitness: [51.14114109]
89
iteration 1500
Best Fitness: [48.18173126]
89
iteration 1600
Best Fitness: [45.20840674]
89
iteration 1700
Best Fitness: [42.23321785]
89
iteration 1800
Best Fitness: [39.26090026]
89
iteration 1900
Best Fitness: [36.29580731]
89
iteration 2000
Best Fitness: [33.32909559]
89
iteration 2100
Best Fitness: [30.01957789]
89
iteration 2200
Best Fitness: [26.51632951]
89
iteration 2300
Best Fitness: [23.52618756]
89
iteration 2400
Best Fitness: [20.52290426]
89
iteration 2500
Best Fitness: [16.7514307]
89
iteration 2600
Best Fitness: [13.74699764]
89
iteration 2700
Best Fitness: [10.77474219]
89
iteration 2800
Best Fitness: [7.8067634]
89
iteration 2900
Best Fitness: [4.82461967]
89
iteration 2999
Best Fitness: [1.90188618]
89
iteration 0
Best Fitness: [59745.86682627]
1
iteration 100
Best Fitness: [591.05259934]
7
iteration 200
Best Fitness: [98.04311174]
73
iteration 300
Best Fitness: [91.02622354]
97
iteration 400
Best Fitness: [87.18640375]
97
iteration 500
Best Fitness: [84.05616634]
97
iteration 600
Best Fitness: [81.10067788]
97
iteration 700
Best Fitness: [78.14654696]
97
iteration 800
Best Fitness: [75.18792215]
97
iteration 900
Best Fitness: [72.21781171]
97
iteration 1000
Best Fitness: [69.25005236]
97
iteration 1100
Best Fitness: [66.28567236]
97
iteration 1200
Best Fitness: [63.32875834]
97
iteration 1300
Best Fitness: [60.35724516]
97
iteration 1400
Best Fitness: [57.39489427]
97
iteration 1500
Best Fitness: [54.43283679]
97
iteration 1600
Best Fitness: [51.46324039]
97
iteration 1700
Best Fitness: [48.4957611]
97
iteration 1800
Best Fitness: [45.53612452]
97
iteration 1900
Best Fitness: [42.57932685]
97
iteration 2000
Best Fitness: [39.61034225]
97
iteration 2100
Best Fitness: [36.64167827]
97
iteration 2200
Best Fitness: [33.67850927]
97
iteration 2300
Best Fitness: [30.71661591]
97
iteration 2400
Best Fitness: [27.74046115]
97
iteration 2500
Best Fitness: [24.77857539]
97
iteration 2600
Best Fitness: [21.80055581]
97
iteration 2700
Best Fitness: [18.82920398]
97
iteration 2800
Best Fitness: [15.85515847]
97
iteration 2900
Best Fitness: [12.87494645]
97
iteration 2999
Best Fitness: [9.94262696]
97
iteration 0
Best Fitness: [56495.85529638]
1
iteration 100
Best Fitness: [925.4173453]
5
iteration 200
Best Fitness: [222.24907466]
9
iteration 300
Best Fitness: [94.45744355]
73
iteration 400
Best Fitness: [90.34955684]
77
iteration 500
Best Fitness: [86.50979828]
77
iteration 600
Best Fitness: [83.28008972]
95
iteration 700
Best Fitness: [79.48555621]
95
iteration 800
Best Fitness: [76.24601328]
95
iteration 900
Best Fitness: [73.27342588]
95
iteration 1000
Best Fitness: [70.30224418]
95
iteration 1100
Best Fitness: [67.33642498]
95
iteration 1200
Best Fitness: [64.38227088]
95
iteration 1300
Best Fitness: [61.40905324]
95
iteration 1400
Best Fitness: [58.44941247]
95
iteration 1500
Best Fitness: [55.47989033]
95
iteration 1600
Best Fitness: [52.51709253]
95
iteration 1700
Best Fitness: [49.54310251]
95
iteration 1800
Best Fitness: [46.58420297]
95
iteration 1900
Best Fitness: [43.61512949]
95
iteration 2000
Best Fitness: [40.6563933]
95
iteration 2100
Best Fitness: [37.696939]
95
iteration 2200
Best Fitness: [34.74805708]
95
iteration 2300
Best Fitness: [31.78488652]
95
iteration 2400
Best Fitness: [28.81547461]
95
iteration 2500
Best Fitness: [25.84213238]
95
iteration 2600
Best Fitness: [22.87392375]
95
iteration 2700
Best Fitness: [19.90492161]
95
iteration 2800
Best Fitness: [16.9377425]
95
iteration 2900
Best Fitness: [13.96041438]
95
iteration 2999
Best Fitness: [11.01733001]
95
iteration 0
Best Fitness: [57954.73118633]
1
iteration 100
Best Fitness: [673.41883563]
9
iteration 200
Best Fitness: [175.12267096]
33
iteration 300
Best Fitness: [93.66159015]
100
iteration 400
Best Fitness: [90.69431998]
100
iteration 500
Best Fitness: [87.72229189]
100
iteration 600
Best Fitness: [84.76361037]
100
iteration 700
Best Fitness: [81.80376545]
100
iteration 800
Best Fitness: [78.81934149]
100
iteration 900
Best Fitness: [75.84849173]
100
iteration 1000
Best Fitness: [72.88722984]
100
iteration 1100
Best Fitness: [69.92553219]
100
iteration 1200
Best Fitness: [66.96167392]
100
iteration 1300
Best Fitness: [63.99734878]
100
iteration 1400
Best Fitness: [61.0275404]
100
iteration 1500
Best Fitness: [58.06274504]
100
iteration 1600
Best Fitness: [55.10113598]
100
iteration 1700
Best Fitness: [52.13636887]
100
iteration 1800
Best Fitness: [49.17110364]
100
iteration 1900
Best Fitness: [46.2122347]
100
iteration 2000
Best Fitness: [43.24501965]
100
iteration 2100
Best Fitness: [40.27486262]
100
iteration 2200
Best Fitness: [37.29919634]
100
iteration 2300
Best Fitness: [34.33508502]
100
iteration 2400
Best Fitness: [31.3688391]
100
iteration 2500
Best Fitness: [28.40488113]
100
iteration 2600
Best Fitness: [25.43373298]
100
iteration 2700
Best Fitness: [22.46236788]
100
iteration 2800
Best Fitness: [19.50499815]
100
iteration 2900
Best Fitness: [16.52769824]
100
iteration 2999
Best Fitness: [13.5839533]
100
iteration 0
Best Fitness: [60963.88729545]
1
iteration 100
Best Fitness: [569.596144]
7
iteration 200
Best Fitness: [218.27212096]
64
iteration 300
Best Fitness: [93.43406501]
94
iteration 400
Best Fitness: [90.44256767]
94
iteration 500
Best Fitness: [87.47177325]
94
iteration 600
Best Fitness: [84.49153644]
94
iteration 700
Best Fitness: [81.45934166]
94
iteration 800
Best Fitness: [77.73226189]
94
iteration 900
Best Fitness: [74.7766838]
94
iteration 1000
Best Fitness: [71.23781507]
97
iteration 1100
Best Fitness: [68.22444129]
97
iteration 1200
Best Fitness: [65.25284107]
97
iteration 1300
Best Fitness: [62.29852975]
97
iteration 1400
Best Fitness: [59.33955582]
97
iteration 1500
Best Fitness: [56.37321326]
97
iteration 1600
Best Fitness: [53.4076356]
97
iteration 1700
Best Fitness: [50.44435076]
97
iteration 1800
Best Fitness: [47.48353658]
97
iteration 1900
Best Fitness: [44.52117031]
97
iteration 2000
Best Fitness: [41.56204624]
97
iteration 2100
Best Fitness: [38.59184876]
97
iteration 2200
Best Fitness: [35.63313644]
97
iteration 2300
Best Fitness: [32.6599939]
97
iteration 2400
Best Fitness: [29.69238576]
97
iteration 2500
Best Fitness: [26.72692257]
97
iteration 2600
Best Fitness: [23.76306165]
97
iteration 2700
Best Fitness: [20.78620977]
97
iteration 2800
Best Fitness: [17.81686753]
97
iteration 2900
Best Fitness: [14.85004775]
97
iteration 2999
Best Fitness: [11.92113526]
97
iteration 0
Best Fitness: [55851.30872037]
1
iteration 100
Best Fitness: [560.14483511]
9
iteration 200
Best Fitness: [227.20473359]
39
iteration 300
Best Fitness: [93.82579394]
100
iteration 400
Best Fitness: [90.84535669]
100
iteration 500
Best Fitness: [87.87244632]
100
iteration 600
Best Fitness: [84.91312756]
100
iteration 700
Best Fitness: [81.93865821]
100
iteration 800
Best Fitness: [78.95840642]
100
iteration 900
Best Fitness: [75.98496912]
100
iteration 1000
Best Fitness: [73.02139745]
100
iteration 1100
Best Fitness: [70.04285101]
100
iteration 1200
Best Fitness: [67.06960572]
100
iteration 1300
Best Fitness: [64.10200533]
100
iteration 1400
Best Fitness: [61.13912366]
100
iteration 1500
Best Fitness: [58.17426888]
100
iteration 1600
Best Fitness: [55.21280636]
100
iteration 1700
Best Fitness: [52.24422731]
100
iteration 1800
Best Fitness: [49.27162302]
100
iteration 1900
Best Fitness: [46.30169695]
100
iteration 2000
Best Fitness: [43.32846605]
100
iteration 2100
Best Fitness: [40.36556994]
100
iteration 2200
Best Fitness: [37.40931332]
100
iteration 2300
Best Fitness: [34.43594159]
100
iteration 2400
Best Fitness: [31.46912458]
100
iteration 2500
Best Fitness: [28.49603885]
100
iteration 2600
Best Fitness: [25.53649452]
100
iteration 2700
Best Fitness: [22.56135385]
100
iteration 2800
Best Fitness: [19.60323239]
100
iteration 2900
Best Fitness: [16.63830101]
100
iteration 2999
Best Fitness: [13.69277178]
100
iteration 0
Best Fitness: [59893.83856917]
1
iteration 100
Best Fitness: [830.61299131]
9
iteration 200
Best Fitness: [98.04123182]
40
iteration 300
Best Fitness: [89.60441931]
42
iteration 400
Best Fitness: [86.60564052]
42
iteration 500
Best Fitness: [82.90003702]
42
iteration 600
Best Fitness: [79.07628325]
42
iteration 700
Best Fitness: [75.97430427]
42
iteration 800
Best Fitness: [73.01094135]
42
iteration 900
Best Fitness: [70.05266111]
42
iteration 1000
Best Fitness: [67.07883213]
42
iteration 1100
Best Fitness: [64.11319302]
42
iteration 1200
Best Fitness: [60.7119946]
70
iteration 1300
Best Fitness: [56.85399686]
70
iteration 1400
Best Fitness: [53.78931025]
70
iteration 1500
Best Fitness: [49.93898435]
70
iteration 1600
Best Fitness: [46.171441]
70
iteration 1700
Best Fitness: [43.09377756]
70
iteration 1800
Best Fitness: [39.4515388]
70
iteration 1900
Best Fitness: [35.58585781]
70
iteration 2000
Best Fitness: [32.48472174]
70
iteration 2100
Best Fitness: [29.03535552]
84
iteration 2200
Best Fitness: [25.15647688]
84
iteration 2300
Best Fitness: [21.90432375]
84
iteration 2400
Best Fitness: [18.23889223]
84
iteration 2500
Best Fitness: [14.40885746]
84
iteration 2600
Best Fitness: [11.17056917]
84
iteration 2700
Best Fitness: [8.19063021]
84
iteration 2800
Best Fitness: [5.22604952]
84
iteration 2900
Best Fitness: [2.26025714]
84
iteration 2999
Best Fitness: [0.43665694]
100
iteration 0
Best Fitness: [59463.55591991]
1
iteration 100
Best Fitness: [671.97110823]
13
iteration 200
Best Fitness: [114.74919037]
71
iteration 300
Best Fitness: [93.92634894]
100
iteration 400
Best Fitness: [90.95108675]
100
iteration 500
Best Fitness: [87.98365983]
100
iteration 600
Best Fitness: [85.01981451]
100
iteration 700
Best Fitness: [82.05601235]
100
iteration 800
Best Fitness: [79.09781715]
100
iteration 900
Best Fitness: [76.12199294]
100
iteration 1000
Best Fitness: [73.15061921]
100
iteration 1100
Best Fitness: [70.18586119]
100
iteration 1200
Best Fitness: [67.2151739]
100
iteration 1300
Best Fitness: [64.2451336]
100
iteration 1400
Best Fitness: [61.28162271]
100
iteration 1500
Best Fitness: [58.31565835]
100
iteration 1600
Best Fitness: [55.36271702]
100
iteration 1700
Best Fitness: [52.39743636]
100
iteration 1800
Best Fitness: [49.42734821]
100
iteration 1900
Best Fitness: [46.47183775]
100
iteration 2000
Best Fitness: [43.50956352]
100
iteration 2100
Best Fitness: [40.54353604]
100
iteration 2200
Best Fitness: [37.57185263]
100
iteration 2300
Best Fitness: [34.59558882]
100
iteration 2400
Best Fitness: [31.62028417]
100
iteration 2500
Best Fitness: [28.64996395]
100
iteration 2600
Best Fitness: [25.67191528]
100
iteration 2700
Best Fitness: [22.69774461]
100
iteration 2800
Best Fitness: [19.73126299]
100
iteration 2900
Best Fitness: [16.75668965]
100
iteration 2999
Best Fitness: [13.82176787]
100
iteration 0
Best Fitness: [55331.11323206]
1
iteration 100
Best Fitness: [1025.18124853]
7
iteration 200
Best Fitness: [102.61800489]
55
iteration 300
Best Fitness: [93.64496146]
100
iteration 400
Best Fitness: [90.6647844]
100
iteration 500
Best Fitness: [87.69174719]
100
iteration 600
Best Fitness: [84.71889715]
100
iteration 700
Best Fitness: [81.75542049]
100
iteration 800
Best Fitness: [78.78800794]
100
iteration 900
Best Fitness: [75.81084837]
100
iteration 1000
Best Fitness: [72.84841674]
100
iteration 1100
Best Fitness: [69.89275572]
100
iteration 1200
Best Fitness: [66.91500719]
100
iteration 1300
Best Fitness: [63.95000141]
100
iteration 1400
Best Fitness: [60.9838374]
100
iteration 1500
Best Fitness: [58.01690822]
100
iteration 1600
Best Fitness: [55.0321752]
100
iteration 1700
Best Fitness: [52.07462713]
100
iteration 1800
Best Fitness: [49.11211551]
100
iteration 1900
Best Fitness: [46.13996419]
100
iteration 2000
Best Fitness: [43.17032717]
100
iteration 2100
Best Fitness: [40.20859569]
100
iteration 2200
Best Fitness: [37.23499151]
100
iteration 2300
Best Fitness: [34.26097772]
100
iteration 2400
Best Fitness: [31.30184672]
100
iteration 2500
Best Fitness: [28.33827919]
100
iteration 2600
Best Fitness: [25.3668602]
100
iteration 2700
Best Fitness: [22.40015622]
100
iteration 2800
Best Fitness: [19.42552914]
100
iteration 2900
Best Fitness: [16.45791007]
100
iteration 2999
Best Fitness: [13.50932474]
100
[array([11.09235979]), array([1.90188618]), array([9.94262696]), array([11.01733001]), array([13.5839533]), array([11.92113526]), array([13.69277178]), array([0.43665694]), array([13.82176787]), array([13.50932474])]
iteration 0
Best Fitness: [1518.9643826]
1
iteration 100
Best Fitness: [151.57284798]
19
iteration 200
Best Fitness: [75.27052349]
35
iteration 300
Best Fitness: [3.07583292e-10]
100
iteration 400
Best Fitness: [0.]
100
iteration 500
Best Fitness: [0.]
100
iteration 600
Best Fitness: [0.]
100
iteration 700
Best Fitness: [0.]
100
iteration 800
Best Fitness: [0.]
100
iteration 900
Best Fitness: [0.]
100
iteration 1000
Best Fitness: [0.]
100
iteration 1100
Best Fitness: [0.]
100
iteration 1200
Best Fitness: [0.]
100
iteration 1300
Best Fitness: [0.]
100
iteration 1400
Best Fitness: [0.]
100
iteration 1500
Best Fitness: [0.]
100
iteration 1600
Best Fitness: [0.]
100
iteration 1700
Best Fitness: [0.]
100
iteration 1800
Best Fitness: [0.]
100
iteration 1900
Best Fitness: [0.]
100
iteration 2000
Best Fitness: [0.]
100
iteration 2100
Best Fitness: [0.]
100
iteration 2200
Best Fitness: [0.]
100
iteration 2300
Best Fitness: [0.]
100
iteration 2400
Best Fitness: [0.]
100
iteration 2500
Best Fitness: [0.]
100
iteration 2600
Best Fitness: [0.]
100
iteration 2700
Best Fitness: [0.]
100
iteration 2800
Best Fitness: [0.]
100
iteration 2900
Best Fitness: [0.]
100
iteration 2999
Best Fitness: [0.]
100
iteration 0
Best Fitness: [1517.56597694]
1
iteration 100
Best Fitness: [350.82239344]
13
iteration 200
Best Fitness: [45.45853071]
70
iteration 300
Best Fitness: [5.8944245e-09]
100
iteration 400
Best Fitness: [0.]
100
iteration 500
Best Fitness: [0.]
100
iteration 600
Best Fitness: [0.]
100
iteration 700
Best Fitness: [0.]
100
iteration 800
Best Fitness: [0.]
100
iteration 900
Best Fitness: [0.]
100
iteration 1000
Best Fitness: [0.]
100
iteration 1100
Best Fitness: [0.]
100
iteration 1200
Best Fitness: [0.]
100
iteration 1300
Best Fitness: [0.]
100
iteration 1400
Best Fitness: [0.]
100
iteration 1500
Best Fitness: [0.]
100
iteration 1600
Best Fitness: [0.]
100
iteration 1700
Best Fitness: [0.]
100
iteration 1800
Best Fitness: [0.]
100
iteration 1900
Best Fitness: [0.]
100
iteration 2000
Best Fitness: [0.]
100
iteration 2100
Best Fitness: [0.]
100
iteration 2200
Best Fitness: [0.]
100
iteration 2300
Best Fitness: [0.]
100
iteration 2400
Best Fitness: [0.]
100
iteration 2500
Best Fitness: [0.]
100
iteration 2600
Best Fitness: [0.]
100
iteration 2700
Best Fitness: [0.]
100
iteration 2800
Best Fitness: [0.]
100
iteration 2900
Best Fitness: [0.]
100
iteration 2999
Best Fitness: [0.]
100
iteration 0
Best Fitness: [1527.96309646]
1
iteration 100
Best Fitness: [441.43153139]
11
iteration 200
Best Fitness: [158.09773634]
27
iteration 300
Best Fitness: [55.3424944]
54
iteration 400
Best Fitness: [2.97783131e-10]
100
iteration 500
Best Fitness: [0.]
100
iteration 600
Best Fitness: [0.]
100
iteration 700
Best Fitness: [0.]
100
iteration 800
Best Fitness: [0.]
100
iteration 900
Best Fitness: [0.]
100
iteration 1000
Best Fitness: [0.]
100
iteration 1100
Best Fitness: [0.]
100
iteration 1200
Best Fitness: [0.]
100
iteration 1300
Best Fitness: [0.]
100
iteration 1400
Best Fitness: [0.]
100
iteration 1500
Best Fitness: [0.]
100
iteration 1600
Best Fitness: [0.]
100
iteration 1700
Best Fitness: [0.]
100
iteration 1800
Best Fitness: [0.]
100
iteration 1900
Best Fitness: [0.]
100
iteration 2000
Best Fitness: [0.]
100
iteration 2100
Best Fitness: [0.]
100
iteration 2200
Best Fitness: [0.]
100
iteration 2300
Best Fitness: [0.]
100
iteration 2400
Best Fitness: [0.]
100
iteration 2500
Best Fitness: [0.]
100
iteration 2600
Best Fitness: [0.]
100
iteration 2700
Best Fitness: [0.]
100
iteration 2800
Best Fitness: [0.]
100
iteration 2900
Best Fitness: [0.]
100
iteration 2999
Best Fitness: [0.]
100
iteration 0
Best Fitness: [1403.22281917]
1
iteration 100
Best Fitness: [229.15588535]
11
iteration 200
Best Fitness: [84.5955121]
21
iteration 300
Best Fitness: [3.50122304e-06]
100
iteration 400
Best Fitness: [0.]
100
iteration 500
Best Fitness: [0.]
100
iteration 600
Best Fitness: [0.]
100
iteration 700
Best Fitness: [0.]
100
iteration 800
Best Fitness: [0.]
100
iteration 900
Best Fitness: [0.]
100
iteration 1000
Best Fitness: [0.]
100
iteration 1100
Best Fitness: [0.]
100
iteration 1200
Best Fitness: [0.]
100
iteration 1300
Best Fitness: [0.]
100
iteration 1400
Best Fitness: [0.]
100
iteration 1500
Best Fitness: [0.]
100
iteration 1600
Best Fitness: [0.]
100
iteration 1700
Best Fitness: [0.]
100
iteration 1800
Best Fitness: [0.]
100
iteration 1900
Best Fitness: [0.]
100
iteration 2000
Best Fitness: [0.]
100
iteration 2100
Best Fitness: [0.]
100
iteration 2200
Best Fitness: [0.]
100
iteration 2300
Best Fitness: [0.]
100
iteration 2400
Best Fitness: [0.]
100
iteration 2500
Best Fitness: [0.]
100
iteration 2600
Best Fitness: [0.]
100
iteration 2700
Best Fitness: [0.]
100
iteration 2800
Best Fitness: [0.]
100
iteration 2900
Best Fitness: [0.]
100
iteration 2999
Best Fitness: [0.]
100
iteration 0
Best Fitness: [1475.4874049]
1
iteration 100
Best Fitness: [126.33070806]
29
iteration 200
Best Fitness: [7.47099565]
90
iteration 300
Best Fitness: [5.41788836e-13]
100
iteration 400
Best Fitness: [0.]
100
iteration 500
Best Fitness: [0.]
100
iteration 600
Best Fitness: [0.]
100
iteration 700
Best Fitness: [0.]
100
iteration 800
Best Fitness: [0.]
100
iteration 900
Best Fitness: [0.]
100
iteration 1000
Best Fitness: [0.]
100
iteration 1100
Best Fitness: [0.]
100
iteration 1200
Best Fitness: [0.]
100
iteration 1300
Best Fitness: [0.]
100
iteration 1400
Best Fitness: [0.]
100
iteration 1500
Best Fitness: [0.]
100
iteration 1600
Best Fitness: [0.]
100
iteration 1700
Best Fitness: [0.]
100
iteration 1800
Best Fitness: [0.]
100
iteration 1900
Best Fitness: [0.]
100
iteration 2000
Best Fitness: [0.]
100
iteration 2100
Best Fitness: [0.]
100
iteration 2200
Best Fitness: [0.]
100
iteration 2300
Best Fitness: [0.]
100
iteration 2400
Best Fitness: [0.]
100
iteration 2500
Best Fitness: [0.]
100
iteration 2600
Best Fitness: [0.]
100
iteration 2700
Best Fitness: [0.]
100
iteration 2800
Best Fitness: [0.]
100
iteration 2900
Best Fitness: [0.]
100
iteration 2999
Best Fitness: [0.]
100
iteration 0
Best Fitness: [1476.57778491]
1
iteration 100
Best Fitness: [387.24789434]
13
iteration 200
Best Fitness: [257.76195783]
17
iteration 300
Best Fitness: [1.03758396]
98
iteration 400
Best Fitness: [8.8817842e-15]
100
iteration 500
Best Fitness: [0.]
100
iteration 600
Best Fitness: [0.]
100
iteration 700
Best Fitness: [0.]
100
iteration 800
Best Fitness: [0.]
100
iteration 900
Best Fitness: [0.]
100
iteration 1000
Best Fitness: [0.]
100
iteration 1100
Best Fitness: [0.]
100
iteration 1200
Best Fitness: [0.]
100
iteration 1300
Best Fitness: [0.]
100
iteration 1400
Best Fitness: [0.]
100
iteration 1500
Best Fitness: [0.]
100
iteration 1600
Best Fitness: [0.]
100
iteration 1700
Best Fitness: [0.]
100
iteration 1800
Best Fitness: [0.]
100
iteration 1900
Best Fitness: [0.]
100
iteration 2000
Best Fitness: [0.]
100
iteration 2100
Best Fitness: [0.]
100
iteration 2200
Best Fitness: [0.]
100
iteration 2300
Best Fitness: [0.]
100
iteration 2400
Best Fitness: [0.]
100
iteration 2500
Best Fitness: [0.]
100
iteration 2600
Best Fitness: [0.]
100
iteration 2700
Best Fitness: [0.]
100
iteration 2800
Best Fitness: [0.]
100
iteration 2900
Best Fitness: [0.]
100
iteration 2999
Best Fitness: [0.]
100
iteration 0
Best Fitness: [1411.62153399]
1
iteration 100
Best Fitness: [48.48568969]
25
iteration 200
Best Fitness: [3.56127288e-08]
100
iteration 300
Best Fitness: [0.]
100
iteration 400
Best Fitness: [0.]
100
iteration 500
Best Fitness: [0.]
100
iteration 600
Best Fitness: [0.]
100
iteration 700
Best Fitness: [0.]
100
iteration 800
Best Fitness: [0.]
100
iteration 900
Best Fitness: [0.]
100
iteration 1000
Best Fitness: [0.]
100
iteration 1100
Best Fitness: [0.]
100
iteration 1200
Best Fitness: [0.]
100
iteration 1300
Best Fitness: [0.]
100
iteration 1400
Best Fitness: [0.]
100
iteration 1500
Best Fitness: [0.]
100
iteration 1600
Best Fitness: [0.]
100
iteration 1700
Best Fitness: [0.]
100
iteration 1800
Best Fitness: [0.]
100
iteration 1900
Best Fitness: [0.]
100
iteration 2000
Best Fitness: [0.]
100
iteration 2100
Best Fitness: [0.]
100
iteration 2200
Best Fitness: [0.]
100
iteration 2300
Best Fitness: [0.]
100
iteration 2400
Best Fitness: [0.]
100
iteration 2500
Best Fitness: [0.]
100
iteration 2600
Best Fitness: [0.]
100
iteration 2700
Best Fitness: [0.]
100
iteration 2800
Best Fitness: [0.]
100
iteration 2900
Best Fitness: [0.]
100
iteration 2999
Best Fitness: [0.]
100
iteration 0
Best Fitness: [1477.32195087]
1
iteration 100
Best Fitness: [238.4253802]
11
iteration 200
Best Fitness: [110.73507053]
23
iteration 300
Best Fitness: [47.54120868]
52
iteration 400
Best Fitness: [9.31485999e-11]
100
iteration 500
Best Fitness: [0.]
100
iteration 600
Best Fitness: [0.]
100
iteration 700
Best Fitness: [0.]
100
iteration 800
Best Fitness: [0.]
100
iteration 900
Best Fitness: [0.]
100
iteration 1000
Best Fitness: [0.]
100
iteration 1100
Best Fitness: [0.]
100
iteration 1200
Best Fitness: [0.]
100
iteration 1300
Best Fitness: [0.]
100
iteration 1400
Best Fitness: [0.]
100
iteration 1500
Best Fitness: [0.]
100
iteration 1600
Best Fitness: [0.]
100
iteration 1700
Best Fitness: [0.]
100
iteration 1800
Best Fitness: [0.]
100
iteration 1900
Best Fitness: [0.]
100
iteration 2000
Best Fitness: [0.]
100
iteration 2100
Best Fitness: [0.]
100
iteration 2200
Best Fitness: [0.]
100
iteration 2300
Best Fitness: [0.]
100
iteration 2400
Best Fitness: [0.]
100
iteration 2500
Best Fitness: [0.]
100
iteration 2600
Best Fitness: [0.]
100
iteration 2700
Best Fitness: [0.]
100
iteration 2800
Best Fitness: [0.]
100
iteration 2900
Best Fitness: [0.]
100
iteration 2999
Best Fitness: [0.]
100
iteration 0
Best Fitness: [1508.83473644]
1
iteration 100
Best Fitness: [171.99798014]
17
iteration 200
Best Fitness: [44.96978227]
35
iteration 300
Best Fitness: [2.40527319e-06]
100
iteration 400
Best Fitness: [0.]
100
iteration 500
Best Fitness: [0.]
100
iteration 600
Best Fitness: [0.]
100
iteration 700
Best Fitness: [0.]
100
iteration 800
Best Fitness: [0.]
100
iteration 900
Best Fitness: [0.]
100
iteration 1000
Best Fitness: [0.]
100
iteration 1100
Best Fitness: [0.]
100
iteration 1200
Best Fitness: [0.]
100
iteration 1300
Best Fitness: [0.]
100
iteration 1400
Best Fitness: [0.]
100
iteration 1500
Best Fitness: [0.]
100
iteration 1600
Best Fitness: [0.]
100
iteration 1700
Best Fitness: [0.]
100
iteration 1800
Best Fitness: [0.]
100
iteration 1900
Best Fitness: [0.]
100
iteration 2000
Best Fitness: [0.]
100
iteration 2100
Best Fitness: [0.]
100
iteration 2200
Best Fitness: [0.]
100
iteration 2300
Best Fitness: [0.]
100
iteration 2400
Best Fitness: [0.]
100
iteration 2500
Best Fitness: [0.]
100
iteration 2600
Best Fitness: [0.]
100
iteration 2700
Best Fitness: [0.]
100
iteration 2800
Best Fitness: [0.]
100
iteration 2900
Best Fitness: [0.]
100
iteration 2999
Best Fitness: [0.]
100
iteration 0
Best Fitness: [1479.28456954]
1
iteration 100
Best Fitness: [226.58593744]
11
iteration 200
Best Fitness: [135.06057557]
13
iteration 300
Best Fitness: [17.0694084]
57
iteration 400
Best Fitness: [2.46203058e-12]
100
iteration 500
Best Fitness: [0.]
100
iteration 600
Best Fitness: [0.]
100
iteration 700
Best Fitness: [0.]
100
iteration 800
Best Fitness: [0.]
100
iteration 900
Best Fitness: [0.]
100
iteration 1000
Best Fitness: [0.]
100
iteration 1100
Best Fitness: [0.]
100
iteration 1200
Best Fitness: [0.]
100
iteration 1300
Best Fitness: [0.]
100
iteration 1400
Best Fitness: [0.]
100
iteration 1500
Best Fitness: [0.]
100
iteration 1600
Best Fitness: [0.]
100
iteration 1700
Best Fitness: [0.]
100
iteration 1800
Best Fitness: [0.]
100
iteration 1900
Best Fitness: [0.]
100
iteration 2000
Best Fitness: [0.]
100
iteration 2100
Best Fitness: [0.]
100
iteration 2200
Best Fitness: [0.]
100
iteration 2300
Best Fitness: [0.]
100
iteration 2400
Best Fitness: [0.]
100
iteration 2500
Best Fitness: [0.]
100
iteration 2600
Best Fitness: [0.]
100
iteration 2700
Best Fitness: [0.]
100
iteration 2800
Best Fitness: [0.]
100
iteration 2900
Best Fitness: [0.]
100
iteration 2999
Best Fitness: [0.]
100
[array([0.]), array([0.]), array([0.]), array([0.]), array([0.]), array([0.]), array([0.]), array([0.]), array([0.]), array([0.])]
iteration 0
Best Fitness: [47.88259578]
1
iteration 100
Best Fitness: [12.60676461]
68
iteration 200
Best Fitness: [1.02626935]
100
iteration 300
Best Fitness: [0.99110677]
100
iteration 400
Best Fitness: [0.97524052]
100
iteration 500
Best Fitness: [0.96497836]
100
iteration 600
Best Fitness: [0.95811258]
100
iteration 700
Best Fitness: [0.95357768]
100
iteration 800
Best Fitness: [0.95045832]
100
iteration 900
Best Fitness: [0.94833004]
100
iteration 1000
Best Fitness: [0.94683811]
100
iteration 1100
Best Fitness: [0.94578595]
100
iteration 1200
Best Fitness: [0.94501612]
100
iteration 1300
Best Fitness: [0.94445873]
100
iteration 1400
Best Fitness: [0.94405038]
100
iteration 1500
Best Fitness: [0.94372587]
100
iteration 1600
Best Fitness: [0.94348805]
100
iteration 1700
Best Fitness: [0.94329849]
100
iteration 1800
Best Fitness: [0.94313892]
100
iteration 1900
Best Fitness: [0.94301764]
100
iteration 2000
Best Fitness: [0.92352541]
100
iteration 2100
Best Fitness: [0.88462674]
100
iteration 2200
Best Fitness: [0.84572515]
100
iteration 2300
Best Fitness: [0.8262332]
100
iteration 2400
Best Fitness: [0.80676012]
100
iteration 2500
Best Fitness: [0.78727302]
100
iteration 2600
Best Fitness: [0.78723338]
100
iteration 2700
Best Fitness: [0.78719911]
100
iteration 2800
Best Fitness: [0.78716012]
100
iteration 2900
Best Fitness: [0.78714093]
100
iteration 2999
Best Fitness: [0.78713329]
100
iteration 0
Best Fitness: [48.11991186]
1
iteration 100
Best Fitness: [3.49156467]
67
iteration 200
Best Fitness: [0.9849569]
100
iteration 300
Best Fitness: [0.96933469]
100
iteration 400
Best Fitness: [0.96444377]
100
iteration 500
Best Fitness: [0.96277605]
100
iteration 600
Best Fitness: [0.96219974]
100
iteration 700
Best Fitness: [0.96199787]
100
iteration 800
Best Fitness: [0.96192544]
100
iteration 900
Best Fitness: [0.96189885]
100
iteration 1000
Best Fitness: [0.96188854]
100
iteration 1100
Best Fitness: [0.96188425]
100
iteration 1200
Best Fitness: [0.96188194]
100
iteration 1300
Best Fitness: [0.96188103]
100
iteration 1400
Best Fitness: [0.96188021]
100
iteration 1500
Best Fitness: [0.96187987]
100
iteration 1600
Best Fitness: [0.96187949]
100
iteration 1700
Best Fitness: [0.9618793]
100
iteration 1800
Best Fitness: [0.9618792]
100
iteration 1900
Best Fitness: [0.96187908]
100
iteration 2000
Best Fitness: [0.96187905]
100
iteration 2100
Best Fitness: [0.961879]
100
iteration 2200
Best Fitness: [0.96187896]
100
iteration 2300
Best Fitness: [0.96187894]
100
iteration 2400
Best Fitness: [0.96187893]
100
iteration 2500
Best Fitness: [0.96187892]
100
iteration 2600
Best Fitness: [0.96187889]
100
iteration 2700
Best Fitness: [0.96187883]
100
iteration 2800
Best Fitness: [0.96187881]
100
iteration 2900
Best Fitness: [0.96187881]
100
iteration 2999
Best Fitness: [0.9618788]
100
iteration 0
Best Fitness: [47.66338351]
1
iteration 100
Best Fitness: [8.60919532]
67
iteration 200
Best Fitness: [1.27835983]
100
iteration 300
Best Fitness: [1.20473546]
100
iteration 400
Best Fitness: [1.14333936]
100
iteration 500
Best Fitness: [1.12989944]
100
iteration 600
Best Fitness: [1.1214874]
100
iteration 700
Best Fitness: [1.11527575]
100
iteration 800
Best Fitness: [1.1104403]
100
iteration 900
Best Fitness: [1.10667179]
100
iteration 1000
Best Fitness: [1.08424275]
100
iteration 1100
Best Fitness: [0.98814422]
100
iteration 1200
Best Fitness: [0.83711048]
100
iteration 1300
Best Fitness: [0.83557653]
100
iteration 1400
Best Fitness: [0.83434963]
100
iteration 1500
Best Fitness: [0.83337688]
100
iteration 1600
Best Fitness: [0.83259257]
100
iteration 1700
Best Fitness: [0.83196833]
100
iteration 1800
Best Fitness: [0.83146993]
100
iteration 1900
Best Fitness: [0.83107107]
100
iteration 2000
Best Fitness: [0.83076282]
100
iteration 2100
Best Fitness: [0.8305065]
100
iteration 2200
Best Fitness: [0.83030019]
100
iteration 2300
Best Fitness: [0.8301334]
100
iteration 2400
Best Fitness: [0.83001083]
100
iteration 2500
Best Fitness: [0.82993323]
100
iteration 2600
Best Fitness: [0.8298417]
100
iteration 2700
Best Fitness: [0.82976785]
100
iteration 2800
Best Fitness: [0.82971398]
100
iteration 2900
Best Fitness: [0.82967447]
100
iteration 2999
Best Fitness: [0.82963493]
100
iteration 0
Best Fitness: [47.80750964]
1
iteration 100
Best Fitness: [9.0782487]
57
iteration 200
Best Fitness: [0.98027279]
100
iteration 300
Best Fitness: [0.95532618]
100
iteration 400
Best Fitness: [0.94850174]
100
iteration 500
Best Fitness: [0.94512963]
100
iteration 600
Best Fitness: [0.94276031]
100
iteration 700
Best Fitness: [0.94090179]
100
iteration 800
Best Fitness: [0.93941185]
100
iteration 900
Best Fitness: [0.93821763]
100
iteration 1000
Best Fitness: [0.9372233]
100
iteration 1100
Best Fitness: [0.93644265]
100
iteration 1200
Best Fitness: [0.91641651]
100
iteration 1300
Best Fitness: [0.87695805]
100
iteration 1400
Best Fitness: [0.84121252]
100
iteration 1500
Best Fitness: [0.74021339]
100
iteration 1600
Best Fitness: [0.66259093]
100
iteration 1700
Best Fitness: [0.56469843]
100
iteration 1800
Best Fitness: [0.56449667]
100
iteration 1900
Best Fitness: [0.56433345]
100
iteration 2000
Best Fitness: [0.56421226]
100
iteration 2100
Best Fitness: [0.5640932]
100
iteration 2200
Best Fitness: [0.56401186]
100
iteration 2300
Best Fitness: [0.56393157]
100
iteration 2400
Best Fitness: [0.56386441]
100
iteration 2500
Best Fitness: [0.56382082]
100
iteration 2600
Best Fitness: [0.5637845]
100
iteration 2700
Best Fitness: [0.56374494]
100
iteration 2800
Best Fitness: [0.56371145]
100
iteration 2900
Best Fitness: [0.56368592]
100
iteration 2999
Best Fitness: [0.56366876]
100
iteration 0
Best Fitness: [47.89601198]
1
iteration 100
Best Fitness: [12.8227736]
55
iteration 200
Best Fitness: [1.09048442]
100
iteration 300
Best Fitness: [0.96961966]
100
iteration 400
Best Fitness: [0.96279008]
100
iteration 500
Best Fitness: [0.73796996]
100
iteration 600
Best Fitness: [0.66782715]
100
iteration 700
Best Fitness: [0.66732384]
100
iteration 800
Best Fitness: [0.66709023]
100
iteration 900
Best Fitness: [0.66698443]
100
iteration 1000
Best Fitness: [0.66693508]
100
iteration 1100
Best Fitness: [0.62917721]
100
iteration 1200
Best Fitness: [0.55034425]
100
iteration 1300
Best Fitness: [0.3871176]
100
iteration 1400
Best Fitness: [0.38513112]
100
iteration 1500
Best Fitness: [0.38513112]
100
iteration 1600
Best Fitness: [0.38513112]
100
iteration 1700
Best Fitness: [0.38513112]
100
iteration 1800
Best Fitness: [0.38513112]
100
iteration 1900
Best Fitness: [0.38513112]
100
iteration 2000
Best Fitness: [0.38513112]
100
iteration 2100
Best Fitness: [0.38513112]
100
iteration 2200
Best Fitness: [0.38513112]
100
iteration 2300
Best Fitness: [0.38513112]
100
iteration 2400
Best Fitness: [0.38513112]
100
iteration 2500
Best Fitness: [0.38513112]
100
iteration 2600
Best Fitness: [0.38513112]
100
iteration 2700
Best Fitness: [0.38513112]
100
iteration 2800
Best Fitness: [0.38513112]
100
iteration 2900
Best Fitness: [0.38513112]
100
iteration 2999
Best Fitness: [0.38513112]
100
iteration 0
Best Fitness: [47.57599231]
1
iteration 100
Best Fitness: [4.32150378]
87
iteration 200
Best Fitness: [0.94276106]
100
iteration 300
Best Fitness: [0.93561214]
100
iteration 400
Best Fitness: [0.93464951]
100
iteration 500
Best Fitness: [0.93416347]
100
iteration 600
Best Fitness: [0.9338105]
100
iteration 700
Best Fitness: [0.93354814]
100
iteration 800
Best Fitness: [0.93336038]
100
iteration 900
Best Fitness: [0.93320416]
100
iteration 1000
Best Fitness: [0.93308757]
100
iteration 1100
Best Fitness: [0.93300536]
100
iteration 1200
Best Fitness: [0.93293948]
100
iteration 1300
Best Fitness: [0.93288794]
100
iteration 1400
Best Fitness: [0.93285031]
100
iteration 1500
Best Fitness: [0.91339732]
100
iteration 1600
Best Fitness: [0.85513712]
100
iteration 1700
Best Fitness: [0.81679821]
100
iteration 1800
Best Fitness: [0.79677324]
100
iteration 1900
Best Fitness: [0.79676126]
100
iteration 2000
Best Fitness: [0.71936146]
100
iteration 2100
Best Fitness: [0.66077868]
100
iteration 2200
Best Fitness: [0.62184873]
100
iteration 2300
Best Fitness: [0.42965013]
100
iteration 2400
Best Fitness: [0.33192536]
100
iteration 2500
Best Fitness: [0.16274002]
100
iteration 2600
Best Fitness: [0.02926047]
100
iteration 2700
Best Fitness: [2.48362442e-12]
100
iteration 2800
Best Fitness: [0.]
100
iteration 2900
Best Fitness: [0.]
100
iteration 2999
Best Fitness: [0.]
100
iteration 0
Best Fitness: [47.38886404]
1
iteration 100
Best Fitness: [5.24917355]
87
iteration 200
Best Fitness: [2.20674539]
100
iteration 300
Best Fitness: [2.11567102]
100
iteration 400
Best Fitness: [2.10658632]
100
iteration 500
Best Fitness: [2.10318169]
100
iteration 600
Best Fitness: [1.93679629]
100
iteration 700
Best Fitness: [1.93531646]
100
iteration 800
Best Fitness: [1.93477014]
100
iteration 900
Best Fitness: [1.9344516]
100
iteration 1000
Best Fitness: [1.93427112]
100
iteration 1100
Best Fitness: [1.93416716]
100
iteration 1200
Best Fitness: [1.93411117]
100
iteration 1300
Best Fitness: [1.93408028]
100
iteration 1400
Best Fitness: [1.93406082]
100
iteration 1500
Best Fitness: [1.93404698]
100
iteration 1600
Best Fitness: [1.93403999]
100
iteration 1700
Best Fitness: [1.93403555]
100
iteration 1800
Best Fitness: [1.9340325]
100
iteration 1900
Best Fitness: [1.93403165]
100
iteration 2000
Best Fitness: [1.93403096]
100
iteration 2100
Best Fitness: [1.93403049]
100
iteration 2200
Best Fitness: [1.93403032]
100
iteration 2300
Best Fitness: [1.93403015]
100
iteration 2400
Best Fitness: [1.93403006]
100
iteration 2500
Best Fitness: [1.93402985]
100
iteration 2600
Best Fitness: [1.93402975]
100
iteration 2700
Best Fitness: [1.93402973]
100
iteration 2800
Best Fitness: [1.9340297]
100
iteration 2900
Best Fitness: [1.9340297]
100
iteration 2999
Best Fitness: [1.93402968]
100
iteration 0
Best Fitness: [47.20490794]
1
iteration 100
Best Fitness: [10.96840136]
47
iteration 200
Best Fitness: [0.98526636]
100
iteration 300
Best Fitness: [0.97393651]
100
iteration 400
Best Fitness: [0.96679272]
100
iteration 500
Best Fitness: [0.96132688]
100
iteration 600
Best Fitness: [0.95717317]
100
iteration 700
Best Fitness: [0.95398925]
100
iteration 800
Best Fitness: [0.95150969]
100
iteration 900
Best Fitness: [0.94961373]
100
iteration 1000
Best Fitness: [0.9481198]
100
iteration 1100
Best Fitness: [0.94693802]
100
iteration 1200
Best Fitness: [0.94601485]
100
iteration 1300
Best Fitness: [0.9452915]
100
iteration 1400
Best Fitness: [0.94471234]
100
iteration 1500
Best Fitness: [0.94425884]
100
iteration 1600
Best Fitness: [0.94389634]
100
iteration 1700
Best Fitness: [0.94360619]
100
iteration 1800
Best Fitness: [0.94339092]
100
iteration 1900
Best Fitness: [0.90434994]
100
iteration 2000
Best Fitness: [0.86534642]
100
iteration 2100
Best Fitness: [0.84581385]
100
iteration 2200
Best Fitness: [0.81129617]
100
iteration 2300
Best Fitness: [0.76795655]
100
iteration 2400
Best Fitness: [0.69022543]
100
iteration 2500
Best Fitness: [0.61250154]
100
iteration 2600
Best Fitness: [0.53469899]
100
iteration 2700
Best Fitness: [0.5346418]
100
iteration 2800
Best Fitness: [0.53461509]
100
iteration 2900
Best Fitness: [0.53457944]
100
iteration 2999
Best Fitness: [0.53454683]
100
iteration 0
Best Fitness: [47.38279979]
1
iteration 100
Best Fitness: [8.03550761]
54
iteration 200
Best Fitness: [0.96980903]
100
iteration 300
Best Fitness: [0.89559277]
100
iteration 400
Best Fitness: [0.89421461]
100
iteration 500
Best Fitness: [0.89338123]
100
iteration 600
Best Fitness: [0.89266848]
100
iteration 700
Best Fitness: [0.89203018]
100
iteration 800
Best Fitness: [0.89143738]
100
iteration 900
Best Fitness: [0.89088936]
100
iteration 1000
Best Fitness: [0.89038416]
100
iteration 1100
Best Fitness: [0.88991564]
100
iteration 1200
Best Fitness: [0.88948391]
100
iteration 1300
Best Fitness: [0.88908401]
100
iteration 1400
Best Fitness: [0.88871313]
100
iteration 1500
Best Fitness: [0.88837288]
100
iteration 1600
Best Fitness: [0.8880628]
100
iteration 1700
Best Fitness: [0.88777487]
100
iteration 1800
Best Fitness: [0.88751094]
100
iteration 1900
Best Fitness: [0.88726422]
100
iteration 2000
Best Fitness: [0.88703115]
100
iteration 2100
Best Fitness: [0.88681566]
100
iteration 2200
Best Fitness: [0.88661724]
100
iteration 2300
Best Fitness: [0.88646466]
100
iteration 2400
Best Fitness: [0.88630973]
100
iteration 2500
Best Fitness: [0.88614953]
100
iteration 2600
Best Fitness: [0.8860088]
100
iteration 2700
Best Fitness: [0.88587327]
100
iteration 2800
Best Fitness: [0.88575696]
100
iteration 2900
Best Fitness: [0.88564665]
100
iteration 2999
Best Fitness: [0.885558]
100
iteration 0
Best Fitness: [47.62377256]
1
iteration 100
Best Fitness: [14.08795885]
66
iteration 200
Best Fitness: [1.69199453]
100
iteration 300
Best Fitness: [0.90891323]
100
iteration 400
Best Fitness: [0.67240733]
100
iteration 500
Best Fitness: [0.67207123]
100
iteration 600
Best Fitness: [0.50315097]
100
iteration 700
Best Fitness: [0.30280082]
100
iteration 800
Best Fitness: [0.30280082]
100
iteration 900
Best Fitness: [0.30280082]
100
iteration 1000
Best Fitness: [0.30280082]
100
iteration 1100
Best Fitness: [0.30280082]
100
iteration 1200
Best Fitness: [0.30280082]
100
iteration 1300
Best Fitness: [0.30280082]
100
iteration 1400
Best Fitness: [0.30280082]
100
iteration 1500
Best Fitness: [0.30280082]
100
iteration 1600
Best Fitness: [0.30280082]
100
iteration 1700
Best Fitness: [0.30280082]
100
iteration 1800
Best Fitness: [0.30280082]
100
iteration 1900
Best Fitness: [0.30280082]
100
iteration 2000
Best Fitness: [0.30280082]
100
iteration 2100
Best Fitness: [0.30280082]
100
iteration 2200
Best Fitness: [0.30280082]
100
iteration 2300
Best Fitness: [0.30280082]
100
iteration 2400
Best Fitness: [0.30280082]
100
iteration 2500
Best Fitness: [0.30280082]
100
iteration 2600
Best Fitness: [0.30280082]
100
iteration 2700
Best Fitness: [0.30280082]
100
iteration 2800
Best Fitness: [0.30280082]
100
iteration 2900
Best Fitness: [0.30280082]
100
iteration 2999
Best Fitness: [0.30280082]
100
[array([0.78713329]), array([0.9618788]), array([0.82963493]), array([0.56366876]), array([0.38513112]), array([0.]), array([1.93402968]), array([0.53454683]), array([0.885558]), array([0.30280082])]
iteration 0
Best Fitness: [9739.16519429]
1
iteration 100
Best Fitness: [539.23066712]
15
iteration 200
Best Fitness: [208.42287157]
61
iteration 300
Best Fitness: [0.00140243]
100
iteration 400
Best Fitness: [1.84834332e-18]
100
iteration 500
Best Fitness: [3.00556005e-28]
100
iteration 600
Best Fitness: [0.]
100
iteration 700
Best Fitness: [0.]
100
iteration 800
Best Fitness: [0.]
100
iteration 900
Best Fitness: [0.]
100
iteration 1000
Best Fitness: [0.]
100
iteration 1100
Best Fitness: [0.]
100
iteration 1200
Best Fitness: [0.]
100
iteration 1300
Best Fitness: [0.]
100
iteration 1400
Best Fitness: [0.]
100
iteration 1500
Best Fitness: [0.]
100
iteration 1600
Best Fitness: [0.]
100
iteration 1700
Best Fitness: [0.]
100
iteration 1800
Best Fitness: [0.]
100
iteration 1900
Best Fitness: [0.]
100
iteration 2000
Best Fitness: [0.]
100
iteration 2100
Best Fitness: [0.]
100
iteration 2200
Best Fitness: [0.]
100
iteration 2300
Best Fitness: [0.]
100
iteration 2400
Best Fitness: [0.]
100
iteration 2500
Best Fitness: [0.]
100
iteration 2600
Best Fitness: [0.]
100
iteration 2700
Best Fitness: [0.]
100
iteration 2800
Best Fitness: [0.]
100
iteration 2900
Best Fitness: [0.]
100
iteration 2999
Best Fitness: [0.]
100
iteration 0
Best Fitness: [10271.89012606]
1
iteration 100
Best Fitness: [469.93825313]
11
iteration 200
Best Fitness: [110.94783864]
19
iteration 300
Best Fitness: [16.29695815]
71
iteration 400
Best Fitness: [1.43038339e-13]
100
iteration 500
Best Fitness: [2.66725705e-26]
100
iteration 600
Best Fitness: [0.]
100
iteration 700
Best Fitness: [0.]
100
iteration 800
Best Fitness: [0.]
100
iteration 900
Best Fitness: [0.]
100
iteration 1000
Best Fitness: [0.]
100
iteration 1100
Best Fitness: [0.]
100
iteration 1200
Best Fitness: [0.]
100
iteration 1300
Best Fitness: [0.]
100
iteration 1400
Best Fitness: [0.]
100
iteration 1500
Best Fitness: [0.]
100
iteration 1600
Best Fitness: [0.]
100
iteration 1700
Best Fitness: [0.]
100
iteration 1800
Best Fitness: [0.]
100
iteration 1900
Best Fitness: [0.]
100
iteration 2000
Best Fitness: [0.]
100
iteration 2100
Best Fitness: [0.]
100
iteration 2200
Best Fitness: [0.]
100
iteration 2300
Best Fitness: [0.]
100
iteration 2400
Best Fitness: [0.]
100
iteration 2500
Best Fitness: [0.]
100
iteration 2600
Best Fitness: [0.]
100
iteration 2700
Best Fitness: [0.]
100
iteration 2800
Best Fitness: [0.]
100
iteration 2900
Best Fitness: [0.]
100
iteration 2999
Best Fitness: [0.]
100
iteration 0
Best Fitness: [9803.63260241]
1
iteration 100
Best Fitness: [650.25128721]
11
iteration 200
Best Fitness: [262.11058328]
25
iteration 300
Best Fitness: [41.0249618]
45
iteration 400
Best Fitness: [1.11405835e-10]
100
iteration 500
Best Fitness: [3.58799104e-24]
100
iteration 600
Best Fitness: [0.]
100
iteration 700
Best Fitness: [0.]
100
iteration 800
Best Fitness: [0.]
100
iteration 900
Best Fitness: [0.]
100
iteration 1000
Best Fitness: [0.]
100
iteration 1100
Best Fitness: [0.]
100
iteration 1200
Best Fitness: [0.]
100
iteration 1300
Best Fitness: [0.]
100
iteration 1400
Best Fitness: [0.]
100
iteration 1500
Best Fitness: [0.]
100
iteration 1600
Best Fitness: [0.]
100
iteration 1700
Best Fitness: [0.]
100
iteration 1800
Best Fitness: [0.]
100
iteration 1900
Best Fitness: [0.]
100
iteration 2000
Best Fitness: [0.]
100
iteration 2100
Best Fitness: [0.]
100
iteration 2200
Best Fitness: [0.]
100
iteration 2300
Best Fitness: [0.]
100
iteration 2400
Best Fitness: [0.]
100
iteration 2500
Best Fitness: [0.]
100
iteration 2600
Best Fitness: [0.]
100
iteration 2700
Best Fitness: [0.]
100
iteration 2800
Best Fitness: [0.]
100
iteration 2900
Best Fitness: [0.]
100
iteration 2999
Best Fitness: [0.]
100
iteration 0
Best Fitness: [9940.36510019]
1
iteration 100
Best Fitness: [784.25311812]
7
iteration 200
Best Fitness: [110.35364342]
35
iteration 300
Best Fitness: [6.38842064]
90
iteration 400
Best Fitness: [4.28835202e-13]
100
iteration 500
Best Fitness: [2.02273797e-26]
100
iteration 600
Best Fitness: [0.]
100
iteration 700
Best Fitness: [0.]
100
iteration 800
Best Fitness: [0.]
100
iteration 900
Best Fitness: [0.]
100
iteration 1000
Best Fitness: [0.]
100
iteration 1100
Best Fitness: [0.]
100
iteration 1200
Best Fitness: [0.]
100
iteration 1300
Best Fitness: [0.]
100
iteration 1400
Best Fitness: [0.]
100
iteration 1500
Best Fitness: [0.]
100
iteration 1600
Best Fitness: [0.]
100
iteration 1700
Best Fitness: [0.]
100
iteration 1800
Best Fitness: [0.]
100
iteration 1900
Best Fitness: [0.]
100
iteration 2000
Best Fitness: [0.]
100
iteration 2100
Best Fitness: [0.]
100
iteration 2200
Best Fitness: [0.]
100
iteration 2300
Best Fitness: [0.]
100
iteration 2400
Best Fitness: [0.]
100
iteration 2500
Best Fitness: [0.]
100
iteration 2600
Best Fitness: [0.]
100
iteration 2700
Best Fitness: [0.]
100
iteration 2800
Best Fitness: [0.]
100
iteration 2900
Best Fitness: [0.]
100
iteration 2999
Best Fitness: [0.]
100
iteration 0
Best Fitness: [10839.39450555]
1
iteration 100
Best Fitness: [127.50560109]
31
iteration 200
Best Fitness: [28.01181844]
43
iteration 300
Best Fitness: [3.47073067e-11]
100
iteration 400
Best Fitness: [3.78124903e-23]
100
iteration 500
Best Fitness: [0.]
100
iteration 600
Best Fitness: [0.]
100
iteration 700
Best Fitness: [0.]
100
iteration 800
Best Fitness: [0.]
100
iteration 900
Best Fitness: [0.]
100
iteration 1000
Best Fitness: [0.]
100
iteration 1100
Best Fitness: [0.]
100
iteration 1200
Best Fitness: [0.]
100
iteration 1300
Best Fitness: [0.]
100
iteration 1400
Best Fitness: [0.]
100
iteration 1500
Best Fitness: [0.]
100
iteration 1600
Best Fitness: [0.]
100
iteration 1700
Best Fitness: [0.]
100
iteration 1800
Best Fitness: [0.]
100
iteration 1900
Best Fitness: [0.]
100
iteration 2000
Best Fitness: [0.]
100
iteration 2100
Best Fitness: [0.]
100
iteration 2200
Best Fitness: [0.]
100
iteration 2300
Best Fitness: [0.]
100
iteration 2400
Best Fitness: [0.]
100
iteration 2500
Best Fitness: [0.]
100
iteration 2600
Best Fitness: [0.]
100
iteration 2700
Best Fitness: [0.]
100
iteration 2800
Best Fitness: [0.]
100
iteration 2900
Best Fitness: [0.]
100
iteration 2999
Best Fitness: [0.]
100
iteration 0
Best Fitness: [9735.89775491]
1
iteration 100
Best Fitness: [579.31806693]
15
iteration 200
Best Fitness: [135.16423866]
37
iteration 300
Best Fitness: [1.60467802e-09]
100
iteration 400
Best Fitness: [5.50284258e-22]
100
iteration 500
Best Fitness: [0.]
100
iteration 600
Best Fitness: [0.]
100
iteration 700
Best Fitness: [0.]
100
iteration 800
Best Fitness: [0.]
100
iteration 900
Best Fitness: [0.]
100
iteration 1000
Best Fitness: [0.]
100
iteration 1100
Best Fitness: [0.]
100
iteration 1200
Best Fitness: [0.]
100
iteration 1300
Best Fitness: [0.]
100
iteration 1400
Best Fitness: [0.]
100
iteration 1500
Best Fitness: [0.]
100
iteration 1600
Best Fitness: [0.]
100
iteration 1700
Best Fitness: [0.]
100
iteration 1800
Best Fitness: [0.]
100
iteration 1900
Best Fitness: [0.]
100
iteration 2000
Best Fitness: [0.]
100
iteration 2100
Best Fitness: [0.]
100
iteration 2200
Best Fitness: [0.]
100
iteration 2300
Best Fitness: [0.]
100
iteration 2400
Best Fitness: [0.]
100
iteration 2500
Best Fitness: [0.]
100
iteration 2600
Best Fitness: [0.]
100
iteration 2700
Best Fitness: [0.]
100
iteration 2800
Best Fitness: [0.]
100
iteration 2900
Best Fitness: [0.]
100
iteration 2999
Best Fitness: [0.]
100
iteration 0
Best Fitness: [9363.23317013]
1
iteration 100
Best Fitness: [485.30726731]
26
iteration 200
Best Fitness: [134.09822166]
26
iteration 300
Best Fitness: [9.27438153e-08]
100
iteration 400
Best Fitness: [4.7281927e-20]
100
iteration 500
Best Fitness: [3.54987407e-30]
100
iteration 600
Best Fitness: [0.]
100
iteration 700
Best Fitness: [0.]
100
iteration 800
Best Fitness: [0.]
100
iteration 900
Best Fitness: [0.]
100
iteration 1000
Best Fitness: [0.]
100
iteration 1100
Best Fitness: [0.]
100
iteration 1200
Best Fitness: [0.]
100
iteration 1300
Best Fitness: [0.]
100
iteration 1400
Best Fitness: [0.]
100
iteration 1500
Best Fitness: [0.]
100
iteration 1600
Best Fitness: [0.]
100
iteration 1700
Best Fitness: [0.]
100
iteration 1800
Best Fitness: [0.]
100
iteration 1900
Best Fitness: [0.]
100
iteration 2000
Best Fitness: [0.]
100
iteration 2100
Best Fitness: [0.]
100
iteration 2200
Best Fitness: [0.]
100
iteration 2300
Best Fitness: [0.]
100
iteration 2400
Best Fitness: [0.]
100
iteration 2500
Best Fitness: [0.]
100
iteration 2600
Best Fitness: [0.]
100
iteration 2700
Best Fitness: [0.]
100
iteration 2800
Best Fitness: [0.]
100
iteration 2900
Best Fitness: [0.]
100
iteration 2999
Best Fitness: [0.]
100
iteration 0
Best Fitness: [9722.31067608]
1
iteration 100
Best Fitness: [242.54244958]
17
iteration 200
Best Fitness: [63.78901046]
61
iteration 300
Best Fitness: [4.05168679e-08]
100
iteration 400
Best Fitness: [4.88748062e-19]
100
iteration 500
Best Fitness: [1.73549399e-29]
100
iteration 600
Best Fitness: [0.]
100
iteration 700
Best Fitness: [0.]
100
iteration 800
Best Fitness: [0.]
100
iteration 900
Best Fitness: [0.]
100
iteration 1000
Best Fitness: [0.]
100
iteration 1100
Best Fitness: [0.]
100
iteration 1200
Best Fitness: [0.]
100
iteration 1300
Best Fitness: [0.]
100
iteration 1400
Best Fitness: [0.]
100
iteration 1500
Best Fitness: [0.]
100
iteration 1600
Best Fitness: [0.]
100
iteration 1700
Best Fitness: [0.]
100
iteration 1800
Best Fitness: [0.]
100
iteration 1900
Best Fitness: [0.]
100
iteration 2000
Best Fitness: [0.]
100
iteration 2100
Best Fitness: [0.]
100
iteration 2200
Best Fitness: [0.]
100
iteration 2300
Best Fitness: [0.]
100
iteration 2400
Best Fitness: [0.]
100
iteration 2500
Best Fitness: [0.]
100
iteration 2600
Best Fitness: [0.]
100
iteration 2700
Best Fitness: [0.]
100
iteration 2800
Best Fitness: [0.]
100
iteration 2900
Best Fitness: [0.]
100
iteration 2999
Best Fitness: [0.]
100
iteration 0
Best Fitness: [10176.19950271]
1
iteration 100
Best Fitness: [704.188235]
11
iteration 200
Best Fitness: [312.1726981]
40
iteration 300
Best Fitness: [3.00092144]
91
iteration 400
Best Fitness: [4.06166909e-16]
100
iteration 500
Best Fitness: [1.82102624e-26]
100
iteration 600
Best Fitness: [0.]
100
iteration 700
Best Fitness: [0.]
100
iteration 800
Best Fitness: [0.]
100
iteration 900
Best Fitness: [0.]
100
iteration 1000
Best Fitness: [0.]
100
iteration 1100
Best Fitness: [0.]
100
iteration 1200
Best Fitness: [0.]
100
iteration 1300
Best Fitness: [0.]
100
iteration 1400
Best Fitness: [0.]
100
iteration 1500
Best Fitness: [0.]
100
iteration 1600
Best Fitness: [0.]
100
iteration 1700
Best Fitness: [0.]
100
iteration 1800
Best Fitness: [0.]
100
iteration 1900
Best Fitness: [0.]
100
iteration 2000
Best Fitness: [0.]
100
iteration 2100
Best Fitness: [0.]
100
iteration 2200
Best Fitness: [0.]
100
iteration 2300
Best Fitness: [0.]
100
iteration 2400
Best Fitness: [0.]
100
iteration 2500
Best Fitness: [0.]
100
iteration 2600
Best Fitness: [0.]
100
iteration 2700
Best Fitness: [0.]
100
iteration 2800
Best Fitness: [0.]
100
iteration 2900
Best Fitness: [0.]
100
iteration 2999
Best Fitness: [0.]
100
iteration 0
Best Fitness: [10553.69272128]
1
iteration 100
Best Fitness: [387.32148125]
11
iteration 200
Best Fitness: [133.2680335]
23
iteration 300
Best Fitness: [11.32553968]
49
iteration 400
Best Fitness: [5.71691163e-13]
100
iteration 500
Best Fitness: [2.46082418e-24]
100
iteration 600
Best Fitness: [0.]
100
iteration 700
Best Fitness: [0.]
100
iteration 800
Best Fitness: [0.]
100
iteration 900
Best Fitness: [0.]
100
iteration 1000
Best Fitness: [0.]
100
iteration 1100
Best Fitness: [0.]
100
iteration 1200
Best Fitness: [0.]
100
iteration 1300
Best Fitness: [0.]
100
iteration 1400
Best Fitness: [0.]
100
iteration 1500
Best Fitness: [0.]
100
iteration 1600
Best Fitness: [0.]
100
iteration 1700
Best Fitness: [0.]
100
iteration 1800
Best Fitness: [0.]
100
iteration 1900
Best Fitness: [0.]
100
iteration 2000
Best Fitness: [0.]
100
iteration 2100
Best Fitness: [0.]
100
iteration 2200
Best Fitness: [0.]
100
iteration 2300
Best Fitness: [0.]
100
iteration 2400
Best Fitness: [0.]
100
iteration 2500
Best Fitness: [0.]
100
iteration 2600
Best Fitness: [0.]
100
iteration 2700
Best Fitness: [0.]
100
iteration 2800
Best Fitness: [0.]
100
iteration 2900
Best Fitness: [0.]
100
iteration 2999
Best Fitness: [0.]
100
[array([0.]), array([0.]), array([0.]), array([0.]), array([0.]), array([0.]), array([0.]), array([0.]), array([0.]), array([0.])]
iteration 0
Best Fitness: [1529.48814109]
1
iteration 100
Best Fitness: [226.51986057]
9
iteration 200
Best Fitness: [49.62353737]
27
iteration 300
Best Fitness: [8.01303843e-07]
100
iteration 400
Best Fitness: [0.]
100
iteration 500
Best Fitness: [0.]
100
iteration 600
Best Fitness: [0.]
100
iteration 700
Best Fitness: [0.]
100
iteration 800
Best Fitness: [0.]
100
iteration 900
Best Fitness: [0.]
100
iteration 1000
Best Fitness: [0.]
100
iteration 1100
Best Fitness: [0.]
100
iteration 1200
Best Fitness: [0.]
100
iteration 1300
Best Fitness: [0.]
100
iteration 1400
Best Fitness: [0.]
100
iteration 1500
Best Fitness: [0.]
100
iteration 1600
Best Fitness: [0.]
100
iteration 1700
Best Fitness: [0.]
100
iteration 1800
Best Fitness: [0.]
100
iteration 1900
Best Fitness: [0.]
100
iteration 2000
Best Fitness: [0.]
100
iteration 2100
Best Fitness: [0.]
100
iteration 2200
Best Fitness: [0.]
100
iteration 2300
Best Fitness: [0.]
100
iteration 2400
Best Fitness: [0.]
100
iteration 2500
Best Fitness: [0.]
100
iteration 2600
Best Fitness: [0.]
100
iteration 2700
Best Fitness: [0.]
100
iteration 2800
Best Fitness: [0.]
100
iteration 2900
Best Fitness: [0.]
100
iteration 2999
Best Fitness: [0.]
100
iteration 0
Best Fitness: [1496.39632234]
1
iteration 100
Best Fitness: [365.601976]
15
iteration 200
Best Fitness: [5.45364934e-06]
100
iteration 300
Best Fitness: [1.77635684e-15]
100
iteration 400
Best Fitness: [0.]
100
iteration 500
Best Fitness: [0.]
100
iteration 600
Best Fitness: [0.]
100
iteration 700
Best Fitness: [0.]
100
iteration 800
Best Fitness: [0.]
100
iteration 900
Best Fitness: [0.]
100
iteration 1000
Best Fitness: [0.]
100
iteration 1100
Best Fitness: [0.]
100
iteration 1200
Best Fitness: [0.]
100
iteration 1300
Best Fitness: [0.]
100
iteration 1400
Best Fitness: [0.]
100
iteration 1500
Best Fitness: [0.]
100
iteration 1600
Best Fitness: [0.]
100
iteration 1700
Best Fitness: [0.]
100
iteration 1800
Best Fitness: [0.]
100
iteration 1900
Best Fitness: [0.]
100
iteration 2000
Best Fitness: [0.]
100
iteration 2100
Best Fitness: [0.]
100
iteration 2200
Best Fitness: [0.]
100
iteration 2300
Best Fitness: [0.]
100
iteration 2400
Best Fitness: [0.]
100
iteration 2500
Best Fitness: [0.]
100
iteration 2600
Best Fitness: [0.]
100
iteration 2700
Best Fitness: [0.]
100
iteration 2800
Best Fitness: [0.]
100
iteration 2900
Best Fitness: [0.]
100
iteration 2999
Best Fitness: [0.]
100
iteration 0
Best Fitness: [1576.28163605]
1
iteration 100
Best Fitness: [341.35821614]
15
iteration 200
Best Fitness: [27.86675405]
82
iteration 300
Best Fitness: [3.03987946e-11]
100
iteration 400
Best Fitness: [0.]
100
iteration 500
Best Fitness: [0.]
100
iteration 600
Best Fitness: [0.]
100
iteration 700
Best Fitness: [0.]
100
iteration 800
Best Fitness: [0.]
100
iteration 900
Best Fitness: [0.]
100
iteration 1000
Best Fitness: [0.]
100
iteration 1100
Best Fitness: [0.]
100
iteration 1200
Best Fitness: [0.]
100
iteration 1300
Best Fitness: [0.]
100
iteration 1400
Best Fitness: [0.]
100
iteration 1500
Best Fitness: [0.]
100
iteration 1600
Best Fitness: [0.]
100
iteration 1700
Best Fitness: [0.]
100
iteration 1800
Best Fitness: [0.]
100
iteration 1900
Best Fitness: [0.]
100
iteration 2000
Best Fitness: [0.]
100
iteration 2100
Best Fitness: [0.]
100
iteration 2200
Best Fitness: [0.]
100
iteration 2300
Best Fitness: [0.]
100
iteration 2400
Best Fitness: [0.]
100
iteration 2500
Best Fitness: [0.]
100
iteration 2600
Best Fitness: [0.]
100
iteration 2700
Best Fitness: [0.]
100
iteration 2800
Best Fitness: [0.]
100
iteration 2900
Best Fitness: [0.]
100
iteration 2999
Best Fitness: [0.]
100
iteration 0
Best Fitness: [1546.06234466]
1
iteration 100
Best Fitness: [288.32168776]
19
iteration 200
Best Fitness: [24.34414762]
81
iteration 300
Best Fitness: [1.77884374e-11]
100
iteration 400
Best Fitness: [0.]
100
iteration 500
Best Fitness: [0.]
100
iteration 600
Best Fitness: [0.]
100
iteration 700
Best Fitness: [0.]
100
iteration 800
Best Fitness: [0.]
100
iteration 900
Best Fitness: [0.]
100
iteration 1000
Best Fitness: [0.]
100
iteration 1100
Best Fitness: [0.]
100
iteration 1200
Best Fitness: [0.]
100
iteration 1300
Best Fitness: [0.]
100
iteration 1400
Best Fitness: [0.]
100
iteration 1500
Best Fitness: [0.]
100
iteration 1600
Best Fitness: [0.]
100
iteration 1700
Best Fitness: [0.]
100
iteration 1800
Best Fitness: [0.]
100
iteration 1900
Best Fitness: [0.]
100
iteration 2000
Best Fitness: [0.]
100
iteration 2100
Best Fitness: [0.]
100
iteration 2200
Best Fitness: [0.]
100
iteration 2300
Best Fitness: [0.]
100
iteration 2400
Best Fitness: [0.]
100
iteration 2500
Best Fitness: [0.]
100
iteration 2600
Best Fitness: [0.]
100
iteration 2700
Best Fitness: [0.]
100
iteration 2800
Best Fitness: [0.]
100
iteration 2900
Best Fitness: [0.]
100
iteration 2999
Best Fitness: [0.]
100
iteration 0
Best Fitness: [1491.78661782]
1
iteration 100
Best Fitness: [345.06292407]
13
iteration 200
Best Fitness: [21.59938902]
81
iteration 300
Best Fitness: [2.65920619e-12]
100
iteration 400
Best Fitness: [0.]
100
iteration 500
Best Fitness: [0.]
100
iteration 600
Best Fitness: [0.]
100
iteration 700
Best Fitness: [0.]
100
iteration 800
Best Fitness: [0.]
100
iteration 900
Best Fitness: [0.]
100
iteration 1000
Best Fitness: [0.]
100
iteration 1100
Best Fitness: [0.]
100
iteration 1200
Best Fitness: [0.]
100
iteration 1300
Best Fitness: [0.]
100
iteration 1400
Best Fitness: [0.]
100
iteration 1500
Best Fitness: [0.]
100
iteration 1600
Best Fitness: [0.]
100
iteration 1700
Best Fitness: [0.]
100
iteration 1800
Best Fitness: [0.]
100
iteration 1900
Best Fitness: [0.]
100
iteration 2000
Best Fitness: [0.]
100
iteration 2100
Best Fitness: [0.]
100
iteration 2200
Best Fitness: [0.]
100
iteration 2300
Best Fitness: [0.]
100
iteration 2400
Best Fitness: [0.]
100
iteration 2500
Best Fitness: [0.]
100
iteration 2600
Best Fitness: [0.]
100
iteration 2700
Best Fitness: [0.]
100
iteration 2800
Best Fitness: [0.]
100
iteration 2900
Best Fitness: [0.]
100
iteration 2999
Best Fitness: [0.]
100
iteration 0
Best Fitness: [1540.53485516]
1
iteration 100
Best Fitness: [248.90051873]
11
iteration 200
Best Fitness: [71.00428651]
30
iteration 300
Best Fitness: [8.00734824e-07]
100
iteration 400
Best Fitness: [0.]
100
iteration 500
Best Fitness: [0.]
100
iteration 600
Best Fitness: [0.]
100
iteration 700
Best Fitness: [0.]
100
iteration 800
Best Fitness: [0.]
100
iteration 900
Best Fitness: [0.]
100
iteration 1000
Best Fitness: [0.]
100
iteration 1100
Best Fitness: [0.]
100
iteration 1200
Best Fitness: [0.]
100
iteration 1300
Best Fitness: [0.]
100
iteration 1400
Best Fitness: [0.]
100
iteration 1500
Best Fitness: [0.]
100
iteration 1600
Best Fitness: [0.]
100
iteration 1700
Best Fitness: [0.]
100
iteration 1800
Best Fitness: [0.]
100
iteration 1900
Best Fitness: [0.]
100
iteration 2000
Best Fitness: [0.]
100
iteration 2100
Best Fitness: [0.]
100
iteration 2200
Best Fitness: [0.]
100
iteration 2300
Best Fitness: [0.]
100
iteration 2400
Best Fitness: [0.]
100
iteration 2500
Best Fitness: [0.]
100
iteration 2600
Best Fitness: [0.]
100
iteration 2700
Best Fitness: [0.]
100
iteration 2800
Best Fitness: [0.]
100
iteration 2900
Best Fitness: [0.]
100
iteration 2999
Best Fitness: [0.]
100
iteration 0
Best Fitness: [1466.41791919]
1
iteration 100
Best Fitness: [200.70736742]
17
iteration 200
Best Fitness: [19.77525755]
48
iteration 300
Best Fitness: [1.72484249e-12]
100
iteration 400
Best Fitness: [0.]
100
iteration 500
Best Fitness: [0.]
100
iteration 600
Best Fitness: [0.]
100
iteration 700
Best Fitness: [0.]
100
iteration 800
Best Fitness: [0.]
100
iteration 900
Best Fitness: [0.]
100
iteration 1000
Best Fitness: [0.]
100
iteration 1100
Best Fitness: [0.]
100
iteration 1200
Best Fitness: [0.]
100
iteration 1300
Best Fitness: [0.]
100
iteration 1400
Best Fitness: [0.]
100
iteration 1500
Best Fitness: [0.]
100
iteration 1600
Best Fitness: [0.]
100
iteration 1700
Best Fitness: [0.]
100
iteration 1800
Best Fitness: [0.]
100
iteration 1900
Best Fitness: [0.]
100
iteration 2000
Best Fitness: [0.]
100
iteration 2100
Best Fitness: [0.]
100
iteration 2200
Best Fitness: [0.]
100
iteration 2300
Best Fitness: [0.]
100
iteration 2400
Best Fitness: [0.]
100
iteration 2500
Best Fitness: [0.]
100
iteration 2600
Best Fitness: [0.]
100
iteration 2700
Best Fitness: [0.]
100
iteration 2800
Best Fitness: [0.]
100
iteration 2900
Best Fitness: [0.]
100
iteration 2999
Best Fitness: [0.]
100
iteration 0
Best Fitness: [1534.43465434]
1
iteration 100
Best Fitness: [120.80575968]
19
iteration 200
Best Fitness: [28.54335266]
59
iteration 300
Best Fitness: [9.45021839e-13]
100
iteration 400
Best Fitness: [0.]
100
iteration 500
Best Fitness: [0.]
100
iteration 600
Best Fitness: [0.]
100
iteration 700
Best Fitness: [0.]
100
iteration 800
Best Fitness: [0.]
100
iteration 900
Best Fitness: [0.]
100
iteration 1000
Best Fitness: [0.]
100
iteration 1100
Best Fitness: [0.]
100
iteration 1200
Best Fitness: [0.]
100
iteration 1300
Best Fitness: [0.]
100
iteration 1400
Best Fitness: [0.]
100
iteration 1500
Best Fitness: [0.]
100
iteration 1600
Best Fitness: [0.]
100
iteration 1700
Best Fitness: [0.]
100
iteration 1800
Best Fitness: [0.]
100
iteration 1900
Best Fitness: [0.]
100
iteration 2000
Best Fitness: [0.]
100
iteration 2100
Best Fitness: [0.]
100
iteration 2200
Best Fitness: [0.]
100
iteration 2300
Best Fitness: [0.]
100
iteration 2400
Best Fitness: [0.]
100
iteration 2500
Best Fitness: [0.]
100
iteration 2600
Best Fitness: [0.]
100
iteration 2700
Best Fitness: [0.]
100
iteration 2800
Best Fitness: [0.]
100
iteration 2900
Best Fitness: [0.]
100
iteration 2999
Best Fitness: [0.]
100
iteration 0
Best Fitness: [1464.48756961]
1
iteration 100
Best Fitness: [309.09706054]
35
iteration 200
Best Fitness: [88.12184212]
45
iteration 300
Best Fitness: [1.77720864e-07]
100
iteration 400
Best Fitness: [0.]
100
iteration 500
Best Fitness: [0.]
100
iteration 600
Best Fitness: [0.]
100
iteration 700
Best Fitness: [0.]
100
iteration 800
Best Fitness: [0.]
100
iteration 900
Best Fitness: [0.]
100
iteration 1000
Best Fitness: [0.]
100
iteration 1100
Best Fitness: [0.]
100
iteration 1200
Best Fitness: [0.]
100
iteration 1300
Best Fitness: [0.]
100
iteration 1400
Best Fitness: [0.]
100
iteration 1500
Best Fitness: [0.]
100
iteration 1600
Best Fitness: [0.]
100
iteration 1700
Best Fitness: [0.]
100
iteration 1800
Best Fitness: [0.]
100
iteration 1900
Best Fitness: [0.]
100
iteration 2000
Best Fitness: [0.]
100
iteration 2100
Best Fitness: [0.]
100
iteration 2200
Best Fitness: [0.]
100
iteration 2300
Best Fitness: [0.]
100
iteration 2400
Best Fitness: [0.]
100
iteration 2500
Best Fitness: [0.]
100
iteration 2600
Best Fitness: [0.]
100
iteration 2700
Best Fitness: [0.]
100
iteration 2800
Best Fitness: [0.]
100
iteration 2900
Best Fitness: [0.]
100
iteration 2999
Best Fitness: [0.]
100
iteration 0
Best Fitness: [1527.62613896]
1
iteration 100
Best Fitness: [302.91040441]
17
iteration 200
Best Fitness: [35.7361389]
35
iteration 300
Best Fitness: [9.24629262e-11]
100
iteration 400
Best Fitness: [0.]
100
iteration 500
Best Fitness: [0.]
100
iteration 600
Best Fitness: [0.]
100
iteration 700
Best Fitness: [0.]
100
iteration 800
Best Fitness: [0.]
100
iteration 900
Best Fitness: [0.]
100
iteration 1000
Best Fitness: [0.]
100
iteration 1100
Best Fitness: [0.]
100
iteration 1200
Best Fitness: [0.]
100
iteration 1300
Best Fitness: [0.]
100
iteration 1400
Best Fitness: [0.]
100
iteration 1500
Best Fitness: [0.]
100
iteration 1600
Best Fitness: [0.]
100
iteration 1700
Best Fitness: [0.]
100
iteration 1800
Best Fitness: [0.]
100
iteration 1900
Best Fitness: [0.]
100
iteration 2000
Best Fitness: [0.]
100
iteration 2100
Best Fitness: [0.]
100
iteration 2200
Best Fitness: [0.]
100
iteration 2300
Best Fitness: [0.]
100
iteration 2400
Best Fitness: [0.]
100
iteration 2500
Best Fitness: [0.]
100
iteration 2600
Best Fitness: [0.]
100
iteration 2700
Best Fitness: [0.]
100
iteration 2800
Best Fitness: [0.]
100
iteration 2900
Best Fitness: [0.]
100
iteration 2999
Best Fitness: [0.]
100
[array([0.]), array([0.]), array([0.]), array([0.]), array([0.]), array([0.]), array([0.]), array([0.]), array([0.]), array([0.])]
iteration 0
Best Fitness: [64970.92205275]
1
iteration 100
Best Fitness: [5976.52857346]
11
iteration 200
Best Fitness: [591.54950441]
27
iteration 300
Best Fitness: [5.3899379e-08]
100
iteration 400
Best Fitness: [1.06888704e-19]
100
iteration 500
Best Fitness: [8.97924409e-30]
100
iteration 600
Best Fitness: [1.49975978e-32]
100
iteration 700
Best Fitness: [1.49975978e-32]
100
iteration 800
Best Fitness: [1.49975978e-32]
100
iteration 900
Best Fitness: [1.49975978e-32]
100
iteration 1000
Best Fitness: [1.49975978e-32]
100
iteration 1100
Best Fitness: [1.49975978e-32]
100
iteration 1200
Best Fitness: [1.49975978e-32]
100
iteration 1300
Best Fitness: [1.49975978e-32]
100
iteration 1400
Best Fitness: [1.49975978e-32]
100
iteration 1500
Best Fitness: [1.49975978e-32]
100
iteration 1600
Best Fitness: [1.49975978e-32]
100
iteration 1700
Best Fitness: [1.49975978e-32]
100
iteration 1800
Best Fitness: [1.49975978e-32]
100
iteration 1900
Best Fitness: [1.49975978e-32]
100
iteration 2000
Best Fitness: [1.49975978e-32]
100
iteration 2100
Best Fitness: [1.49975978e-32]
100
iteration 2200
Best Fitness: [1.49975978e-32]
100
iteration 2300
Best Fitness: [1.49975978e-32]
100
iteration 2400
Best Fitness: [1.49975978e-32]
100
iteration 2500
Best Fitness: [1.49975978e-32]
100
iteration 2600
Best Fitness: [1.49975978e-32]
100
iteration 2700
Best Fitness: [1.49975978e-32]
100
iteration 2800
Best Fitness: [1.49975978e-32]
100
iteration 2900
Best Fitness: [1.49975978e-32]
100
iteration 2999
Best Fitness: [1.49975978e-32]
100
iteration 0
Best Fitness: [66236.17280824]
1
iteration 100
Best Fitness: [727.51511186]
13
iteration 200
Best Fitness: [0.03706433]
84
iteration 300
Best Fitness: [1.31989985e-16]
100
iteration 400
Best Fitness: [9.84896219e-28]
100
iteration 500
Best Fitness: [1.49975978e-32]
100
iteration 600
Best Fitness: [1.49975978e-32]
100
iteration 700
Best Fitness: [1.49975978e-32]
100
iteration 800
Best Fitness: [1.49975978e-32]
100
iteration 900
Best Fitness: [1.49975978e-32]
100
iteration 1000
Best Fitness: [1.49975978e-32]
100
iteration 1100
Best Fitness: [1.49975978e-32]
100
iteration 1200
Best Fitness: [1.49975978e-32]
100
iteration 1300
Best Fitness: [1.49975978e-32]
100
iteration 1400
Best Fitness: [1.49975978e-32]
100
iteration 1500
Best Fitness: [1.49975978e-32]
100
iteration 1600
Best Fitness: [1.49975978e-32]
100
iteration 1700
Best Fitness: [1.49975978e-32]
100
iteration 1800
Best Fitness: [1.49975978e-32]
100
iteration 1900
Best Fitness: [1.49975978e-32]
100
iteration 2000
Best Fitness: [1.49975978e-32]
100
iteration 2100
Best Fitness: [1.49975978e-32]
100
iteration 2200
Best Fitness: [1.49975978e-32]
100
iteration 2300
Best Fitness: [1.49975978e-32]
100
iteration 2400
Best Fitness: [1.49975978e-32]
100
iteration 2500
Best Fitness: [1.49975978e-32]
100
iteration 2600
Best Fitness: [1.49975978e-32]
100
iteration 2700
Best Fitness: [1.49975978e-32]
100
iteration 2800
Best Fitness: [1.49975978e-32]
100
iteration 2900
Best Fitness: [1.49975978e-32]
100
iteration 2999
Best Fitness: [1.49975978e-32]
100
iteration 0
Best Fitness: [72687.75737107]
1
iteration 100
Best Fitness: [486.60287686]
19
iteration 200
Best Fitness: [0.15254823]
91
iteration 300
Best Fitness: [9.16445315e-17]
100
iteration 400
Best Fitness: [2.69131517e-27]
100
iteration 500
Best Fitness: [1.49975978e-32]
100
iteration 600
Best Fitness: [1.49975978e-32]
100
iteration 700
Best Fitness: [1.49975978e-32]
100
iteration 800
Best Fitness: [1.49975978e-32]
100
iteration 900
Best Fitness: [1.49975978e-32]
100
iteration 1000
Best Fitness: [1.49975978e-32]
100
iteration 1100
Best Fitness: [1.49975978e-32]
100
iteration 1200
Best Fitness: [1.49975978e-32]
100
iteration 1300
Best Fitness: [1.49975978e-32]
100
iteration 1400
Best Fitness: [1.49975978e-32]
100
iteration 1500
Best Fitness: [1.49975978e-32]
100
iteration 1600
Best Fitness: [1.49975978e-32]
100
iteration 1700
Best Fitness: [1.49975978e-32]
100
iteration 1800
Best Fitness: [1.49975978e-32]
100
iteration 1900
Best Fitness: [1.49975978e-32]
100
iteration 2000
Best Fitness: [1.49975978e-32]
100
iteration 2100
Best Fitness: [1.49975978e-32]
100
iteration 2200
Best Fitness: [1.49975978e-32]
100
iteration 2300
Best Fitness: [1.49975978e-32]
100
iteration 2400
Best Fitness: [1.49975978e-32]
100
iteration 2500
Best Fitness: [1.49975978e-32]
100
iteration 2600
Best Fitness: [1.49975978e-32]
100
iteration 2700
Best Fitness: [1.49975978e-32]
100
iteration 2800
Best Fitness: [1.49975978e-32]
100
iteration 2900
Best Fitness: [1.49975978e-32]
100
iteration 2999
Best Fitness: [1.49975978e-32]
100
iteration 0
Best Fitness: [69784.31053896]
1
iteration 100
Best Fitness: [7337.55105531]
27
iteration 200
Best Fitness: [103.7652977]
90
iteration 300
Best Fitness: [1.7742967e-13]
100
iteration 400
Best Fitness: [1.21198441e-23]
100
iteration 500
Best Fitness: [1.49975978e-32]
100
iteration 600
Best Fitness: [1.49975978e-32]
100
iteration 700
Best Fitness: [1.49975978e-32]
100
iteration 800
Best Fitness: [1.49975978e-32]
100
iteration 900
Best Fitness: [1.49975978e-32]
100
iteration 1000
Best Fitness: [1.49975978e-32]
100
iteration 1100
Best Fitness: [1.49975978e-32]
100
iteration 1200
Best Fitness: [1.49975978e-32]
100
iteration 1300
Best Fitness: [1.49975978e-32]
100
iteration 1400
Best Fitness: [1.49975978e-32]
100
iteration 1500
Best Fitness: [1.49975978e-32]
100
iteration 1600
Best Fitness: [1.49975978e-32]
100
iteration 1700
Best Fitness: [1.49975978e-32]
100
iteration 1800
Best Fitness: [1.49975978e-32]
100
iteration 1900
Best Fitness: [1.49975978e-32]
100
iteration 2000
Best Fitness: [1.49975978e-32]
100
iteration 2100
Best Fitness: [1.49975978e-32]
100
iteration 2200
Best Fitness: [1.49975978e-32]
100
iteration 2300
Best Fitness: [1.49975978e-32]
100
iteration 2400
Best Fitness: [1.49975978e-32]
100
iteration 2500
Best Fitness: [1.49975978e-32]
100
iteration 2600
Best Fitness: [1.49975978e-32]
100
iteration 2700
Best Fitness: [1.49975978e-32]
100
iteration 2800
Best Fitness: [1.49975978e-32]
100
iteration 2900
Best Fitness: [1.49975978e-32]
100
iteration 2999
Best Fitness: [1.49975978e-32]
100
iteration 0
Best Fitness: [73275.33151309]
1
iteration 100
Best Fitness: [424.84706971]
25
iteration 200
Best Fitness: [0.80493586]
75
iteration 300
Best Fitness: [1.59141275e-15]
100
iteration 400
Best Fitness: [2.62307216e-25]
100
iteration 500
Best Fitness: [1.49975978e-32]
100
iteration 600
Best Fitness: [1.49975978e-32]
100
iteration 700
Best Fitness: [1.49975978e-32]
100
iteration 800
Best Fitness: [1.49975978e-32]
100
iteration 900
Best Fitness: [1.49975978e-32]
100
iteration 1000
Best Fitness: [1.49975978e-32]
100
iteration 1100
Best Fitness: [1.49975978e-32]
100
iteration 1200
Best Fitness: [1.49975978e-32]
100
iteration 1300
Best Fitness: [1.49975978e-32]
100
iteration 1400
Best Fitness: [1.49975978e-32]
100
iteration 1500
Best Fitness: [1.49975978e-32]
100
iteration 1600
Best Fitness: [1.49975978e-32]
100
iteration 1700
Best Fitness: [1.49975978e-32]
100
iteration 1800
Best Fitness: [1.49975978e-32]
100
iteration 1900
Best Fitness: [1.49975978e-32]
100
iteration 2000
Best Fitness: [1.49975978e-32]
100
iteration 2100
Best Fitness: [1.49975978e-32]
100
iteration 2200
Best Fitness: [1.49975978e-32]
100
iteration 2300
Best Fitness: [1.49975978e-32]
100
iteration 2400
Best Fitness: [1.49975978e-32]
100
iteration 2500
Best Fitness: [1.49975978e-32]
100
iteration 2600
Best Fitness: [1.49975978e-32]
100
iteration 2700
Best Fitness: [1.49975978e-32]
100
iteration 2800
Best Fitness: [1.49975978e-32]
100
iteration 2900
Best Fitness: [1.49975978e-32]
100
iteration 2999
Best Fitness: [1.49975978e-32]
100
iteration 0
Best Fitness: [71251.12107664]
1
iteration 100
Best Fitness: [685.3461139]
13
iteration 200
Best Fitness: [4.10768842]
32
iteration 300
Best Fitness: [7.4679349e-13]
100
iteration 400
Best Fitness: [2.81410256e-24]
100
iteration 500
Best Fitness: [1.49975978e-32]
100
iteration 600
Best Fitness: [1.49975978e-32]
100
iteration 700
Best Fitness: [1.49975978e-32]
100
iteration 800
Best Fitness: [1.49975978e-32]
100
iteration 900
Best Fitness: [1.49975978e-32]
100
iteration 1000
Best Fitness: [1.49975978e-32]
100
iteration 1100
Best Fitness: [1.49975978e-32]
100
iteration 1200
Best Fitness: [1.49975978e-32]
100
iteration 1300
Best Fitness: [1.49975978e-32]
100
iteration 1400
Best Fitness: [1.49975978e-32]
100
iteration 1500
Best Fitness: [1.49975978e-32]
100
iteration 1600
Best Fitness: [1.49975978e-32]
100
iteration 1700
Best Fitness: [1.49975978e-32]
100
iteration 1800
Best Fitness: [1.49975978e-32]
100
iteration 1900
Best Fitness: [1.49975978e-32]
100
iteration 2000
Best Fitness: [1.49975978e-32]
100
iteration 2100
Best Fitness: [1.49975978e-32]
100
iteration 2200
Best Fitness: [1.49975978e-32]
100
iteration 2300
Best Fitness: [1.49975978e-32]
100
iteration 2400
Best Fitness: [1.49975978e-32]
100
iteration 2500
Best Fitness: [1.49975978e-32]
100
iteration 2600
Best Fitness: [1.49975978e-32]
100
iteration 2700
Best Fitness: [1.49975978e-32]
100
iteration 2800
Best Fitness: [1.49975978e-32]
100
iteration 2900
Best Fitness: [1.49975978e-32]
100
iteration 2999
Best Fitness: [1.49975978e-32]
100
iteration 0
Best Fitness: [60313.58636014]
1
iteration 100
Best Fitness: [434.26830374]
13
iteration 200
Best Fitness: [4.8278375]
57
iteration 300
Best Fitness: [4.54905136e-13]
100
iteration 400
Best Fitness: [1.20448031e-23]
100
iteration 500
Best Fitness: [1.49975978e-32]
100
iteration 600
Best Fitness: [1.49975978e-32]
100
iteration 700
Best Fitness: [1.49975978e-32]
100
iteration 800
Best Fitness: [1.49975978e-32]
100
iteration 900
Best Fitness: [1.49975978e-32]
100
iteration 1000
Best Fitness: [1.49975978e-32]
100
iteration 1100
Best Fitness: [1.49975978e-32]
100
iteration 1200
Best Fitness: [1.49975978e-32]
100
iteration 1300
Best Fitness: [1.49975978e-32]
100
iteration 1400
Best Fitness: [1.49975978e-32]
100
iteration 1500
Best Fitness: [1.49975978e-32]
100
iteration 1600
Best Fitness: [1.49975978e-32]
100
iteration 1700
Best Fitness: [1.49975978e-32]
100
iteration 1800
Best Fitness: [1.49975978e-32]
100
iteration 1900
Best Fitness: [1.49975978e-32]
100
iteration 2000
Best Fitness: [1.49975978e-32]
100
iteration 2100
Best Fitness: [1.49975978e-32]
100
iteration 2200
Best Fitness: [1.49975978e-32]
100
iteration 2300
Best Fitness: [1.49975978e-32]
100
iteration 2400
Best Fitness: [1.49975978e-32]
100
iteration 2500
Best Fitness: [1.49975978e-32]
100
iteration 2600
Best Fitness: [1.49975978e-32]
100
iteration 2700
Best Fitness: [1.49975978e-32]
100
iteration 2800
Best Fitness: [1.49975978e-32]
100
iteration 2900
Best Fitness: [1.49975978e-32]
100
iteration 2999
Best Fitness: [1.49975978e-32]
100
iteration 0
Best Fitness: [72215.44366793]
1
iteration 100
Best Fitness: [522.33598126]
13
iteration 200
Best Fitness: [5.81237491]
33
iteration 300
Best Fitness: [4.23675731e-13]
100
iteration 400
Best Fitness: [2.61480241e-23]
100
iteration 500
Best Fitness: [1.49975978e-32]
100
iteration 600
Best Fitness: [1.49975978e-32]
100
iteration 700
Best Fitness: [1.49975978e-32]
100
iteration 800
Best Fitness: [1.49975978e-32]
100
iteration 900
Best Fitness: [1.49975978e-32]
100
iteration 1000
Best Fitness: [1.49975978e-32]
100
iteration 1100
Best Fitness: [1.49975978e-32]
100
iteration 1200
Best Fitness: [1.49975978e-32]
100
iteration 1300
Best Fitness: [1.49975978e-32]
100
iteration 1400
Best Fitness: [1.49975978e-32]
100
iteration 1500
Best Fitness: [1.49975978e-32]
100
iteration 1600
Best Fitness: [1.49975978e-32]
100
iteration 1700
Best Fitness: [1.49975978e-32]
100
iteration 1800
Best Fitness: [1.49975978e-32]
100
iteration 1900
Best Fitness: [1.49975978e-32]
100
iteration 2000
Best Fitness: [1.49975978e-32]
100
iteration 2100
Best Fitness: [1.49975978e-32]
100
iteration 2200
Best Fitness: [1.49975978e-32]
100
iteration 2300
Best Fitness: [1.49975978e-32]
100
iteration 2400
Best Fitness: [1.49975978e-32]
100
iteration 2500
Best Fitness: [1.49975978e-32]
100
iteration 2600
Best Fitness: [1.49975978e-32]
100
iteration 2700
Best Fitness: [1.49975978e-32]
100
iteration 2800
Best Fitness: [1.49975978e-32]
100
iteration 2900
Best Fitness: [1.49975978e-32]
100
iteration 2999
Best Fitness: [1.49975978e-32]
100
iteration 0
Best Fitness: [66260.66752035]
1
iteration 100
Best Fitness: [324.9336452]
25
iteration 200
Best Fitness: [4.50478175]
37
iteration 300
Best Fitness: [1.84825542e-13]
100
iteration 400
Best Fitness: [1.35738087e-23]
100
iteration 500
Best Fitness: [1.49975978e-32]
100
iteration 600
Best Fitness: [1.49975978e-32]
100
iteration 700
Best Fitness: [1.49975978e-32]
100
iteration 800
Best Fitness: [1.49975978e-32]
100
iteration 900
Best Fitness: [1.49975978e-32]
100
iteration 1000
Best Fitness: [1.49975978e-32]
100
iteration 1100
Best Fitness: [1.49975978e-32]
100
iteration 1200
Best Fitness: [1.49975978e-32]
100
iteration 1300
Best Fitness: [1.49975978e-32]
100
iteration 1400
Best Fitness: [1.49975978e-32]
100
iteration 1500
Best Fitness: [1.49975978e-32]
100
iteration 1600
Best Fitness: [1.49975978e-32]
100
iteration 1700
Best Fitness: [1.49975978e-32]
100
iteration 1800
Best Fitness: [1.49975978e-32]
100
iteration 1900
Best Fitness: [1.49975978e-32]
100
iteration 2000
Best Fitness: [1.49975978e-32]
100
iteration 2100
Best Fitness: [1.49975978e-32]
100
iteration 2200
Best Fitness: [1.49975978e-32]
100
iteration 2300
Best Fitness: [1.49975978e-32]
100
iteration 2400
Best Fitness: [1.49975978e-32]
100
iteration 2500
Best Fitness: [1.49975978e-32]
100
iteration 2600
Best Fitness: [1.49975978e-32]
100
iteration 2700
Best Fitness: [1.49975978e-32]
100
iteration 2800
Best Fitness: [1.49975978e-32]
100
iteration 2900
Best Fitness: [1.49975978e-32]
100
iteration 2999
Best Fitness: [1.49975978e-32]
100
iteration 0
Best Fitness: [64330.07737336]
1
iteration 100
Best Fitness: [6042.07528912]
17
iteration 200
Best Fitness: [737.56659693]
69
iteration 300
Best Fitness: [4.97689752e-09]
100
iteration 400
Best Fitness: [1.55680844e-19]
100
iteration 500
Best Fitness: [5.19434001e-30]
100
iteration 600
Best Fitness: [1.49975978e-32]
100
iteration 700
Best Fitness: [1.49975978e-32]
100
iteration 800
Best Fitness: [1.49975978e-32]
100
iteration 900
Best Fitness: [1.49975978e-32]
100
iteration 1000
Best Fitness: [1.49975978e-32]
100
iteration 1100
Best Fitness: [1.49975978e-32]
100
iteration 1200
Best Fitness: [1.49975978e-32]
100
iteration 1300
Best Fitness: [1.49975978e-32]
100
iteration 1400
Best Fitness: [1.49975978e-32]
100
iteration 1500
Best Fitness: [1.49975978e-32]
100
iteration 1600
Best Fitness: [1.49975978e-32]
100
iteration 1700
Best Fitness: [1.49975978e-32]
100
iteration 1800
Best Fitness: [1.49975978e-32]
100
iteration 1900
Best Fitness: [1.49975978e-32]
100
iteration 2000
Best Fitness: [1.49975978e-32]
100
iteration 2100
Best Fitness: [1.49975978e-32]
100
iteration 2200
Best Fitness: [1.49975978e-32]
100
iteration 2300
Best Fitness: [1.49975978e-32]
100
iteration 2400
Best Fitness: [1.49975978e-32]
100
iteration 2500
Best Fitness: [1.49975978e-32]
100
iteration 2600
Best Fitness: [1.49975978e-32]
100
iteration 2700
Best Fitness: [1.49975978e-32]
100
iteration 2800
Best Fitness: [1.49975978e-32]
100
iteration 2900
Best Fitness: [1.49975978e-32]
100
iteration 2999
Best Fitness: [1.49975978e-32]
100
[array([1.49975978e-32]), array([1.49975978e-32]), array([1.49975978e-32]), array([1.49975978e-32]), array([1.49975978e-32]), array([1.49975978e-32]), array([1.49975978e-32]), array([1.49975978e-32]), array([1.49975978e-32]), array([1.49975978e-32])]
iteration 0
Best Fitness: [35510.78454977]
1
iteration 100
Best Fitness: [6601.26097555]
13
iteration 200
Best Fitness: [4509.87268545]
13
iteration 300
Best Fitness: [70.20393092]
40
iteration 400
Best Fitness: [0.00604883]
100
iteration 500
Best Fitness: [0.00127276]
100
iteration 600
Best Fitness: [0.00127276]
100
iteration 700
Best Fitness: [0.00127276]
100
iteration 800
Best Fitness: [0.00127276]
100
iteration 900
Best Fitness: [0.00127276]
100
iteration 1000
Best Fitness: [0.00127276]
100
iteration 1100
Best Fitness: [0.00127276]
100
iteration 1200
Best Fitness: [0.00127276]
100
iteration 1300
Best Fitness: [0.00127276]
100
iteration 1400
Best Fitness: [0.00127276]
100
iteration 1500
Best Fitness: [0.00127276]
100
iteration 1600
Best Fitness: [0.00127276]
100
iteration 1700
Best Fitness: [0.00127276]
100
iteration 1800
Best Fitness: [0.00127276]
100
iteration 1900
Best Fitness: [0.00127276]
100
iteration 2000
Best Fitness: [0.00127276]
100
iteration 2100
Best Fitness: [0.00127276]
100
iteration 2200
Best Fitness: [0.00127276]
100
iteration 2300
Best Fitness: [0.00127276]
100
iteration 2400
Best Fitness: [0.00127276]
100
iteration 2500
Best Fitness: [0.00127276]
100
iteration 2600
Best Fitness: [0.00127276]
100
iteration 2700
Best Fitness: [0.00127276]
100
iteration 2800
Best Fitness: [0.00127276]
100
iteration 2900
Best Fitness: [0.00127276]
100
iteration 2999
Best Fitness: [0.00127276]
100
iteration 0
Best Fitness: [36416.03135415]
1
iteration 100
Best Fitness: [8199.17434154]
17
iteration 200
Best Fitness: [4370.66434726]
37
iteration 300
Best Fitness: [1023.21241007]
41
iteration 400
Best Fitness: [0.00127315]
100
iteration 500
Best Fitness: [0.00127276]
100
iteration 600
Best Fitness: [0.00127276]
100
iteration 700
Best Fitness: [0.00127276]
100
iteration 800
Best Fitness: [0.00127276]
100
iteration 900
Best Fitness: [0.00127276]
100
iteration 1000
Best Fitness: [0.00127276]
100
iteration 1100
Best Fitness: [0.00127276]
100
iteration 1200
Best Fitness: [0.00127276]
100
iteration 1300
Best Fitness: [0.00127276]
100
iteration 1400
Best Fitness: [0.00127276]
100
iteration 1500
Best Fitness: [0.00127276]
100
iteration 1600
Best Fitness: [0.00127276]
100
iteration 1700
Best Fitness: [0.00127276]
100
iteration 1800
Best Fitness: [0.00127276]
100
iteration 1900
Best Fitness: [0.00127276]
100
iteration 2000
Best Fitness: [0.00127276]
100
iteration 2100
Best Fitness: [0.00127276]
100
iteration 2200
Best Fitness: [0.00127276]
100
iteration 2300
Best Fitness: [0.00127276]
100
iteration 2400
Best Fitness: [0.00127276]
100
iteration 2500
Best Fitness: [0.00127276]
100
iteration 2600
Best Fitness: [0.00127276]
100
iteration 2700
Best Fitness: [0.00127276]
100
iteration 2800
Best Fitness: [0.00127276]
100
iteration 2900
Best Fitness: [0.00127276]
100
iteration 2999
Best Fitness: [0.00127276]
100
iteration 0
Best Fitness: [34533.00954217]
1
iteration 100
Best Fitness: [10001.01791586]
13
iteration 200
Best Fitness: [1950.84603015]
52
iteration 300
Best Fitness: [901.30065818]
81
iteration 400
Best Fitness: [0.00127276]
100
iteration 500
Best Fitness: [0.00127276]
100
iteration 600
Best Fitness: [0.00127276]
100
iteration 700
Best Fitness: [0.00127276]
100
iteration 800
Best Fitness: [0.00127276]
100
iteration 900
Best Fitness: [0.00127276]
100
iteration 1000
Best Fitness: [0.00127276]
100
iteration 1100
Best Fitness: [0.00127276]
100
iteration 1200
Best Fitness: [0.00127276]
100
iteration 1300
Best Fitness: [0.00127276]
100
iteration 1400
Best Fitness: [0.00127276]
100
iteration 1500
Best Fitness: [0.00127276]
100
iteration 1600
Best Fitness: [0.00127276]
100
iteration 1700
Best Fitness: [0.00127276]
100
iteration 1800
Best Fitness: [0.00127276]
100
iteration 1900
Best Fitness: [0.00127276]
100
iteration 2000
Best Fitness: [0.00127276]
100
iteration 2100
Best Fitness: [0.00127276]
100
iteration 2200
Best Fitness: [0.00127276]
100
iteration 2300
Best Fitness: [0.00127276]
100
iteration 2400
Best Fitness: [0.00127276]
100
iteration 2500
Best Fitness: [0.00127276]
100
iteration 2600
Best Fitness: [0.00127276]
100
iteration 2700
Best Fitness: [0.00127276]
100
iteration 2800
Best Fitness: [0.00127276]
100
iteration 2900
Best Fitness: [0.00127276]
100
iteration 2999
Best Fitness: [0.00127276]
100
iteration 0
Best Fitness: [35511.60580128]
1
iteration 100
Best Fitness: [7857.19971075]
9
iteration 200
Best Fitness: [2185.95575648]
19
iteration 300
Best Fitness: [1090.29488112]
27
iteration 400
Best Fitness: [49.11521629]
72
iteration 500
Best Fitness: [0.00127276]
100
iteration 600
Best Fitness: [0.00127276]
100
iteration 700
Best Fitness: [0.00127276]
100
iteration 800
Best Fitness: [0.00127276]
100
iteration 900
Best Fitness: [0.00127276]
100
iteration 1000
Best Fitness: [0.00127276]
100
iteration 1100
Best Fitness: [0.00127276]
100
iteration 1200
Best Fitness: [0.00127276]
100
iteration 1300
Best Fitness: [0.00127276]
100
iteration 1400
Best Fitness: [0.00127276]
100
iteration 1500
Best Fitness: [0.00127276]
100
iteration 1600
Best Fitness: [0.00127276]
100
iteration 1700
Best Fitness: [0.00127276]
100
iteration 1800
Best Fitness: [0.00127276]
100
iteration 1900
Best Fitness: [0.00127276]
100
iteration 2000
Best Fitness: [0.00127276]
100
iteration 2100
Best Fitness: [0.00127276]
100
iteration 2200
Best Fitness: [0.00127276]
100
iteration 2300
Best Fitness: [0.00127276]
100
iteration 2400
Best Fitness: [0.00127276]
100
iteration 2500
Best Fitness: [0.00127276]
100
iteration 2600
Best Fitness: [0.00127276]
100
iteration 2700
Best Fitness: [0.00127276]
100
iteration 2800
Best Fitness: [0.00127276]
100
iteration 2900
Best Fitness: [0.00127276]
100
iteration 2999
Best Fitness: [0.00127276]
100
iteration 0
Best Fitness: [35012.53658263]
1
iteration 100
Best Fitness: [9035.19554606]
15
iteration 200
Best Fitness: [5358.80595161]
15
iteration 300
Best Fitness: [86.25297432]
32
iteration 400
Best Fitness: [0.00127314]
100
iteration 500
Best Fitness: [0.00127276]
100
iteration 600
Best Fitness: [0.00127276]
100
iteration 700
Best Fitness: [0.00127276]
100
iteration 800
Best Fitness: [0.00127276]
100
iteration 900
Best Fitness: [0.00127276]
100
iteration 1000
Best Fitness: [0.00127276]
100
iteration 1100
Best Fitness: [0.00127276]
100
iteration 1200
Best Fitness: [0.00127276]
100
iteration 1300
Best Fitness: [0.00127276]
100
iteration 1400
Best Fitness: [0.00127276]
100
iteration 1500
Best Fitness: [0.00127276]
100
iteration 1600
Best Fitness: [0.00127276]
100
iteration 1700
Best Fitness: [0.00127276]
100
iteration 1800
Best Fitness: [0.00127276]
100
iteration 1900
Best Fitness: [0.00127276]
100
iteration 2000
Best Fitness: [0.00127276]
100
iteration 2100
Best Fitness: [0.00127276]
100
iteration 2200
Best Fitness: [0.00127276]
100
iteration 2300
Best Fitness: [0.00127276]
100
iteration 2400
Best Fitness: [0.00127276]
100
iteration 2500
Best Fitness: [0.00127276]
100
iteration 2600
Best Fitness: [0.00127276]
100
iteration 2700
Best Fitness: [0.00127276]
100
iteration 2800
Best Fitness: [0.00127276]
100
iteration 2900
Best Fitness: [0.00127276]
100
iteration 2999
Best Fitness: [0.00127276]
100
iteration 0
Best Fitness: [35891.43864662]
1
iteration 100
Best Fitness: [5572.92777526]
15
iteration 200
Best Fitness: [2665.57070121]
21
iteration 300
Best Fitness: [37.43210609]
91
iteration 400
Best Fitness: [0.00127276]
100
iteration 500
Best Fitness: [0.00127276]
100
iteration 600
Best Fitness: [0.00127276]
100
iteration 700
Best Fitness: [0.00127276]
100
iteration 800
Best Fitness: [0.00127276]
100
iteration 900
Best Fitness: [0.00127276]
100
iteration 1000
Best Fitness: [0.00127276]
100
iteration 1100
Best Fitness: [0.00127276]
100
iteration 1200
Best Fitness: [0.00127276]
100
iteration 1300
Best Fitness: [0.00127276]
100
iteration 1400
Best Fitness: [0.00127276]
100
iteration 1500
Best Fitness: [0.00127276]
100
iteration 1600
Best Fitness: [0.00127276]
100
iteration 1700
Best Fitness: [0.00127276]
100
iteration 1800
Best Fitness: [0.00127276]
100
iteration 1900
Best Fitness: [0.00127276]
100
iteration 2000
Best Fitness: [0.00127276]
100
iteration 2100
Best Fitness: [0.00127276]
100
iteration 2200
Best Fitness: [0.00127276]
100
iteration 2300
Best Fitness: [0.00127276]
100
iteration 2400
Best Fitness: [0.00127276]
100
iteration 2500
Best Fitness: [0.00127276]
100
iteration 2600
Best Fitness: [0.00127276]
100
iteration 2700
Best Fitness: [0.00127276]
100
iteration 2800
Best Fitness: [0.00127276]
100
iteration 2900
Best Fitness: [0.00127276]
100
iteration 2999
Best Fitness: [0.00127276]
100
iteration 0
Best Fitness: [35576.85134799]
1
iteration 100
Best Fitness: [8129.57106245]
9
iteration 200
Best Fitness: [3374.91110049]
15
iteration 300
Best Fitness: [1703.28360265]
36
iteration 400
Best Fitness: [0.00778847]
100
iteration 500
Best Fitness: [0.00127276]
100
iteration 600
Best Fitness: [0.00127276]
100
iteration 700
Best Fitness: [0.00127276]
100
iteration 800
Best Fitness: [0.00127276]
100
iteration 900
Best Fitness: [0.00127276]
100
iteration 1000
Best Fitness: [0.00127276]
100
iteration 1100
Best Fitness: [0.00127276]
100
iteration 1200
Best Fitness: [0.00127276]
100
iteration 1300
Best Fitness: [0.00127276]
100
iteration 1400
Best Fitness: [0.00127276]
100
iteration 1500
Best Fitness: [0.00127276]
100
iteration 1600
Best Fitness: [0.00127276]
100
iteration 1700
Best Fitness: [0.00127276]
100
iteration 1800
Best Fitness: [0.00127276]
100
iteration 1900
Best Fitness: [0.00127276]
100
iteration 2000
Best Fitness: [0.00127276]
100
iteration 2100
Best Fitness: [0.00127276]
100
iteration 2200
Best Fitness: [0.00127276]
100
iteration 2300
Best Fitness: [0.00127276]
100
iteration 2400
Best Fitness: [0.00127276]
100
iteration 2500
Best Fitness: [0.00127276]
100
iteration 2600
Best Fitness: [0.00127276]
100
iteration 2700
Best Fitness: [0.00127276]
100
iteration 2800
Best Fitness: [0.00127276]
100
iteration 2900
Best Fitness: [0.00127276]
100
iteration 2999
Best Fitness: [0.00127276]
100
iteration 0
Best Fitness: [35838.36328745]
1
iteration 100
Best Fitness: [3025.33861853]
21
iteration 200
Best Fitness: [1821.06690048]
21
iteration 300
Best Fitness: [36.82578194]
93
iteration 400
Best Fitness: [0.00127276]
100
iteration 500
Best Fitness: [0.00127276]
100
iteration 600
Best Fitness: [0.00127276]
100
iteration 700
Best Fitness: [0.00127276]
100
iteration 800
Best Fitness: [0.00127276]
100
iteration 900
Best Fitness: [0.00127276]
100
iteration 1000
Best Fitness: [0.00127276]
100
iteration 1100
Best Fitness: [0.00127276]
100
iteration 1200
Best Fitness: [0.00127276]
100
iteration 1300
Best Fitness: [0.00127276]
100
iteration 1400
Best Fitness: [0.00127276]
100
iteration 1500
Best Fitness: [0.00127276]
100
iteration 1600
Best Fitness: [0.00127276]
100
iteration 1700
Best Fitness: [0.00127276]
100
iteration 1800
Best Fitness: [0.00127276]
100
iteration 1900
Best Fitness: [0.00127276]
100
iteration 2000
Best Fitness: [0.00127276]
100
iteration 2100
Best Fitness: [0.00127276]
100
iteration 2200
Best Fitness: [0.00127276]
100
iteration 2300
Best Fitness: [0.00127276]
100
iteration 2400
Best Fitness: [0.00127276]
100
iteration 2500
Best Fitness: [0.00127276]
100
iteration 2600
Best Fitness: [0.00127276]
100
iteration 2700
Best Fitness: [0.00127276]
100
iteration 2800
Best Fitness: [0.00127276]
100
iteration 2900
Best Fitness: [0.00127276]
100
iteration 2999
Best Fitness: [0.00127276]
100
iteration 0
Best Fitness: [35116.07468301]
1
iteration 100
Best Fitness: [7820.92960454]
9
iteration 200
Best Fitness: [3720.00314137]
13
iteration 300
Best Fitness: [2037.13190504]
19
iteration 400
Best Fitness: [47.90041679]
58
iteration 500
Best Fitness: [0.00751865]
100
iteration 600
Best Fitness: [0.00135152]
100
iteration 700
Best Fitness: [0.00127276]
100
iteration 800
Best Fitness: [0.00127276]
100
iteration 900
Best Fitness: [0.00127276]
100
iteration 1000
Best Fitness: [0.00127276]
100
iteration 1100
Best Fitness: [0.00127276]
100
iteration 1200
Best Fitness: [0.00127276]
100
iteration 1300
Best Fitness: [0.00127276]
100
iteration 1400
Best Fitness: [0.00127276]
100
iteration 1500
Best Fitness: [0.00127276]
100
iteration 1600
Best Fitness: [0.00127276]
100
iteration 1700
Best Fitness: [0.00127276]
100
iteration 1800
Best Fitness: [0.00127276]
100
iteration 1900
Best Fitness: [0.00127276]
100
iteration 2000
Best Fitness: [0.00127276]
100
iteration 2100
Best Fitness: [0.00127276]
100
iteration 2200
Best Fitness: [0.00127276]
100
iteration 2300
Best Fitness: [0.00127276]
100
iteration 2400
Best Fitness: [0.00127276]
100
iteration 2500
Best Fitness: [0.00127276]
100
iteration 2600
Best Fitness: [0.00127276]
100
iteration 2700
Best Fitness: [0.00127276]
100
iteration 2800
Best Fitness: [0.00127276]
100
iteration 2900
Best Fitness: [0.00127276]
100
iteration 2999
Best Fitness: [0.00127276]
100
iteration 0
Best Fitness: [34789.25123159]
1
iteration 100
Best Fitness: [11102.41939056]
9
iteration 200
Best Fitness: [4509.2726234]
15
iteration 300
Best Fitness: [832.97784897]
45
iteration 400
Best Fitness: [0.84252596]
93
iteration 500
Best Fitness: [0.00127276]
100
iteration 600
Best Fitness: [0.00127276]
100
iteration 700
Best Fitness: [0.00127276]
100
iteration 800
Best Fitness: [0.00127276]
100
iteration 900
Best Fitness: [0.00127276]
100
iteration 1000
Best Fitness: [0.00127276]
100
iteration 1100
Best Fitness: [0.00127276]
100
iteration 1200
Best Fitness: [0.00127276]
100
iteration 1300
Best Fitness: [0.00127276]
100
iteration 1400
Best Fitness: [0.00127276]
100
iteration 1500
Best Fitness: [0.00127276]
100
iteration 1600
Best Fitness: [0.00127276]
100
iteration 1700
Best Fitness: [0.00127276]
100
iteration 1800
Best Fitness: [0.00127276]
100
iteration 1900
Best Fitness: [0.00127276]
100
iteration 2000
Best Fitness: [0.00127276]
100
iteration 2100
Best Fitness: [0.00127276]
100
iteration 2200
Best Fitness: [0.00127276]
100
iteration 2300
Best Fitness: [0.00127276]
100
iteration 2400
Best Fitness: [0.00127276]
100
iteration 2500
Best Fitness: [0.00127276]
100
iteration 2600
Best Fitness: [0.00127276]
100
iteration 2700
Best Fitness: [0.00127276]
100
iteration 2800
Best Fitness: [0.00127276]
100
iteration 2900
Best Fitness: [0.00127276]
100
iteration 2999
Best Fitness: [0.00127276]
100
[array([0.00127276]), array([0.00127276]), array([0.00127276]), array([0.00127276]), array([0.00127276]), array([0.00127276]), array([0.00127276]), array([0.00127276]), array([0.00127276]), array([0.00127276])]
iteration 0
Best Fitness: [1.17067378e+10]
1
iteration 100
Best Fitness: [3169762.06758453]
9
iteration 200
Best Fitness: [27745.39644296]
9
iteration 300
Best Fitness: [1.81560542]
15
iteration 400
Best Fitness: [3.29638929e-14]
100
iteration 500
Best Fitness: [3.54346833e-25]
100
iteration 600
Best Fitness: [2.10183513e-35]
100
iteration 700
Best Fitness: [1.86281458e-45]
100
iteration 800
Best Fitness: [3.73067292e-54]
100
iteration 900
Best Fitness: [4.16337588e-65]
100
iteration 1000
Best Fitness: [4.94771533e-74]
100
iteration 1100
Best Fitness: [1.05259248e-84]
100
iteration 1200
Best Fitness: [8.9569004e-94]
100
iteration 1300
Best Fitness: [1.23782895e-102]
100
iteration 1400
Best Fitness: [2.28514487e-113]
100
iteration 1500
Best Fitness: [6.26726272e-122]
100
iteration 1600
Best Fitness: [5.03507516e-131]
100
iteration 1700
Best Fitness: [1.62900494e-139]
100
iteration 1800
Best Fitness: [3.99318873e-149]
100
iteration 1900
Best Fitness: [4.53533005e-159]
100
iteration 2000
Best Fitness: [3.1128873e-168]
100
iteration 2100
Best Fitness: [2.71743701e-176]
100
iteration 2200
Best Fitness: [1.36279307e-185]
100
iteration 2300
Best Fitness: [1.08697091e-195]
100
iteration 2400
Best Fitness: [3.73784746e-205]
100
iteration 2500
Best Fitness: [1.58287476e-211]
100
iteration 2600
Best Fitness: [2.0047963e-221]
100
iteration 2700
Best Fitness: [1.22441368e-230]
100
iteration 2800
Best Fitness: [1.13764628e-241]
100
iteration 2900
Best Fitness: [1.74062501e-249]
100
iteration 2999
Best Fitness: [2.35623609e-256]
100
iteration 0
Best Fitness: [8.6099159e+09]
1
iteration 100
Best Fitness: [6.48203154e+08]
11
iteration 200
Best Fitness: [84587646.86360814]
11
iteration 300
Best Fitness: [635166.86358423]
23
iteration 400
Best Fitness: [1.32844161]
36
iteration 500
Best Fitness: [7.13671474e-15]
100
iteration 600
Best Fitness: [5.76378061e-25]
100
iteration 700
Best Fitness: [6.66391085e-34]
100
iteration 800
Best Fitness: [8.97502308e-46]
100
iteration 900
Best Fitness: [4.65765966e-54]
100
iteration 1000
Best Fitness: [1.85839035e-63]
100
iteration 1100
Best Fitness: [6.22499862e-75]
100
iteration 1200
Best Fitness: [2.70155346e-83]
100
iteration 1300
Best Fitness: [1.27643177e-92]
100
iteration 1400
Best Fitness: [1.89793321e-102]
100
iteration 1500
Best Fitness: [9.05919936e-113]
100
iteration 1600
Best Fitness: [6.85746599e-121]
100
iteration 1700
Best Fitness: [5.37876789e-131]
100
iteration 1800
Best Fitness: [4.17349026e-140]
100
iteration 1900
Best Fitness: [5.2388299e-151]
100
iteration 2000
Best Fitness: [1.19584859e-159]
100
iteration 2100
Best Fitness: [9.96239994e-169]
100
iteration 2200
Best Fitness: [4.02897258e-177]
100
iteration 2300
Best Fitness: [1.17883099e-187]
100
iteration 2400
Best Fitness: [1.06378774e-195]
100
iteration 2500
Best Fitness: [1.31036166e-206]
100
iteration 2600
Best Fitness: [5.65786905e-214]
100
iteration 2700
Best Fitness: [2.18418718e-223]
100
iteration 2800
Best Fitness: [5.50350051e-234]
100
iteration 2900
Best Fitness: [2.44943932e-243]
100
iteration 2999
Best Fitness: [1.85409658e-254]
100
iteration 0
Best Fitness: [8.41697515e+09]
1
iteration 100
Best Fitness: [6519377.1075398]
11
iteration 200
Best Fitness: [25448.58573821]
11
iteration 300
Best Fitness: [89.08496897]
13
iteration 400
Best Fitness: [3.1558359e-12]
100
iteration 500
Best Fitness: [4.99561288e-23]
100
iteration 600
Best Fitness: [1.46488145e-33]
100
iteration 700
Best Fitness: [4.06082638e-42]
100
iteration 800
Best Fitness: [8.17013448e-53]
100
iteration 900
Best Fitness: [1.97139825e-62]
100
iteration 1000
Best Fitness: [6.54576321e-72]
100
iteration 1100
Best Fitness: [2.48217272e-80]
100
iteration 1200
Best Fitness: [1.95673197e-91]
100
iteration 1300
Best Fitness: [1.73131897e-100]
100
iteration 1400
Best Fitness: [2.75358877e-109]
100
iteration 1500
Best Fitness: [3.36859059e-120]
100
iteration 1600
Best Fitness: [1.21886674e-129]
100
iteration 1700
Best Fitness: [4.52155981e-139]
100
iteration 1800
Best Fitness: [1.76016191e-147]
100
iteration 1900
Best Fitness: [1.95371045e-156]
100
iteration 2000
Best Fitness: [1.86070985e-164]
100
iteration 2100
Best Fitness: [5.57627492e-174]
100
iteration 2200
Best Fitness: [1.14891625e-182]
100
iteration 2300
Best Fitness: [6.49558835e-194]
100
iteration 2400
Best Fitness: [1.34368054e-201]
100
iteration 2500
Best Fitness: [7.30988183e-212]
100
iteration 2600
Best Fitness: [1.28981812e-220]
100
iteration 2700
Best Fitness: [5.2957219e-228]
100
iteration 2800
Best Fitness: [3.07787941e-236]
100
iteration 2900
Best Fitness: [9.91815232e-247]
100
iteration 2999
Best Fitness: [2.27499014e-256]
100
iteration 0
Best Fitness: [1.18981828e+10]
1
iteration 100
Best Fitness: [39106252.67110344]
15
iteration 200
Best Fitness: [2789.14464167]
21
iteration 300
Best Fitness: [0.15049586]
66
iteration 400
Best Fitness: [1.57043022e-16]
100
iteration 500
Best Fitness: [5.95121497e-27]
100
iteration 600
Best Fitness: [8.95955931e-38]
100
iteration 700
Best Fitness: [9.99707044e-48]
100
iteration 800
Best Fitness: [9.49734317e-58]
100
iteration 900
Best Fitness: [1.46618695e-66]
100
iteration 1000
Best Fitness: [1.69252517e-76]
100
iteration 1100
Best Fitness: [1.40107657e-86]
100
iteration 1200
Best Fitness: [5.9237107e-97]
100
iteration 1300
Best Fitness: [3.24433143e-105]
100
iteration 1400
Best Fitness: [1.26885815e-114]
100
iteration 1500
Best Fitness: [1.01441889e-122]
100
iteration 1600
Best Fitness: [2.2268301e-132]
100
iteration 1700
Best Fitness: [9.31723612e-140]
100
iteration 1800
Best Fitness: [6.69232845e-150]
100
iteration 1900
Best Fitness: [4.06591332e-159]
100
iteration 2000
Best Fitness: [1.26201839e-169]
100
iteration 2100
Best Fitness: [1.88680409e-178]
100
iteration 2200
Best Fitness: [1.47127968e-187]
100
iteration 2300
Best Fitness: [4.99593249e-196]
100
iteration 2400
Best Fitness: [6.76490425e-207]
100
iteration 2500
Best Fitness: [6.56878377e-216]
100
iteration 2600
Best Fitness: [4.36960771e-225]
100
iteration 2700
Best Fitness: [3.72449606e-233]
100
iteration 2800
Best Fitness: [3.27683133e-241]
100
iteration 2900
Best Fitness: [1.16337737e-250]
100
iteration 2999
Best Fitness: [1.36041012e-257]
100
iteration 0
Best Fitness: [8.293187e+09]
1
iteration 100
Best Fitness: [15926093.03362509]
9
iteration 200
Best Fitness: [32888.99334265]
9
iteration 300
Best Fitness: [45.67455186]
29
iteration 400
Best Fitness: [3.04428318e-12]
100
iteration 500
Best Fitness: [2.08234332e-21]
100
iteration 600
Best Fitness: [1.82878491e-31]
100
iteration 700
Best Fitness: [2.85633162e-42]
100
iteration 800
Best Fitness: [2.76382356e-53]
100
iteration 900
Best Fitness: [1.23948637e-62]
100
iteration 1000
Best Fitness: [3.27985496e-72]
100
iteration 1100
Best Fitness: [4.04506713e-82]
100
iteration 1200
Best Fitness: [3.30045224e-92]
100
iteration 1300
Best Fitness: [2.87241627e-101]
100
iteration 1400
Best Fitness: [2.51138829e-111]
100
iteration 1500
Best Fitness: [9.6531837e-120]
100
iteration 1600
Best Fitness: [1.26847934e-128]
100
iteration 1700
Best Fitness: [8.31898024e-138]
100
iteration 1800
Best Fitness: [1.71660406e-144]
100
iteration 1900
Best Fitness: [3.93488587e-156]
100
iteration 2000
Best Fitness: [6.50799359e-167]
100
iteration 2100
Best Fitness: [5.58837195e-172]
100
iteration 2200
Best Fitness: [1.25139183e-182]
100
iteration 2300
Best Fitness: [1.05143529e-191]
100
iteration 2400
Best Fitness: [2.82113061e-202]
100
iteration 2500
Best Fitness: [8.25253799e-211]
100
iteration 2600
Best Fitness: [1.61907219e-220]
100
iteration 2700
Best Fitness: [6.54330385e-229]
100
iteration 2800
Best Fitness: [1.84974965e-237]
100
iteration 2900
Best Fitness: [2.41079195e-248]
100
iteration 2999
Best Fitness: [3.93963915e-257]
100
iteration 0
Best Fitness: [9.28432617e+09]
1
iteration 100
Best Fitness: [5.00586905e+08]
13
iteration 200
Best Fitness: [58474560.72241767]
15
iteration 300
Best Fitness: [116461.8852427]
19
iteration 400
Best Fitness: [0.18891511]
43
iteration 500
Best Fitness: [3.03483886e-15]
100
iteration 600
Best Fitness: [2.41614402e-26]
100
iteration 700
Best Fitness: [3.34182522e-37]
100
iteration 800
Best Fitness: [2.67515316e-46]
100
iteration 900
Best Fitness: [3.47159901e-54]
100
iteration 1000
Best Fitness: [2.03341174e-66]
100
iteration 1100
Best Fitness: [2.90867356e-76]
100
iteration 1200
Best Fitness: [5.58816866e-86]
100
iteration 1300
Best Fitness: [4.4257216e-95]
100
iteration 1400
Best Fitness: [7.96114298e-105]
100
iteration 1500
Best Fitness: [9.7393885e-113]
100
iteration 1600
Best Fitness: [5.34326351e-122]
100
iteration 1700
Best Fitness: [2.07770752e-129]
100
iteration 1800
Best Fitness: [1.10887715e-139]
100
iteration 1900
Best Fitness: [5.53756344e-149]
100
iteration 2000
Best Fitness: [3.21912631e-159]
100
iteration 2100
Best Fitness: [3.73956351e-167]
100
iteration 2200
Best Fitness: [7.80769289e-179]
100
iteration 2300
Best Fitness: [3.00382972e-188]
100
iteration 2400
Best Fitness: [2.68318156e-196]
100
iteration 2500
Best Fitness: [4.58057636e-205]
100
iteration 2600
Best Fitness: [2.01299102e-214]
100
iteration 2700
Best Fitness: [2.29704704e-223]
100
iteration 2800
Best Fitness: [5.17750717e-232]
100
iteration 2900
Best Fitness: [3.21112906e-238]
100
iteration 2999
Best Fitness: [4.86083834e-250]
100
iteration 0
Best Fitness: [9.43683999e+09]
1
iteration 100
Best Fitness: [11496522.10031935]
9
iteration 200
Best Fitness: [31342.42372201]
9
iteration 300
Best Fitness: [1041.59863832]
9
iteration 400
Best Fitness: [2.11569831e-05]
100
iteration 500
Best Fitness: [2.7999319e-17]
100
iteration 600
Best Fitness: [1.06019804e-28]
100
iteration 700
Best Fitness: [4.5601085e-38]
100
iteration 800
Best Fitness: [1.09548086e-47]
100
iteration 900
Best Fitness: [3.46050057e-56]
100
iteration 1000
Best Fitness: [1.19031366e-66]
100
iteration 1100
Best Fitness: [5.90990934e-77]
100
iteration 1200
Best Fitness: [4.11905102e-87]
100
iteration 1300
Best Fitness: [2.76986147e-96]
100
iteration 1400
Best Fitness: [1.14148221e-104]
100
iteration 1500
Best Fitness: [5.13929492e-116]
100
iteration 1600
Best Fitness: [1.19503119e-124]
100
iteration 1700
Best Fitness: [4.73264191e-135]
100
iteration 1800
Best Fitness: [3.13363172e-143]
100
iteration 1900
Best Fitness: [6.84002892e-153]
100
iteration 2000
Best Fitness: [3.35150344e-160]
100
iteration 2100
Best Fitness: [1.36947651e-169]
100
iteration 2200
Best Fitness: [2.3838489e-180]
100
iteration 2300
Best Fitness: [2.46157185e-186]
100
iteration 2400
Best Fitness: [1.12355946e-197]
100
iteration 2500
Best Fitness: [1.31193778e-206]
100
iteration 2600
Best Fitness: [8.73029984e-211]
100
iteration 2700
Best Fitness: [4.18325622e-224]
100
iteration 2800
Best Fitness: [4.94620741e-230]
100
iteration 2900
Best Fitness: [1.53840032e-240]
100
iteration 2999
Best Fitness: [1.28372448e-251]
100
iteration 0
Best Fitness: [1.12433453e+10]
1
iteration 100
Best Fitness: [9350219.92890047]
11
iteration 200
Best Fitness: [16396.70747506]
20
iteration 300
Best Fitness: [1260.83560615]
43
iteration 400
Best Fitness: [5.72560166e-06]
100
iteration 500
Best Fitness: [5.32849164e-17]
100
iteration 600
Best Fitness: [5.43737991e-29]
100
iteration 700
Best Fitness: [9.20891831e-39]
100
iteration 800
Best Fitness: [1.61983598e-47]
100
iteration 900
Best Fitness: [1.33443784e-58]
100
iteration 1000
Best Fitness: [1.0211997e-67]
100
iteration 1100
Best Fitness: [1.53856106e-77]
100
iteration 1200
Best Fitness: [1.23668877e-87]
100
iteration 1300
Best Fitness: [3.77106375e-95]
100
iteration 1400
Best Fitness: [8.02579338e-103]
100
iteration 1500
Best Fitness: [8.82904945e-115]
100
iteration 1600
Best Fitness: [4.84853736e-123]
100
iteration 1700
Best Fitness: [2.24370149e-133]
100
iteration 1800
Best Fitness: [9.34406847e-144]
100
iteration 1900
Best Fitness: [4.92828259e-153]
100
iteration 2000
Best Fitness: [2.62320792e-161]
100
iteration 2100
Best Fitness: [1.90463119e-171]
100
iteration 2200
Best Fitness: [1.18854904e-180]
100
iteration 2300
Best Fitness: [4.73595566e-190]
100
iteration 2400
Best Fitness: [3.8420532e-200]
100
iteration 2500
Best Fitness: [7.93010403e-207]
100
iteration 2600
Best Fitness: [4.07279876e-218]
100
iteration 2700
Best Fitness: [1.52910518e-226]
100
iteration 2800
Best Fitness: [5.84955786e-236]
100
iteration 2900
Best Fitness: [1.63799322e-243]
100
iteration 2999
Best Fitness: [7.06437516e-254]
100
iteration 0
Best Fitness: [7.49819988e+09]
1
iteration 100
Best Fitness: [8663244.50940836]
9
iteration 200
Best Fitness: [8453.16896747]
11
iteration 300
Best Fitness: [17.99115769]
15
iteration 400
Best Fitness: [1.29873445e-13]
100
iteration 500
Best Fitness: [2.52231201e-24]
100
iteration 600
Best Fitness: [3.90084784e-35]
100
iteration 700
Best Fitness: [5.1581329e-45]
100
iteration 800
Best Fitness: [1.94674463e-54]
100
iteration 900
Best Fitness: [7.04077941e-63]
100
iteration 1000
Best Fitness: [1.09106454e-73]
100
iteration 1100
Best Fitness: [1.073327e-82]
100
iteration 1200
Best Fitness: [1.24276353e-94]
100
iteration 1300
Best Fitness: [2.8864871e-103]
100
iteration 1400
Best Fitness: [8.34086951e-112]
100
iteration 1500
Best Fitness: [6.45976688e-121]
100
iteration 1600
Best Fitness: [1.40951064e-129]
100
iteration 1700
Best Fitness: [8.94985299e-139]
100
iteration 1800
Best Fitness: [1.86543454e-149]
100
iteration 1900
Best Fitness: [3.76978367e-157]
100
iteration 2000
Best Fitness: [5.16642698e-164]
100
iteration 2100
Best Fitness: [1.03009184e-175]
100
iteration 2200
Best Fitness: [3.40470298e-185]
100
iteration 2300
Best Fitness: [1.90944451e-194]
100
iteration 2400
Best Fitness: [1.17280639e-204]
100
iteration 2500
Best Fitness: [1.24136683e-213]
100
iteration 2600
Best Fitness: [9.7744613e-222]
100
iteration 2700
Best Fitness: [1.00632854e-231]
100
iteration 2800
Best Fitness: [1.41379478e-239]
100
iteration 2900
Best Fitness: [3.97026205e-247]
100
iteration 2999
Best Fitness: [1.55654619e-257]
100
iteration 0
Best Fitness: [1.20292313e+10]
1
iteration 100
Best Fitness: [18675865.8602429]
7
iteration 200
Best Fitness: [70195.80071567]
7
iteration 300
Best Fitness: [774.85940925]
7
iteration 400
Best Fitness: [5.56582603]
68
iteration 500
Best Fitness: [7.76382977e-15]
100
iteration 600
Best Fitness: [2.15855572e-24]
100
iteration 700
Best Fitness: [1.13184873e-35]
100
iteration 800
Best Fitness: [1.14847054e-45]
100
iteration 900
Best Fitness: [1.61757981e-54]
100
iteration 1000
Best Fitness: [3.24416156e-64]
100
iteration 1100
Best Fitness: [3.91447847e-75]
100
iteration 1200
Best Fitness: [9.00720801e-84]
100
iteration 1300
Best Fitness: [6.7968578e-90]
100
iteration 1400
Best Fitness: [5.18155117e-102]
100
iteration 1500
Best Fitness: [1.7366593e-112]
100
iteration 1600
Best Fitness: [1.40757185e-119]
100
iteration 1700
Best Fitness: [1.7581643e-128]
100
iteration 1800
Best Fitness: [1.97921221e-139]
100
iteration 1900
Best Fitness: [1.8778635e-148]
100
iteration 2000
Best Fitness: [4.43582136e-158]
100
iteration 2100
Best Fitness: [6.06230049e-165]
100
iteration 2200
Best Fitness: [1.7943592e-178]
100
iteration 2300
Best Fitness: [5.03459946e-187]
100
iteration 2400
Best Fitness: [1.28606344e-195]
100
iteration 2500
Best Fitness: [2.44079268e-207]
100
iteration 2600
Best Fitness: [2.8871503e-213]
100
iteration 2700
Best Fitness: [4.05844695e-225]
100
iteration 2800
Best Fitness: [2.77825902e-235]
100
iteration 2900
Best Fitness: [9.67612962e-243]
100
iteration 2999
Best Fitness: [4.46519979e-253]
100
[array([2.35623609e-256]), array([1.85409658e-254]), array([2.27499014e-256]), array([1.36041012e-257]), array([3.93963915e-257]), array([4.86083834e-250]), array([1.28372448e-251]), array([7.06437516e-254]), array([1.55654619e-257]), array([4.46519979e-253])]
iteration 0
Best Fitness: [332922.94404384]
1
iteration 100
Best Fitness: [2346.96450421]
11
iteration 200
Best Fitness: [10.14705567]
21
iteration 300
Best Fitness: [1.03301464e-13]
100
iteration 400
Best Fitness: [1.26714277e-24]
100
iteration 500
Best Fitness: [7.27258708e-37]
100
iteration 600
Best Fitness: [5.58999304e-45]
100
iteration 700
Best Fitness: [1.11753053e-53]
100
iteration 800
Best Fitness: [9.32304552e-66]
100
iteration 900
Best Fitness: [1.10060302e-74]
100
iteration 1000
Best Fitness: [1.81565036e-83]
100
iteration 1100
Best Fitness: [1.17540532e-93]
100
iteration 1200
Best Fitness: [2.94484282e-103]
100
iteration 1300
Best Fitness: [5.26969918e-112]
100
iteration 1400
Best Fitness: [3.76569146e-122]
100
iteration 1500
Best Fitness: [1.78018478e-132]
100
iteration 1600
Best Fitness: [8.34317735e-142]
100
iteration 1700
Best Fitness: [3.48741764e-150]
100
iteration 1800
Best Fitness: [1.41378011e-160]
100
iteration 1900
Best Fitness: [1.29211816e-169]
100
iteration 2000
Best Fitness: [1.12343095e-178]
100
iteration 2100
Best Fitness: [4.06491862e-187]
100
iteration 2200
Best Fitness: [5.19470655e-196]
100
iteration 2300
Best Fitness: [3.34906934e-206]
100
iteration 2400
Best Fitness: [2.1805705e-214]
100
iteration 2500
Best Fitness: [7.6578492e-224]
100
iteration 2600
Best Fitness: [7.16464354e-233]
100
iteration 2700
Best Fitness: [3.24158884e-241]
100
iteration 2800
Best Fitness: [3.30318722e-252]
100
iteration 2900
Best Fitness: [2.74367086e-259]
100
iteration 2999
Best Fitness: [8.98248278e-270]
100
iteration 0
Best Fitness: [277147.53198754]
1
iteration 100
Best Fitness: [29641.83462032]
11
iteration 200
Best Fitness: [740.70032137]
27
iteration 300
Best Fitness: [4.46662291e-09]
100
iteration 400
Best Fitness: [1.75745606e-19]
100
iteration 500
Best Fitness: [1.35050149e-29]
100
iteration 600
Best Fitness: [1.06502697e-38]
100
iteration 700
Best Fitness: [2.77378271e-50]
100
iteration 800
Best Fitness: [1.44714106e-59]
100
iteration 900
Best Fitness: [2.50697311e-69]
100
iteration 1000
Best Fitness: [1.43785279e-77]
100
iteration 1100
Best Fitness: [9.07175744e-90]
100
iteration 1200
Best Fitness: [1.41238305e-98]
100
iteration 1300
Best Fitness: [5.38973498e-107]
100
iteration 1400
Best Fitness: [2.39848373e-117]
100
iteration 1500
Best Fitness: [1.67251475e-125]
100
iteration 1600
Best Fitness: [3.51101962e-134]
100
iteration 1700
Best Fitness: [1.1425788e-141]
100
iteration 1800
Best Fitness: [3.73887472e-153]
100
iteration 1900
Best Fitness: [4.85197777e-163]
100
iteration 2000
Best Fitness: [9.38641962e-172]
100
iteration 2100
Best Fitness: [2.35912217e-179]
100
iteration 2200
Best Fitness: [8.63486938e-190]
100
iteration 2300
Best Fitness: [2.24686078e-197]
100
iteration 2400
Best Fitness: [3.16863401e-206]
100
iteration 2500
Best Fitness: [3.44750526e-215]
100
iteration 2600
Best Fitness: [1.27376563e-226]
100
iteration 2700
Best Fitness: [5.07480962e-237]
100
iteration 2800
Best Fitness: [7.99119342e-247]
100
iteration 2900
Best Fitness: [3.32715613e-253]
100
iteration 2999
Best Fitness: [4.99325801e-263]
100
iteration 0
Best Fitness: [1346379.93672278]
1
iteration 100
Best Fitness: [29996.42615469]
7
iteration 200
Best Fitness: [969.80063971]
37
iteration 300
Best Fitness: [6.27911977e-09]
100
iteration 400
Best Fitness: [4.54212601e-20]
100
iteration 500
Best Fitness: [4.3429576e-31]
100
iteration 600
Best Fitness: [1.06497877e-40]
100
iteration 700
Best Fitness: [5.04031579e-51]
100
iteration 800
Best Fitness: [4.24344096e-60]
100
iteration 900
Best Fitness: [1.34345178e-70]
100
iteration 1000
Best Fitness: [5.3739673e-79]
100
iteration 1100
Best Fitness: [1.08304487e-87]
100
iteration 1200
Best Fitness: [4.56855454e-98]
100
iteration 1300
Best Fitness: [3.82669336e-105]
100
iteration 1400
Best Fitness: [4.92939791e-117]
100
iteration 1500
Best Fitness: [2.73777829e-126]
100
iteration 1600
Best Fitness: [8.20104189e-135]
100
iteration 1700
Best Fitness: [6.33436598e-144]
100
iteration 1800
Best Fitness: [5.63639698e-154]
100
iteration 1900
Best Fitness: [3.82022299e-163]
100
iteration 2000
Best Fitness: [2.70277185e-174]
100
iteration 2100
Best Fitness: [1.30592959e-182]
100
iteration 2200
Best Fitness: [2.31412381e-190]
100
iteration 2300
Best Fitness: [1.7734155e-201]
100
iteration 2400
Best Fitness: [3.37965287e-208]
100
iteration 2500
Best Fitness: [2.04948861e-218]
100
iteration 2600
Best Fitness: [1.85302392e-226]
100
iteration 2700
Best Fitness: [9.35219072e-236]
100
iteration 2800
Best Fitness: [4.93191322e-246]
100
iteration 2900
Best Fitness: [6.01551892e-254]
100
iteration 2999
Best Fitness: [3.59822923e-264]
100
iteration 0
Best Fitness: [330107.66441592]
1
iteration 100
Best Fitness: [1342.33903192]
9
iteration 200
Best Fitness: [0.1726512]
86
iteration 300
Best Fitness: [8.96977509e-17]
100
iteration 400
Best Fitness: [1.21966706e-27]
100
iteration 500
Best Fitness: [1.12947597e-38]
100
iteration 600
Best Fitness: [5.99992554e-49]
100
iteration 700
Best Fitness: [4.15946605e-58]
100
iteration 800
Best Fitness: [1.29055319e-67]
100
iteration 900
Best Fitness: [4.09244905e-78]
100
iteration 1000
Best Fitness: [1.51629654e-87]
100
iteration 1100
Best Fitness: [4.23396297e-97]
100
iteration 1200
Best Fitness: [1.6619019e-105]
100
iteration 1300
Best Fitness: [3.07192608e-116]
100
iteration 1400
Best Fitness: [2.61762833e-125]
100
iteration 1500
Best Fitness: [3.7667268e-133]
100
iteration 1600
Best Fitness: [1.64470535e-142]
100
iteration 1700
Best Fitness: [6.36148864e-154]
100
iteration 1800
Best Fitness: [5.5796173e-162]
100
iteration 1900
Best Fitness: [2.25485446e-170]
100
iteration 2000
Best Fitness: [1.71777211e-179]
100
iteration 2100
Best Fitness: [1.53248447e-187]
100
iteration 2200
Best Fitness: [1.85179309e-196]
100
iteration 2300
Best Fitness: [3.39485343e-205]
100
iteration 2400
Best Fitness: [2.28577531e-216]
100
iteration 2500
Best Fitness: [1.70594352e-222]
100
iteration 2600
Best Fitness: [1.35304899e-234]
100
iteration 2700
Best Fitness: [1.7858663e-243]
100
iteration 2800
Best Fitness: [1.57430211e-251]
100
iteration 2900
Best Fitness: [1.2695624e-262]
100
iteration 2999
Best Fitness: [3.53744608e-270]
100
iteration 0
Best Fitness: [342034.25763455]
1
iteration 100
Best Fitness: [1176.37482839]
9
iteration 200
Best Fitness: [0.28125417]
17
iteration 300
Best Fitness: [2.0392478e-16]
100
iteration 400
Best Fitness: [9.67224688e-27]
100
iteration 500
Best Fitness: [6.05320504e-37]
100
iteration 600
Best Fitness: [1.08336139e-46]
100
iteration 700
Best Fitness: [9.15268766e-57]
100
iteration 800
Best Fitness: [3.12244724e-66]
100
iteration 900
Best Fitness: [1.29577617e-75]
100
iteration 1000
Best Fitness: [1.84096572e-83]
100
iteration 1100
Best Fitness: [4.19289548e-94]
100
iteration 1200
Best Fitness: [3.63377314e-103]
100
iteration 1300
Best Fitness: [2.59637317e-113]
100
iteration 1400
Best Fitness: [4.81768317e-123]
100
iteration 1500
Best Fitness: [1.91128788e-132]
100
iteration 1600
Best Fitness: [3.47558127e-141]
100
iteration 1700
Best Fitness: [1.39582134e-149]
100
iteration 1800
Best Fitness: [1.14862391e-157]
100
iteration 1900
Best Fitness: [6.14047465e-167]
100
iteration 2000
Best Fitness: [3.06643502e-177]
100
iteration 2100
Best Fitness: [1.3614759e-187]
100
iteration 2200
Best Fitness: [4.56453834e-195]
100
iteration 2300
Best Fitness: [4.02988121e-205]
100
iteration 2400
Best Fitness: [7.43109982e-214]
100
iteration 2500
Best Fitness: [1.5447742e-224]
100
iteration 2600
Best Fitness: [6.35371758e-234]
100
iteration 2700
Best Fitness: [2.00923033e-243]
100
iteration 2800
Best Fitness: [1.2457991e-251]
100
iteration 2900
Best Fitness: [4.45937455e-260]
100
iteration 2999
Best Fitness: [7.6557269e-269]
100
iteration 0
Best Fitness: [338635.63832389]
1
iteration 100
Best Fitness: [1010.66991154]
9
iteration 200
Best Fitness: [5.67470331]
17
iteration 300
Best Fitness: [2.28880289e-14]
100
iteration 400
Best Fitness: [7.7000231e-25]
100
iteration 500
Best Fitness: [1.18617365e-35]
100
iteration 600
Best Fitness: [2.1189876e-45]
100
iteration 700
Best Fitness: [2.82857715e-55]
100
iteration 800
Best Fitness: [2.85850168e-63]
100
iteration 900
Best Fitness: [7.54104112e-74]
100
iteration 1000
Best Fitness: [2.14685741e-82]
100
iteration 1100
Best Fitness: [8.83461638e-93]
100
iteration 1200
Best Fitness: [1.34115259e-102]
100
iteration 1300
Best Fitness: [1.24242705e-112]
100
iteration 1400
Best Fitness: [2.84864015e-122]
100
iteration 1500
Best Fitness: [6.05490866e-131]
100
iteration 1600
Best Fitness: [1.51375795e-140]
100
iteration 1700
Best Fitness: [1.7129781e-148]
100
iteration 1800
Best Fitness: [1.37620516e-157]
100
iteration 1900
Best Fitness: [3.80270056e-167]
100
iteration 2000
Best Fitness: [1.8680167e-174]
100
iteration 2100
Best Fitness: [2.46087542e-182]
100
iteration 2200
Best Fitness: [2.09630569e-194]
100
iteration 2300
Best Fitness: [2.07577104e-202]
100
iteration 2400
Best Fitness: [2.08929607e-213]
100
iteration 2500
Best Fitness: [7.51333353e-223]
100
iteration 2600
Best Fitness: [1.98403356e-231]
100
iteration 2700
Best Fitness: [3.17135048e-239]
100
iteration 2800
Best Fitness: [8.07837558e-250]
100
iteration 2900
Best Fitness: [1.73209035e-259]
100
iteration 2999
Best Fitness: [2.12085795e-267]
100
iteration 0
Best Fitness: [477082.74182646]
1
iteration 100
Best Fitness: [1428.57100941]
9
iteration 200
Best Fitness: [5.43042216]
59
iteration 300
Best Fitness: [2.82949128e-15]
100
iteration 400
Best Fitness: [3.88289126e-26]
100
iteration 500
Best Fitness: [7.68723403e-37]
100
iteration 600
Best Fitness: [7.25527356e-46]
100
iteration 700
Best Fitness: [6.90733395e-56]
100
iteration 800
Best Fitness: [4.39531586e-66]
100
iteration 900
Best Fitness: [1.41948694e-74]
100
iteration 1000
Best Fitness: [4.50982801e-85]
100
iteration 1100
Best Fitness: [3.9820035e-95]
100
iteration 1200
Best Fitness: [1.94656554e-103]
100
iteration 1300
Best Fitness: [2.86925029e-111]
100
iteration 1400
Best Fitness: [8.4806653e-122]
100
iteration 1500
Best Fitness: [4.53649727e-131]
100
iteration 1600
Best Fitness: [1.76974473e-142]
100
iteration 1700
Best Fitness: [2.37043354e-152]
100
iteration 1800
Best Fitness: [1.94531047e-159]
100
iteration 1900
Best Fitness: [9.17149696e-170]
100
iteration 2000
Best Fitness: [3.09399117e-178]
100
iteration 2100
Best Fitness: [3.80579739e-188]
100
iteration 2200
Best Fitness: [2.7920473e-197]
100
iteration 2300
Best Fitness: [2.12486318e-207]
100
iteration 2400
Best Fitness: [3.26332751e-215]
100
iteration 2500
Best Fitness: [7.40562864e-221]
100
iteration 2600
Best Fitness: [2.48433981e-233]
100
iteration 2700
Best Fitness: [3.0790437e-241]
100
iteration 2800
Best Fitness: [5.57572311e-248]
100
iteration 2900
Best Fitness: [4.1401451e-260]
100
iteration 2999
Best Fitness: [5.98088273e-269]
100
iteration 0
Best Fitness: [354800.61596476]
1
iteration 100
Best Fitness: [5901.55895233]
13
iteration 200
Best Fitness: [37.87954188]
23
iteration 300
Best Fitness: [8.32068503e-12]
100
iteration 400
Best Fitness: [4.30806811e-22]
100
iteration 500
Best Fitness: [4.24692672e-32]
100
iteration 600
Best Fitness: [9.60828537e-43]
100
iteration 700
Best Fitness: [4.10404954e-53]
100
iteration 800
Best Fitness: [1.58168963e-61]
100
iteration 900
Best Fitness: [3.24156404e-71]
100
iteration 1000
Best Fitness: [2.81580425e-80]
100
iteration 1100
Best Fitness: [1.28410902e-90]
100
iteration 1200
Best Fitness: [9.61259543e-100]
100
iteration 1300
Best Fitness: [1.05504523e-110]
100
iteration 1400
Best Fitness: [8.05861658e-120]
100
iteration 1500
Best Fitness: [1.61067563e-128]
100
iteration 1600
Best Fitness: [7.98295107e-139]
100
iteration 1700
Best Fitness: [1.11050944e-148]
100
iteration 1800
Best Fitness: [8.63391228e-157]
100
iteration 1900
Best Fitness: [1.98822763e-167]
100
iteration 2000
Best Fitness: [2.5547386e-174]
100
iteration 2100
Best Fitness: [9.08560061e-183]
100
iteration 2200
Best Fitness: [1.48597874e-193]
100
iteration 2300
Best Fitness: [5.20321586e-201]
100
iteration 2400
Best Fitness: [6.5134977e-212]
100
iteration 2500
Best Fitness: [1.68093224e-218]
100
iteration 2600
Best Fitness: [9.15545081e-228]
100
iteration 2700
Best Fitness: [6.83849238e-236]
100
iteration 2800
Best Fitness: [5.36336423e-245]
100
iteration 2900
Best Fitness: [1.32301508e-256]
100
iteration 2999
Best Fitness: [3.01609384e-266]
100
iteration 0
Best Fitness: [320290.83647467]
1
iteration 100
Best Fitness: [32162.00898597]
7
iteration 200
Best Fitness: [2690.947731]
13
iteration 300
Best Fitness: [2.27937111e-09]
100
iteration 400
Best Fitness: [7.2597172e-20]
100
iteration 500
Best Fitness: [3.65307941e-30]
100
iteration 600
Best Fitness: [1.11782869e-40]
100
iteration 700
Best Fitness: [2.55313208e-51]
100
iteration 800
Best Fitness: [2.16326368e-60]
100
iteration 900
Best Fitness: [9.91823082e-71]
100
iteration 1000
Best Fitness: [1.16798555e-78]
100
iteration 1100
Best Fitness: [7.59086581e-89]
100
iteration 1200
Best Fitness: [7.99107564e-98]
100
iteration 1300
Best Fitness: [1.92494417e-107]
100
iteration 1400
Best Fitness: [8.15771767e-117]
100
iteration 1500
Best Fitness: [1.06319193e-124]
100
iteration 1600
Best Fitness: [1.2429452e-136]
100
iteration 1700
Best Fitness: [5.34241485e-143]
100
iteration 1800
Best Fitness: [9.22510009e-156]
100
iteration 1900
Best Fitness: [5.28112817e-163]
100
iteration 2000
Best Fitness: [8.99595062e-171]
100
iteration 2100
Best Fitness: [1.05957141e-179]
100
iteration 2200
Best Fitness: [2.74933747e-191]
100
iteration 2300
Best Fitness: [7.61356683e-199]
100
iteration 2400
Best Fitness: [9.91642496e-208]
100
iteration 2500
Best Fitness: [7.53079208e-218]
100
iteration 2600
Best Fitness: [1.17418332e-228]
100
iteration 2700
Best Fitness: [2.7147016e-235]
100
iteration 2800
Best Fitness: [6.22408048e-244]
100
iteration 2900
Best Fitness: [6.60940072e-256]
100
iteration 2999
Best Fitness: [3.02381351e-263]
100
iteration 0
Best Fitness: [285426.55336105]
1
iteration 100
Best Fitness: [8410.69491649]
13
iteration 200
Best Fitness: [18.5425408]
17
iteration 300
Best Fitness: [1.44460328e-09]
100
iteration 400
Best Fitness: [9.19668731e-21]
100
iteration 500
Best Fitness: [1.67185326e-31]
100
iteration 600
Best Fitness: [7.20687025e-42]
100
iteration 700
Best Fitness: [1.48245479e-51]
100
iteration 800
Best Fitness: [2.31954944e-61]
100
iteration 900
Best Fitness: [1.83130131e-70]
100
iteration 1000
Best Fitness: [2.51324971e-80]
100
iteration 1100
Best Fitness: [6.35190897e-91]
100
iteration 1200
Best Fitness: [5.06124262e-99]
100
iteration 1300
Best Fitness: [4.17344719e-106]
100
iteration 1400
Best Fitness: [1.3699697e-117]
100
iteration 1500
Best Fitness: [7.81777806e-128]
100
iteration 1600
Best Fitness: [6.92565764e-136]
100
iteration 1700
Best Fitness: [1.9506134e-145]
100
iteration 1800
Best Fitness: [2.98170325e-155]
100
iteration 1900
Best Fitness: [3.86659819e-165]
100
iteration 2000
Best Fitness: [3.37590308e-173]
100
iteration 2100
Best Fitness: [1.32892438e-181]
100
iteration 2200
Best Fitness: [1.41228932e-191]
100
iteration 2300
Best Fitness: [4.09533146e-201]
100
iteration 2400
Best Fitness: [4.44588284e-205]
100
iteration 2500
Best Fitness: [3.65999419e-216]
100
iteration 2600
Best Fitness: [2.66948185e-227]
100
iteration 2700
Best Fitness: [5.89695894e-237]
100
iteration 2800
Best Fitness: [2.98634659e-245]
100
iteration 2900
Best Fitness: [1.96828295e-254]
100
iteration 2999
Best Fitness: [4.7814606e-263]
100
[array([8.98248278e-270]), array([4.99325801e-263]), array([3.59822923e-264]), array([3.53744608e-270]), array([7.6557269e-269]), array([2.12085795e-267]), array([5.98088273e-269]), array([3.01609384e-266]), array([3.02381351e-263]), array([4.7814606e-263])]
iteration 0
Best Fitness: [21.46987101]
1
iteration 100
Best Fitness: [19.99999996]
100
iteration 200
Best Fitness: [19.99999996]
100
iteration 300
Best Fitness: [19.99999996]
100
iteration 400
Best Fitness: [19.99999996]
100
iteration 500
Best Fitness: [19.99999996]
100
iteration 600
Best Fitness: [19.99999996]
100
iteration 700
Best Fitness: [19.99999996]
100
iteration 800
Best Fitness: [19.99999996]
100
iteration 900
Best Fitness: [19.99999996]
100
iteration 1000
Best Fitness: [19.99999996]
100
iteration 1100
Best Fitness: [19.99999996]
100
iteration 1200
Best Fitness: [19.99999996]
100
iteration 1300
Best Fitness: [19.99999996]
100
iteration 1400
Best Fitness: [19.99999996]
100
iteration 1500
Best Fitness: [19.99999996]
100
iteration 1600
Best Fitness: [19.99999996]
100
iteration 1700
Best Fitness: [19.99999996]
100
iteration 1800
Best Fitness: [19.99999996]
100
iteration 1900
Best Fitness: [19.99999996]
100
iteration 2000
Best Fitness: [19.99999996]
100
iteration 2100
Best Fitness: [19.99999996]
100
iteration 2200
Best Fitness: [19.99999996]
100
iteration 2300
Best Fitness: [19.99999996]
100
iteration 2400
Best Fitness: [19.99999996]
100
iteration 2500
Best Fitness: [19.99999996]
100
iteration 2600
Best Fitness: [19.99999996]
100
iteration 2700
Best Fitness: [19.99999996]
100
iteration 2800
Best Fitness: [19.99999996]
100
iteration 2900
Best Fitness: [19.99999996]
100
iteration 2999
Best Fitness: [19.99999996]
100
iteration 0
Best Fitness: [21.46193837]
1
iteration 100
Best Fitness: [19.99999996]
100
iteration 200
Best Fitness: [19.99999995]
100
iteration 300
Best Fitness: [19.99999995]
100
iteration 400
Best Fitness: [19.99999995]
100
iteration 500
Best Fitness: [19.99999995]
100
iteration 600
Best Fitness: [19.99999995]
100
iteration 700
Best Fitness: [19.99999995]
100
iteration 800
Best Fitness: [19.99999995]
100
iteration 900
Best Fitness: [19.99999995]
100
iteration 1000
Best Fitness: [19.99999995]
100
iteration 1100
Best Fitness: [19.99999995]
100
iteration 1200
Best Fitness: [19.99999995]
100
iteration 1300
Best Fitness: [19.99999995]
100
iteration 1400
Best Fitness: [19.99999995]
100
iteration 1500
Best Fitness: [19.99999995]
100
iteration 1600
Best Fitness: [19.99999995]
100
iteration 1700
Best Fitness: [19.99999995]
100
iteration 1800
Best Fitness: [19.99999995]
100
iteration 1900
Best Fitness: [19.99999995]
100
iteration 2000
Best Fitness: [19.99999995]
100
iteration 2100
Best Fitness: [19.99999995]
100
iteration 2200
Best Fitness: [19.99999995]
100
iteration 2300
Best Fitness: [19.99999995]
100
iteration 2400
Best Fitness: [19.99999995]
100
iteration 2500
Best Fitness: [19.99999995]
100
iteration 2600
Best Fitness: [19.99999995]
100
iteration 2700
Best Fitness: [19.99999995]
100
iteration 2800
Best Fitness: [19.99999995]
100
iteration 2900
Best Fitness: [19.99999995]
100
iteration 2999
Best Fitness: [19.99999995]
100
iteration 0
Best Fitness: [21.47080288]
1
iteration 100
Best Fitness: [19.99999995]
100
iteration 200
Best Fitness: [19.99999995]
100
iteration 300
Best Fitness: [19.99999995]
100
iteration 400
Best Fitness: [19.99999995]
100
iteration 500
Best Fitness: [19.99999995]
100
iteration 600
Best Fitness: [19.99999995]
100
iteration 700
Best Fitness: [19.99999995]
100
iteration 800
Best Fitness: [19.99999995]
100
iteration 900
Best Fitness: [19.99999995]
100
iteration 1000
Best Fitness: [19.99999995]
100
iteration 1100
Best Fitness: [19.99999995]
100
iteration 1200
Best Fitness: [19.99999995]
100
iteration 1300
Best Fitness: [19.99999995]
100
iteration 1400
Best Fitness: [19.99999995]
100
iteration 1500
Best Fitness: [19.99999995]
100
iteration 1600
Best Fitness: [19.99999995]
100
iteration 1700
Best Fitness: [19.99999995]
100
iteration 1800
Best Fitness: [19.99999995]
100
iteration 1900
Best Fitness: [19.99999995]
100
iteration 2000
Best Fitness: [19.99999995]
100
iteration 2100
Best Fitness: [19.99999995]
100
iteration 2200
Best Fitness: [19.99999995]
100
iteration 2300
Best Fitness: [19.99999995]
100
iteration 2400
Best Fitness: [19.99999995]
100
iteration 2500
Best Fitness: [19.99999995]
100
iteration 2600
Best Fitness: [19.99999995]
100
iteration 2700
Best Fitness: [19.99999995]
100
iteration 2800
Best Fitness: [19.99999995]
100
iteration 2900
Best Fitness: [19.99999995]
100
iteration 2999
Best Fitness: [19.99999995]
100
iteration 0
Best Fitness: [21.5222392]
1
iteration 100
Best Fitness: [19.99999996]
100
iteration 200
Best Fitness: [19.99999995]
100
iteration 300
Best Fitness: [19.99999995]
100
iteration 400
Best Fitness: [19.99999995]
100
iteration 500
Best Fitness: [19.99999995]
100
iteration 600
Best Fitness: [19.99999995]
100
iteration 700
Best Fitness: [19.99999995]
100
iteration 800
Best Fitness: [19.99999995]
100
iteration 900
Best Fitness: [19.99999995]
100
iteration 1000
Best Fitness: [19.99999995]
100
iteration 1100
Best Fitness: [19.99999995]
100
iteration 1200
Best Fitness: [19.99999995]
100
iteration 1300
Best Fitness: [19.99999995]
100
iteration 1400
Best Fitness: [19.99999995]
100
iteration 1500
Best Fitness: [19.99999995]
100
iteration 1600
Best Fitness: [19.99999995]
100
iteration 1700
Best Fitness: [19.99999995]
100
iteration 1800
Best Fitness: [19.99999995]
100
iteration 1900
Best Fitness: [19.99999995]
100
iteration 2000
Best Fitness: [19.99999995]
100
iteration 2100
Best Fitness: [19.99999995]
100
iteration 2200
Best Fitness: [19.99999995]
100
iteration 2300
Best Fitness: [19.99999995]
100
iteration 2400
Best Fitness: [19.99999995]
100
iteration 2500
Best Fitness: [19.99999995]
100
iteration 2600
Best Fitness: [19.99999995]
100
iteration 2700
Best Fitness: [19.99999995]
100
iteration 2800
Best Fitness: [19.99999995]
100
iteration 2900
Best Fitness: [19.99999995]
100
iteration 2999
Best Fitness: [19.99999995]
100
iteration 0
Best Fitness: [21.50601951]
1
iteration 100
Best Fitness: [19.99999995]
100
iteration 200
Best Fitness: [19.99999995]
100
iteration 300
Best Fitness: [19.99999995]
100
iteration 400
Best Fitness: [19.99999995]
100
iteration 500
Best Fitness: [19.99999995]
100
iteration 600
Best Fitness: [19.99999995]
100
iteration 700
Best Fitness: [19.99999995]
100
iteration 800
Best Fitness: [19.99999995]
100
iteration 900
Best Fitness: [19.99999995]
100
iteration 1000
Best Fitness: [19.99999995]
100
iteration 1100
Best Fitness: [19.99999995]
100
iteration 1200
Best Fitness: [19.99999995]
100
iteration 1300
Best Fitness: [19.99999995]
100
iteration 1400
Best Fitness: [19.99999995]
100
iteration 1500
Best Fitness: [19.99999995]
100
iteration 1600
Best Fitness: [19.99999995]
100
iteration 1700
Best Fitness: [19.99999995]
100
iteration 1800
Best Fitness: [19.99999995]
100
iteration 1900
Best Fitness: [19.99999995]
100
iteration 2000
Best Fitness: [19.99999995]
100
iteration 2100
Best Fitness: [19.99999995]
100
iteration 2200
Best Fitness: [19.99999995]
100
iteration 2300
Best Fitness: [19.99999995]
100
iteration 2400
Best Fitness: [19.99999995]
100
iteration 2500
Best Fitness: [19.99999995]
100
iteration 2600
Best Fitness: [19.99999995]
100
iteration 2700
Best Fitness: [19.99999995]
100
iteration 2800
Best Fitness: [19.99999995]
100
iteration 2900
Best Fitness: [19.99999995]
100
iteration 2999
Best Fitness: [19.99999995]
100
iteration 0
Best Fitness: [21.50338611]
1
iteration 100
Best Fitness: [19.99999995]
100
iteration 200
Best Fitness: [19.99999995]
100
iteration 300
Best Fitness: [19.99999995]
100
iteration 400
Best Fitness: [19.99999995]
100
iteration 500
Best Fitness: [19.99999995]
100
iteration 600
Best Fitness: [19.99999995]
100
iteration 700
Best Fitness: [19.99999995]
100
iteration 800
Best Fitness: [19.99999995]
100
iteration 900
Best Fitness: [19.99999995]
100
iteration 1000
Best Fitness: [19.99999995]
100
iteration 1100
Best Fitness: [19.99999995]
100
iteration 1200
Best Fitness: [19.99999995]
100
iteration 1300
Best Fitness: [19.99999995]
100
iteration 1400
Best Fitness: [19.99999995]
100
iteration 1500
Best Fitness: [19.99999995]
100
iteration 1600
Best Fitness: [19.99999995]
100
iteration 1700
Best Fitness: [19.99999995]
100
iteration 1800
Best Fitness: [19.99999995]
100
iteration 1900
Best Fitness: [19.99999995]
100
iteration 2000
Best Fitness: [19.99999995]
100
iteration 2100
Best Fitness: [19.99999995]
100
iteration 2200
Best Fitness: [19.99999995]
100
iteration 2300
Best Fitness: [19.99999995]
100
iteration 2400
Best Fitness: [19.99999995]
100
iteration 2500
Best Fitness: [19.99999995]
100
iteration 2600
Best Fitness: [19.99999995]
100
iteration 2700
Best Fitness: [19.99999995]
100
iteration 2800
Best Fitness: [19.99999995]
100
iteration 2900
Best Fitness: [19.99999995]
100
iteration 2999
Best Fitness: [19.99999995]
100
iteration 0
Best Fitness: [21.44885507]
1
iteration 100
Best Fitness: [19.99999996]
100
iteration 200
Best Fitness: [19.99999995]
100
iteration 300
Best Fitness: [19.99999995]
100
iteration 400
Best Fitness: [19.99999995]
100
iteration 500
Best Fitness: [19.99999995]
100
iteration 600
Best Fitness: [19.99999995]
100
iteration 700
Best Fitness: [19.99999995]
100
iteration 800
Best Fitness: [19.99999995]
100
iteration 900
Best Fitness: [19.99999995]
100
iteration 1000
Best Fitness: [19.99999995]
100
iteration 1100
Best Fitness: [19.99999995]
100
iteration 1200
Best Fitness: [19.99999995]
100
iteration 1300
Best Fitness: [19.99999995]
100
iteration 1400
Best Fitness: [19.99999995]
100
iteration 1500
Best Fitness: [19.99999995]
100
iteration 1600
Best Fitness: [19.99999995]
100
iteration 1700
Best Fitness: [19.99999995]
100
iteration 1800
Best Fitness: [19.99999995]
100
iteration 1900
Best Fitness: [19.99999995]
100
iteration 2000
Best Fitness: [19.99999995]
100
iteration 2100
Best Fitness: [19.99999995]
100
iteration 2200
Best Fitness: [19.99999995]
100
iteration 2300
Best Fitness: [19.99999995]
100
iteration 2400
Best Fitness: [19.99999995]
100
iteration 2500
Best Fitness: [19.99999995]
100
iteration 2600
Best Fitness: [19.99999995]
100
iteration 2700
Best Fitness: [19.99999995]
100
iteration 2800
Best Fitness: [19.99999995]
100
iteration 2900
Best Fitness: [19.99999995]
100
iteration 2999
Best Fitness: [19.99999995]
100
iteration 0
Best Fitness: [21.39875709]
1
iteration 100
Best Fitness: [19.99999995]
100
iteration 200
Best Fitness: [19.99999995]
100
iteration 300
Best Fitness: [19.99999995]
100
iteration 400
Best Fitness: [19.99999995]
100
iteration 500
Best Fitness: [19.99999995]
100
iteration 600
Best Fitness: [19.99999995]
100
iteration 700
Best Fitness: [19.99999995]
100
iteration 800
Best Fitness: [19.99999995]
100
iteration 900
Best Fitness: [19.99999995]
100
iteration 1000
Best Fitness: [19.99999995]
100
iteration 1100
Best Fitness: [19.99999995]
100
iteration 1200
Best Fitness: [19.99999995]
100
iteration 1300
Best Fitness: [19.99999995]
100
iteration 1400
Best Fitness: [19.99999995]
100
iteration 1500
Best Fitness: [19.99999995]
100
iteration 1600
Best Fitness: [19.99999995]
100
iteration 1700
Best Fitness: [19.99999995]
100
iteration 1800
Best Fitness: [19.99999995]
100
iteration 1900
Best Fitness: [19.99999995]
100
iteration 2000
Best Fitness: [19.99999995]
100
iteration 2100
Best Fitness: [19.99999995]
100
iteration 2200
Best Fitness: [19.99999995]
100
iteration 2300
Best Fitness: [19.99999995]
100
iteration 2400
Best Fitness: [19.99999995]
100
iteration 2500
Best Fitness: [19.99999995]
100
iteration 2600
Best Fitness: [19.99999995]
100
iteration 2700
Best Fitness: [19.99999995]
100
iteration 2800
Best Fitness: [19.99999995]
100
iteration 2900
Best Fitness: [19.99999995]
100
iteration 2999
Best Fitness: [19.99999995]
100
iteration 0
Best Fitness: [21.52371882]
1
iteration 100
Best Fitness: [19.99999996]
100
iteration 200
Best Fitness: [19.99999996]
100
iteration 300
Best Fitness: [19.99999995]
100
iteration 400
Best Fitness: [19.99999995]
100
iteration 500
Best Fitness: [19.99999995]
100
iteration 600
Best Fitness: [19.99999995]
100
iteration 700
Best Fitness: [19.99999995]
100
iteration 800
Best Fitness: [19.99999995]
100
iteration 900
Best Fitness: [19.99999995]
100
iteration 1000
Best Fitness: [19.99999995]
100
iteration 1100
Best Fitness: [19.99999995]
100
iteration 1200
Best Fitness: [19.99999995]
100
iteration 1300
Best Fitness: [19.99999995]
100
iteration 1400
Best Fitness: [19.99999995]
100
iteration 1500
Best Fitness: [19.99999995]
100
iteration 1600
Best Fitness: [19.99999995]
100
iteration 1700
Best Fitness: [19.99999995]
100
iteration 1800
Best Fitness: [19.99999995]
100
iteration 1900
Best Fitness: [19.99999995]
100
iteration 2000
Best Fitness: [19.99999995]
100
iteration 2100
Best Fitness: [19.99999995]
100
iteration 2200
Best Fitness: [19.99999995]
100
iteration 2300
Best Fitness: [19.99999995]
100
iteration 2400
Best Fitness: [19.99999995]
100
iteration 2500
Best Fitness: [19.99999995]
100
iteration 2600
Best Fitness: [19.99999995]
100
iteration 2700
Best Fitness: [19.99999995]
100
iteration 2800
Best Fitness: [19.99999995]
100
iteration 2900
Best Fitness: [19.99999995]
100
iteration 2999
Best Fitness: [19.99999995]
100
iteration 0
Best Fitness: [21.415471]
1
iteration 100
Best Fitness: [19.99999996]
100
iteration 200
Best Fitness: [19.99999995]
100
iteration 300
Best Fitness: [19.99999995]
100
iteration 400
Best Fitness: [19.99999995]
100
iteration 500
Best Fitness: [19.99999995]
100
iteration 600
Best Fitness: [19.99999995]
100
iteration 700
Best Fitness: [19.99999995]
100
iteration 800
Best Fitness: [19.99999995]
100
iteration 900
Best Fitness: [19.99999995]
100
iteration 1000
Best Fitness: [19.99999995]
100
iteration 1100
Best Fitness: [19.99999995]
100
iteration 1200
Best Fitness: [19.99999995]
100
iteration 1300
Best Fitness: [19.99999995]
100
iteration 1400
Best Fitness: [19.99999995]
100
iteration 1500
Best Fitness: [19.99999995]
100
iteration 1600
Best Fitness: [19.99999995]
100
iteration 1700
Best Fitness: [19.99999995]
100
iteration 1800
Best Fitness: [19.99999995]
100
iteration 1900
Best Fitness: [19.99999995]
100
iteration 2000
Best Fitness: [19.99999995]
100
iteration 2100
Best Fitness: [19.99999995]
100
iteration 2200
Best Fitness: [19.99999995]
100
iteration 2300
Best Fitness: [19.99999995]
100
iteration 2400
Best Fitness: [19.99999995]
100
iteration 2500
Best Fitness: [19.99999995]
100
iteration 2600
Best Fitness: [19.99999995]
100
iteration 2700
Best Fitness: [19.99999995]
100
iteration 2800
Best Fitness: [19.99999995]
100
iteration 2900
Best Fitness: [19.99999995]
100
iteration 2999
Best Fitness: [19.99999995]
100
[array([19.99999996]), array([19.99999995]), array([19.99999995]), array([19.99999995]), array([19.99999995]), array([19.99999995]), array([19.99999995]), array([19.99999995]), array([19.99999995]), array([19.99999995])]
iteration 0
Best Fitness: [171.39339957]
1
iteration 100
Best Fitness: [33.5273062]
15
iteration 200
Best Fitness: [4.16497858]
37
iteration 300
Best Fitness: [0.00025833]
100
iteration 400
Best Fitness: [1.53477231e-12]
100
iteration 500
Best Fitness: [2.84217094e-13]
100
iteration 600
Best Fitness: [2.84217094e-13]
100
iteration 700
Best Fitness: [2.84217094e-13]
100
iteration 800
Best Fitness: [2.84217094e-13]
100
iteration 900
Best Fitness: [2.84217094e-13]
100
iteration 1000
Best Fitness: [2.84217094e-13]
100
iteration 1100
Best Fitness: [2.84217094e-13]
100
iteration 1200
Best Fitness: [2.84217094e-13]
100
iteration 1300
Best Fitness: [2.84217094e-13]
100
iteration 1400
Best Fitness: [2.84217094e-13]
100
iteration 1500
Best Fitness: [2.84217094e-13]
100
iteration 1600
Best Fitness: [2.84217094e-13]
100
iteration 1700
Best Fitness: [2.84217094e-13]
100
iteration 1800
Best Fitness: [2.84217094e-13]
100
iteration 1900
Best Fitness: [2.84217094e-13]
100
iteration 2000
Best Fitness: [2.84217094e-13]
100
iteration 2100
Best Fitness: [2.84217094e-13]
100
iteration 2200
Best Fitness: [2.84217094e-13]
100
iteration 2300
Best Fitness: [2.84217094e-13]
100
iteration 2400
Best Fitness: [2.84217094e-13]
100
iteration 2500
Best Fitness: [2.84217094e-13]
100
iteration 2600
Best Fitness: [2.84217094e-13]
100
iteration 2700
Best Fitness: [2.84217094e-13]
100
iteration 2800
Best Fitness: [2.84217094e-13]
100
iteration 2900
Best Fitness: [2.84217094e-13]
100
iteration 2999
Best Fitness: [2.84217094e-13]
100
iteration 0
Best Fitness: [166.47885815]
1
iteration 100
Best Fitness: [21.5780604]
17
iteration 200
Best Fitness: [0.50836043]
91
iteration 300
Best Fitness: [2.56598355e-07]
100
iteration 400
Best Fitness: [3.97903932e-13]
100
iteration 500
Best Fitness: [2.84217094e-13]
100
iteration 600
Best Fitness: [2.84217094e-13]
100
iteration 700
Best Fitness: [2.84217094e-13]
100
iteration 800
Best Fitness: [2.84217094e-13]
100
iteration 900
Best Fitness: [2.84217094e-13]
100
iteration 1000
Best Fitness: [2.84217094e-13]
100
iteration 1100
Best Fitness: [2.84217094e-13]
100
iteration 1200
Best Fitness: [2.84217094e-13]
100
iteration 1300
Best Fitness: [2.84217094e-13]
100
iteration 1400
Best Fitness: [2.84217094e-13]
100
iteration 1500
Best Fitness: [2.84217094e-13]
100
iteration 1600
Best Fitness: [2.84217094e-13]
100
iteration 1700
Best Fitness: [2.84217094e-13]
100
iteration 1800
Best Fitness: [2.84217094e-13]
100
iteration 1900
Best Fitness: [2.84217094e-13]
100
iteration 2000
Best Fitness: [2.84217094e-13]
100
iteration 2100
Best Fitness: [2.84217094e-13]
100
iteration 2200
Best Fitness: [2.84217094e-13]
100
iteration 2300
Best Fitness: [2.84217094e-13]
100
iteration 2400
Best Fitness: [2.84217094e-13]
100
iteration 2500
Best Fitness: [2.84217094e-13]
100
iteration 2600
Best Fitness: [2.84217094e-13]
100
iteration 2700
Best Fitness: [2.84217094e-13]
100
iteration 2800
Best Fitness: [2.84217094e-13]
100
iteration 2900
Best Fitness: [2.84217094e-13]
100
iteration 2999
Best Fitness: [2.84217094e-13]
100
iteration 0
Best Fitness: [171.50071218]
1
iteration 100
Best Fitness: [19.95604584]
9
iteration 200
Best Fitness: [2.71595806]
13
iteration 300
Best Fitness: [0.00011527]
100
iteration 400
Best Fitness: [3.41060513e-13]
100
iteration 500
Best Fitness: [2.84217094e-13]
100
iteration 600
Best Fitness: [2.84217094e-13]
100
iteration 700
Best Fitness: [2.84217094e-13]
100
iteration 800
Best Fitness: [2.84217094e-13]
100
iteration 900
Best Fitness: [2.84217094e-13]
100
iteration 1000
Best Fitness: [2.84217094e-13]
100
iteration 1100
Best Fitness: [2.84217094e-13]
100
iteration 1200
Best Fitness: [2.84217094e-13]
100
iteration 1300
Best Fitness: [2.84217094e-13]
100
iteration 1400
Best Fitness: [2.84217094e-13]
100
iteration 1500
Best Fitness: [2.84217094e-13]
100
iteration 1600
Best Fitness: [2.84217094e-13]
100
iteration 1700
Best Fitness: [2.84217094e-13]
100
iteration 1800
Best Fitness: [2.84217094e-13]
100
iteration 1900
Best Fitness: [2.84217094e-13]
100
iteration 2000
Best Fitness: [2.84217094e-13]
100
iteration 2100
Best Fitness: [2.84217094e-13]
100
iteration 2200
Best Fitness: [2.84217094e-13]
100
iteration 2300
Best Fitness: [2.84217094e-13]
100
iteration 2400
Best Fitness: [2.84217094e-13]
100
iteration 2500
Best Fitness: [2.84217094e-13]
100
iteration 2600
Best Fitness: [2.84217094e-13]
100
iteration 2700
Best Fitness: [2.84217094e-13]
100
iteration 2800
Best Fitness: [2.84217094e-13]
100
iteration 2900
Best Fitness: [2.84217094e-13]
100
iteration 2999
Best Fitness: [2.84217094e-13]
100
iteration 0
Best Fitness: [165.64411515]
1
iteration 100
Best Fitness: [23.97892204]
21
iteration 200
Best Fitness: [1.30310163]
45
iteration 300
Best Fitness: [1.07163099e-05]
100
iteration 400
Best Fitness: [3.41060513e-13]
100
iteration 500
Best Fitness: [2.84217094e-13]
100
iteration 600
Best Fitness: [2.84217094e-13]
100
iteration 700
Best Fitness: [2.84217094e-13]
100
iteration 800
Best Fitness: [2.84217094e-13]
100
iteration 900
Best Fitness: [2.84217094e-13]
100
iteration 1000
Best Fitness: [2.84217094e-13]
100
iteration 1100
Best Fitness: [2.84217094e-13]
100
iteration 1200
Best Fitness: [2.84217094e-13]
100
iteration 1300
Best Fitness: [2.84217094e-13]
100
iteration 1400
Best Fitness: [2.84217094e-13]
100
iteration 1500
Best Fitness: [2.84217094e-13]
100
iteration 1600
Best Fitness: [2.84217094e-13]
100
iteration 1700
Best Fitness: [2.84217094e-13]
100
iteration 1800
Best Fitness: [2.84217094e-13]
100
iteration 1900
Best Fitness: [2.84217094e-13]
100
iteration 2000
Best Fitness: [2.84217094e-13]
100
iteration 2100
Best Fitness: [2.84217094e-13]
100
iteration 2200
Best Fitness: [2.84217094e-13]
100
iteration 2300
Best Fitness: [2.84217094e-13]
100
iteration 2400
Best Fitness: [2.84217094e-13]
100
iteration 2500
Best Fitness: [2.84217094e-13]
100
iteration 2600
Best Fitness: [2.84217094e-13]
100
iteration 2700
Best Fitness: [2.84217094e-13]
100
iteration 2800
Best Fitness: [2.84217094e-13]
100
iteration 2900
Best Fitness: [2.84217094e-13]
100
iteration 2999
Best Fitness: [2.84217094e-13]
100
iteration 0
Best Fitness: [175.02224823]
1
iteration 100
Best Fitness: [46.41008484]
22
iteration 200
Best Fitness: [3.42718631]
38
iteration 300
Best Fitness: [0.00010346]
100
iteration 400
Best Fitness: [4.54747351e-13]
100
iteration 500
Best Fitness: [2.84217094e-13]
100
iteration 600
Best Fitness: [2.84217094e-13]
100
iteration 700
Best Fitness: [2.84217094e-13]
100
iteration 800
Best Fitness: [2.84217094e-13]
100
iteration 900
Best Fitness: [2.84217094e-13]
100
iteration 1000
Best Fitness: [2.84217094e-13]
100
iteration 1100
Best Fitness: [2.84217094e-13]
100
iteration 1200
Best Fitness: [2.84217094e-13]
100
iteration 1300
Best Fitness: [2.84217094e-13]
100
iteration 1400
Best Fitness: [2.84217094e-13]
100
iteration 1500
Best Fitness: [2.84217094e-13]
100
iteration 1600
Best Fitness: [2.84217094e-13]
100
iteration 1700
Best Fitness: [2.84217094e-13]
100
iteration 1800
Best Fitness: [2.84217094e-13]
100
iteration 1900
Best Fitness: [2.84217094e-13]
100
iteration 2000
Best Fitness: [2.84217094e-13]
100
iteration 2100
Best Fitness: [2.84217094e-13]
100
iteration 2200
Best Fitness: [2.84217094e-13]
100
iteration 2300
Best Fitness: [2.84217094e-13]
100
iteration 2400
Best Fitness: [2.84217094e-13]
100
iteration 2500
Best Fitness: [2.84217094e-13]
100
iteration 2600
Best Fitness: [2.84217094e-13]
100
iteration 2700
Best Fitness: [2.84217094e-13]
100
iteration 2800
Best Fitness: [2.84217094e-13]
100
iteration 2900
Best Fitness: [2.84217094e-13]
100
iteration 2999
Best Fitness: [2.84217094e-13]
100
iteration 0
Best Fitness: [173.66604403]
1
iteration 100
Best Fitness: [53.69818572]
15
iteration 200
Best Fitness: [4.6929941]
43
iteration 300
Best Fitness: [0.0014076]
100
iteration 400
Best Fitness: [2.04636308e-12]
100
iteration 500
Best Fitness: [3.41060513e-13]
100
iteration 600
Best Fitness: [3.41060513e-13]
100
iteration 700
Best Fitness: [3.41060513e-13]
100
iteration 800
Best Fitness: [3.41060513e-13]
100
iteration 900
Best Fitness: [3.41060513e-13]
100
iteration 1000
Best Fitness: [3.41060513e-13]
100
iteration 1100
Best Fitness: [3.41060513e-13]
100
iteration 1200
Best Fitness: [3.41060513e-13]
100
iteration 1300
Best Fitness: [3.41060513e-13]
100
iteration 1400
Best Fitness: [3.41060513e-13]
100
iteration 1500
Best Fitness: [3.41060513e-13]
100
iteration 1600
Best Fitness: [3.41060513e-13]
100
iteration 1700
Best Fitness: [3.41060513e-13]
100
iteration 1800
Best Fitness: [3.41060513e-13]
100
iteration 1900
Best Fitness: [3.41060513e-13]
100
iteration 2000
Best Fitness: [3.41060513e-13]
100
iteration 2100
Best Fitness: [3.41060513e-13]
100
iteration 2200
Best Fitness: [3.41060513e-13]
100
iteration 2300
Best Fitness: [3.41060513e-13]
100
iteration 2400
Best Fitness: [3.41060513e-13]
100
iteration 2500
Best Fitness: [3.41060513e-13]
100
iteration 2600
Best Fitness: [3.41060513e-13]
100
iteration 2700
Best Fitness: [3.41060513e-13]
100
iteration 2800
Best Fitness: [3.41060513e-13]
100
iteration 2900
Best Fitness: [3.41060513e-13]
100
iteration 2999
Best Fitness: [3.41060513e-13]
100
iteration 0
Best Fitness: [172.89189686]
1
iteration 100
Best Fitness: [17.00467059]
11
iteration 200
Best Fitness: [0.60731146]
57
iteration 300
Best Fitness: [1.17180974e-07]
100
iteration 400
Best Fitness: [2.84217094e-13]
100
iteration 500
Best Fitness: [2.84217094e-13]
100
iteration 600
Best Fitness: [2.84217094e-13]
100
iteration 700
Best Fitness: [2.84217094e-13]
100
iteration 800
Best Fitness: [2.84217094e-13]
100
iteration 900
Best Fitness: [2.84217094e-13]
100
iteration 1000
Best Fitness: [2.84217094e-13]
100
iteration 1100
Best Fitness: [2.84217094e-13]
100
iteration 1200
Best Fitness: [2.84217094e-13]
100
iteration 1300
Best Fitness: [2.84217094e-13]
100
iteration 1400
Best Fitness: [2.84217094e-13]
100
iteration 1500
Best Fitness: [2.84217094e-13]
100
iteration 1600
Best Fitness: [2.84217094e-13]
100
iteration 1700
Best Fitness: [2.84217094e-13]
100
iteration 1800
Best Fitness: [2.84217094e-13]
100
iteration 1900
Best Fitness: [2.84217094e-13]
100
iteration 2000
Best Fitness: [2.84217094e-13]
100
iteration 2100
Best Fitness: [2.84217094e-13]
100
iteration 2200
Best Fitness: [2.84217094e-13]
100
iteration 2300
Best Fitness: [2.84217094e-13]
100
iteration 2400
Best Fitness: [2.84217094e-13]
100
iteration 2500
Best Fitness: [2.84217094e-13]
100
iteration 2600
Best Fitness: [2.84217094e-13]
100
iteration 2700
Best Fitness: [2.84217094e-13]
100
iteration 2800
Best Fitness: [2.84217094e-13]
100
iteration 2900
Best Fitness: [2.84217094e-13]
100
iteration 2999
Best Fitness: [2.84217094e-13]
100
iteration 0
Best Fitness: [170.29715603]
1
iteration 100
Best Fitness: [35.85600045]
13
iteration 200
Best Fitness: [5.13888655]
46
iteration 300
Best Fitness: [0.00022994]
100
iteration 400
Best Fitness: [6.82121026e-13]
100
iteration 500
Best Fitness: [3.97903932e-13]
100
iteration 600
Best Fitness: [3.41060513e-13]
100
iteration 700
Best Fitness: [3.41060513e-13]
100
iteration 800
Best Fitness: [3.41060513e-13]
100
iteration 900
Best Fitness: [3.41060513e-13]
100
iteration 1000
Best Fitness: [3.41060513e-13]
100
iteration 1100
Best Fitness: [3.41060513e-13]
100
iteration 1200
Best Fitness: [3.41060513e-13]
100
iteration 1300
Best Fitness: [3.41060513e-13]
100
iteration 1400
Best Fitness: [3.41060513e-13]
100
iteration 1500
Best Fitness: [3.41060513e-13]
100
iteration 1600
Best Fitness: [3.41060513e-13]
100
iteration 1700
Best Fitness: [3.41060513e-13]
100
iteration 1800
Best Fitness: [3.41060513e-13]
100
iteration 1900
Best Fitness: [3.41060513e-13]
100
iteration 2000
Best Fitness: [3.41060513e-13]
100
iteration 2100
Best Fitness: [3.41060513e-13]
100
iteration 2200
Best Fitness: [3.41060513e-13]
100
iteration 2300
Best Fitness: [3.41060513e-13]
100
iteration 2400
Best Fitness: [3.41060513e-13]
100
iteration 2500
Best Fitness: [3.41060513e-13]
100
iteration 2600
Best Fitness: [3.41060513e-13]
100
iteration 2700
Best Fitness: [3.41060513e-13]
100
iteration 2800
Best Fitness: [3.41060513e-13]
100
iteration 2900
Best Fitness: [3.41060513e-13]
100
iteration 2999
Best Fitness: [3.41060513e-13]
100
iteration 0
Best Fitness: [168.59746765]
1
iteration 100
Best Fitness: [17.24284557]
13
iteration 200
Best Fitness: [0.5407891]
55
iteration 300
Best Fitness: [1.50949063e-07]
100
iteration 400
Best Fitness: [3.41060513e-13]
100
iteration 500
Best Fitness: [3.41060513e-13]
100
iteration 600
Best Fitness: [3.41060513e-13]
100
iteration 700
Best Fitness: [3.41060513e-13]
100
iteration 800
Best Fitness: [3.41060513e-13]
100
iteration 900
Best Fitness: [3.41060513e-13]
100
iteration 1000
Best Fitness: [3.41060513e-13]
100
iteration 1100
Best Fitness: [3.41060513e-13]
100
iteration 1200
Best Fitness: [3.41060513e-13]
100
iteration 1300
Best Fitness: [3.41060513e-13]
100
iteration 1400
Best Fitness: [3.41060513e-13]
100
iteration 1500
Best Fitness: [3.41060513e-13]
100
iteration 1600
Best Fitness: [3.41060513e-13]
100
iteration 1700
Best Fitness: [3.41060513e-13]
100
iteration 1800
Best Fitness: [3.41060513e-13]
100
iteration 1900
Best Fitness: [3.41060513e-13]
100
iteration 2000
Best Fitness: [3.41060513e-13]
100
iteration 2100
Best Fitness: [3.41060513e-13]
100
iteration 2200
Best Fitness: [3.41060513e-13]
100
iteration 2300
Best Fitness: [3.41060513e-13]
100
iteration 2400
Best Fitness: [3.41060513e-13]
100
iteration 2500
Best Fitness: [3.41060513e-13]
100
iteration 2600
Best Fitness: [3.41060513e-13]
100
iteration 2700
Best Fitness: [3.41060513e-13]
100
iteration 2800
Best Fitness: [3.41060513e-13]
100
iteration 2900
Best Fitness: [3.41060513e-13]
100
iteration 2999
Best Fitness: [3.41060513e-13]
100
iteration 0
Best Fitness: [175.05076863]
1
iteration 100
Best Fitness: [54.4404684]
17
iteration 200
Best Fitness: [8.05953786]
41
iteration 300
Best Fitness: [0.00305342]
100
iteration 400
Best Fitness: [1.16870069e-10]
100
iteration 500
Best Fitness: [2.84217094e-13]
100
iteration 600
Best Fitness: [2.84217094e-13]
100
iteration 700
Best Fitness: [2.84217094e-13]
100
iteration 800
Best Fitness: [2.84217094e-13]
100
iteration 900
Best Fitness: [2.84217094e-13]
100
iteration 1000
Best Fitness: [2.84217094e-13]
100
iteration 1100
Best Fitness: [2.84217094e-13]
100
iteration 1200
Best Fitness: [2.84217094e-13]
100
iteration 1300
Best Fitness: [2.84217094e-13]
100
iteration 1400
Best Fitness: [2.84217094e-13]
100
iteration 1500
Best Fitness: [2.84217094e-13]
100
iteration 1600
Best Fitness: [2.84217094e-13]
100
iteration 1700
Best Fitness: [2.84217094e-13]
100
iteration 1800
Best Fitness: [2.84217094e-13]
100
iteration 1900
Best Fitness: [2.84217094e-13]
100
iteration 2000
Best Fitness: [2.84217094e-13]
100
iteration 2100
Best Fitness: [2.84217094e-13]
100
iteration 2200
Best Fitness: [2.84217094e-13]
100
iteration 2300
Best Fitness: [2.84217094e-13]
100
iteration 2400
Best Fitness: [2.84217094e-13]
100
iteration 2500
Best Fitness: [2.84217094e-13]
100
iteration 2600
Best Fitness: [2.84217094e-13]
100
iteration 2700
Best Fitness: [2.84217094e-13]
100
iteration 2800
Best Fitness: [2.84217094e-13]
100
iteration 2900
Best Fitness: [2.84217094e-13]
100
iteration 2999
Best Fitness: [2.84217094e-13]
100
[array([2.84217094e-13]), array([2.84217094e-13]), array([2.84217094e-13]), array([2.84217094e-13]), array([2.84217094e-13]), array([3.41060513e-13]), array([2.84217094e-13]), array([3.41060513e-13]), array([3.41060513e-13]), array([2.84217094e-13])]
iteration 0
Best Fitness: [2083.87173531]
1
iteration 100
Best Fitness: [3.28554053]
9
iteration 200
Best Fitness: [8.34636235e-08]
100
iteration 300
Best Fitness: [7.77156117e-16]
100
iteration 400
Best Fitness: [6.66133815e-16]
100
iteration 500
Best Fitness: [6.66133815e-16]
100
iteration 600
Best Fitness: [6.66133815e-16]
100
iteration 700
Best Fitness: [6.66133815e-16]
100
iteration 800
Best Fitness: [6.66133815e-16]
100
iteration 900
Best Fitness: [6.66133815e-16]
100
iteration 1000
Best Fitness: [6.66133815e-16]
100
iteration 1100
Best Fitness: [6.66133815e-16]
100
iteration 1200
Best Fitness: [6.66133815e-16]
100
iteration 1300
Best Fitness: [6.66133815e-16]
100
iteration 1400
Best Fitness: [6.66133815e-16]
100
iteration 1500
Best Fitness: [6.66133815e-16]
100
iteration 1600
Best Fitness: [6.66133815e-16]
100
iteration 1700
Best Fitness: [6.66133815e-16]
100
iteration 1800
Best Fitness: [6.66133815e-16]
100
iteration 1900
Best Fitness: [6.66133815e-16]
100
iteration 2000
Best Fitness: [6.66133815e-16]
100
iteration 2100
Best Fitness: [6.66133815e-16]
100
iteration 2200
Best Fitness: [6.66133815e-16]
100
iteration 2300
Best Fitness: [6.66133815e-16]
100
iteration 2400
Best Fitness: [6.66133815e-16]
100
iteration 2500
Best Fitness: [6.66133815e-16]
100
iteration 2600
Best Fitness: [6.66133815e-16]
100
iteration 2700
Best Fitness: [6.66133815e-16]
100
iteration 2800
Best Fitness: [6.66133815e-16]
100
iteration 2900
Best Fitness: [6.66133815e-16]
100
iteration 2999
Best Fitness: [6.66133815e-16]
100
iteration 0
Best Fitness: [2124.89275434]
1
iteration 100
Best Fitness: [50.6781528]
31
iteration 200
Best Fitness: [0.01232669]
100
iteration 300
Best Fitness: [0.01231607]
100
iteration 400
Best Fitness: [0.01231607]
100
iteration 500
Best Fitness: [0.01231607]
100
iteration 600
Best Fitness: [0.01231607]
100
iteration 700
Best Fitness: [0.01231607]
100
iteration 800
Best Fitness: [0.01231607]
100
iteration 900
Best Fitness: [0.01231607]
100
iteration 1000
Best Fitness: [0.01231607]
100
iteration 1100
Best Fitness: [0.01231607]
100
iteration 1200
Best Fitness: [0.01231607]
100
iteration 1300
Best Fitness: [0.01231607]
100
iteration 1400
Best Fitness: [0.01231607]
100
iteration 1500
Best Fitness: [0.01231607]
100
iteration 1600
Best Fitness: [0.01231607]
100
iteration 1700
Best Fitness: [0.01231607]
100
iteration 1800
Best Fitness: [0.01231607]
100
iteration 1900
Best Fitness: [0.01231607]
100
iteration 2000
Best Fitness: [0.01231607]
100
iteration 2100
Best Fitness: [0.01231607]
100
iteration 2200
Best Fitness: [0.01231607]
100
iteration 2300
Best Fitness: [0.01231607]
100
iteration 2400
Best Fitness: [0.01231607]
100
iteration 2500
Best Fitness: [0.01231607]
100
iteration 2600
Best Fitness: [0.01231607]
100
iteration 2700
Best Fitness: [0.01231607]
100
iteration 2800
Best Fitness: [0.01231607]
100
iteration 2900
Best Fitness: [0.01231607]
100
iteration 2999
Best Fitness: [0.01231607]
100
iteration 0
Best Fitness: [2199.64411285]
1
iteration 100
Best Fitness: [14.02234106]
49
iteration 200
Best Fitness: [0.33295567]
100
iteration 300
Best Fitness: [0.33295567]
100
iteration 400
Best Fitness: [0.33295567]
100
iteration 500
Best Fitness: [0.33295567]
100
iteration 600
Best Fitness: [0.33295567]
100
iteration 700
Best Fitness: [0.33295567]
100
iteration 800
Best Fitness: [0.33295567]
100
iteration 900
Best Fitness: [0.33295567]
100
iteration 1000
Best Fitness: [0.33295567]
100
iteration 1100
Best Fitness: [0.33295567]
100
iteration 1200
Best Fitness: [0.33295567]
100
iteration 1300
Best Fitness: [0.33295567]
100
iteration 1400
Best Fitness: [0.33295567]
100
iteration 1500
Best Fitness: [0.33295567]
100
iteration 1600
Best Fitness: [0.33295567]
100
iteration 1700
Best Fitness: [0.33295567]
100
iteration 1800
Best Fitness: [0.33295567]
100
iteration 1900
Best Fitness: [0.33295567]
100
iteration 2000
Best Fitness: [0.33295567]
100
iteration 2100
Best Fitness: [0.33295567]
100
iteration 2200
Best Fitness: [0.33295567]
100
iteration 2300
Best Fitness: [0.33295567]
100
iteration 2400
Best Fitness: [0.33295567]
100
iteration 2500
Best Fitness: [0.33295567]
100
iteration 2600
Best Fitness: [0.33295567]
100
iteration 2700
Best Fitness: [0.33295567]
100
iteration 2800
Best Fitness: [0.33295567]
100
iteration 2900
Best Fitness: [0.33295567]
100
iteration 2999
Best Fitness: [0.33295567]
100
iteration 0
Best Fitness: [1872.03016746]
1
iteration 100
Best Fitness: [2.31776254]
9
iteration 200
Best Fitness: [0.0953465]
100
iteration 300
Best Fitness: [0.0953465]
100
iteration 400
Best Fitness: [0.0953465]
100
iteration 500
Best Fitness: [0.0953465]
100
iteration 600
Best Fitness: [0.0953465]
100
iteration 700
Best Fitness: [0.0953465]
100
iteration 800
Best Fitness: [0.0953465]
100
iteration 900
Best Fitness: [0.0953465]
100
iteration 1000
Best Fitness: [0.0953465]
100
iteration 1100
Best Fitness: [0.0953465]
100
iteration 1200
Best Fitness: [0.0953465]
100
iteration 1300
Best Fitness: [0.0953465]
100
iteration 1400
Best Fitness: [0.0953465]
100
iteration 1500
Best Fitness: [0.0953465]
100
iteration 1600
Best Fitness: [0.0953465]
100
iteration 1700
Best Fitness: [0.0953465]
100
iteration 1800
Best Fitness: [0.0953465]
100
iteration 1900
Best Fitness: [0.0953465]
100
iteration 2000
Best Fitness: [0.0953465]
100
iteration 2100
Best Fitness: [0.0953465]
100
iteration 2200
Best Fitness: [0.0953465]
100
iteration 2300
Best Fitness: [0.0953465]
100
iteration 2400
Best Fitness: [0.0953465]
100
iteration 2500
Best Fitness: [0.0953465]
100
iteration 2600
Best Fitness: [0.0953465]
100
iteration 2700
Best Fitness: [0.0953465]
100
iteration 2800
Best Fitness: [0.0953465]
100
iteration 2900
Best Fitness: [0.0953465]
100
iteration 2999
Best Fitness: [0.0953465]
100
iteration 0
Best Fitness: [1988.89496557]
1
iteration 100
Best Fitness: [46.16502839]
15
iteration 200
Best Fitness: [0.24354958]
100
iteration 300
Best Fitness: [0.24354952]
100
iteration 400
Best Fitness: [0.24354952]
100
iteration 500
Best Fitness: [0.24354952]
100
iteration 600
Best Fitness: [0.24354952]
100
iteration 700
Best Fitness: [0.24354952]
100
iteration 800
Best Fitness: [0.24354952]
100
iteration 900
Best Fitness: [0.24354952]
100
iteration 1000
Best Fitness: [0.24354952]
100
iteration 1100
Best Fitness: [0.24354952]
100
iteration 1200
Best Fitness: [0.24354952]
100
iteration 1300
Best Fitness: [0.24354952]
100
iteration 1400
Best Fitness: [0.24354952]
100
iteration 1500
Best Fitness: [0.24354952]
100
iteration 1600
Best Fitness: [0.24354952]
100
iteration 1700
Best Fitness: [0.24354952]
100
iteration 1800
Best Fitness: [0.24354952]
100
iteration 1900
Best Fitness: [0.24354952]
100
iteration 2000
Best Fitness: [0.24354952]
100
iteration 2100
Best Fitness: [0.24354952]
100
iteration 2200
Best Fitness: [0.24354952]
100
iteration 2300
Best Fitness: [0.24354952]
100
iteration 2400
Best Fitness: [0.24354952]
100
iteration 2500
Best Fitness: [0.24354952]
100
iteration 2600
Best Fitness: [0.24354952]
100
iteration 2700
Best Fitness: [0.24354952]
100
iteration 2800
Best Fitness: [0.24354952]
100
iteration 2900
Best Fitness: [0.24354952]
100
iteration 2999
Best Fitness: [0.24354952]
100
iteration 0
Best Fitness: [1919.76426912]
1
iteration 100
Best Fitness: [35.74359613]
33
iteration 200
Best Fitness: [5.00346908e-09]
100
iteration 300
Best Fitness: [8.8817842e-16]
100
iteration 400
Best Fitness: [7.77156117e-16]
100
iteration 500
Best Fitness: [7.77156117e-16]
100
iteration 600
Best Fitness: [7.77156117e-16]
100
iteration 700
Best Fitness: [7.77156117e-16]
100
iteration 800
Best Fitness: [7.77156117e-16]
100
iteration 900
Best Fitness: [7.77156117e-16]
100
iteration 1000
Best Fitness: [7.77156117e-16]
100
iteration 1100
Best Fitness: [7.77156117e-16]
100
iteration 1200
Best Fitness: [7.77156117e-16]
100
iteration 1300
Best Fitness: [7.77156117e-16]
100
iteration 1400
Best Fitness: [7.77156117e-16]
100
iteration 1500
Best Fitness: [7.77156117e-16]
100
iteration 1600
Best Fitness: [7.77156117e-16]
100
iteration 1700
Best Fitness: [7.77156117e-16]
100
iteration 1800
Best Fitness: [7.77156117e-16]
100
iteration 1900
Best Fitness: [7.77156117e-16]
100
iteration 2000
Best Fitness: [7.77156117e-16]
100
iteration 2100
Best Fitness: [7.77156117e-16]
100
iteration 2200
Best Fitness: [7.77156117e-16]
100
iteration 2300
Best Fitness: [7.77156117e-16]
100
iteration 2400
Best Fitness: [7.77156117e-16]
100
iteration 2500
Best Fitness: [7.77156117e-16]
100
iteration 2600
Best Fitness: [7.77156117e-16]
100
iteration 2700
Best Fitness: [7.77156117e-16]
100
iteration 2800
Best Fitness: [7.77156117e-16]
100
iteration 2900
Best Fitness: [7.77156117e-16]
100
iteration 2999
Best Fitness: [7.77156117e-16]
100
iteration 0
Best Fitness: [1947.72527989]
1
iteration 100
Best Fitness: [39.90399096]
13
iteration 200
Best Fitness: [0.0245733]
100
iteration 300
Best Fitness: [0.02457329]
100
iteration 400
Best Fitness: [0.02457329]
100
iteration 500
Best Fitness: [0.02457329]
100
iteration 600
Best Fitness: [0.02457329]
100
iteration 700
Best Fitness: [0.02457329]
100
iteration 800
Best Fitness: [0.02457329]
100
iteration 900
Best Fitness: [0.02457329]
100
iteration 1000
Best Fitness: [0.02457329]
100
iteration 1100
Best Fitness: [0.02457329]
100
iteration 1200
Best Fitness: [0.02457329]
100
iteration 1300
Best Fitness: [0.02457329]
100
iteration 1400
Best Fitness: [0.02457329]
100
iteration 1500
Best Fitness: [0.02457329]
100
iteration 1600
Best Fitness: [0.02457329]
100
iteration 1700
Best Fitness: [0.02457329]
100
iteration 1800
Best Fitness: [0.02457329]
100
iteration 1900
Best Fitness: [0.02457329]
100
iteration 2000
Best Fitness: [0.02457329]
100
iteration 2100
Best Fitness: [0.02457329]
100
iteration 2200
Best Fitness: [0.02457329]
100
iteration 2300
Best Fitness: [0.02457329]
100
iteration 2400
Best Fitness: [0.02457329]
100
iteration 2500
Best Fitness: [0.02457329]
100
iteration 2600
Best Fitness: [0.02457329]
100
iteration 2700
Best Fitness: [0.02457329]
100
iteration 2800
Best Fitness: [0.02457329]
100
iteration 2900
Best Fitness: [0.02457329]
100
iteration 2999
Best Fitness: [0.02457329]
100
iteration 0
Best Fitness: [2051.40877259]
1
iteration 100
Best Fitness: [30.71862165]
11
iteration 200
Best Fitness: [0.06338956]
100
iteration 300
Best Fitness: [0.06338956]
100
iteration 400
Best Fitness: [0.06338956]
100
iteration 500
Best Fitness: [0.06338956]
100
iteration 600
Best Fitness: [0.06338956]
100
iteration 700
Best Fitness: [0.06338956]
100
iteration 800
Best Fitness: [0.06338956]
100
iteration 900
Best Fitness: [0.06338956]
100
iteration 1000
Best Fitness: [0.06338956]
100
iteration 1100
Best Fitness: [0.06338956]
100
iteration 1200
Best Fitness: [0.06338956]
100
iteration 1300
Best Fitness: [0.06338956]
100
iteration 1400
Best Fitness: [0.06338956]
100
iteration 1500
Best Fitness: [0.06338956]
100
iteration 1600
Best Fitness: [0.06338956]
100
iteration 1700
Best Fitness: [0.06338956]
100
iteration 1800
Best Fitness: [0.06338956]
100
iteration 1900
Best Fitness: [0.06338956]
100
iteration 2000
Best Fitness: [0.06338956]
100
iteration 2100
Best Fitness: [0.06338956]
100
iteration 2200
Best Fitness: [0.06338956]
100
iteration 2300
Best Fitness: [0.06338956]
100
iteration 2400
Best Fitness: [0.06338956]
100
iteration 2500
Best Fitness: [0.06338956]
100
iteration 2600
Best Fitness: [0.06338956]
100
iteration 2700
Best Fitness: [0.06338956]
100
iteration 2800
Best Fitness: [0.06338956]
100
iteration 2900
Best Fitness: [0.06338956]
100
iteration 2999
Best Fitness: [0.06338956]
100
iteration 0
Best Fitness: [2042.88219454]
1
iteration 100
Best Fitness: [2.77840985]
9
iteration 200
Best Fitness: [0.06338956]
100
iteration 300
Best Fitness: [0.06338956]
100
iteration 400
Best Fitness: [0.06338956]
100
iteration 500
Best Fitness: [0.06338956]
100
iteration 600
Best Fitness: [0.06338956]
100
iteration 700
Best Fitness: [0.06338956]
100
iteration 800
Best Fitness: [0.06338956]
100
iteration 900
Best Fitness: [0.06338956]
100
iteration 1000
Best Fitness: [0.06338956]
100
iteration 1100
Best Fitness: [0.06338956]
100
iteration 1200
Best Fitness: [0.06338956]
100
iteration 1300
Best Fitness: [0.06338956]
100
iteration 1400
Best Fitness: [0.06338956]
100
iteration 1500
Best Fitness: [0.06338956]
100
iteration 1600
Best Fitness: [0.06338956]
100
iteration 1700
Best Fitness: [0.06338956]
100
iteration 1800
Best Fitness: [0.06338956]
100
iteration 1900
Best Fitness: [0.06338956]
100
iteration 2000
Best Fitness: [0.06338956]
100
iteration 2100
Best Fitness: [0.06338956]
100
iteration 2200
Best Fitness: [0.06338956]
100
iteration 2300
Best Fitness: [0.06338956]
100
iteration 2400
Best Fitness: [0.06338956]
100
iteration 2500
Best Fitness: [0.06338956]
100
iteration 2600
Best Fitness: [0.06338956]
100
iteration 2700
Best Fitness: [0.06338956]
100
iteration 2800
Best Fitness: [0.06338956]
100
iteration 2900
Best Fitness: [0.06338956]
100
iteration 2999
Best Fitness: [0.06338956]
100
iteration 0
Best Fitness: [1813.71568941]
1
iteration 100
Best Fitness: [42.88543267]
7
iteration 200
Best Fitness: [6.73215117e-09]
100
iteration 300
Best Fitness: [1.11022302e-15]
100
iteration 400
Best Fitness: [9.99200722e-16]
100
iteration 500
Best Fitness: [9.99200722e-16]
100
iteration 600
Best Fitness: [9.99200722e-16]
100
iteration 700
Best Fitness: [9.99200722e-16]
100
iteration 800
Best Fitness: [9.99200722e-16]
100
iteration 900
Best Fitness: [9.99200722e-16]
100
iteration 1000
Best Fitness: [9.99200722e-16]
100
iteration 1100
Best Fitness: [9.99200722e-16]
100
iteration 1200
Best Fitness: [9.99200722e-16]
100
iteration 1300
Best Fitness: [9.99200722e-16]
100
iteration 1400
Best Fitness: [9.99200722e-16]
100
iteration 1500
Best Fitness: [9.99200722e-16]
100
iteration 1600
Best Fitness: [9.99200722e-16]
100
iteration 1700
Best Fitness: [9.99200722e-16]
100
iteration 1800
Best Fitness: [9.99200722e-16]
100
iteration 1900
Best Fitness: [9.99200722e-16]
100
iteration 2000
Best Fitness: [9.99200722e-16]
100
iteration 2100
Best Fitness: [9.99200722e-16]
100
iteration 2200
Best Fitness: [9.99200722e-16]
100
iteration 2300
Best Fitness: [9.99200722e-16]
100
iteration 2400
Best Fitness: [9.99200722e-16]
100
iteration 2500
Best Fitness: [9.99200722e-16]
100
iteration 2600
Best Fitness: [9.99200722e-16]
100
iteration 2700
Best Fitness: [9.99200722e-16]
100
iteration 2800
Best Fitness: [9.99200722e-16]
100
iteration 2900
Best Fitness: [9.99200722e-16]
100
iteration 2999
Best Fitness: [9.99200722e-16]
100
[array([6.66133815e-16]), array([0.01231607]), array([0.33295567]), array([0.0953465]), array([0.24354952]), array([7.77156117e-16]), array([0.02457329]), array([0.06338956]), array([0.06338956]), array([9.99200722e-16])]
iteration 0
Best Fitness: [3.1965569]
1
iteration 100
Best Fitness: [0.]
100
iteration 200
Best Fitness: [0.]
100
iteration 300
Best Fitness: [0.]
100
iteration 400
Best Fitness: [0.]
100
iteration 500
Best Fitness: [0.]
100
iteration 600
Best Fitness: [0.]
100
iteration 700
Best Fitness: [0.]
100
iteration 800
Best Fitness: [0.]
100
iteration 900
Best Fitness: [0.]
100
iteration 1000
Best Fitness: [0.]
100
iteration 1100
Best Fitness: [0.]
100
iteration 1200
Best Fitness: [0.]
100
iteration 1300
Best Fitness: [0.]
100
iteration 1400
Best Fitness: [0.]
100
iteration 1500
Best Fitness: [0.]
100
iteration 1600
Best Fitness: [0.]
100
iteration 1700
Best Fitness: [0.]
100
iteration 1800
Best Fitness: [0.]
100
iteration 1900
Best Fitness: [0.]
100
iteration 2000
Best Fitness: [0.]
100
iteration 2100
Best Fitness: [0.]
100
iteration 2200
Best Fitness: [0.]
100
iteration 2300
Best Fitness: [0.]
100
iteration 2400
Best Fitness: [0.]
100
iteration 2500
Best Fitness: [0.]
100
iteration 2600
Best Fitness: [0.]
100
iteration 2700
Best Fitness: [0.]
100
iteration 2800
Best Fitness: [0.]
100
iteration 2900
Best Fitness: [0.]
100
iteration 2999
Best Fitness: [0.]
100
iteration 0
Best Fitness: [3.4669081]
1
iteration 100
Best Fitness: [0.]
100
iteration 200
Best Fitness: [0.]
100
iteration 300
Best Fitness: [0.]
100
iteration 400
Best Fitness: [0.]
100
iteration 500
Best Fitness: [0.]
100
iteration 600
Best Fitness: [0.]
100
iteration 700
Best Fitness: [0.]
100
iteration 800
Best Fitness: [0.]
100
iteration 900
Best Fitness: [0.]
100
iteration 1000
Best Fitness: [0.]
100
iteration 1100
Best Fitness: [0.]
100
iteration 1200
Best Fitness: [0.]
100
iteration 1300
Best Fitness: [0.]
100
iteration 1400
Best Fitness: [0.]
100
iteration 1500
Best Fitness: [0.]
100
iteration 1600
Best Fitness: [0.]
100
iteration 1700
Best Fitness: [0.]
100
iteration 1800
Best Fitness: [0.]
100
iteration 1900
Best Fitness: [0.]
100
iteration 2000
Best Fitness: [0.]
100
iteration 2100
Best Fitness: [0.]
100
iteration 2200
Best Fitness: [0.]
100
iteration 2300
Best Fitness: [0.]
100
iteration 2400
Best Fitness: [0.]
100
iteration 2500
Best Fitness: [0.]
100
iteration 2600
Best Fitness: [0.]
100
iteration 2700
Best Fitness: [0.]
100
iteration 2800
Best Fitness: [0.]
100
iteration 2900
Best Fitness: [0.]
100
iteration 2999
Best Fitness: [0.]
100
iteration 0
Best Fitness: [2.92871533]
1
iteration 100
Best Fitness: [0.]
100
iteration 200
Best Fitness: [0.]
100
iteration 300
Best Fitness: [0.]
100
iteration 400
Best Fitness: [0.]
100
iteration 500
Best Fitness: [0.]
100
iteration 600
Best Fitness: [0.]
100
iteration 700
Best Fitness: [0.]
100
iteration 800
Best Fitness: [0.]
100
iteration 900
Best Fitness: [0.]
100
iteration 1000
Best Fitness: [0.]
100
iteration 1100
Best Fitness: [0.]
100
iteration 1200
Best Fitness: [0.]
100
iteration 1300
Best Fitness: [0.]
100
iteration 1400
Best Fitness: [0.]
100
iteration 1500
Best Fitness: [0.]
100
iteration 1600
Best Fitness: [0.]
100
iteration 1700
Best Fitness: [0.]
100
iteration 1800
Best Fitness: [0.]
100
iteration 1900
Best Fitness: [0.]
100
iteration 2000
Best Fitness: [0.]
100
iteration 2100
Best Fitness: [0.]
100
iteration 2200
Best Fitness: [0.]
100
iteration 2300
Best Fitness: [0.]
100
iteration 2400
Best Fitness: [0.]
100
iteration 2500
Best Fitness: [0.]
100
iteration 2600
Best Fitness: [0.]
100
iteration 2700
Best Fitness: [0.]
100
iteration 2800
Best Fitness: [0.]
100
iteration 2900
Best Fitness: [0.]
100
iteration 2999
Best Fitness: [0.]
100
iteration 0
Best Fitness: [2.98892543]
1
iteration 100
Best Fitness: [0.]
100
iteration 200
Best Fitness: [0.]
100
iteration 300
Best Fitness: [0.]
100
iteration 400
Best Fitness: [0.]
100
iteration 500
Best Fitness: [0.]
100
iteration 600
Best Fitness: [0.]
100
iteration 700
Best Fitness: [0.]
100
iteration 800
Best Fitness: [0.]
100
iteration 900
Best Fitness: [0.]
100
iteration 1000
Best Fitness: [0.]
100
iteration 1100
Best Fitness: [0.]
100
iteration 1200
Best Fitness: [0.]
100
iteration 1300
Best Fitness: [0.]
100
iteration 1400
Best Fitness: [0.]
100
iteration 1500
Best Fitness: [0.]
100
iteration 1600
Best Fitness: [0.]
100
iteration 1700
Best Fitness: [0.]
100
iteration 1800
Best Fitness: [0.]
100
iteration 1900
Best Fitness: [0.]
100
iteration 2000
Best Fitness: [0.]
100
iteration 2100
Best Fitness: [0.]
100
iteration 2200
Best Fitness: [0.]
100
iteration 2300
Best Fitness: [0.]
100
iteration 2400
Best Fitness: [0.]
100
iteration 2500
Best Fitness: [0.]
100
iteration 2600
Best Fitness: [0.]
100
iteration 2700
Best Fitness: [0.]
100
iteration 2800
Best Fitness: [0.]
100
iteration 2900
Best Fitness: [0.]
100
iteration 2999
Best Fitness: [0.]
100
iteration 0
Best Fitness: [3.52819022]
1
iteration 100
Best Fitness: [0.]
100
iteration 200
Best Fitness: [0.]
100
iteration 300
Best Fitness: [0.]
100
iteration 400
Best Fitness: [0.]
100
iteration 500
Best Fitness: [0.]
100
iteration 600
Best Fitness: [0.]
100
iteration 700
Best Fitness: [0.]
100
iteration 800
Best Fitness: [0.]
100
iteration 900
Best Fitness: [0.]
100
iteration 1000
Best Fitness: [0.]
100
iteration 1100
Best Fitness: [0.]
100
iteration 1200
Best Fitness: [0.]
100
iteration 1300
Best Fitness: [0.]
100
iteration 1400
Best Fitness: [0.]
100
iteration 1500
Best Fitness: [0.]
100
iteration 1600
Best Fitness: [0.]
100
iteration 1700
Best Fitness: [0.]
100
iteration 1800
Best Fitness: [0.]
100
iteration 1900
Best Fitness: [0.]
100
iteration 2000
Best Fitness: [0.]
100
iteration 2100
Best Fitness: [0.]
100
iteration 2200
Best Fitness: [0.]
100
iteration 2300
Best Fitness: [0.]
100
iteration 2400
Best Fitness: [0.]
100
iteration 2500
Best Fitness: [0.]
100
iteration 2600
Best Fitness: [0.]
100
iteration 2700
Best Fitness: [0.]
100
iteration 2800
Best Fitness: [0.]
100
iteration 2900
Best Fitness: [0.]
100
iteration 2999
Best Fitness: [0.]
100
iteration 0
Best Fitness: [2.10442447]
1
iteration 100
Best Fitness: [0.]
100
iteration 200
Best Fitness: [0.]
100
iteration 300
Best Fitness: [0.]
100
iteration 400
Best Fitness: [0.]
100
iteration 500
Best Fitness: [0.]
100
iteration 600
Best Fitness: [0.]
100
iteration 700
Best Fitness: [0.]
100
iteration 800
Best Fitness: [0.]
100
iteration 900
Best Fitness: [0.]
100
iteration 1000
Best Fitness: [0.]
100
iteration 1100
Best Fitness: [0.]
100
iteration 1200
Best Fitness: [0.]
100
iteration 1300
Best Fitness: [0.]
100
iteration 1400
Best Fitness: [0.]
100
iteration 1500
Best Fitness: [0.]
100
iteration 1600
Best Fitness: [0.]
100
iteration 1700
Best Fitness: [0.]
100
iteration 1800
Best Fitness: [0.]
100
iteration 1900
Best Fitness: [0.]
100
iteration 2000
Best Fitness: [0.]
100
iteration 2100
Best Fitness: [0.]
100
iteration 2200
Best Fitness: [0.]
100
iteration 2300
Best Fitness: [0.]
100
iteration 2400
Best Fitness: [0.]
100
iteration 2500
Best Fitness: [0.]
100
iteration 2600
Best Fitness: [0.]
100
iteration 2700
Best Fitness: [0.]
100
iteration 2800
Best Fitness: [0.]
100
iteration 2900
Best Fitness: [0.]
100
iteration 2999
Best Fitness: [0.]
100
iteration 0
Best Fitness: [2.91577632]
1
iteration 100
Best Fitness: [0.]
100
iteration 200
Best Fitness: [0.]
100
iteration 300
Best Fitness: [0.]
100
iteration 400
Best Fitness: [0.]
100
iteration 500
Best Fitness: [0.]
100
iteration 600
Best Fitness: [0.]
100
iteration 700
Best Fitness: [0.]
100
iteration 800
Best Fitness: [0.]
100
iteration 900
Best Fitness: [0.]
100
iteration 1000
Best Fitness: [0.]
100
iteration 1100
Best Fitness: [0.]
100
iteration 1200
Best Fitness: [0.]
100
iteration 1300
Best Fitness: [0.]
100
iteration 1400
Best Fitness: [0.]
100
iteration 1500
Best Fitness: [0.]
100
iteration 1600
Best Fitness: [0.]
100
iteration 1700
Best Fitness: [0.]
100
iteration 1800
Best Fitness: [0.]
100
iteration 1900
Best Fitness: [0.]
100
iteration 2000
Best Fitness: [0.]
100
iteration 2100
Best Fitness: [0.]
100
iteration 2200
Best Fitness: [0.]
100
iteration 2300
Best Fitness: [0.]
100
iteration 2400
Best Fitness: [0.]
100
iteration 2500
Best Fitness: [0.]
100
iteration 2600
Best Fitness: [0.]
100
iteration 2700
Best Fitness: [0.]
100
iteration 2800
Best Fitness: [0.]
100
iteration 2900
Best Fitness: [0.]
100
iteration 2999
Best Fitness: [0.]
100
iteration 0
Best Fitness: [3.23423971]
1
iteration 100
Best Fitness: [0.]
100
iteration 200
Best Fitness: [0.]
100
iteration 300
Best Fitness: [0.]
100
iteration 400
Best Fitness: [0.]
100
iteration 500
Best Fitness: [0.]
100
iteration 600
Best Fitness: [0.]
100
iteration 700
Best Fitness: [0.]
100
iteration 800
Best Fitness: [0.]
100
iteration 900
Best Fitness: [0.]
100
iteration 1000
Best Fitness: [0.]
100
iteration 1100
Best Fitness: [0.]
100
iteration 1200
Best Fitness: [0.]
100
iteration 1300
Best Fitness: [0.]
100
iteration 1400
Best Fitness: [0.]
100
iteration 1500
Best Fitness: [0.]
100
iteration 1600
Best Fitness: [0.]
100
iteration 1700
Best Fitness: [0.]
100
iteration 1800
Best Fitness: [0.]
100
iteration 1900
Best Fitness: [0.]
100
iteration 2000
Best Fitness: [0.]
100
iteration 2100
Best Fitness: [0.]
100
iteration 2200
Best Fitness: [0.]
100
iteration 2300
Best Fitness: [0.]
100
iteration 2400
Best Fitness: [0.]
100
iteration 2500
Best Fitness: [0.]
100
iteration 2600
Best Fitness: [0.]
100
iteration 2700
Best Fitness: [0.]
100
iteration 2800
Best Fitness: [0.]
100
iteration 2900
Best Fitness: [0.]
100
iteration 2999
Best Fitness: [0.]
100
iteration 0
Best Fitness: [2.11154501]
1
iteration 100
Best Fitness: [0.]
100
iteration 200
Best Fitness: [0.]
100
iteration 300
Best Fitness: [0.]
100
iteration 400
Best Fitness: [0.]
100
iteration 500
Best Fitness: [0.]
100
iteration 600
Best Fitness: [0.]
100
iteration 700
Best Fitness: [0.]
100
iteration 800
Best Fitness: [0.]
100
iteration 900
Best Fitness: [0.]
100
iteration 1000
Best Fitness: [0.]
100
iteration 1100
Best Fitness: [0.]
100
iteration 1200
Best Fitness: [0.]
100
iteration 1300
Best Fitness: [0.]
100
iteration 1400
Best Fitness: [0.]
100
iteration 1500
Best Fitness: [0.]
100
iteration 1600
Best Fitness: [0.]
100
iteration 1700
Best Fitness: [0.]
100
iteration 1800
Best Fitness: [0.]
100
iteration 1900
Best Fitness: [0.]
100
iteration 2000
Best Fitness: [0.]
100
iteration 2100
Best Fitness: [0.]
100
iteration 2200
Best Fitness: [0.]
100
iteration 2300
Best Fitness: [0.]
100
iteration 2400
Best Fitness: [0.]
100
iteration 2500
Best Fitness: [0.]
100
iteration 2600
Best Fitness: [0.]
100
iteration 2700
Best Fitness: [0.]
100
iteration 2800
Best Fitness: [0.]
100
iteration 2900
Best Fitness: [0.]
100
iteration 2999
Best Fitness: [0.]
100
iteration 0
Best Fitness: [3.22301262]
1
iteration 100
Best Fitness: [0.]
100
iteration 200
Best Fitness: [0.]
100
iteration 300
Best Fitness: [0.]
100
iteration 400
Best Fitness: [0.]
100
iteration 500
Best Fitness: [0.]
100
iteration 600
Best Fitness: [0.]
100
iteration 700
Best Fitness: [0.]
100
iteration 800
Best Fitness: [0.]
100
iteration 900
Best Fitness: [0.]
100
iteration 1000
Best Fitness: [0.]
100
iteration 1100
Best Fitness: [0.]
100
iteration 1200
Best Fitness: [0.]
100
iteration 1300
Best Fitness: [0.]
100
iteration 1400
Best Fitness: [0.]
100
iteration 1500
Best Fitness: [0.]
100
iteration 1600
Best Fitness: [0.]
100
iteration 1700
Best Fitness: [0.]
100
iteration 1800
Best Fitness: [0.]
100
iteration 1900
Best Fitness: [0.]
100
iteration 2000
Best Fitness: [0.]
100
iteration 2100
Best Fitness: [0.]
100
iteration 2200
Best Fitness: [0.]
100
iteration 2300
Best Fitness: [0.]
100
iteration 2400
Best Fitness: [0.]
100
iteration 2500
Best Fitness: [0.]
100
iteration 2600
Best Fitness: [0.]
100
iteration 2700
Best Fitness: [0.]
100
iteration 2800
Best Fitness: [0.]
100
iteration 2900
Best Fitness: [0.]
100
iteration 2999
Best Fitness: [0.]
100
[array([0.]), array([0.]), array([0.]), array([0.]), array([0.]), array([0.]), array([0.]), array([0.]), array([0.]), array([0.])]
iteration 0
Best Fitness: [7.71765504]
1
iteration 100
Best Fitness: [0.31309495]
100
iteration 200
Best Fitness: [0.21291632]
100
iteration 300
Best Fitness: [0.21291632]
100
iteration 400
Best Fitness: [0.21291632]
100
iteration 500
Best Fitness: [0.21291632]
100
iteration 600
Best Fitness: [0.21291632]
100
iteration 700
Best Fitness: [0.21291632]
100
iteration 800
Best Fitness: [0.21291632]
100
iteration 900
Best Fitness: [0.21291632]
100
iteration 1000
Best Fitness: [0.21291632]
100
iteration 1100
Best Fitness: [0.21291632]
100
iteration 1200
Best Fitness: [0.21291632]
100
iteration 1300
Best Fitness: [0.21291632]
100
iteration 1400
Best Fitness: [0.21291632]
100
iteration 1500
Best Fitness: [0.21291632]
100
iteration 1600
Best Fitness: [0.21291632]
100
iteration 1700
Best Fitness: [0.21291632]
100
iteration 1800
Best Fitness: [0.21291632]
100
iteration 1900
Best Fitness: [0.21291632]
100
iteration 2000
Best Fitness: [0.21291632]
100
iteration 2100
Best Fitness: [0.21291632]
100
iteration 2200
Best Fitness: [0.21291632]
100
iteration 2300
Best Fitness: [0.21291632]
100
iteration 2400
Best Fitness: [0.21291632]
100
iteration 2500
Best Fitness: [0.21291632]
100
iteration 2600
Best Fitness: [0.21291632]
100
iteration 2700
Best Fitness: [0.21291632]
100
iteration 2800
Best Fitness: [0.21291632]
100
iteration 2900
Best Fitness: [0.21291632]
100
iteration 2999
Best Fitness: [0.21291632]
100
iteration 0
Best Fitness: [7.88651448]
1
iteration 100
Best Fitness: [0.53398189]
100
iteration 200
Best Fitness: [0.23311977]
100
iteration 300
Best Fitness: [0.23311977]
100
iteration 400
Best Fitness: [0.23311977]
100
iteration 500
Best Fitness: [0.23311977]
100
iteration 600
Best Fitness: [0.23311977]
100
iteration 700
Best Fitness: [0.23311977]
100
iteration 800
Best Fitness: [0.23311977]
100
iteration 900
Best Fitness: [0.23311977]
100
iteration 1000
Best Fitness: [0.23311977]
100
iteration 1100
Best Fitness: [0.23311977]
100
iteration 1200
Best Fitness: [0.23311977]
100
iteration 1300
Best Fitness: [0.23311977]
100
iteration 1400
Best Fitness: [0.23311977]
100
iteration 1500
Best Fitness: [0.23311977]
100
iteration 1600
Best Fitness: [0.23311977]
100
iteration 1700
Best Fitness: [0.23311977]
100
iteration 1800
Best Fitness: [0.23311977]
100
iteration 1900
Best Fitness: [0.23311977]
100
iteration 2000
Best Fitness: [0.23311977]
100
iteration 2100
Best Fitness: [0.23311977]
100
iteration 2200
Best Fitness: [0.23311977]
100
iteration 2300
Best Fitness: [0.23311977]
100
iteration 2400
Best Fitness: [0.23311977]
100
iteration 2500
Best Fitness: [0.23311977]
100
iteration 2600
Best Fitness: [0.23311977]
100
iteration 2700
Best Fitness: [0.23311977]
100
iteration 2800
Best Fitness: [0.23311977]
100
iteration 2900
Best Fitness: [0.23311977]
100
iteration 2999
Best Fitness: [0.23311977]
100
iteration 0
Best Fitness: [7.80306359]
1
iteration 100
Best Fitness: [0.41733032]
100
iteration 200
Best Fitness: [0.24367106]
100
iteration 300
Best Fitness: [0.24367106]
100
iteration 400
Best Fitness: [0.24367106]
100
iteration 500
Best Fitness: [0.24367106]
100
iteration 600
Best Fitness: [0.24367106]
100
iteration 700
Best Fitness: [0.24367106]
100
iteration 800
Best Fitness: [0.24367106]
100
iteration 900
Best Fitness: [0.24367106]
100
iteration 1000
Best Fitness: [0.24367106]
100
iteration 1100
Best Fitness: [0.24367106]
100
iteration 1200
Best Fitness: [0.24367106]
100
iteration 1300
Best Fitness: [0.24367106]
100
iteration 1400
Best Fitness: [0.24367106]
100
iteration 1500
Best Fitness: [0.24367106]
100
iteration 1600
Best Fitness: [0.24367106]
100
iteration 1700
Best Fitness: [0.24367106]
100
iteration 1800
Best Fitness: [0.24367106]
100
iteration 1900
Best Fitness: [0.24367106]
100
iteration 2000
Best Fitness: [0.24367106]
100
iteration 2100
Best Fitness: [0.24367106]
100
iteration 2200
Best Fitness: [0.24367106]
100
iteration 2300
Best Fitness: [0.24367106]
100
iteration 2400
Best Fitness: [0.24367106]
100
iteration 2500
Best Fitness: [0.24367106]
100
iteration 2600
Best Fitness: [0.24367106]
100
iteration 2700
Best Fitness: [0.24367106]
100
iteration 2800
Best Fitness: [0.24367106]
100
iteration 2900
Best Fitness: [0.24367106]
100
iteration 2999
Best Fitness: [0.24367106]
100
iteration 0
Best Fitness: [7.68957428]
1
iteration 100
Best Fitness: [0.45709414]
100
iteration 200
Best Fitness: [0.25521691]
100
iteration 300
Best Fitness: [0.25458944]
100
iteration 400
Best Fitness: [0.25458944]
100
iteration 500
Best Fitness: [0.25458944]
100
iteration 600
Best Fitness: [0.25458944]
100
iteration 700
Best Fitness: [0.25458944]
100
iteration 800
Best Fitness: [0.25458944]
100
iteration 900
Best Fitness: [0.25458944]
100
iteration 1000
Best Fitness: [0.25458944]
100
iteration 1100
Best Fitness: [0.25458944]
100
iteration 1200
Best Fitness: [0.25458944]
100
iteration 1300
Best Fitness: [0.25458944]
100
iteration 1400
Best Fitness: [0.25458944]
100
iteration 1500
Best Fitness: [0.25458944]
100
iteration 1600
Best Fitness: [0.25458944]
100
iteration 1700
Best Fitness: [0.25458944]
100
iteration 1800
Best Fitness: [0.25458944]
100
iteration 1900
Best Fitness: [0.25458944]
100
iteration 2000
Best Fitness: [0.25458944]
100
iteration 2100
Best Fitness: [0.25458944]
100
iteration 2200
Best Fitness: [0.25458944]
100
iteration 2300
Best Fitness: [0.25458944]
100
iteration 2400
Best Fitness: [0.25458944]
100
iteration 2500
Best Fitness: [0.25458944]
100
iteration 2600
Best Fitness: [0.25458944]
100
iteration 2700
Best Fitness: [0.25458944]
100
iteration 2800
Best Fitness: [0.25458944]
100
iteration 2900
Best Fitness: [0.25458944]
100
iteration 2999
Best Fitness: [0.25458944]
100
iteration 0
Best Fitness: [7.75299653]
1
iteration 100
Best Fitness: [0.70978092]
100
iteration 200
Best Fitness: [0.35551599]
100
iteration 300
Best Fitness: [0.35551599]
100
iteration 400
Best Fitness: [0.35551599]
100
iteration 500
Best Fitness: [0.35551599]
100
iteration 600
Best Fitness: [0.35551599]
100
iteration 700
Best Fitness: [0.35551599]
100
iteration 800
Best Fitness: [0.35551599]
100
iteration 900
Best Fitness: [0.35551599]
100
iteration 1000
Best Fitness: [0.35551599]
100
iteration 1100
Best Fitness: [0.35551599]
100
iteration 1200
Best Fitness: [0.35551599]
100
iteration 1300
Best Fitness: [0.35551599]
100
iteration 1400
Best Fitness: [0.35551599]
100
iteration 1500
Best Fitness: [0.35551599]
100
iteration 1600
Best Fitness: [0.35551599]
100
iteration 1700
Best Fitness: [0.35551599]
100
iteration 1800
Best Fitness: [0.35551599]
100
iteration 1900
Best Fitness: [0.35551599]
100
iteration 2000
Best Fitness: [0.35551599]
100
iteration 2100
Best Fitness: [0.35551599]
100
iteration 2200
Best Fitness: [0.35551599]
100
iteration 2300
Best Fitness: [0.35551599]
100
iteration 2400
Best Fitness: [0.35551599]
100
iteration 2500
Best Fitness: [0.35551599]
100
iteration 2600
Best Fitness: [0.35551599]
100
iteration 2700
Best Fitness: [0.35551599]
100
iteration 2800
Best Fitness: [0.35551599]
100
iteration 2900
Best Fitness: [0.35551599]
100
iteration 2999
Best Fitness: [0.35551599]
100
iteration 0
Best Fitness: [7.47033307]
1
iteration 100
Best Fitness: [0.55484599]
100
iteration 200
Best Fitness: [0.26479467]
100
iteration 300
Best Fitness: [0.26454266]
100
iteration 400
Best Fitness: [0.26454266]
100
iteration 500
Best Fitness: [0.26454266]
100
iteration 600
Best Fitness: [0.26454266]
100
iteration 700
Best Fitness: [0.26454266]
100
iteration 800
Best Fitness: [0.26454266]
100
iteration 900
Best Fitness: [0.26454266]
100
iteration 1000
Best Fitness: [0.26454266]
100
iteration 1100
Best Fitness: [0.26454266]
100
iteration 1200
Best Fitness: [0.26454266]
100
iteration 1300
Best Fitness: [0.26454266]
100
iteration 1400
Best Fitness: [0.26454266]
100
iteration 1500
Best Fitness: [0.26454266]
100
iteration 1600
Best Fitness: [0.26454266]
100
iteration 1700
Best Fitness: [0.26454266]
100
iteration 1800
Best Fitness: [0.26454266]
100
iteration 1900
Best Fitness: [0.26454266]
100
iteration 2000
Best Fitness: [0.26454266]
100
iteration 2100
Best Fitness: [0.26454266]
100
iteration 2200
Best Fitness: [0.26454266]
100
iteration 2300
Best Fitness: [0.26454266]
100
iteration 2400
Best Fitness: [0.26454266]
100
iteration 2500
Best Fitness: [0.26454266]
100
iteration 2600
Best Fitness: [0.26454266]
100
iteration 2700
Best Fitness: [0.26454266]
100
iteration 2800
Best Fitness: [0.26454266]
100
iteration 2900
Best Fitness: [0.26454266]
100
iteration 2999
Best Fitness: [0.26454266]
100
iteration 0
Best Fitness: [7.48544342]
1
iteration 100
Best Fitness: [0.32874137]
100
iteration 200
Best Fitness: [0.18237261]
100
iteration 300
Best Fitness: [0.18235488]
100
iteration 400
Best Fitness: [0.18235488]
100
iteration 500
Best Fitness: [0.18235488]
100
iteration 600
Best Fitness: [0.18235488]
100
iteration 700
Best Fitness: [0.18235488]
100
iteration 800
Best Fitness: [0.18235488]
100
iteration 900
Best Fitness: [0.18235488]
100
iteration 1000
Best Fitness: [0.18235488]
100
iteration 1100
Best Fitness: [0.18235488]
100
iteration 1200
Best Fitness: [0.18235488]
100
iteration 1300
Best Fitness: [0.18235488]
100
iteration 1400
Best Fitness: [0.18235488]
100
iteration 1500
Best Fitness: [0.18235488]
100
iteration 1600
Best Fitness: [0.18235488]
100
iteration 1700
Best Fitness: [0.18235488]
100
iteration 1800
Best Fitness: [0.18235488]
100
iteration 1900
Best Fitness: [0.18235488]
100
iteration 2000
Best Fitness: [0.18235488]
100
iteration 2100
Best Fitness: [0.18235488]
100
iteration 2200
Best Fitness: [0.18235488]
100
iteration 2300
Best Fitness: [0.18235488]
100
iteration 2400
Best Fitness: [0.18235488]
100
iteration 2500
Best Fitness: [0.18235488]
100
iteration 2600
Best Fitness: [0.18235488]
100
iteration 2700
Best Fitness: [0.18235488]
100
iteration 2800
Best Fitness: [0.18235488]
100
iteration 2900
Best Fitness: [0.18235488]
100
iteration 2999
Best Fitness: [0.18235488]
100
iteration 0
Best Fitness: [7.32386335]
1
iteration 100
Best Fitness: [0.32021364]
100
iteration 200
Best Fitness: [0.21504487]
100
iteration 300
Best Fitness: [0.21475155]
100
iteration 400
Best Fitness: [0.21475155]
100
iteration 500
Best Fitness: [0.21475155]
100
iteration 600
Best Fitness: [0.21475155]
100
iteration 700
Best Fitness: [0.21475155]
100
iteration 800
Best Fitness: [0.21475155]
100
iteration 900
Best Fitness: [0.21475155]
100
iteration 1000
Best Fitness: [0.21475155]
100
iteration 1100
Best Fitness: [0.21475155]
100
iteration 1200
Best Fitness: [0.21475155]
100
iteration 1300
Best Fitness: [0.21475155]
100
iteration 1400
Best Fitness: [0.21475155]
100
iteration 1500
Best Fitness: [0.21475155]
100
iteration 1600
Best Fitness: [0.21475155]
100
iteration 1700
Best Fitness: [0.21475155]
100
iteration 1800
Best Fitness: [0.21475155]
100
iteration 1900
Best Fitness: [0.21475155]
100
iteration 2000
Best Fitness: [0.21475155]
100
iteration 2100
Best Fitness: [0.21475155]
100
iteration 2200
Best Fitness: [0.21475155]
100
iteration 2300
Best Fitness: [0.21475155]
100
iteration 2400
Best Fitness: [0.21475155]
100
iteration 2500
Best Fitness: [0.21475155]
100
iteration 2600
Best Fitness: [0.21475155]
100
iteration 2700
Best Fitness: [0.21475155]
100
iteration 2800
Best Fitness: [0.21475155]
100
iteration 2900
Best Fitness: [0.21475155]
100
iteration 2999
Best Fitness: [0.21475155]
100
iteration 0
Best Fitness: [7.26950665]
1
iteration 100
Best Fitness: [0.55876148]
100
iteration 200
Best Fitness: [0.28399569]
100
iteration 300
Best Fitness: [0.28399569]
100
iteration 400
Best Fitness: [0.28399569]
100
iteration 500
Best Fitness: [0.28399569]
100
iteration 600
Best Fitness: [0.28399569]
100
iteration 700
Best Fitness: [0.28399569]
100
iteration 800
Best Fitness: [0.28399569]
100
iteration 900
Best Fitness: [0.28399569]
100
iteration 1000
Best Fitness: [0.28399569]
100
iteration 1100
Best Fitness: [0.28399569]
100
iteration 1200
Best Fitness: [0.28399569]
100
iteration 1300
Best Fitness: [0.28399569]
100
iteration 1400
Best Fitness: [0.28399569]
100
iteration 1500
Best Fitness: [0.28399569]
100
iteration 1600
Best Fitness: [0.28399569]
100
iteration 1700
Best Fitness: [0.28399569]
100
iteration 1800
Best Fitness: [0.28399569]
100
iteration 1900
Best Fitness: [0.28399569]
100
iteration 2000
Best Fitness: [0.28399569]
100
iteration 2100
Best Fitness: [0.28399569]
100
iteration 2200
Best Fitness: [0.28399569]
100
iteration 2300
Best Fitness: [0.28399569]
100
iteration 2400
Best Fitness: [0.28399569]
100
iteration 2500
Best Fitness: [0.28399569]
100
iteration 2600
Best Fitness: [0.28399569]
100
iteration 2700
Best Fitness: [0.28399569]
100
iteration 2800
Best Fitness: [0.28399569]
100
iteration 2900
Best Fitness: [0.28399569]
100
iteration 2999
Best Fitness: [0.28399569]
100
iteration 0
Best Fitness: [7.5045457]
1
iteration 100
Best Fitness: [0.59608959]
100
iteration 200
Best Fitness: [0.34436566]
100
iteration 300
Best Fitness: [0.34393087]
100
iteration 400
Best Fitness: [0.34393087]
100
iteration 500
Best Fitness: [0.34393087]
100
iteration 600
Best Fitness: [0.34393087]
100
iteration 700
Best Fitness: [0.34393087]
100
iteration 800
Best Fitness: [0.34393087]
100
iteration 900
Best Fitness: [0.34393087]
100
iteration 1000
Best Fitness: [0.34393087]
100
iteration 1100
Best Fitness: [0.34393087]
100
iteration 1200
Best Fitness: [0.34393087]
100
iteration 1300
Best Fitness: [0.34393087]
100
iteration 1400
Best Fitness: [0.34393087]
100
iteration 1500
Best Fitness: [0.34393087]
100
iteration 1600
Best Fitness: [0.34393087]
100
iteration 1700
Best Fitness: [0.34393087]
100
iteration 1800
Best Fitness: [0.34393087]
100
iteration 1900
Best Fitness: [0.34393087]
100
iteration 2000
Best Fitness: [0.34393087]
100
iteration 2100
Best Fitness: [0.34393087]
100
iteration 2200
Best Fitness: [0.34393087]
100
iteration 2300
Best Fitness: [0.34393087]
100
iteration 2400
Best Fitness: [0.34393087]
100
iteration 2500
Best Fitness: [0.34393087]
100
iteration 2600
Best Fitness: [0.34393087]
100
iteration 2700
Best Fitness: [0.34393087]
100
iteration 2800
Best Fitness: [0.34393087]
100
iteration 2900
Best Fitness: [0.34393087]
100
iteration 2999
Best Fitness: [0.34393087]
100
[array([0.21291632]), array([0.23311977]), array([0.24367106]), array([0.25458944]), array([0.35551599]), array([0.26454266]), array([0.18235488]), array([0.21475155]), array([0.28399569]), array([0.34393087])]
iteration 0
Best Fitness: [571.95673582]
1
iteration 100
Best Fitness: [0.33230158]
100
iteration 200
Best Fitness: [0.08009326]
100
iteration 300
Best Fitness: [0.07538648]
100
iteration 400
Best Fitness: [0.07538648]
100
iteration 500
Best Fitness: [0.07538648]
100
iteration 600
Best Fitness: [0.07538648]
100
iteration 700
Best Fitness: [0.07538648]
100
iteration 800
Best Fitness: [0.07538648]
100
iteration 900
Best Fitness: [0.07538648]
100
iteration 1000
Best Fitness: [0.07538648]
100
iteration 1100
Best Fitness: [0.07538648]
100
iteration 1200
Best Fitness: [0.07538648]
100
iteration 1300
Best Fitness: [0.07538648]
100
iteration 1400
Best Fitness: [0.07538648]
100
iteration 1500
Best Fitness: [0.07538648]
100
iteration 1600
Best Fitness: [0.07538648]
100
iteration 1700
Best Fitness: [0.07538648]
100
iteration 1800
Best Fitness: [0.07538648]
100
iteration 1900
Best Fitness: [0.07538648]
100
iteration 2000
Best Fitness: [0.07538648]
100
iteration 2100
Best Fitness: [0.07538648]
100
iteration 2200
Best Fitness: [0.07538648]
100
iteration 2300
Best Fitness: [0.07538648]
100
iteration 2400
Best Fitness: [0.07538648]
100
iteration 2500
Best Fitness: [0.07538648]
100
iteration 2600
Best Fitness: [0.07538648]
100
iteration 2700
Best Fitness: [0.07538648]
100
iteration 2800
Best Fitness: [0.07538648]
100
iteration 2900
Best Fitness: [0.07538648]
100
iteration 2999
Best Fitness: [0.07538648]
100
iteration 0
Best Fitness: [610.15284295]
1
iteration 100
Best Fitness: [24.42312584]
15
iteration 200
Best Fitness: [0.15309979]
100
iteration 300
Best Fitness: [0.08797502]
100
iteration 400
Best Fitness: [0.08434032]
100
iteration 500
Best Fitness: [0.08434032]
100
iteration 600
Best Fitness: [0.08434032]
100
iteration 700
Best Fitness: [0.08434032]
100
iteration 800
Best Fitness: [0.08434032]
100
iteration 900
Best Fitness: [0.08434032]
100
iteration 1000
Best Fitness: [0.08434032]
100
iteration 1100
Best Fitness: [0.08434032]
100
iteration 1200
Best Fitness: [0.08434032]
100
iteration 1300
Best Fitness: [0.08434032]
100
iteration 1400
Best Fitness: [0.08434032]
100
iteration 1500
Best Fitness: [0.08434032]
100
iteration 1600
Best Fitness: [0.08434032]
100
iteration 1700
Best Fitness: [0.08434032]
100
iteration 1800
Best Fitness: [0.08434032]
100
iteration 1900
Best Fitness: [0.08434032]
100
iteration 2000
Best Fitness: [0.08434032]
100
iteration 2100
Best Fitness: [0.08434032]
100
iteration 2200
Best Fitness: [0.08434032]
100
iteration 2300
Best Fitness: [0.08434032]
100
iteration 2400
Best Fitness: [0.08434032]
100
iteration 2500
Best Fitness: [0.08434032]
100
iteration 2600
Best Fitness: [0.08434032]
100
iteration 2700
Best Fitness: [0.08434032]
100
iteration 2800
Best Fitness: [0.08434032]
100
iteration 2900
Best Fitness: [0.08434032]
100
iteration 2999
Best Fitness: [0.08434032]
100
iteration 0
Best Fitness: [575.78486361]
1
iteration 100
Best Fitness: [0.22572402]
100
iteration 200
Best Fitness: [0.09736299]
100
iteration 300
Best Fitness: [0.09736299]
100
iteration 400
Best Fitness: [0.09736299]
100
iteration 500
Best Fitness: [0.09736299]
100
iteration 600
Best Fitness: [0.09736299]
100
iteration 700
Best Fitness: [0.09736299]
100
iteration 800
Best Fitness: [0.09736299]
100
iteration 900
Best Fitness: [0.09736299]
100
iteration 1000
Best Fitness: [0.09736299]
100
iteration 1100
Best Fitness: [0.09736299]
100
iteration 1200
Best Fitness: [0.09736299]
100
iteration 1300
Best Fitness: [0.09736299]
100
iteration 1400
Best Fitness: [0.09736299]
100
iteration 1500
Best Fitness: [0.09736299]
100
iteration 1600
Best Fitness: [0.09736299]
100
iteration 1700
Best Fitness: [0.09736299]
100
iteration 1800
Best Fitness: [0.09736299]
100
iteration 1900
Best Fitness: [0.09736299]
100
iteration 2000
Best Fitness: [0.09736299]
100
iteration 2100
Best Fitness: [0.09736299]
100
iteration 2200
Best Fitness: [0.09736299]
100
iteration 2300
Best Fitness: [0.09736299]
100
iteration 2400
Best Fitness: [0.09736299]
100
iteration 2500
Best Fitness: [0.09736299]
100
iteration 2600
Best Fitness: [0.09736299]
100
iteration 2700
Best Fitness: [0.09736299]
100
iteration 2800
Best Fitness: [0.09736299]
100
iteration 2900
Best Fitness: [0.09736299]
100
iteration 2999
Best Fitness: [0.09736299]
100
iteration 0
Best Fitness: [627.54513119]
1
iteration 100
Best Fitness: [1.00306712]
100
iteration 200
Best Fitness: [0.74738292]
100
iteration 300
Best Fitness: [0.74738168]
100
iteration 400
Best Fitness: [0.74738168]
100
iteration 500
Best Fitness: [0.74738168]
100
iteration 600
Best Fitness: [0.74738168]
100
iteration 700
Best Fitness: [0.74738168]
100
iteration 800
Best Fitness: [0.74738168]
100
iteration 900
Best Fitness: [0.74738168]
100
iteration 1000
Best Fitness: [0.74738168]
100
iteration 1100
Best Fitness: [0.74738168]
100
iteration 1200
Best Fitness: [0.74738168]
100
iteration 1300
Best Fitness: [0.74738168]
100
iteration 1400
Best Fitness: [0.74738168]
100
iteration 1500
Best Fitness: [0.74738168]
100
iteration 1600
Best Fitness: [0.74738168]
100
iteration 1700
Best Fitness: [0.74738168]
100
iteration 1800
Best Fitness: [0.74738168]
100
iteration 1900
Best Fitness: [0.74738168]
100
iteration 2000
Best Fitness: [0.74738168]
100
iteration 2100
Best Fitness: [0.74738168]
100
iteration 2200
Best Fitness: [0.74738168]
100
iteration 2300
Best Fitness: [0.74738168]
100
iteration 2400
Best Fitness: [0.74738168]
100
iteration 2500
Best Fitness: [0.74738168]
100
iteration 2600
Best Fitness: [0.74738168]
100
iteration 2700
Best Fitness: [0.74738168]
100
iteration 2800
Best Fitness: [0.74738168]
100
iteration 2900
Best Fitness: [0.74738168]
100
iteration 2999
Best Fitness: [0.74738168]
100
iteration 0
Best Fitness: [604.16452922]
1
iteration 100
Best Fitness: [10.22261288]
11
iteration 200
Best Fitness: [0.08828387]
100
iteration 300
Best Fitness: [0.08271765]
100
iteration 400
Best Fitness: [0.08271765]
100
iteration 500
Best Fitness: [0.08271765]
100
iteration 600
Best Fitness: [0.08271765]
100
iteration 700
Best Fitness: [0.08271765]
100
iteration 800
Best Fitness: [0.08271765]
100
iteration 900
Best Fitness: [0.08271765]
100
iteration 1000
Best Fitness: [0.08271765]
100
iteration 1100
Best Fitness: [0.08271765]
100
iteration 1200
Best Fitness: [0.08271765]
100
iteration 1300
Best Fitness: [0.08271765]
100
iteration 1400
Best Fitness: [0.08271765]
100
iteration 1500
Best Fitness: [0.08271765]
100
iteration 1600
Best Fitness: [0.08271765]
100
iteration 1700
Best Fitness: [0.08271765]
100
iteration 1800
Best Fitness: [0.08271765]
100
iteration 1900
Best Fitness: [0.08271765]
100
iteration 2000
Best Fitness: [0.08271765]
100
iteration 2100
Best Fitness: [0.08271765]
100
iteration 2200
Best Fitness: [0.08271765]
100
iteration 2300
Best Fitness: [0.08271765]
100
iteration 2400
Best Fitness: [0.08271765]
100
iteration 2500
Best Fitness: [0.08271765]
100
iteration 2600
Best Fitness: [0.08271765]
100
iteration 2700
Best Fitness: [0.08271765]
100
iteration 2800
Best Fitness: [0.08271765]
100
iteration 2900
Best Fitness: [0.08271765]
100
iteration 2999
Best Fitness: [0.08271765]
100
iteration 0
Best Fitness: [662.55191146]
1
iteration 100
Best Fitness: [0.33761652]
100
iteration 200
Best Fitness: [0.07843934]
100
iteration 300
Best Fitness: [0.07843019]
100
iteration 400
Best Fitness: [0.07843019]
100
iteration 500
Best Fitness: [0.07843019]
100
iteration 600
Best Fitness: [0.07843019]
100
iteration 700
Best Fitness: [0.07843019]
100
iteration 800
Best Fitness: [0.07843019]
100
iteration 900
Best Fitness: [0.07843019]
100
iteration 1000
Best Fitness: [0.07843019]
100
iteration 1100
Best Fitness: [0.07843019]
100
iteration 1200
Best Fitness: [0.07843019]
100
iteration 1300
Best Fitness: [0.07843019]
100
iteration 1400
Best Fitness: [0.07843019]
100
iteration 1500
Best Fitness: [0.07843019]
100
iteration 1600
Best Fitness: [0.07843019]
100
iteration 1700
Best Fitness: [0.07843019]
100
iteration 1800
Best Fitness: [0.07843019]
100
iteration 1900
Best Fitness: [0.07843019]
100
iteration 2000
Best Fitness: [0.07843019]
100
iteration 2100
Best Fitness: [0.07843019]
100
iteration 2200
Best Fitness: [0.07843019]
100
iteration 2300
Best Fitness: [0.07843019]
100
iteration 2400
Best Fitness: [0.07843019]
100
iteration 2500
Best Fitness: [0.07843019]
100
iteration 2600
Best Fitness: [0.07843019]
100
iteration 2700
Best Fitness: [0.07843019]
100
iteration 2800
Best Fitness: [0.07843019]
100
iteration 2900
Best Fitness: [0.07843019]
100
iteration 2999
Best Fitness: [0.07843019]
100
iteration 0
Best Fitness: [636.26133465]
1
iteration 100
Best Fitness: [0.18763463]
100
iteration 200
Best Fitness: [0.05209542]
100
iteration 300
Best Fitness: [0.05209542]
100
iteration 400
Best Fitness: [0.05209542]
100
iteration 500
Best Fitness: [0.05209542]
100
iteration 600
Best Fitness: [0.05209542]
100
iteration 700
Best Fitness: [0.05209542]
100
iteration 800
Best Fitness: [0.05209542]
100
iteration 900
Best Fitness: [0.05209542]
100
iteration 1000
Best Fitness: [0.05209542]
100
iteration 1100
Best Fitness: [0.05209542]
100
iteration 1200
Best Fitness: [0.05209542]
100
iteration 1300
Best Fitness: [0.05209542]
100
iteration 1400
Best Fitness: [0.05209542]
100
iteration 1500
Best Fitness: [0.05209542]
100
iteration 1600
Best Fitness: [0.05209542]
100
iteration 1700
Best Fitness: [0.05209542]
100
iteration 1800
Best Fitness: [0.05209542]
100
iteration 1900
Best Fitness: [0.05209542]
100
iteration 2000
Best Fitness: [0.05209542]
100
iteration 2100
Best Fitness: [0.05209542]
100
iteration 2200
Best Fitness: [0.05209542]
100
iteration 2300
Best Fitness: [0.05209542]
100
iteration 2400
Best Fitness: [0.05209542]
100
iteration 2500
Best Fitness: [0.05209542]
100
iteration 2600
Best Fitness: [0.05209542]
100
iteration 2700
Best Fitness: [0.05209542]
100
iteration 2800
Best Fitness: [0.05209542]
100
iteration 2900
Best Fitness: [0.05209542]
100
iteration 2999
Best Fitness: [0.05209542]
100
iteration 0
Best Fitness: [605.96337136]
1
iteration 100
Best Fitness: [0.9665143]
100
iteration 200
Best Fitness: [0.70148963]
100
iteration 300
Best Fitness: [0.70148847]
100
iteration 400
Best Fitness: [0.70148847]
100
iteration 500
Best Fitness: [0.70148847]
100
iteration 600
Best Fitness: [0.70148847]
100
iteration 700
Best Fitness: [0.70148847]
100
iteration 800
Best Fitness: [0.70148847]
100
iteration 900
Best Fitness: [0.70148847]
100
iteration 1000
Best Fitness: [0.70148847]
100
iteration 1100
Best Fitness: [0.70148847]
100
iteration 1200
Best Fitness: [0.70148847]
100
iteration 1300
Best Fitness: [0.70148847]
100
iteration 1400
Best Fitness: [0.70148847]
100
iteration 1500
Best Fitness: [0.70148847]
100
iteration 1600
Best Fitness: [0.70148847]
100
iteration 1700
Best Fitness: [0.70148847]
100
iteration 1800
Best Fitness: [0.70148847]
100
iteration 1900
Best Fitness: [0.70148847]
100
iteration 2000
Best Fitness: [0.70148847]
100
iteration 2100
Best Fitness: [0.70148847]
100
iteration 2200
Best Fitness: [0.70148847]
100
iteration 2300
Best Fitness: [0.70148847]
100
iteration 2400
Best Fitness: [0.70148847]
100
iteration 2500
Best Fitness: [0.70148847]
100
iteration 2600
Best Fitness: [0.70148847]
100
iteration 2700
Best Fitness: [0.70148847]
100
iteration 2800
Best Fitness: [0.70148847]
100
iteration 2900
Best Fitness: [0.70148847]
100
iteration 2999
Best Fitness: [0.70148847]
100
iteration 0
Best Fitness: [554.41093063]
1
iteration 100
Best Fitness: [3.01892493]
7
iteration 200
Best Fitness: [0.08518348]
100
iteration 300
Best Fitness: [0.07061043]
100
iteration 400
Best Fitness: [0.07061043]
100
iteration 500
Best Fitness: [0.07061043]
100
iteration 600
Best Fitness: [0.07061043]
100
iteration 700
Best Fitness: [0.07061043]
100
iteration 800
Best Fitness: [0.07061043]
100
iteration 900
Best Fitness: [0.07061043]
100
iteration 1000
Best Fitness: [0.07061043]
100
iteration 1100
Best Fitness: [0.07061043]
100
iteration 1200
Best Fitness: [0.07061043]
100
iteration 1300
Best Fitness: [0.07061043]
100
iteration 1400
Best Fitness: [0.07061043]
100
iteration 1500
Best Fitness: [0.07061043]
100
iteration 1600
Best Fitness: [0.07061043]
100
iteration 1700
Best Fitness: [0.07061043]
100
iteration 1800
Best Fitness: [0.07061043]
100
iteration 1900
Best Fitness: [0.07061043]
100
iteration 2000
Best Fitness: [0.07061043]
100
iteration 2100
Best Fitness: [0.07061043]
100
iteration 2200
Best Fitness: [0.07061043]
100
iteration 2300
Best Fitness: [0.07061043]
100
iteration 2400
Best Fitness: [0.07061043]
100
iteration 2500
Best Fitness: [0.07061043]
100
iteration 2600
Best Fitness: [0.07061043]
100
iteration 2700
Best Fitness: [0.07061043]
100
iteration 2800
Best Fitness: [0.07061043]
100
iteration 2900
Best Fitness: [0.07061043]
100
iteration 2999
Best Fitness: [0.07061043]
100
iteration 0
Best Fitness: [640.61795299]
1
iteration 100
Best Fitness: [0.93745234]
100
iteration 200
Best Fitness: [0.70317577]
100
iteration 300
Best Fitness: [0.70317475]
100
iteration 400
Best Fitness: [0.70317475]
100
iteration 500
Best Fitness: [0.70317475]
100
iteration 600
Best Fitness: [0.70317475]
100
iteration 700
Best Fitness: [0.70317475]
100
iteration 800
Best Fitness: [0.70317475]
100
iteration 900
Best Fitness: [0.70317475]
100
iteration 1000
Best Fitness: [0.70317475]
100
iteration 1100
Best Fitness: [0.70317475]
100
iteration 1200
Best Fitness: [0.70317475]
100
iteration 1300
Best Fitness: [0.70317475]
100
iteration 1400
Best Fitness: [0.70317475]
100
iteration 1500
Best Fitness: [0.70317475]
100
iteration 1600
Best Fitness: [0.70317475]
100
iteration 1700
Best Fitness: [0.70317475]
100
iteration 1800
Best Fitness: [0.70317475]
100
iteration 1900
Best Fitness: [0.70317475]
100
iteration 2000
Best Fitness: [0.70317475]
100
iteration 2100
Best Fitness: [0.70317475]
100
iteration 2200
Best Fitness: [0.70317475]
100
iteration 2300
Best Fitness: [0.70317475]
100
iteration 2400
Best Fitness: [0.70317475]
100
iteration 2500
Best Fitness: [0.70317475]
100
iteration 2600
Best Fitness: [0.70317475]
100
iteration 2700
Best Fitness: [0.70317475]
100
iteration 2800
Best Fitness: [0.70317475]
100
iteration 2900
Best Fitness: [0.70317475]
100
iteration 2999
Best Fitness: [0.70317475]
100
[array([0.07538648]), array([0.08434032]), array([0.09736299]), array([0.74738168]), array([0.08271765]), array([0.07843019]), array([0.05209542]), array([0.70148847]), array([0.07061043]), array([0.70317475])]
iteration 0
Best Fitness: [12745522.04037903]
1
iteration 100
Best Fitness: [3233.76421211]
7
iteration 200
Best Fitness: [90.56573967]
20
iteration 300
Best Fitness: [2.94574524]
92
iteration 400
Best Fitness: [2.51274735]
100
iteration 500
Best Fitness: [2.4383403]
100
iteration 600
Best Fitness: [2.43010543]
100
iteration 700
Best Fitness: [2.41828529]
100
iteration 800
Best Fitness: [2.41611096]
100
iteration 900
Best Fitness: [2.4141739]
100
iteration 1000
Best Fitness: [2.41235439]
100
iteration 1100
Best Fitness: [2.41046763]
100
iteration 1200
Best Fitness: [2.40880852]
100
iteration 1300
Best Fitness: [2.40718627]
100
iteration 1400
Best Fitness: [2.40566869]
100
iteration 1500
Best Fitness: [2.40420653]
100
iteration 1600
Best Fitness: [2.40291901]
100
iteration 1700
Best Fitness: [2.40169118]
100
iteration 1800
Best Fitness: [2.40053612]
100
iteration 1900
Best Fitness: [2.39943154]
100
iteration 2000
Best Fitness: [2.3982826]
100
iteration 2100
Best Fitness: [2.39707654]
100
iteration 2200
Best Fitness: [2.39598215]
100
iteration 2300
Best Fitness: [2.38965901]
100
iteration 2400
Best Fitness: [2.38469576]
100
iteration 2500
Best Fitness: [2.3803626]
100
iteration 2600
Best Fitness: [2.37645959]
100
iteration 2700
Best Fitness: [2.37299653]
100
iteration 2800
Best Fitness: [2.3698551]
100
iteration 2900
Best Fitness: [2.3669887]
100
iteration 2999
Best Fitness: [2.36441162]
100
iteration 0
Best Fitness: [6292644.68382261]
1
iteration 100
Best Fitness: [1490.04744782]
33
iteration 200
Best Fitness: [3.04139863]
86
iteration 300
Best Fitness: [2.33158938]
100
iteration 400
Best Fitness: [2.31012599]
100
iteration 500
Best Fitness: [2.29894452]
100
iteration 600
Best Fitness: [2.29014171]
100
iteration 700
Best Fitness: [2.28201737]
100
iteration 800
Best Fitness: [2.25785012]
100
iteration 900
Best Fitness: [2.24350349]
100
iteration 1000
Best Fitness: [2.23661747]
100
iteration 1100
Best Fitness: [2.23150699]
100
iteration 1200
Best Fitness: [2.22752084]
100
iteration 1300
Best Fitness: [2.2246352]
100
iteration 1400
Best Fitness: [2.22251232]
100
iteration 1500
Best Fitness: [2.22091668]
100
iteration 1600
Best Fitness: [2.21969535]
100
iteration 1700
Best Fitness: [2.21876206]
100
iteration 1800
Best Fitness: [2.21802212]
100
iteration 1900
Best Fitness: [2.21736971]
100
iteration 2000
Best Fitness: [2.21684145]
100
iteration 2100
Best Fitness: [2.21640403]
100
iteration 2200
Best Fitness: [2.21602842]
100
iteration 2300
Best Fitness: [2.21569923]
100
iteration 2400
Best Fitness: [2.21540528]
100
iteration 2500
Best Fitness: [2.215144]
100
iteration 2600
Best Fitness: [2.21490667]
100
iteration 2700
Best Fitness: [2.21468847]
100
iteration 2800
Best Fitness: [2.21449007]
100
iteration 2900
Best Fitness: [2.21430707]
100
iteration 2999
Best Fitness: [2.21413881]
100
iteration 0
Best Fitness: [10184553.55001923]
1
iteration 100
Best Fitness: [75.23737289]
11
iteration 200
Best Fitness: [5.09461784]
71
iteration 300
Best Fitness: [3.57942581]
100
iteration 400
Best Fitness: [3.57347375]
100
iteration 500
Best Fitness: [3.56723649]
100
iteration 600
Best Fitness: [3.56108674]
100
iteration 700
Best Fitness: [3.55551992]
100
iteration 800
Best Fitness: [3.55050208]
100
iteration 900
Best Fitness: [3.54598645]
100
iteration 1000
Best Fitness: [3.54194895]
100
iteration 1100
Best Fitness: [3.53841584]
100
iteration 1200
Best Fitness: [3.53534939]
100
iteration 1300
Best Fitness: [3.53264715]
100
iteration 1400
Best Fitness: [3.53022772]
100
iteration 1500
Best Fitness: [3.52815534]
100
iteration 1600
Best Fitness: [3.52625003]
100
iteration 1700
Best Fitness: [3.49524659]
100
iteration 1800
Best Fitness: [3.4941178]
100
iteration 1900
Best Fitness: [3.49322271]
100
iteration 2000
Best Fitness: [3.49234163]
100
iteration 2100
Best Fitness: [3.49165493]
100
iteration 2200
Best Fitness: [3.49071793]
100
iteration 2300
Best Fitness: [3.48981277]
100
iteration 2400
Best Fitness: [3.4890855]
100
iteration 2500
Best Fitness: [3.48822782]
100
iteration 2600
Best Fitness: [3.48748634]
100
iteration 2700
Best Fitness: [3.48677586]
100
iteration 2800
Best Fitness: [3.48607415]
100
iteration 2900
Best Fitness: [3.48541897]
100
iteration 2999
Best Fitness: [3.48482983]
100
iteration 0
Best Fitness: [11582059.23723809]
1
iteration 100
Best Fitness: [27.29459681]
50
iteration 200
Best Fitness: [3.41887026]
100
iteration 300
Best Fitness: [3.34039275]
100
iteration 400
Best Fitness: [3.32119287]
100
iteration 500
Best Fitness: [3.31748099]
100
iteration 600
Best Fitness: [3.31499323]
100
iteration 700
Best Fitness: [3.31322848]
100
iteration 800
Best Fitness: [3.3119131]
100
iteration 900
Best Fitness: [3.31081203]
100
iteration 1000
Best Fitness: [3.30979514]
100
iteration 1100
Best Fitness: [3.30887043]
100
iteration 1200
Best Fitness: [3.30804022]
100
iteration 1300
Best Fitness: [3.30723748]
100
iteration 1400
Best Fitness: [3.30650068]
100
iteration 1500
Best Fitness: [3.30580841]
100
iteration 1600
Best Fitness: [3.30514716]
100
iteration 1700
Best Fitness: [3.30452874]
100
iteration 1800
Best Fitness: [3.30394389]
100
iteration 1900
Best Fitness: [3.30338879]
100
iteration 2000
Best Fitness: [3.30286461]
100
iteration 2100
Best Fitness: [3.30236619]
100
iteration 2200
Best Fitness: [3.30189408]
100
iteration 2300
Best Fitness: [3.30144797]
100
iteration 2400
Best Fitness: [3.30102026]
100
iteration 2500
Best Fitness: [3.3006118]
100
iteration 2600
Best Fitness: [3.30022504]
100
iteration 2700
Best Fitness: [3.29985441]
100
iteration 2800
Best Fitness: [3.29949943]
100
iteration 2900
Best Fitness: [3.29916193]
100
iteration 2999
Best Fitness: [3.29884142]
100
iteration 0
Best Fitness: [11347470.89345383]
1
iteration 100
Best Fitness: [66.28940929]
23
iteration 200
Best Fitness: [3.93627178]
93
iteration 300
Best Fitness: [3.6998954]
100
iteration 400
Best Fitness: [3.68102646]
100
iteration 500
Best Fitness: [3.66827615]
100
iteration 600
Best Fitness: [3.65821077]
100
iteration 700
Best Fitness: [3.64967661]
100
iteration 800
Best Fitness: [3.64236628]
100
iteration 900
Best Fitness: [3.63599106]
100
iteration 1000
Best Fitness: [3.63083712]
100
iteration 1100
Best Fitness: [3.62603796]
100
iteration 1200
Best Fitness: [3.62148851]
100
iteration 1300
Best Fitness: [3.61736946]
100
iteration 1400
Best Fitness: [3.61368202]
100
iteration 1500
Best Fitness: [3.61045357]
100
iteration 1600
Best Fitness: [3.6077717]
100
iteration 1700
Best Fitness: [3.60507998]
100
iteration 1800
Best Fitness: [3.60258587]
100
iteration 1900
Best Fitness: [3.6002465]
100
iteration 2000
Best Fitness: [3.598052]
100
iteration 2100
Best Fitness: [3.59602678]
100
iteration 2200
Best Fitness: [3.59414952]
100
iteration 2300
Best Fitness: [3.59244171]
100
iteration 2400
Best Fitness: [3.59081728]
100
iteration 2500
Best Fitness: [3.58946825]
100
iteration 2600
Best Fitness: [3.58805729]
100
iteration 2700
Best Fitness: [3.5866753]
100
iteration 2800
Best Fitness: [3.5853589]
100
iteration 2900
Best Fitness: [3.58411632]
100
iteration 2999
Best Fitness: [3.58295018]
100
iteration 0
Best Fitness: [6954702.57830441]
1
iteration 100
Best Fitness: [46.15424749]
13
iteration 200
Best Fitness: [9.82584763]
53
iteration 300
Best Fitness: [2.33116048]
100
iteration 400
Best Fitness: [2.3245193]
100
iteration 500
Best Fitness: [2.25708151]
100
iteration 600
Best Fitness: [2.25500867]
100
iteration 700
Best Fitness: [2.21419117]
100
iteration 800
Best Fitness: [2.21109239]
100
iteration 900
Best Fitness: [2.209967]
100
iteration 1000
Best Fitness: [2.20902881]
100
iteration 1100
Best Fitness: [2.20820101]
100
iteration 1200
Best Fitness: [2.20746337]
100
iteration 1300
Best Fitness: [2.20680473]
100
iteration 1400
Best Fitness: [2.20620447]
100
iteration 1500
Best Fitness: [2.20565269]
100
iteration 1600
Best Fitness: [2.20514397]
100
iteration 1700
Best Fitness: [2.20467061]
100
iteration 1800
Best Fitness: [2.20423018]
100
iteration 1900
Best Fitness: [2.20382161]
100
iteration 2000
Best Fitness: [2.20343736]
100
iteration 2100
Best Fitness: [2.20307502]
100
iteration 2200
Best Fitness: [2.20273525]
100
iteration 2300
Best Fitness: [2.20241295]
100
iteration 2400
Best Fitness: [2.20210877]
100
iteration 2500
Best Fitness: [2.20182224]
100
iteration 2600
Best Fitness: [2.20154929]
100
iteration 2700
Best Fitness: [2.20128958]
100
iteration 2800
Best Fitness: [2.20104282]
100
iteration 2900
Best Fitness: [2.20080692]
100
iteration 2999
Best Fitness: [2.20058392]
100
iteration 0
Best Fitness: [11832495.83369304]
1
iteration 100
Best Fitness: [32.75687298]
17
iteration 200
Best Fitness: [3.22744794]
91
iteration 300
Best Fitness: [2.86158091]
100
iteration 400
Best Fitness: [2.84539298]
100
iteration 500
Best Fitness: [2.84263793]
100
iteration 600
Best Fitness: [2.84111506]
100
iteration 700
Best Fitness: [2.83965643]
100
iteration 800
Best Fitness: [2.82927938]
100
iteration 900
Best Fitness: [2.70940016]
100
iteration 1000
Best Fitness: [2.70880047]
100
iteration 1100
Best Fitness: [2.70794804]
100
iteration 1200
Best Fitness: [2.70665725]
100
iteration 1300
Best Fitness: [2.70598115]
100
iteration 1400
Best Fitness: [2.70552128]
100
iteration 1500
Best Fitness: [2.70508302]
100
iteration 1600
Best Fitness: [2.7046575]
100
iteration 1700
Best Fitness: [2.70335671]
100
iteration 1800
Best Fitness: [2.70271137]
100
iteration 1900
Best Fitness: [2.70236197]
100
iteration 2000
Best Fitness: [2.70201449]
100
iteration 2100
Best Fitness: [2.70173766]
100
iteration 2200
Best Fitness: [2.70147597]
100
iteration 2300
Best Fitness: [2.70122656]
100
iteration 2400
Best Fitness: [2.7009861]
100
iteration 2500
Best Fitness: [2.7007563]
100
iteration 2600
Best Fitness: [2.70042173]
100
iteration 2700
Best Fitness: [2.70020722]
100
iteration 2800
Best Fitness: [2.70000597]
100
iteration 2900
Best Fitness: [2.69981308]
100
iteration 2999
Best Fitness: [2.6996038]
100
iteration 0
Best Fitness: [10310499.20689131]
1
iteration 100
Best Fitness: [1782.58934492]
23
iteration 200
Best Fitness: [322.90230254]
53
iteration 300
Best Fitness: [2.77053923]
100
iteration 400
Best Fitness: [2.75800342]
100
iteration 500
Best Fitness: [2.75493438]
100
iteration 600
Best Fitness: [2.75324296]
100
iteration 700
Best Fitness: [2.7518855]
100
iteration 800
Best Fitness: [2.75059799]
100
iteration 900
Best Fitness: [2.74935757]
100
iteration 1000
Best Fitness: [2.74825872]
100
iteration 1100
Best Fitness: [2.74683084]
100
iteration 1200
Best Fitness: [2.74538071]
100
iteration 1300
Best Fitness: [2.74394347]
100
iteration 1400
Best Fitness: [2.74255778]
100
iteration 1500
Best Fitness: [2.74128936]
100
iteration 1600
Best Fitness: [2.74014328]
100
iteration 1700
Best Fitness: [2.73911561]
100
iteration 1800
Best Fitness: [2.73821927]
100
iteration 1900
Best Fitness: [2.73745938]
100
iteration 2000
Best Fitness: [2.73681248]
100
iteration 2100
Best Fitness: [2.73627062]
100
iteration 2200
Best Fitness: [2.73580286]
100
iteration 2300
Best Fitness: [2.73538575]
100
iteration 2400
Best Fitness: [2.73501104]
100
iteration 2500
Best Fitness: [2.73468064]
100
iteration 2600
Best Fitness: [2.73439592]
100
iteration 2700
Best Fitness: [2.73414756]
100
iteration 2800
Best Fitness: [2.73394521]
100
iteration 2900
Best Fitness: [2.73374306]
100
iteration 2999
Best Fitness: [2.73354119]
100
iteration 0
Best Fitness: [11101846.24450992]
1
iteration 100
Best Fitness: [338.40686451]
15
iteration 200
Best Fitness: [6.52741087]
83
iteration 300
Best Fitness: [3.78567259]
100
iteration 400
Best Fitness: [3.73524048]
100
iteration 500
Best Fitness: [3.69786304]
100
iteration 600
Best Fitness: [3.69431547]
100
iteration 700
Best Fitness: [3.69202151]
100
iteration 800
Best Fitness: [3.6904293]
100
iteration 900
Best Fitness: [3.68930607]
100
iteration 1000
Best Fitness: [3.68847768]
100
iteration 1100
Best Fitness: [3.68786172]
100
iteration 1200
Best Fitness: [3.68740122]
100
iteration 1300
Best Fitness: [3.68705257]
100
iteration 1400
Best Fitness: [3.68679]
100
iteration 1500
Best Fitness: [3.68658044]
100
iteration 1600
Best Fitness: [3.68641868]
100
iteration 1700
Best Fitness: [3.68629052]
100
iteration 1800
Best Fitness: [3.68618859]
100
iteration 1900
Best Fitness: [3.68610756]
100
iteration 2000
Best Fitness: [3.68604147]
100
iteration 2100
Best Fitness: [3.68598829]
100
iteration 2200
Best Fitness: [3.68594512]
100
iteration 2300
Best Fitness: [3.68590936]
100
iteration 2400
Best Fitness: [3.68588017]
100
iteration 2500
Best Fitness: [3.68585607]
100
iteration 2600
Best Fitness: [3.68583578]
100
iteration 2700
Best Fitness: [3.68581909]
100
iteration 2800
Best Fitness: [3.68580528]
100
iteration 2900
Best Fitness: [3.68579367]
100
iteration 2999
Best Fitness: [3.68578408]
100
iteration 0
Best Fitness: [8503260.24724467]
1
iteration 100
Best Fitness: [3625.75520983]
23
iteration 200
Best Fitness: [32.83506741]
33
iteration 300
Best Fitness: [2.23250784]
100
iteration 400
Best Fitness: [2.21453839]
100
iteration 500
Best Fitness: [2.20794557]
100
iteration 600
Best Fitness: [2.20447524]
100
iteration 700
Best Fitness: [2.20190213]
100
iteration 800
Best Fitness: [2.19986851]
100
iteration 900
Best Fitness: [2.19819542]
100
iteration 1000
Best Fitness: [2.19680563]
100
iteration 1100
Best Fitness: [2.19562696]
100
iteration 1200
Best Fitness: [2.19460633]
100
iteration 1300
Best Fitness: [2.19371751]
100
iteration 1400
Best Fitness: [2.19293558]
100
iteration 1500
Best Fitness: [2.19223634]
100
iteration 1600
Best Fitness: [2.19161153]
100
iteration 1700
Best Fitness: [2.19104884]
100
iteration 1800
Best Fitness: [2.19053906]
100
iteration 1900
Best Fitness: [2.19006881]
100
iteration 2000
Best Fitness: [2.18963845]
100
iteration 2100
Best Fitness: [2.18923997]
100
iteration 2200
Best Fitness: [2.18886733]
100
iteration 2300
Best Fitness: [2.18852412]
100
iteration 2400
Best Fitness: [2.18820177]
100
iteration 2500
Best Fitness: [2.18789798]
100
iteration 2600
Best Fitness: [2.18761468]
100
iteration 2700
Best Fitness: [2.1873488]
100
iteration 2800
Best Fitness: [2.18709539]
100
iteration 2900
Best Fitness: [2.18685676]
100
iteration 2999
Best Fitness: [2.18663278]
100
[array([2.36441162]), array([2.21413881]), array([3.48482983]), array([3.29884142]), array([3.58295018]), array([2.20058392]), array([2.6996038]), array([2.73354119]), array([3.68578408]), array([2.18663278])]
iteration 0
Best Fitness: [120.3518692]
1
iteration 100
Best Fitness: [3.224773]
19
iteration 200
Best Fitness: [4.34257122e-07]
100
iteration 300
Best Fitness: [1.46820642e-12]
100
iteration 400
Best Fitness: [9.41158575e-18]
100
iteration 500
Best Fitness: [9.03231134e-23]
100
iteration 600
Best Fitness: [8.91352546e-28]
100
iteration 700
Best Fitness: [1.65150015e-32]
100
iteration 800
Best Fitness: [9.86454596e-38]
100
iteration 900
Best Fitness: [1.94577667e-42]
100
iteration 1000
Best Fitness: [4.38985491e-47]
100
iteration 1100
Best Fitness: [7.49171681e-52]
100
iteration 1200
Best Fitness: [1.04678737e-56]
100
iteration 1300
Best Fitness: [2.56119653e-61]
100
iteration 1400
Best Fitness: [4.29348311e-66]
100
iteration 1500
Best Fitness: [2.80666509e-71]
100
iteration 1600
Best Fitness: [7.86598645e-76]
100
iteration 1700
Best Fitness: [2.4021393e-80]
100
iteration 1800
Best Fitness: [1.36644241e-84]
100
iteration 1900
Best Fitness: [1.76078924e-89]
100
iteration 2000
Best Fitness: [3.79997101e-94]
100
iteration 2100
Best Fitness: [9.24076098e-99]
100
iteration 2200
Best Fitness: [1.25745931e-103]
100
iteration 2300
Best Fitness: [1.02340945e-108]
100
iteration 2400
Best Fitness: [7.07212992e-113]
100
iteration 2500
Best Fitness: [1.05716667e-117]
100
iteration 2600
Best Fitness: [5.90635554e-122]
100
iteration 2700
Best Fitness: [2.95056766e-126]
100
iteration 2800
Best Fitness: [6.57155318e-131]
100
iteration 2900
Best Fitness: [1.10950292e-135]
100
iteration 2999
Best Fitness: [1.28592463e-140]
100
iteration 0
Best Fitness: [123.11762404]
1
iteration 100
Best Fitness: [19.16909635]
21
iteration 200
Best Fitness: [0.00015074]
100
iteration 300
Best Fitness: [3.96482975e-10]
100
iteration 400
Best Fitness: [1.07595859e-15]
100
iteration 500
Best Fitness: [6.04289942e-21]
100
iteration 600
Best Fitness: [2.59864299e-26]
100
iteration 700
Best Fitness: [3.2024658e-31]
100
iteration 800
Best Fitness: [8.19567093e-36]
100
iteration 900
Best Fitness: [9.39131577e-41]
100
iteration 1000
Best Fitness: [7.52401404e-46]
100
iteration 1100
Best Fitness: [1.1804643e-50]
100
iteration 1200
Best Fitness: [1.63259368e-55]
100
iteration 1300
Best Fitness: [7.03652183e-60]
100
iteration 1400
Best Fitness: [5.42925796e-65]
100
iteration 1500
Best Fitness: [1.91209483e-69]
100
iteration 1600
Best Fitness: [2.27324974e-74]
100
iteration 1700
Best Fitness: [1.20764978e-78]
100
iteration 1800
Best Fitness: [3.35759736e-83]
100
iteration 1900
Best Fitness: [9.52375212e-88]
100
iteration 2000
Best Fitness: [4.59006278e-92]
100
iteration 2100
Best Fitness: [2.25592084e-96]
100
iteration 2200
Best Fitness: [2.09131653e-101]
100
iteration 2300
Best Fitness: [2.98617381e-106]
100
iteration 2400
Best Fitness: [5.7909399e-111]
100
iteration 2500
Best Fitness: [2.16464444e-115]
100
iteration 2600
Best Fitness: [1.26698084e-119]
100
iteration 2700
Best Fitness: [2.96999127e-124]
100
iteration 2800
Best Fitness: [2.81367768e-128]
100
iteration 2900
Best Fitness: [1.02797279e-132]
100
iteration 2999
Best Fitness: [5.10133268e-137]
100
iteration 0
Best Fitness: [119.91258776]
1
iteration 100
Best Fitness: [5.41432719]
28
iteration 200
Best Fitness: [4.45028831e-05]
100
iteration 300
Best Fitness: [5.65274026e-11]
100
iteration 400
Best Fitness: [3.58467095e-16]
100
iteration 500
Best Fitness: [2.43097701e-21]
100
iteration 600
Best Fitness: [3.49229905e-26]
100
iteration 700
Best Fitness: [2.84747734e-31]
100
iteration 800
Best Fitness: [3.48574852e-36]
100
iteration 900
Best Fitness: [3.64818321e-41]
100
iteration 1000
Best Fitness: [5.8517731e-46]
100
iteration 1100
Best Fitness: [1.75501952e-50]
100
iteration 1200
Best Fitness: [5.33356507e-55]
100
iteration 1300
Best Fitness: [1.19487082e-59]
100
iteration 1400
Best Fitness: [4.3270138e-64]
100
iteration 1500
Best Fitness: [5.30031717e-69]
100
iteration 1600
Best Fitness: [1.25326069e-73]
100
iteration 1700
Best Fitness: [1.70835434e-78]
100
iteration 1800
Best Fitness: [2.84727574e-83]
100
iteration 1900
Best Fitness: [6.58614934e-88]
100
iteration 2000
Best Fitness: [3.06270055e-92]
100
iteration 2100
Best Fitness: [3.08350655e-96]
100
iteration 2200
Best Fitness: [3.7814641e-101]
100
iteration 2300
Best Fitness: [2.00682876e-105]
100
iteration 2400
Best Fitness: [1.50779639e-109]
100
iteration 2500
Best Fitness: [7.14420871e-115]
100
iteration 2600
Best Fitness: [1.08034267e-119]
100
iteration 2700
Best Fitness: [3.13861015e-124]
100
iteration 2800
Best Fitness: [7.90752831e-129]
100
iteration 2900
Best Fitness: [3.54025222e-133]
100
iteration 2999
Best Fitness: [3.72011387e-138]
100
iteration 0
Best Fitness: [121.21830882]
1
iteration 100
Best Fitness: [3.23345122]
25
iteration 200
Best Fitness: [1.81844481e-06]
100
iteration 300
Best Fitness: [4.81674954e-12]
100
iteration 400
Best Fitness: [1.15178092e-17]
100
iteration 500
Best Fitness: [1.31445957e-22]
100
iteration 600
Best Fitness: [1.10026302e-27]
100
iteration 700
Best Fitness: [1.84447419e-32]
100
iteration 800
Best Fitness: [3.23102723e-37]
100
iteration 900
Best Fitness: [2.98255936e-42]
100
iteration 1000
Best Fitness: [5.68591664e-47]
100
iteration 1100
Best Fitness: [4.01537874e-52]
100
iteration 1200
Best Fitness: [9.69692932e-57]
100
iteration 1300
Best Fitness: [3.64900951e-61]
100
iteration 1400
Best Fitness: [9.71963149e-66]
100
iteration 1500
Best Fitness: [1.27826193e-70]
100
iteration 1600
Best Fitness: [2.62317825e-75]
100
iteration 1700
Best Fitness: [5.03086086e-80]
100
iteration 1800
Best Fitness: [1.4503689e-84]
100
iteration 1900
Best Fitness: [2.39832416e-89]
100
iteration 2000
Best Fitness: [8.47526779e-94]
100
iteration 2100
Best Fitness: [1.73102577e-98]
100
iteration 2200
Best Fitness: [2.51806801e-102]
100
iteration 2300
Best Fitness: [2.52247047e-107]
100
iteration 2400
Best Fitness: [3.35250648e-112]
100
iteration 2500
Best Fitness: [3.3730928e-116]
100
iteration 2600
Best Fitness: [1.55836463e-120]
100
iteration 2700
Best Fitness: [2.26557147e-125]
100
iteration 2800
Best Fitness: [1.58840672e-129]
100
iteration 2900
Best Fitness: [2.08580214e-134]
100
iteration 2999
Best Fitness: [9.81640971e-139]
100
iteration 0
Best Fitness: [112.80535666]
1
iteration 100
Best Fitness: [4.05597002]
21
iteration 200
Best Fitness: [2.83165996e-06]
100
iteration 300
Best Fitness: [4.91996173e-12]
100
iteration 400
Best Fitness: [2.19946154e-17]
100
iteration 500
Best Fitness: [1.40527538e-22]
100
iteration 600
Best Fitness: [2.35117587e-27]
100
iteration 700
Best Fitness: [1.06852198e-31]
100
iteration 800
Best Fitness: [4.17293336e-37]
100
iteration 900
Best Fitness: [4.07126589e-42]
100
iteration 1000
Best Fitness: [6.35541647e-47]
100
iteration 1100
Best Fitness: [1.25489728e-51]
100
iteration 1200
Best Fitness: [2.95498971e-56]
100
iteration 1300
Best Fitness: [6.50576854e-61]
100
iteration 1400
Best Fitness: [1.82779484e-65]
100
iteration 1500
Best Fitness: [9.93619978e-70]
100
iteration 1600
Best Fitness: [1.33592064e-74]
100
iteration 1700
Best Fitness: [5.93672023e-79]
100
iteration 1800
Best Fitness: [1.31759863e-83]
100
iteration 1900
Best Fitness: [1.80403437e-88]
100
iteration 2000
Best Fitness: [9.40154281e-93]
100
iteration 2100
Best Fitness: [1.11267782e-97]
100
iteration 2200
Best Fitness: [4.44345379e-102]
100
iteration 2300
Best Fitness: [3.69543989e-107]
100
iteration 2400
Best Fitness: [8.27298405e-112]
100
iteration 2500
Best Fitness: [1.08733803e-115]
100
iteration 2600
Best Fitness: [5.76235267e-120]
100
iteration 2700
Best Fitness: [3.57467044e-124]
100
iteration 2800
Best Fitness: [1.28554167e-128]
100
iteration 2900
Best Fitness: [3.33328579e-134]
100
iteration 2999
Best Fitness: [7.27045299e-139]
100
iteration 0
Best Fitness: [122.66700804]
1
iteration 100
Best Fitness: [23.63341689]
15
iteration 200
Best Fitness: [0.98896016]
53
iteration 300
Best Fitness: [2.73784994e-08]
100
iteration 400
Best Fitness: [3.79344858e-14]
100
iteration 500
Best Fitness: [2.61702494e-19]
100
iteration 600
Best Fitness: [2.5154763e-24]
100
iteration 700
Best Fitness: [3.2768779e-29]
100
iteration 800
Best Fitness: [4.97971486e-34]
100
iteration 900
Best Fitness: [4.89352725e-39]
100
iteration 1000
Best Fitness: [8.11545711e-44]
100
iteration 1100
Best Fitness: [9.75650593e-49]
100
iteration 1200
Best Fitness: [1.80455434e-53]
100
iteration 1300
Best Fitness: [1.93658668e-58]
100
iteration 1400
Best Fitness: [6.09629235e-63]
100
iteration 1500
Best Fitness: [2.29640371e-67]
100
iteration 1600
Best Fitness: [6.25183227e-72]
100
iteration 1700
Best Fitness: [2.69679216e-76]
100
iteration 1800
Best Fitness: [9.39083805e-81]
100
iteration 1900
Best Fitness: [4.39670455e-86]
100
iteration 2000
Best Fitness: [1.23756799e-90]
100
iteration 2100
Best Fitness: [4.56129794e-95]
100
iteration 2200
Best Fitness: [2.86319517e-99]
100
iteration 2300
Best Fitness: [1.43118347e-103]
100
iteration 2400
Best Fitness: [2.01643647e-108]
100
iteration 2500
Best Fitness: [1.22709363e-112]
100
iteration 2600
Best Fitness: [1.42134396e-117]
100
iteration 2700
Best Fitness: [1.9044092e-122]
100
iteration 2800
Best Fitness: [2.86027318e-125]
100
iteration 2900
Best Fitness: [2.22279234e-130]
100
iteration 2999
Best Fitness: [4.67452028e-135]
100
iteration 0
Best Fitness: [113.70489246]
1
iteration 100
Best Fitness: [11.01703982]
23
iteration 200
Best Fitness: [0.02420186]
94
iteration 300
Best Fitness: [5.15675555e-09]
100
iteration 400
Best Fitness: [7.87190087e-15]
100
iteration 500
Best Fitness: [3.03871095e-20]
100
iteration 600
Best Fitness: [3.05820266e-25]
100
iteration 700
Best Fitness: [6.89761472e-30]
100
iteration 800
Best Fitness: [9.39373896e-35]
100
iteration 900
Best Fitness: [7.8734941e-40]
100
iteration 1000
Best Fitness: [3.88505793e-44]
100
iteration 1100
Best Fitness: [5.18055729e-49]
100
iteration 1200
Best Fitness: [2.94583502e-54]
100
iteration 1300
Best Fitness: [6.70123904e-59]
100
iteration 1400
Best Fitness: [1.61907533e-63]
100
iteration 1500
Best Fitness: [6.66559244e-68]
100
iteration 1600
Best Fitness: [6.88695644e-73]
100
iteration 1700
Best Fitness: [4.09309214e-77]
100
iteration 1800
Best Fitness: [7.81777269e-82]
100
iteration 1900
Best Fitness: [8.27576464e-87]
100
iteration 2000
Best Fitness: [5.05441518e-92]
100
iteration 2100
Best Fitness: [8.10611721e-96]
100
iteration 2200
Best Fitness: [1.33879675e-100]
100
iteration 2300
Best Fitness: [3.69188704e-105]
100
iteration 2400
Best Fitness: [1.27396282e-109]
100
iteration 2500
Best Fitness: [6.86841721e-114]
100
iteration 2600
Best Fitness: [1.0299684e-119]
100
iteration 2700
Best Fitness: [5.41000052e-124]
100
iteration 2800
Best Fitness: [1.41723823e-128]
100
iteration 2900
Best Fitness: [2.69798856e-133]
100
iteration 2999
Best Fitness: [2.2516279e-137]
100
iteration 0
Best Fitness: [124.70672191]
1
iteration 100
Best Fitness: [1.94908122]
23
iteration 200
Best Fitness: [1.07256527e-06]
100
iteration 300
Best Fitness: [1.20355767e-12]
100
iteration 400
Best Fitness: [6.08681323e-18]
100
iteration 500
Best Fitness: [5.46323609e-23]
100
iteration 600
Best Fitness: [1.13228793e-27]
100
iteration 700
Best Fitness: [4.64523403e-33]
100
iteration 800
Best Fitness: [1.5357905e-37]
100
iteration 900
Best Fitness: [2.22303498e-42]
100
iteration 1000
Best Fitness: [4.26793324e-47]
100
iteration 1100
Best Fitness: [7.95119742e-52]
100
iteration 1200
Best Fitness: [8.17407037e-57]
100
iteration 1300
Best Fitness: [9.56408756e-62]
100
iteration 1400
Best Fitness: [1.67947399e-66]
100
iteration 1500
Best Fitness: [5.85976612e-70]
100
iteration 1600
Best Fitness: [4.58310634e-75]
100
iteration 1700
Best Fitness: [1.39475177e-79]
100
iteration 1800
Best Fitness: [4.29396004e-85]
100
iteration 1900
Best Fitness: [2.22704015e-89]
100
iteration 2000
Best Fitness: [5.08434737e-94]
100
iteration 2100
Best Fitness: [4.48543331e-98]
100
iteration 2200
Best Fitness: [2.24799111e-103]
100
iteration 2300
Best Fitness: [2.67936604e-108]
100
iteration 2400
Best Fitness: [1.85144526e-112]
100
iteration 2500
Best Fitness: [9.08103057e-118]
100
iteration 2600
Best Fitness: [1.69514023e-122]
100
iteration 2700
Best Fitness: [1.36647762e-126]
100
iteration 2800
Best Fitness: [8.10936311e-131]
100
iteration 2900
Best Fitness: [1.62414294e-135]
100
iteration 2999
Best Fitness: [5.66796231e-140]
100
iteration 0
Best Fitness: [108.78574849]
1
iteration 100
Best Fitness: [13.72101344]
9
iteration 200
Best Fitness: [0.11648187]
83
iteration 300
Best Fitness: [1.0114972e-08]
100
iteration 400
Best Fitness: [2.02367917e-14]
100
iteration 500
Best Fitness: [9.78823187e-20]
100
iteration 600
Best Fitness: [1.10333952e-24]
100
iteration 700
Best Fitness: [9.35265067e-30]
100
iteration 800
Best Fitness: [1.62060426e-34]
100
iteration 900
Best Fitness: [1.73749705e-39]
100
iteration 1000
Best Fitness: [2.57682199e-44]
100
iteration 1100
Best Fitness: [2.95228469e-49]
100
iteration 1200
Best Fitness: [6.31936352e-54]
100
iteration 1300
Best Fitness: [2.42374271e-58]
100
iteration 1400
Best Fitness: [2.45734504e-63]
100
iteration 1500
Best Fitness: [1.51348053e-68]
100
iteration 1600
Best Fitness: [4.64542177e-73]
100
iteration 1700
Best Fitness: [2.82070887e-77]
100
iteration 1800
Best Fitness: [1.19117839e-81]
100
iteration 1900
Best Fitness: [4.49317646e-87]
100
iteration 2000
Best Fitness: [3.98029284e-91]
100
iteration 2100
Best Fitness: [2.88302547e-96]
100
iteration 2200
Best Fitness: [6.37077224e-101]
100
iteration 2300
Best Fitness: [2.32263158e-105]
100
iteration 2400
Best Fitness: [1.31386666e-109]
100
iteration 2500
Best Fitness: [1.03570749e-113]
100
iteration 2600
Best Fitness: [2.95443453e-118]
100
iteration 2700
Best Fitness: [8.76634633e-123]
100
iteration 2800
Best Fitness: [5.95140453e-128]
100
iteration 2900
Best Fitness: [2.07535967e-132]
100
iteration 2999
Best Fitness: [8.84367433e-137]
100
iteration 0
Best Fitness: [112.06212925]
1
iteration 100
Best Fitness: [5.74945315]
27
iteration 200
Best Fitness: [8.08652388e-05]
100
iteration 300
Best Fitness: [1.05467274e-10]
100
iteration 400
Best Fitness: [2.31199672e-16]
100
iteration 500
Best Fitness: [4.06021353e-21]
100
iteration 600
Best Fitness: [2.12652059e-26]
100
iteration 700
Best Fitness: [1.30830523e-31]
100
iteration 800
Best Fitness: [2.74065089e-36]
100
iteration 900
Best Fitness: [6.10301766e-41]
100
iteration 1000
Best Fitness: [6.49871343e-46]
100
iteration 1100
Best Fitness: [2.12041416e-50]
100
iteration 1200
Best Fitness: [6.54593498e-55]
100
iteration 1300
Best Fitness: [4.8115767e-60]
100
iteration 1400
Best Fitness: [5.83889743e-65]
100
iteration 1500
Best Fitness: [2.61777633e-69]
100
iteration 1600
Best Fitness: [1.77140145e-74]
100
iteration 1700
Best Fitness: [8.72024956e-79]
100
iteration 1800
Best Fitness: [2.23770991e-83]
100
iteration 1900
Best Fitness: [7.32387792e-88]
100
iteration 2000
Best Fitness: [1.03449955e-92]
100
iteration 2100
Best Fitness: [3.02354937e-97]
100
iteration 2200
Best Fitness: [3.97711179e-102]
100
iteration 2300
Best Fitness: [4.72019068e-106]
100
iteration 2400
Best Fitness: [1.16963355e-110]
100
iteration 2500
Best Fitness: [3.61762877e-115]
100
iteration 2600
Best Fitness: [3.83176697e-120]
100
iteration 2700
Best Fitness: [3.95952504e-124]
100
iteration 2800
Best Fitness: [4.62945138e-128]
100
iteration 2900
Best Fitness: [4.04554538e-133]
100
iteration 2999
Best Fitness: [5.08165884e-138]
100
[array([1.28592463e-140]), array([5.10133268e-137]), array([3.72011387e-138]), array([9.81640971e-139]), array([7.27045299e-139]), array([4.67452028e-135]), array([2.2516279e-137]), array([5.66796231e-140]), array([8.84367433e-137]), array([5.08165884e-138])]
